Date,Close,Dividends,High,Low,Open,Stock Splits,Volume
2020-01-02,3085.197998046875,0.0,3098.10009765625,3066.3359375,3066.3359375,0.0,292500
2020-01-03,3083.785888671875,0.0,3093.819091796875,3074.51806640625,3089.02197265625,0.0,261500
2020-01-06,3083.407958984375,0.0,3107.202880859375,3065.30908203125,3070.908935546875,0.0,312600
2020-01-07,3104.802001953125,0.0,3105.450927734375,3084.3291015625,3085.488037109375,0.0,276600
2020-01-08,3066.89306640625,0.0,3094.239013671875,3059.131103515625,3094.239013671875,0.0,297900
2020-01-09,3094.882080078125,0.0,3097.3291015625,3080.131103515625,3082.639892578125,0.0,243400
2020-01-10,3092.291015625,0.0,3105.22509765625,3081.39599609375,3102.2939453125,0.0,210400
2020-01-13,3115.570068359375,0.0,3115.570068359375,3075.384033203125,3091.492919921875,0.0,210600
2020-01-14,3106.820068359375,0.0,3127.1689453125,3105.60498046875,3120.6669921875,0.0,230000
2020-01-15,3090.0400390625,0.0,3107.93994140625,3082.0400390625,3103.169921875,0.0,202300
2020-01-16,3074.0810546875,0.0,3096.3720703125,3070.884033203125,3095.73388671875,0.0,203400
2020-01-17,3075.49609375,0.0,3091.951904296875,3067.2529296875,3081.464111328125,0.0,190300
2020-01-20,3095.787109375,0.0,3096.31103515625,3070.47998046875,3082.113037109375,0.0,210500
2020-01-21,3052.139892578125,0.0,3085.7900390625,3051.22998046875,3085.7900390625,0.0,234800
2020-01-22,3060.7548828125,0.0,3069.2529296875,3006.26806640625,3038.487060546875,0.0,223900
2020-01-23,2976.528076171875,0.0,3045.041015625,2955.345947265625,3037.951904296875,0.0,272800
2020-02-03,2746.60595703125,0.0,2766.576904296875,2716.697998046875,2716.697998046875,0.0,215900
2020-02-04,2783.2880859375,0.0,2786.1640625,2685.26904296875,2685.26904296875,0.0,364000
2020-02-05,2818.087890625,0.0,2842.742919921875,2778.864013671875,2792.37109375,0.0,309800
2020-02-06,2866.510009765625,0.0,2876.590087890625,2807.610107421875,2826.889892578125,0.0,316400
2020-02-07,2875.9599609375,0.0,2875.9599609375,2838.77001953125,2858.929931640625,0.0,309500
2020-02-10,2890.488037109375,0.0,2891.847900390625,2851.050048828125,2860.4990234375,0.0,294900
2020-02-11,2901.669921875,0.0,2913.820068359375,2882.239990234375,2894.5400390625,0.0,269200
2020-02-12,2926.89892578125,0.0,2926.89892578125,2892.424072265625,2895.555908203125,0.0,248700
2020-02-13,2906.073974609375,0.0,2935.406005859375,2901.242919921875,2927.14404296875,0.0,274800
2020-02-14,2917.008056640625,0.0,2926.943115234375,2899.573974609375,2899.865966796875,0.0,250700
2020-02-17,2983.6220703125,0.0,2983.636962890625,2924.990966796875,2924.990966796875,0.0,313200
2020-02-18,2984.971923828125,0.0,2990.60009765625,2960.77490234375,2981.409912109375,0.0,311700
2020-02-19,2975.402099609375,0.0,2998.27197265625,2971.822021484375,2979.52197265625,0.0,315100
2020-02-20,3030.154052734375,0.0,3031.37109375,2968.445068359375,2981.8798828125,0.0,345700
2020-02-21,3039.6689453125,0.0,3058.89794921875,3020.14111328125,3022.24609375,0.0,364600
2020-02-24,3031.23291015625,0.0,3042.181884765625,3007.35595703125,3027.89306640625,0.0,370400
2020-02-25,3013.050048828125,0.0,3016.946044921875,2943.717041015625,2982.070068359375,0.0,441600
2020-02-26,2987.928955078125,0.0,3028.780029296875,2974.93994140625,2978.419921875,0.0,469000
2020-02-27,2991.330078125,0.0,3009.4599609375,2980.47998046875,2992.489990234375,0.0,350500
2020-02-28,2880.303955078125,0.0,2948.1259765625,2878.5439453125,2924.64111328125,0.0,401200
2020-03-02,2970.930908203125,0.0,2982.507080078125,2899.31005859375,2899.31005859375,0.0,367300
2020-03-03,2992.89697265625,0.0,3026.842041015625,2976.623046875,3006.888916015625,0.0,410100
2020-03-04,3011.666015625,0.0,3012.00390625,2974.35791015625,2981.805908203125,0.0,353300
2020-03-05,3071.677001953125,0.0,3074.257080078125,3022.926025390625,3036.155029296875,0.0,445400
2020-03-06,3034.510986328125,0.0,3052.444091796875,3029.462890625,3039.93994140625,0.0,362100
2020-03-09,2943.291015625,0.0,2989.205078125,2940.714111328125,2987.180908203125,0.0,414600
2020-03-10,2996.761962890625,0.0,3000.2958984375,2904.799072265625,2918.93505859375,0.0,393300
2020-03-11,2968.51708984375,0.0,3010.029052734375,2968.51708984375,3001.761962890625,0.0,352500
2020-03-12,2923.486083984375,0.0,2944.465087890625,2906.283935546875,2936.01611328125,0.0,307800
2020-03-13,2887.427001953125,0.0,2910.881103515625,2799.98388671875,2804.23193359375,0.0,366500
2020-03-16,2789.25390625,0.0,2898.034912109375,2784.662109375,2897.301025390625,0.0,351900
2020-03-17,2779.64111328125,0.0,2826.906982421875,2715.220947265625,2796.283935546875,0.0,306100
2020-03-18,2728.756103515625,0.0,2815.8740234375,2728.756103515625,2792.322021484375,0.0,291200
2020-03-19,2702.1298828125,0.0,2736.820068359375,2646.804931640625,2719.406005859375,0.0,302300
2020-03-20,2745.617919921875,0.0,2751.89599609375,2702.492919921875,2727.01904296875,0.0,252000
2020-03-23,2660.169921875,0.0,2703.330078125,2656.5,2677.590087890625,0.0,249800
2020-03-24,2722.43798828125,0.0,2723.406982421875,2667.133056640625,2703.01904296875,0.0,257000
2020-03-25,2781.591064453125,0.0,2788.635009765625,2757.802001953125,2775.302978515625,0.0,273100
2020-03-26,2764.910888671875,0.0,2788.50390625,2753.427978515625,2761.89599609375,0.0,234100
2020-03-27,2772.202880859375,0.0,2805.548095703125,2771.756103515625,2792.98388671875,0.0,240800
2020-03-30,2747.214111328125,0.0,2759.09912109375,2723.053955078125,2739.718994140625,0.0,239700
2020-03-31,2750.2958984375,0.0,2771.16796875,2743.114990234375,2767.306884765625,0.0,218600
2020-04-01,2734.52197265625,0.0,2773.364013671875,2731.0791015625,2743.541015625,0.0,217300
2020-04-02,2780.637939453125,0.0,2780.637939453125,2719.904052734375,2720.22802734375,0.0,217900
2020-04-03,2763.987060546875,0.0,2780.5869140625,2754.072998046875,2773.575927734375,0.0,200800
2020-04-07,2820.762939453125,0.0,2823.277099609375,2801.839111328125,2806.968017578125,0.0,270200
2020-04-08,2815.368896484375,0.0,2823.214111328125,2800.2958984375,2805.9169921875,0.0,243500
2020-04-09,2825.904052734375,0.0,2832.39501953125,2820.43310546875,2825.839111328125,0.0,238200
2020-04-10,2796.631103515625,0.0,2833.014892578125,2789.97607421875,2827.18701171875,0.0,233500
2020-04-13,2783.048095703125,0.0,2792.89111328125,2774.0810546875,2784.597900390625,0.0,177100
2020-04-14,2827.282958984375,0.0,2827.298095703125,2789.427978515625,2794.801025390625,0.0,202700
2020-04-15,2811.174072265625,0.0,2829.75,2808.7041015625,2826.662109375,0.0,205600
2020-04-16,2819.93505859375,0.0,2823.337890625,2796.839111328125,2798.429931640625,0.0,203000
2020-04-17,2838.4951171875,0.0,2854.9599609375,2830.02197265625,2835.55810546875,0.0,245700
2020-04-20,2852.552978515625,0.0,2852.989990234375,2833.261962890625,2840.408935546875,0.0,211800
2020-04-21,2827.012939453125,0.0,2842.237060546875,2808.02099609375,2842.237060546875,0.0,233200
2020-04-22,2843.97998046875,0.0,2843.97998046875,2808.48193359375,2814.06591796875,0.0,217300
2020-04-23,2838.4990234375,0.0,2853.635986328125,2835.89599609375,2850.510009765625,0.0,248800
2020-04-24,2808.529052734375,0.0,2834.93896484375,2802.4990234375,2834.93896484375,0.0,235200
2020-04-27,2815.4951171875,0.0,2832.666015625,2802.9580078125,2812.241943359375,0.0,210100
2020-04-28,2810.02392578125,0.0,2821.7451171875,2758.24609375,2819.990966796875,0.0,253900
2020-04-29,2822.44189453125,0.0,2831.763916015625,2800.738037109375,2801.383056640625,0.0,202100
2020-04-30,2860.08203125,0.0,2865.590087890625,2832.384033203125,2832.384033203125,0.0,242500
2020-05-06,2878.139892578125,0.0,2879.262939453125,2830.654052734375,2831.633056640625,0.0,249800
2020-05-07,2871.52294921875,0.0,2882.02197265625,2864.5810546875,2876.472900390625,0.0,226700
2020-05-08,2895.340087890625,0.0,2903.800048828125,2879.199951171875,2882.7099609375,0.0,226800
2020-05-11,2894.800048828125,0.0,2914.280029296875,2884.3798828125,2901.570068359375,0.0,225100
2020-05-12,2891.555908203125,0.0,2897.902099609375,2871.22998046875,2894.616943359375,0.0,197100
2020-05-13,2898.050048828125,0.0,2900.259033203125,2875.534912109375,2882.955078125,0.0,185100
2020-05-14,2870.342041015625,0.0,2887.05810546875,2869.18310546875,2887.05810546875,0.0,197800
2020-05-15,2868.458984375,0.0,2884.219970703125,2863.3701171875,2880.70703125,0.0,189000
2020-05-18,2875.41796875,0.0,2889.97998046875,2862.27099609375,2872.52392578125,0.0,226000
2020-05-19,2898.575927734375,0.0,2900.218994140625,2887.576904296875,2897.68701171875,0.0,197200
2020-05-20,2883.738037109375,0.0,2896.466064453125,2876.177001953125,2896.466064453125,0.0,210500
2020-05-21,2867.924072265625,0.0,2891.51806640625,2864.20703125,2890.720947265625,0.0,203500
2020-05-22,2813.764892578125,0.0,2863.0458984375,2808.01806640625,2863.0458984375,0.0,209100
2020-05-25,2817.969970703125,0.0,2821.498046875,2802.465087890625,2816.240966796875,0.0,172900
2020-05-26,2846.547119140625,0.0,2848.3369140625,2825.90087890625,2827.89697265625,0.0,174600
2020-05-27,2836.803955078125,0.0,2848.9970703125,2831.927978515625,2847.320068359375,0.0,198100
2020-05-28,2846.221923828125,0.0,2861.924072265625,2820.14599609375,2838.20703125,0.0,207500
2020-05-29,2852.35107421875,0.0,2855.3759765625,2829.626953125,2835.583984375,0.0,206800
2020-06-01,2915.430908203125,0.0,2917.15087890625,2871.964111328125,2871.964111328125,0.0,260200
2020-06-02,2921.39794921875,0.0,2926.35888671875,2909.1279296875,2916.31689453125,0.0,256100
2020-06-03,2923.37109375,0.0,2942.760009765625,2922.660888671875,2930.39111328125,0.0,255700
2020-06-04,2919.2509765625,0.0,2932.968017578125,2910.751953125,2931.837890625,0.0,226600
2020-06-05,2930.799072265625,0.0,2930.799072265625,2909.117919921875,2923.18896484375,0.0,217400
2020-06-08,2937.77099609375,0.0,2950.06591796875,2934.2099609375,2941.98193359375,0.0,231100
2020-06-09,2956.112060546875,0.0,2957.118896484375,2932.93896484375,2939.534912109375,0.0,209000
2020-06-10,2943.7529296875,0.0,2951.330078125,2934.843017578125,2951.278076171875,0.0,207900
2020-06-11,2920.89697265625,0.0,2952.65087890625,2912.193115234375,2939.791015625,0.0,233700
2020-06-12,2919.740966796875,0.0,2930.2548828125,2872.616943359375,2876.802978515625,0.0,236000
2020-06-15,2890.030029296875,0.0,2922.5400390625,2890.030029296875,2908.280029296875,0.0,243200
2020-06-16,2931.75,0.0,2931.780029296875,2909.1298828125,2912.830078125,0.0,223300
2020-06-17,2935.8701171875,0.0,2936.6201171875,2919.0400390625,2932.669921875,0.0,234700
2020-06-18,2939.320068359375,0.0,2942.89990234375,2920.110107421875,2929.8798828125,0.0,258700
2020-06-19,2967.6298828125,0.0,2973.320068359375,2935.820068359375,2938.7900390625,0.0,264300
2020-06-22,2965.27197265625,0.0,2983.43798828125,2959.034912109375,2966.90087890625,0.0,267900
2020-06-23,2970.6201171875,0.0,2972.403076171875,2949.846923828125,2960.887939453125,0.0,225200
2020-06-24,2979.551025390625,0.0,2982.943115234375,2971.22412109375,2972.98291015625,0.0,213200
2020-06-29,2961.51611328125,0.0,2977.912109375,2951.77001953125,2973.075927734375,0.0,220600
2020-06-30,2984.674072265625,0.0,2990.824951171875,2965.10498046875,2965.10498046875,0.0,215000
2020-07-01,3025.98095703125,0.0,3026.18603515625,2984.98388671875,2991.180908203125,0.0,273300
2020-07-02,3090.569091796875,0.0,3092.443115234375,3021.674072265625,3023.718994140625,0.0,391100
2020-07-03,3152.81298828125,0.0,3152.81298828125,3103.9951171875,3103.9951171875,0.0,458800
2020-07-06,3332.881103515625,0.0,3337.27197265625,3187.839111328125,3187.839111328125,0.0,643900
2020-07-07,3345.3369140625,0.0,3407.0810546875,3336.241943359375,3380.9541015625,0.0,657800
2020-07-08,3403.43994140625,0.0,3421.531005859375,3327.7060546875,3337.552001953125,0.0,587100
2020-07-09,3450.593994140625,0.0,3456.971923828125,3393.637939453125,3403.48291015625,0.0,620000
2020-07-10,3383.322021484375,0.0,3433.10888671875,3372.507080078125,3418.93505859375,0.0,556100
2020-07-13,3443.285888671875,0.0,3458.791015625,3369.0380859375,3379.386962890625,0.0,558000
2020-07-14,3414.618896484375,0.0,3451.221923828125,3366.0830078125,3435.02392578125,0.0,543200
2020-07-15,3361.303955078125,0.0,3432.450927734375,3345.7490234375,3422.077880859375,0.0,492000
2020-07-16,3210.09912109375,0.0,3373.531982421875,3209.72705078125,3356.35888671875,0.0,490600
2020-07-17,3214.12890625,0.0,3252.779052734375,3181.27490234375,3214.402099609375,0.0,359700
2020-07-20,3314.14892578125,0.0,3314.14892578125,3220.68408203125,3243.910888671875,0.0,418600
2020-07-21,3320.89501953125,0.0,3336.678955078125,3300.572021484375,3330.547119140625,0.0,359300
2020-07-22,3333.1640625,0.0,3381.97607421875,3311.785888671875,3315.181884765625,0.0,393300
2020-07-23,3325.110107421875,0.0,3336.300048828125,3257.826904296875,3306.14892578125,0.0,407000
2020-07-24,3196.76806640625,0.0,3319.126953125,3184.965087890625,3310.64501953125,0.0,427100
2020-07-27,3205.22705078125,0.0,3221.985107421875,3174.657958984375,3210.385986328125,0.0,299300
2020-07-28,3227.9599609375,0.0,3245.297119140625,3208.493896484375,3226.133056640625,0.0,289400
2020-07-29,3294.552001953125,0.0,3294.552001953125,3209.989990234375,3221.988037109375,0.0,324900
2020-07-30,3286.822021484375,0.0,3312.450927734375,3282.162109375,3299.572021484375,0.0,340700
2020-07-31,3310.007080078125,0.0,3333.785888671875,3261.614013671875,3280.7958984375,0.0,353800
2020-08-03,3367.966064453125,0.0,3368.10302734375,3327.677001953125,3332.18310546875,0.0,407500
2020-08-04,3371.68994140625,0.0,3391.070068359375,3352.5,3376.43994140625,0.0,442300
2020-08-05,3377.56005859375,0.0,3383.639892578125,3333.8798828125,3363.330078125,0.0,385800
2020-08-06,3386.4599609375,0.0,3392.699951171875,3334.330078125,3380.760009765625,0.0,415300
2020-08-07,3354.034912109375,0.0,3374.133056640625,3307.712890625,3370.587890625,0.0,403900
2020-08-10,3379.251953125,0.0,3399.931884765625,3335.04296875,3341.528076171875,0.0,381400
2020-08-11,3340.2900390625,0.0,3409.05908203125,3336.094970703125,3379.487060546875,0.0,400500
2020-08-12,3319.26611328125,0.0,3335.72900390625,3263.264892578125,3327.492919921875,0.0,378300
2020-08-13,3320.72607421875,0.0,3338.152099609375,3309.462890625,3328.175048828125,0.0,324300
2020-08-14,3360.09912109375,0.0,3362.027099609375,3302.736083984375,3315.6689453125,0.0,306000
2020-08-17,3438.801025390625,0.0,3450.89892578125,3369.3740234375,3373.902099609375,0.0,434600
2020-08-18,3451.089111328125,0.0,3456.720947265625,3432.639892578125,3441.93408203125,0.0,380700
2020-08-19,3408.12890625,0.0,3454.4609375,3406.1640625,3444.56494140625,0.0,405700
2020-08-20,3363.89892578125,0.0,3394.556884765625,3352.777099609375,3385.965087890625,0.0,335600
2020-08-21,3380.68310546875,0.0,3393.91796875,3358.0009765625,3380.22705078125,0.0,287500
2020-08-24,3385.637939453125,0.0,3396.56591796875,3368.02587890625,3391.113037109375,0.0,266200
2020-08-25,3373.577880859375,0.0,3408.8701171875,3364.159912109375,3392.8798828125,0.0,277100
2020-08-26,3329.739013671875,0.0,3382.60302734375,3320.135986328125,3371.80810546875,0.0,294500
2020-08-27,3350.110107421875,0.0,3351.830078125,3312.989990234375,3333.489990234375,0.0,237100
2020-08-28,3403.806884765625,0.0,3405.876953125,3339.64892578125,3346.2890625,0.0,271300
2020-08-31,3395.677978515625,0.0,3442.736083984375,3395.468017578125,3416.550048828125,0.0,323500
2020-09-01,3410.60693359375,0.0,3410.60693359375,3381.7109375,3389.741943359375,0.0,247000
2020-09-02,3404.802001953125,0.0,3421.39599609375,3377.2109375,3420.468994140625,0.0,261500
2020-09-03,3384.98095703125,0.0,3425.62890625,3374.262939453125,3404.031982421875,0.0,255300
2020-09-04,3355.366943359375,0.0,3360.10595703125,3328.552001953125,3336.407958984375,0.0,221600
2020-09-07,3292.591064453125,0.0,3368.2451171875,3285.633056640625,3349.91796875,0.0,260600
2020-09-08,3316.4169921875,0.0,3324.39306640625,3276.443115234375,3301.217041015625,0.0,271100
2020-09-09,3254.6279296875,0.0,3289.614990234375,3238.56103515625,3280.9970703125,0.0,351500
2020-09-10,3234.822998046875,0.0,3285.472900390625,3227.64404296875,3282.23193359375,0.0,312500
2020-09-11,3260.345947265625,0.0,3262.498046875,3220.535888671875,3225.783935546875,0.0,221700
2020-09-14,3278.81396484375,0.0,3283.532958984375,3261.14794921875,3275.91796875,0.0,213900
2020-09-15,3295.679931640625,0.0,3297.68994140625,3263.751953125,3277.1279296875,0.0,197700
2020-09-16,3283.924072265625,0.0,3302.4560546875,3271.074951171875,3293.16796875,0.0,200400
2020-09-17,3270.43505859375,0.0,3290.408935546875,3248.4990234375,3277.323974609375,0.0,202900
2020-09-18,3338.090087890625,0.0,3338.323974609375,3268.52587890625,3270.910888671875,0.0,256300
2020-09-21,3316.93505859375,0.0,3350.589111328125,3313.071044921875,3348.89892578125,0.0,216500
2020-09-22,3274.302001953125,0.0,3320.22802734375,3265.702880859375,3290.666015625,0.0,214000
2020-09-23,3279.7109375,0.0,3289.761962890625,3264.89111328125,3278.8359375,0.0,169200
2020-09-24,3223.176025390625,0.0,3265.344970703125,3221.237060546875,3262.87890625,0.0,206700
2020-09-25,3219.41796875,0.0,3239.466064453125,3208.034912109375,3234.3740234375,0.0,164800
2020-09-28,3217.534912109375,0.0,3238.18310546875,3210.89306640625,3224.97705078125,0.0,156000
2020-09-29,3224.35888671875,0.0,3242.7939453125,3219.7900390625,3231.85498046875,0.0,151300
2020-09-30,3218.052001953125,0.0,3244.9130859375,3202.343994140625,3232.7099609375,0.0,153500
2020-10-09,3272.075927734375,0.0,3280.511962890625,3260.18701171875,3262.611083984375,0.0,188300
2020-10-12,3358.465087890625,0.0,3359.153076171875,3286.111083984375,3287.327880859375,0.0,259600
2020-10-13,3359.75,0.0,3361.83203125,3334.4990234375,3353.12109375,0.0,204900
2020-10-14,3340.778076171875,0.0,3353.625,3332.964111328125,3353.625,0.0,198700
2020-10-15,3332.18310546875,0.0,3354.577880859375,3330.0009765625,3342.922119140625,0.0,191000
2020-10-16,3336.35791015625,0.0,3348.9541015625,3319.110107421875,3334.45703125,0.0,194300
2020-10-19,3312.669921875,0.0,3371.090087890625,3307.840087890625,3351.10009765625,0.0,212300
2020-10-20,3328.10009765625,0.0,3328.10009765625,3293.77001953125,3307.14990234375,0.0,165100
2020-10-21,3325.02001953125,0.0,3332.14990234375,3304.169921875,3332.14990234375,0.0,177600
2020-10-22,3312.5,0.0,3320.8798828125,3281.3701171875,3315.820068359375,0.0,165900
2020-10-23,3277.9970703125,0.0,3326.049072265625,3276.6201171875,3308.157958984375,0.0,174200
2020-10-26,3251.118896484375,0.0,3264.446044921875,3226.60205078125,3258.702880859375,0.0,167700
2020-10-27,3254.31591796875,0.0,3258.3369140625,3235.5439453125,3240.739990234375,0.0,149100
2020-10-28,3269.239990234375,0.0,3275.8701171875,3238.3798828125,3256.219970703125,0.0,173200
2020-10-29,3272.72998046875,0.0,3289.77001953125,3231.1201171875,3235.760009765625,0.0,184700
2020-10-30,3224.532958984375,0.0,3279.85595703125,3219.422119140625,3278.631103515625,0.0,230200
2020-11-02,3225.1201171875,0.0,3242.803955078125,3209.908935546875,3228.715087890625,0.0,226800
2020-11-03,3271.073974609375,0.0,3278.381103515625,3237.85400390625,3239.805908203125,0.0,215300
2020-11-04,3277.43994140625,0.0,3286.62109375,3254.111083984375,3273.43310546875,0.0,188500
2020-11-05,3320.133056640625,0.0,3320.407958984375,3291.60009765625,3305.580078125,0.0,226800
2020-11-06,3312.158935546875,0.0,3326.465087890625,3292.15087890625,3326.465087890625,0.0,234900
2020-11-09,3373.72998046875,0.0,3380.823974609375,3329.428955078125,3329.428955078125,0.0,310200
2020-11-10,3360.14892578125,0.0,3387.6220703125,3346.172119140625,3387.6220703125,0.0,278700
2020-11-11,3342.202880859375,0.0,3365.8359375,3339.041015625,3354.02490234375,0.0,271200
2020-11-12,3338.679931640625,0.0,3350.280029296875,3329.489990234375,3344.4599609375,0.0,216500
2020-11-13,3310.10498046875,0.0,3327.22900390625,3291.64306640625,3327.22900390625,0.0,227900
2020-11-16,3346.968994140625,0.0,3346.968994140625,3313.64697265625,3325.62109375,0.0,279600
2020-11-17,3339.89990234375,0.0,3347.699951171875,3323.949951171875,3347.14990234375,0.0,283600
2020-11-18,3347.302978515625,0.0,3358.89404296875,3333.991943359375,3337.33203125,0.0,287500
2020-11-19,3363.087890625,0.0,3367.3330078125,3330.449951171875,3339.0859375,0.0,253300
2020-11-20,3377.72998046875,0.0,3380.14990234375,3356.31005859375,3359.60009765625,0.0,261300
2020-11-23,3414.489990234375,0.0,3431.64990234375,3377.989990234375,3384.10009765625,0.0,373900
2020-11-24,3402.822998046875,0.0,3413.926025390625,3396.243896484375,3407.408935546875,0.0,301000
2020-11-25,3362.326904296875,0.0,3423.485107421875,3362.326904296875,3417.514892578125,0.0,322100
2020-11-26,3369.73291015625,0.0,3371.4541015625,3344.281982421875,3360.06103515625,0.0,255900
2020-11-27,3408.306884765625,0.0,3408.306884765625,3364.491943359375,3373.843017578125,0.0,280600
2020-11-30,3391.760009765625,0.0,3456.739990234375,3391.760009765625,3418.159912109375,0.0,385000
2020-12-01,3451.93994140625,0.0,3457.639892578125,3386.909912109375,3388.989990234375,0.0,316200
2020-12-02,3449.381103515625,0.0,3465.72900390625,3435.87109375,3453.51806640625,0.0,312800
2020-12-03,3442.135986328125,0.0,3452.160888671875,3428.803955078125,3448.5400390625,0.0,298500
2020-12-04,3444.5810546875,0.0,3448.404052734375,3417.048095703125,3436.72900390625,0.0,256300
2020-12-07,3416.60400390625,0.0,3449.577880859375,3414.31396484375,3446.64794921875,0.0,254500
2020-12-08,3410.179931640625,0.0,3428.659912109375,3403.030029296875,3417.68994140625,0.0,226900
2020-12-09,3371.964111328125,0.0,3422.535888671875,3371.916015625,3416.077880859375,0.0,260700
2020-12-10,3373.27587890625,0.0,3384.887939453125,3357.7529296875,3365.73095703125,0.0,247300
2020-12-11,3347.19091796875,0.0,3383.177978515625,3325.172119140625,3381.008056640625,0.0,298600
2020-12-14,3369.1201171875,0.0,3371.12890625,3338.6259765625,3349.533935546875,0.0,239800
2020-12-15,3367.22998046875,0.0,3373.56005859375,3348.419921875,3366.580078125,0.0,225700
2020-12-16,3366.98291015625,0.0,3378.6630859375,3359.1708984375,3371.262939453125,0.0,220800
2020-12-17,3404.873046875,0.0,3406.155029296875,3354.010986328125,3367.277099609375,0.0,275500
2020-12-18,3394.89990234375,0.0,3413.81005859375,3382.75,3400.489990234375,0.0,281000
2020-12-21,3420.569091796875,0.0,3423.60888671875,3381.115966796875,3394.39501953125,0.0,283800
2020-12-22,3356.781982421875,0.0,3415.75390625,3353.85791015625,3410.968017578125,0.0,323000
2020-12-23,3382.320068359375,0.0,3394.208984375,3360.201904296875,3362.471923828125,0.0,299500
2020-12-24,3363.113037109375,0.0,3394.074951171875,3354.02197265625,3382.193115234375,0.0,275000
2020-12-25,3396.56298828125,0.0,3397.007080078125,3348.344970703125,3351.7900390625,0.0,294500
2020-12-28,3397.284912109375,0.0,3412.51904296875,3383.654052734375,3396.35888671875,0.0,316200
2020-12-29,3379.035888671875,0.0,3407.087890625,3376.087890625,3399.2939453125,0.0,311800
2020-12-30,3414.452880859375,0.0,3414.4541015625,3374.416015625,3375.009033203125,0.0,291000
2020-12-31,3473.069091796875,0.0,3474.91796875,3419.72705078125,3419.72705078125,0.0,335700
2021-01-04,3502.9580078125,0.0,3511.655029296875,3457.2060546875,3474.678955078125,0.0,380800
2021-01-05,3528.677001953125,0.0,3528.677001953125,3484.715087890625,3492.19091796875,0.0,408000
2021-01-06,3550.876953125,0.0,3556.802001953125,3513.1259765625,3530.906982421875,0.0,370200
2021-01-07,3576.205078125,0.0,3576.205078125,3526.616943359375,3552.908935546875,0.0,405300
2021-01-08,3570.110107421875,0.0,3588.06005859375,3544.889892578125,3577.68994140625,0.0,345600
2021-01-11,3531.498046875,0.0,3597.701904296875,3516.986083984375,3571.321044921875,0.0,362500
2021-01-12,3608.340087890625,0.0,3608.340087890625,3517.469970703125,3518.010009765625,0.0,323400
2021-01-13,3598.652099609375,0.0,3622.347900390625,3575.594970703125,3613.281005859375,0.0,388100
2021-01-14,3565.905029296875,0.0,3599.05810546875,3559.60009765625,3584.931884765625,0.0,347700
2021-01-15,3566.3779296875,0.0,3589.26611328125,3533.7880859375,3566.284912109375,0.0,324600
2021-01-18,3596.219970703125,0.0,3608.77001953125,3544.260009765625,3554.800048828125,0.0,301700
2021-01-19,3566.3798828125,0.0,3603.14990234375,3553.02001953125,3596.360107421875,0.0,323400
2021-01-20,3583.092041015625,0.0,3589.9619140625,3556.443115234375,3564.12109375,0.0,272300
2021-01-21,3621.263916015625,0.0,3636.243896484375,3585.802001953125,3590.925048828125,0.0,327500
2021-01-22,3606.75,0.0,3616.5400390625,3585.033935546875,3616.5400390625,0.0,324500
2021-01-25,3624.238037109375,0.0,3637.10009765625,3591.02001953125,3605.361083984375,0.0,327300
2021-01-26,3569.428955078125,0.0,3610.968994140625,3564.741943359375,3610.968994140625,0.0,278100
2021-01-27,3573.340087890625,0.0,3578.800048828125,3546.489990234375,3567.550048828125,0.0,264100
2021-01-28,3505.176025390625,0.0,3549.5439453125,3496.87890625,3534.6689453125,0.0,270900
2021-01-29,3483.069091796875,0.0,3531.597900390625,3446.547119140625,3521.718017578125,0.0,293700
2021-02-01,3505.283935546875,0.0,3506.388916015625,3469.875,3477.172119140625,0.0,277600
2021-02-02,3533.68505859375,0.0,3535.501953125,3495.568115234375,3510.80810546875,0.0,264500
2021-02-03,3517.30810546875,0.0,3544.009033203125,3508.507080078125,3531.14892578125,0.0,297400
2021-02-04,3501.85888671875,0.0,3524.721923828125,3465.77099609375,3503.779052734375,0.0,298800
2021-02-05,3496.330078125,0.0,3536.5400390625,3492.9599609375,3509.489990234375,0.0,290100
2021-02-08,3532.447021484375,0.0,3542.2080078125,3492.12890625,3504.56298828125,0.0,249800
2021-02-09,3603.489013671875,0.0,3604.010986328125,3528.676025390625,3539.77294921875,0.0,253800
2021-02-10,3655.087890625,0.0,3662.76611328125,3612.5048828125,3612.613037109375,0.0,257900
2021-02-18,3675.35693359375,0.0,3731.68701171875,3663.6640625,3721.0869140625,0.0,340300
2021-02-19,3696.16796875,0.0,3699.64990234375,3634.014892578125,3661.782958984375,0.0,361100
2021-02-22,3642.43994140625,0.0,3717.27001953125,3642.43994140625,3707.18994140625,0.0,488800
2021-02-23,3636.360107421875,0.0,3672.14990234375,3617.699951171875,3617.699951171875,0.0,398900
2021-02-24,3564.080078125,0.0,3645.64697265625,3531.593994140625,3638.93603515625,0.0,362200
2021-02-25,3585.050048828125,0.0,3608.56005859375,3568.469970703125,3595.5400390625,0.0,366200
2021-02-26,3509.080078125,0.0,3550.409912109375,3500.699951171875,3514.56005859375,0.0,333300
2021-03-01,3551.39990234375,0.0,3552.56689453125,3511.989013671875,3531.47998046875,0.0,315500
2021-03-02,3508.591064453125,0.0,3566.85205078125,3485.364013671875,3566.85205078125,0.0,339800
2021-03-03,3576.89990234375,0.0,3577.6201171875,3498.719970703125,3500.159912109375,0.0,347700
2021-03-04,3503.489990234375,0.0,3552.199951171875,3487.3798828125,3546.639892578125,0.0,393600
2021-03-05,3501.987060546875,0.0,3523.568115234375,3456.6669921875,3463.30908203125,0.0,356400
2021-03-08,3421.409912109375,0.0,3542.300048828125,3421.219970703125,3524.97998046875,0.0,387000
2021-03-09,3359.2900390625,0.0,3429.14990234375,3328.31005859375,3415.340087890625,0.0,407700
2021-03-10,3357.739990234375,0.0,3397.030029296875,3354.820068359375,3389.840087890625,0.0,299700
2021-03-11,3436.830078125,0.0,3436.830078125,3369.89990234375,3369.89990234375,0.0,322100
2021-03-12,3453.080078125,0.0,3454.510009765625,3417.239990234375,3447.199951171875,0.0,358000
2021-03-15,3419.949951171875,0.0,3457.489990234375,3392.510009765625,3441.8798828125,0.0,367800
2021-03-16,3446.73291015625,0.0,3448.883056640625,3406.175048828125,3424.652099609375,0.0,316700
2021-03-17,3445.551025390625,0.0,3454.055908203125,3410.281982421875,3435.73193359375,0.0,280100
2021-03-18,3463.068115234375,0.0,3478.14501953125,3449.376953125,3449.64111328125,0.0,284400
2021-03-19,3404.659912109375,0.0,3439.52001953125,3389.2900390625,3423.8701171875,0.0,309200
2021-03-22,3443.43994140625,0.0,3443.659912109375,3404.22998046875,3406.1201171875,0.0,312600
2021-03-23,3411.510009765625,0.0,3445.419921875,3390.050048828125,3445.340087890625,0.0,326400
2021-03-24,3367.06005859375,0.0,3415.2900390625,3362.179931640625,3394.1298828125,0.0,317400
2021-03-25,3363.590087890625,0.0,3382.22998046875,3344.969970703125,3355.070068359375,0.0,270700
2021-03-26,3418.326904296875,0.0,3423.222900390625,3373.31689453125,3373.31689453125,0.0,274600
2021-03-29,3435.300048828125,0.0,3449.833984375,3409.886962890625,3429.632080078125,0.0,284800
2021-03-30,3456.679931640625,0.0,3457.6298828125,3423.320068359375,3432.530029296875,0.0,285400
2021-03-31,3441.909912109375,0.0,3452.2099609375,3420.830078125,3452.2099609375,0.0,283000
2021-04-01,3466.330078125,0.0,3470.030029296875,3438.830078125,3444.81005859375,0.0,275200
2021-04-02,3484.39208984375,0.0,3487.5859375,3462.83203125,3472.6279296875,0.0,262700
2021-04-06,3482.969970703125,0.0,3493.280029296875,3471.760009765625,3491.6298828125,0.0,234700
2021-04-07,3479.6298828125,0.0,3483.419921875,3453.18994140625,3483.419921875,0.0,295800
2021-04-08,3482.550048828125,0.0,3495.909912109375,3459.320068359375,3467.489990234375,0.0,331800
2021-04-09,3450.679931640625,0.0,3475.449951171875,3442.139892578125,3475.43994140625,0.0,280100
2021-04-12,3412.949951171875,0.0,3456.159912109375,3403.89990234375,3445.969970703125,0.0,309600
2021-04-13,3396.469970703125,0.0,3425.389892578125,3387.89990234375,3411.2900390625,0.0,270600
2021-04-14,3416.719970703125,0.0,3420.030029296875,3392.97998046875,3397.02001953125,0.0,233200
2021-04-15,3398.989990234375,0.0,3409.610107421875,3373.090087890625,3409.610107421875,0.0,234000
2021-04-16,3426.6201171875,0.0,3432.6298828125,3394.1298828125,3407.18994140625,0.0,258600
2021-04-19,3477.550048828125,0.0,3479.010009765625,3414.360107421875,3427.550048828125,0.0,302700
2021-04-20,3472.93994140625,0.0,3494.300048828125,3463.4599609375,3467.14990234375,0.0,285300
2021-04-21,3472.929931640625,0.0,3481.25,3450.110107421875,3456.300048828125,0.0,253800
2021-04-22,3465.110107421875,0.0,3485.360107421875,3456.320068359375,3482.830078125,0.0,251100
2021-04-23,3474.169921875,0.0,3482.360107421875,3456.330078125,3462.090087890625,0.0,249400
2021-04-26,3441.169921875,0.0,3497.1201171875,3438.570068359375,3484.110107421875,0.0,277000
2021-04-27,3442.610107421875,0.0,3443.85009765625,3417.260009765625,3440.090087890625,0.0,253000
2021-04-28,3457.070068359375,0.0,3457.070068359375,3423.330078125,3432.159912109375,0.0,247400
2021-04-29,3474.89990234375,0.0,3478.22998046875,3447.590087890625,3458.080078125,0.0,276600
2021-04-30,3446.860107421875,0.0,3469.090087890625,3426.89990234375,3468.300048828125,0.0,312700
2021-05-06,3441.280029296875,0.0,3471.239990234375,3426.85009765625,3446.070068359375,0.0,310400
2021-05-07,3418.8701171875,0.0,3457.889892578125,3416.780029296875,3446.409912109375,0.0,353800
2021-05-10,3427.989990234375,0.0,3429.739990234375,3401.929931640625,3423.590087890625,0.0,374200
2021-05-11,3441.85009765625,0.0,3448.10009765625,3384.699951171875,3406.60009765625,0.0,350900
2021-05-12,3462.75,0.0,3466.3701171875,3428.389892578125,3429.75,0.0,311400
2021-05-13,3429.5400390625,0.0,3448.02001953125,3418.3798828125,3432.139892578125,0.0,319300
2021-05-14,3490.3798828125,0.0,3490.639892578125,3422.56005859375,3436.090087890625,0.0,337000
2021-05-17,3517.6201171875,0.0,3530.510009765625,3490.139892578125,3490.409912109375,0.0,322100
2021-05-18,3529.010009765625,0.0,3529.010009765625,3510.860107421875,3520.64990234375,0.0,271300
2021-05-19,3510.9599609375,0.0,3521.110107421875,3503.820068359375,3521.110107421875,0.0,278300
2021-05-20,3506.93994140625,0.0,3517.739990234375,3486.070068359375,3500.8798828125,0.0,326000
2021-05-21,3486.56005859375,0.0,3518.3798828125,3479.669921875,3510.840087890625,0.0,283800
2021-05-24,3497.280029296875,0.0,3498.300048828125,3469.8701171875,3486.27001953125,0.0,289500
2021-05-25,3581.340087890625,0.0,3584.580078125,3502.43994140625,3502.5400390625,0.0,341200
2021-05-26,3593.360107421875,0.0,3603.489990234375,3585.3701171875,3586.840087890625,0.0,342000
2021-05-27,3608.85009765625,0.0,3626.360107421875,3579.260009765625,3585.72998046875,0.0,309600
2021-05-28,3600.780029296875,0.0,3622.179931640625,3582.360107421875,3610.77001953125,0.0,349200
2021-05-31,3615.47998046875,0.0,3615.659912109375,3580.64990234375,3600.070068359375,0.0,331500
2021-06-01,3624.7099609375,0.0,3626.070068359375,3581.909912109375,3608.60009765625,0.0,352800
2021-06-02,3597.139892578125,0.0,3629.2900390625,3584.60009765625,3626.330078125,0.0,348600
2021-06-03,3584.2099609375,0.0,3618.510009765625,3584.2099609375,3595.419921875,0.0,354200
2021-06-04,3591.840087890625,0.0,3618.800048828125,3561.889892578125,3565.469970703125,0.0,330900
2021-06-07,3599.5400390625,0.0,3600.3798828125,3581.89990234375,3597.139892578125,0.0,303700
2021-06-08,3580.110107421875,0.0,3621.52001953125,3563.25,3598.75,0.0,304500
2021-06-09,3591.39990234375,0.0,3598.7099609375,3572.639892578125,3576.800048828125,0.0,298300
2021-06-10,3610.860107421875,0.0,3624.340087890625,3584.1298828125,3587.530029296875,0.0,318200
2021-06-11,3589.75,0.0,3614.39990234375,3587.14990234375,3614.110107421875,0.0,360600
2021-06-15,3556.56005859375,0.0,3592.949951171875,3547.18994140625,3587.469970703125,0.0,349200
2021-06-16,3518.330078125,0.0,3561.090087890625,3513.56005859375,3556.7099609375,0.0,312600
2021-06-17,3525.60009765625,0.0,3534.199951171875,3507.35009765625,3508.320068359375,0.0,277200
2021-06-18,3525.10009765625,0.0,3535.6201171875,3503.179931640625,3520.5,0.0,296700
2021-06-21,3529.179931640625,0.0,3540.300048828125,3504.010009765625,3515.5,0.0,280900
2021-06-22,3557.409912109375,0.0,3560.18994140625,3536.81005859375,3539.7900390625,0.0,307500
2021-06-23,3566.219970703125,0.0,3577.469970703125,3549.85009765625,3559.39990234375,0.0,310700
2021-06-24,3566.64990234375,0.0,3570.489990234375,3548.820068359375,3568.580078125,0.0,335400
2021-06-25,3607.56005859375,0.0,3614.300048828125,3564.52001953125,3567.3798828125,0.0,346100
2021-06-28,3606.3701171875,0.0,3614.360107421875,3594.219970703125,3612.25,0.0,321300
2021-06-29,3573.179931640625,0.0,3601.830078125,3570.530029296875,3601.679931640625,0.0,306100
2021-06-30,3591.199951171875,0.0,3594.1201171875,3569.5,3572.6201171875,0.0,268200
2021-07-01,3588.780029296875,0.0,3607.699951171875,3573.93994140625,3600.550048828125,0.0,291900
2021-07-02,3518.760009765625,0.0,3569.889892578125,3514.340087890625,3569.889892578125,0.0,291900
2021-07-05,3534.320068359375,0.0,3534.320068359375,3510.580078125,3516.919921875,0.0,288100
2021-07-06,3530.260009765625,0.0,3538.35009765625,3496.929931640625,3533.1298828125,0.0,314100
2021-07-07,3553.719970703125,0.0,3557.8798828125,3504.469970703125,3508.590087890625,0.0,318800
2021-07-08,3525.5,0.0,3558.679931640625,3521.06005859375,3557.219970703125,0.0,350900
2021-07-09,3524.090087890625,0.0,3529.31005859375,3485.050048828125,3512.22998046875,0.0,349900
2021-07-12,3547.840087890625,0.0,3565.030029296875,3527.389892578125,3545.199951171875,0.0,403600
2021-07-13,3566.52001953125,0.0,3567.47998046875,3542.820068359375,3547.590087890625,0.0,362400
2021-07-14,3528.5,0.0,3560.830078125,3525.489990234375,3560.830078125,0.0,372200
2021-07-15,3564.590087890625,0.0,3565.929931640625,3514.260009765625,3519.06005859375,0.0,363300
2021-07-16,3539.300048828125,0.0,3566.0,3537.72998046875,3559.530029296875,0.0,366000
2021-07-19,3539.1201171875,0.0,3544.8798828125,3506.340087890625,3530.489990234375,0.0,336800
2021-07-20,3536.7900390625,0.0,3538.639892578125,3509.18994140625,3515.070068359375,0.0,293800
2021-07-21,3562.660888671875,0.0,3569.090087890625,3543.052978515625,3543.052978515625,0.0,339000
2021-07-22,3574.73388671875,0.0,3576.472900390625,3558.29296875,3563.660888671875,0.0,381100
2021-07-23,3550.39990234375,0.0,3571.85009765625,3541.510009765625,3571.719970703125,0.0,446400
2021-07-26,3467.43994140625,0.0,3538.013916015625,3424.741943359375,3538.013916015625,0.0,442900
2021-07-27,3381.179931640625,0.0,3483.8740234375,3380.27587890625,3467.447021484375,0.0,469100
2021-07-28,3361.590087890625,0.0,3385.5400390625,3312.719970703125,3355.820068359375,0.0,395800
2021-07-29,3411.719970703125,0.0,3416.610107421875,3382.570068359375,3403.840087890625,0.0,344600
2021-07-30,3397.360107421875,0.0,3404.8798828125,3370.449951171875,3398.199951171875,0.0,381400
2021-08-02,3464.2900390625,0.0,3464.2900390625,3367.639892578125,3385.68994140625,0.0,432900
2021-08-03,3447.989990234375,0.0,3470.659912109375,3435.4599609375,3446.780029296875,0.0,400700
2021-08-04,3477.219970703125,0.0,3477.60009765625,3440.780029296875,3442.93994140625,0.0,348700
2021-08-05,3466.550048828125,0.0,3486.159912109375,3449.389892578125,3461.719970703125,0.0,348400
2021-08-06,3458.22998046875,0.0,3466.389892578125,3436.929931640625,3465.47998046875,0.0,336800
2021-08-09,3494.6298828125,0.0,3502.840087890625,3438.699951171875,3441.75,0.0,349900
2021-08-10,3529.929931640625,0.0,3529.929931640625,3477.06005859375,3488.659912109375,0.0,345100
2021-08-11,3532.6201171875,0.0,3544.090087890625,3524.0400390625,3527.110107421875,0.0,383800
2021-08-12,3524.739990234375,0.0,3538.39990234375,3513.449951171875,3522.719970703125,0.0,381100
2021-08-13,3516.300048828125,0.0,3540.080078125,3500.800048828125,3514.469970703125,0.0,378200
2021-08-16,3517.340087890625,0.0,3537.85009765625,3510.89990234375,3514.340087890625,0.0,391100
2021-08-17,3446.97607421875,0.0,3531.72509765625,3438.123046875,3512.10888671875,0.0,422900
2021-08-18,3485.285888671875,0.0,3487.43603515625,3437.69091796875,3442.346923828125,0.0,389200
2021-08-19,3465.554931640625,0.0,3480.4599609375,3446.014892578125,3475.298095703125,0.0,382400
2021-08-20,3427.333984375,0.0,3453.153076171875,3394.971923828125,3442.506103515625,0.0,391100
2021-08-23,3477.1298828125,0.0,3481.25,3436.669921875,3436.800048828125,0.0,384700
2021-08-24,3514.470947265625,0.0,3522.697021484375,3481.14111328125,3482.26611328125,0.0,430200
2021-08-25,3540.3798828125,0.0,3540.389892578125,3510.070068359375,3517.919921875,0.0,450000
2021-08-26,3501.6640625,0.0,3537.31591796875,3499.452880859375,3537.31396484375,0.0,502900
2021-08-27,3522.156982421875,0.0,3530.193115234375,3493.375,3494.41796875,0.0,455300
2021-08-30,3528.15087890625,0.0,3539.493896484375,3512.992919921875,3535.072998046875,0.0,512800
2021-08-31,3543.93994140625,0.0,3543.93994140625,3496.389892578125,3519.02001953125,0.0,524200
2021-09-01,3567.10009765625,0.0,3582.320068359375,3514.669921875,3543.8701171875,0.0,667300
2021-09-02,3597.0400390625,0.0,3597.3701171875,3557.679931640625,3559.89990234375,0.0,572700
2021-09-03,3581.72998046875,0.0,3613.949951171875,3569.39990234375,3602.739990234375,0.0,614500
2021-09-06,3621.860107421875,0.0,3626.2900390625,3580.139892578125,3580.139892578125,0.0,521700
2021-09-07,3676.590087890625,0.0,3681.929931640625,3615.139892578125,3621.7099609375,0.0,547700
2021-09-08,3675.18994140625,0.0,3695.320068359375,3661.0,3673.39990234375,0.0,586400
2021-09-09,3693.1298828125,0.0,3693.449951171875,3662.159912109375,3666.820068359375,0.0,604800
2021-09-10,3703.110107421875,0.0,3722.873046875,3681.64208984375,3691.18603515625,0.0,635200
2021-09-13,3715.3701171875,0.0,3716.830078125,3692.820068359375,3699.25,0.0,557500
2021-09-14,3662.60009765625,0.0,3723.85009765625,3655.6298828125,3709.6298828125,0.0,565000
2021-09-15,3656.219970703125,0.0,3677.530029296875,3638.320068359375,3651.159912109375,0.0,475000
2021-09-16,3607.090087890625,0.0,3677.919921875,3606.72998046875,3664.840087890625,0.0,546700
2021-09-17,3613.969970703125,0.0,3620.9599609375,3569.27001953125,3595.27001953125,0.0,516900
2021-09-22,3628.489990234375,0.0,3629.449951171875,3560.5,3563.2099609375,0.0,472300
2021-09-23,3642.219970703125,0.0,3670.949951171875,3632.280029296875,3651.27001953125,0.0,535000
2021-09-24,3613.070068359375,0.0,3651.429931640625,3607.7900390625,3637.8701171875,0.0,507300
2021-09-27,3582.830078125,0.0,3640.81005859375,3559.919921875,3625.9599609375,0.0,510800
2021-09-28,3602.219970703125,0.0,3610.919921875,3568.820068359375,3577.889892578125,0.0,444200
2021-09-29,3536.2900390625,0.0,3573.52001953125,3518.050048828125,3573.52001953125,0.0,452500
2021-09-30,3568.169921875,0.0,3572.429931640625,3541.929931640625,3541.929931640625,0.0,395600
2021-10-08,3592.169921875,0.0,3612.550048828125,3571.72998046875,3609.090087890625,0.0,407200
2021-10-11,3591.7099609375,0.0,3614.699951171875,3586.75,3600.360107421875,0.0,394400
2021-10-12,3546.93994140625,0.0,3583.639892578125,3515.139892578125,3581.300048828125,0.0,405400
2021-10-13,3561.760009765625,0.0,3569.1298828125,3515.64990234375,3543.489990234375,0.0,325100
2021-10-14,3558.280029296875,0.0,3569.68994140625,3547.179931640625,3555.110107421875,0.0,295000
2021-10-15,3572.3701171875,0.0,3578.77001953125,3542.68994140625,3551.989990234375,0.0,320300
2021-10-18,3568.139892578125,0.0,3571.050048828125,3539.47998046875,3571.050048828125,0.0,341000
2021-10-19,3593.14990234375,0.0,3596.7900390625,3560.6201171875,3562.300048828125,0.0,334200
2021-10-20,3587.0,0.0,3596.050048828125,3574.300048828125,3583.239990234375,0.0,344200
2021-10-21,3594.780029296875,0.0,3610.9599609375,3576.35009765625,3590.050048828125,0.0,352300
2021-10-22,3582.60009765625,0.0,3607.580078125,3578.760009765625,3594.75,0.0,353200
2021-10-25,3609.860107421875,0.0,3611.090087890625,3564.2099609375,3574.260009765625,0.0,321200
2021-10-26,3597.639892578125,0.0,3625.02001953125,3589.7099609375,3612.830078125,0.0,337300
2021-10-27,3562.31005859375,0.0,3589.860107421875,3553.1298828125,3589.860107421875,0.0,350600
2021-10-28,3518.419921875,0.0,3552.0400390625,3509.489990234375,3548.699951171875,0.0,378200
2021-10-29,3547.340087890625,0.0,3547.340087890625,3502.800048828125,3519.330078125,0.0,358800
2021-11-01,3544.47998046875,0.0,3556.590087890625,3519.2900390625,3530.39990234375,0.0,382300
2021-11-02,3505.6298828125,0.0,3559.050048828125,3477.659912109375,3543.3798828125,0.0,417600
2021-11-03,3498.5400390625,0.0,3512.610107421875,3480.489990234375,3501.110107421875,0.0,306600
2021-11-04,3526.8701171875,0.0,3527.949951171875,3503.010009765625,3505.889892578125,0.0,319400
2021-11-05,3491.570068359375,0.0,3525.8701171875,3491.4599609375,3520.2099609375,0.0,354500
2021-11-08,3498.6298828125,0.0,3507.27001953125,3484.239990234375,3491.969970703125,0.0,298200
2021-11-09,3507.0,0.0,3514.949951171875,3489.0400390625,3507.110107421875,0.0,287300
2021-11-10,3492.4599609375,0.0,3498.93994140625,3448.43994140625,3498.93994140625,0.0,307000
2021-11-11,3532.7900390625,0.0,3534.199951171875,3482.830078125,3486.449951171875,0.0,322100
2021-11-12,3539.10009765625,0.0,3543.64990234375,3527.389892578125,3534.14990234375,0.0,308700
2021-11-15,3533.300048828125,0.0,3550.43994140625,3521.2900390625,3542.89990234375,0.0,313000
2021-11-16,3521.7900390625,0.0,3549.77001953125,3517.81005859375,3530.4599609375,0.0,310400
2021-11-17,3537.3701171875,0.0,3537.510009765625,3513.52001953125,3518.56005859375,0.0,276700
2021-11-18,3520.7099609375,0.0,3537.97998046875,3513.110107421875,3531.489990234375,0.0,312400
2021-11-19,3560.3701171875,0.0,3561.909912109375,3517.64990234375,3519.280029296875,0.0,318000
2021-11-22,3582.080078125,0.0,3585.18798828125,3562.7509765625,3562.762939453125,0.0,330000
2021-11-23,3589.089111328125,0.0,3598.375,3577.361083984375,3580.506103515625,0.0,360000
2021-11-24,3592.702880859375,0.0,3602.735107421875,3575.2880859375,3590.01904296875,0.0,336800
2021-11-25,3584.179931640625,0.0,3597.14990234375,3579.530029296875,3593.389892578125,0.0,306500
2021-11-26,3564.090087890625,0.0,3576.110107421875,3554.8798828125,3576.110107421875,0.0,301000
2021-11-29,3562.699951171875,0.0,3563.679931640625,3526.360107421875,3528.669921875,0.0,333600
2021-11-30,3563.889892578125,0.0,3582.1201171875,3546.360107421875,3570.75,0.0,349200
2021-12-01,3576.889892578125,0.0,3576.889892578125,3558.68994140625,3561.889892578125,0.0,329900
2021-12-02,3573.840087890625,0.0,3586.8701171875,3567.139892578125,3573.25,0.0,354000
2021-12-03,3607.429931640625,0.0,3608.469970703125,3573.2099609375,3576.449951171875,0.0,377600
2021-12-06,3589.31005859375,0.0,3626.1298828125,3586.81005859375,3615.239990234375,0.0,418700
2021-12-07,3595.090087890625,0.0,3614.219970703125,3572.570068359375,3611.219970703125,0.0,403800
2021-12-08,3637.570068359375,0.0,3637.719970703125,3591.989990234375,3602.820068359375,0.0,361000
2021-12-09,3673.0400390625,0.0,3688.39990234375,3638.699951171875,3641.159912109375,0.0,431900
2021-12-10,3666.35009765625,0.0,3667.85009765625,3651.35009765625,3654.3701171875,0.0,420000
2021-12-13,3681.080078125,0.0,3708.93994140625,3678.06005859375,3686.93994140625,0.0,424100
2021-12-14,3661.530029296875,0.0,3671.679931640625,3654.659912109375,3669.81005859375,0.0,362200
2021-12-15,3647.6298828125,0.0,3668.39990234375,3645.239990234375,3655.050048828125,0.0,377500
2021-12-16,3675.02001953125,0.0,3675.02001953125,3644.659912109375,3648.929931640625,0.0,381300
2021-12-17,3632.360107421875,0.0,3673.64990234375,3631.659912109375,3670.260009765625,0.0,408500
2021-12-20,3593.60009765625,0.0,3643.949951171875,3589.360107421875,3620.0400390625,0.0,423900
2021-12-21,3625.1298828125,0.0,3627.090087890625,3591.449951171875,3591.449951171875,0.0,408200
2021-12-22,3622.6201171875,0.0,3635.89990234375,3616.550048828125,3632.679931640625,0.0,394800
2021-12-23,3643.340087890625,0.0,3643.550048828125,3618.050048828125,3625.469970703125,0.0,382900
2021-12-24,3618.053955078125,0.0,3648.9560546875,3612.06689453125,3645.39501953125,0.0,390300
2021-12-27,3615.969970703125,0.0,3632.18994140625,3601.93994140625,3613.050048828125,0.0,329200
2021-12-28,3630.112060546875,0.0,3631.076904296875,3607.364013671875,3619.64208984375,0.0,316200
2021-12-29,3597.0,0.0,3630.919921875,3596.320068359375,3630.919921875,0.0,305100
2021-12-30,3619.18994140625,0.0,3628.919921875,3595.5,3596.489990234375,0.0,307800
2021-12-31,3639.780029296875,0.0,3642.840087890625,3624.93994140625,3626.239990234375,0.0,329700
2022-01-04,3632.330078125,0.0,3651.889892578125,3610.090087890625,3649.14990234375,0.0,405000
2022-01-05,3595.179931640625,0.0,3628.260009765625,3583.469970703125,3628.260009765625,0.0,423900
2022-01-06,3586.080078125,0.0,3594.489990234375,3559.8798828125,3581.219970703125,0.0,371500
2022-01-07,3579.5400390625,0.0,3607.22998046875,3577.10009765625,3588.989990234375,0.0,436300
2022-01-10,3593.52001953125,0.0,3593.52001953125,3555.1298828125,3572.739990234375,0.0,356200
2022-01-11,3567.43994140625,0.0,3602.14990234375,3562.75,3589.89990234375,0.0,359800
2022-01-12,3597.429931640625,0.0,3599.5,3572.10009765625,3578.159912109375,0.0,343100
2022-01-13,3555.260009765625,0.0,3601.070068359375,3555.159912109375,3601.030029296875,0.0,369400
2022-01-14,3521.260009765625,0.0,3548.419921875,3519.320068359375,3544.070068359375,0.0,376900
2022-01-17,3541.669921875,0.0,3546.090087890625,3519.429931640625,3522.090087890625,0.0,312900
2022-01-18,3569.909912109375,0.0,3579.31005859375,3531.330078125,3541.889892578125,0.0,377100
2022-01-19,3558.179931640625,0.0,3578.72998046875,3541.659912109375,3567.6298828125,0.0,333200
2022-01-20,3555.06005859375,0.0,3576.260009765625,3540.550048828125,3556.22998046875,0.0,379500
2022-01-21,3522.570068359375,0.0,3547.0,3514.889892578125,3546.75,0.0,326500
2022-01-24,3524.110107421875,0.0,3531.610107421875,3500.139892578125,3508.239990234375,0.0,280300
2022-01-25,3433.06005859375,0.0,3519.830078125,3433.06005859375,3509.280029296875,0.0,327400
2022-01-26,3455.669921875,0.0,3462.1201171875,3417.760009765625,3442.68994140625,0.0,275100
2022-01-27,3394.25,0.0,3456.360107421875,3392.02001953125,3456.10009765625,0.0,280600
2022-01-28,3361.43994140625,0.0,3417.050048828125,3356.56005859375,3407.590087890625,0.0,290900
2022-02-07,3429.580078125,0.0,3434.030029296875,3407.760009765625,3407.760009765625,0.0,320500
2022-02-08,3452.6298828125,0.0,3453.18994140625,3390.4599609375,3428.5400390625,0.0,366100
2022-02-09,3479.949951171875,0.0,3484.739990234375,3444.080078125,3450.820068359375,0.0,350200
2022-02-10,3485.909912109375,0.0,3488.860107421875,3464.219970703125,3481.909912109375,0.0,355700
2022-02-11,3462.949951171875,0.0,3500.14990234375,3459.330078125,3472.280029296875,0.0,361400
2022-02-14,3428.8798828125,0.0,3457.260009765625,3415.449951171875,3451.85009765625,0.0,315300
2022-02-15,3446.090087890625,0.0,3447.489990234375,3421.639892578125,3428.0400390625,0.0,275600
2022-02-16,3465.830078125,0.0,3475.06005859375,3453.800048828125,3457.070068359375,0.0,275000
2022-02-17,3468.0400390625,0.0,3480.969970703125,3454.280029296875,3464.2099609375,0.0,297300
2022-02-18,3490.760009765625,0.0,3490.760009765625,3447.030029296875,3451.6298828125,0.0,295100
2022-02-21,3490.610107421875,0.0,3492.199951171875,3471.68994140625,3488.409912109375,0.0,301500
2022-02-22,3457.14990234375,0.0,3473.389892578125,3437.669921875,3473.2900390625,0.0,326300
2022-02-23,3489.14990234375,0.0,3490.760009765625,3458.179931640625,3458.510009765625,0.0,325600
2022-02-24,3429.9599609375,0.0,3486.97998046875,3400.2099609375,3474.3701171875,0.0,488400
2022-02-25,3451.409912109375,0.0,3480.179931640625,3440.929931640625,3445.340087890625,0.0,377500
2022-02-28,3462.31005859375,0.0,3462.31005859375,3425.52001953125,3450.320068359375,0.0,345800
2022-03-01,3488.830078125,0.0,3491.1298828125,3465.719970703125,3471.360107421875,0.0,326000
2022-03-02,3484.18994140625,0.0,3486.6201171875,3467.0,3478.2900390625,0.0,329400
2022-03-03,3481.110107421875,0.0,3500.2900390625,3473.340087890625,3495.929931640625,0.0,412600
2022-03-04,3447.64990234375,0.0,3474.8798828125,3437.699951171875,3459.97998046875,0.0,393500
2022-03-07,3372.860107421875,0.0,3438.56005859375,3360.739990234375,3438.56005859375,0.0,393600
2022-03-08,3293.530029296875,0.0,3383.6298828125,3287.340087890625,3372.550048828125,0.0,415900
2022-03-09,3256.389892578125,0.0,3321.47998046875,3147.679931640625,3303.7099609375,0.0,466300
2022-03-10,3296.090087890625,0.0,3326.580078125,3291.239990234375,3312.179931640625,0.0,378300
2022-03-11,3309.75,0.0,3315.659912109375,3217.419921875,3259.320068359375,0.0,384100
2022-03-14,3223.530029296875,0.0,3297.800048828125,3223.530029296875,3271.889892578125,0.0,338000
2022-03-15,3063.969970703125,0.0,3196.919921875,3063.969970703125,3192.360107421875,0.0,465000
2022-03-16,3170.7099609375,0.0,3177.7900390625,3023.300048828125,3107.669921875,0.0,444700
2022-03-17,3215.0400390625,0.0,3260.169921875,3202.929931640625,3215.010009765625,0.0,420800
2022-03-18,3251.070068359375,0.0,3260.780029296875,3197.360107421875,3207.14990234375,0.0,373000
2022-03-21,3253.68994140625,0.0,3267.5,3223.389892578125,3255.6201171875,0.0,354200
2022-03-22,3259.860107421875,0.0,3279.110107421875,3239.530029296875,3249.5400390625,0.0,361200
2022-03-23,3271.030029296875,0.0,3279.889892578125,3251.97998046875,3264.7900390625,0.0,349900
2022-03-24,3250.260009765625,0.0,3266.889892578125,3236.659912109375,3256.06005859375,0.0,329000
2022-03-25,3212.239990234375,0.0,3257.110107421875,3211.639892578125,3247.159912109375,0.0,340000
2022-03-28,3214.5,0.0,3230.219970703125,3159.830078125,3185.169921875,0.0,345000
2022-03-29,3203.93994140625,0.0,3229.179931640625,3196.4599609375,3216.010009765625,0.0,316300
2022-03-30,3266.60009765625,0.0,3266.60009765625,3216.300048828125,3217.590087890625,0.0,366800
2022-03-31,3252.199951171875,0.0,3272.0400390625,3246.06005859375,3256.139892578125,0.0,398400
2022-04-01,3282.719970703125,0.0,3287.22998046875,3226.300048828125,3234.669921875,0.0,378200
2022-04-06,3283.429931640625,0.0,3288.110107421875,3255.68994140625,3269.429931640625,0.0,429600
2022-04-07,3236.699951171875,0.0,3290.260009765625,3236.47998046875,3267.81005859375,0.0,402600
2022-04-08,3251.85009765625,0.0,3257.090087890625,3208.35009765625,3239.8798828125,0.0,413800
2022-04-11,3167.1298828125,0.0,3239.860107421875,3156.510009765625,3239.860107421875,0.0,424200
2022-04-12,3213.330078125,0.0,3214.5400390625,3140.89990234375,3165.1201171875,0.0,418300
2022-04-13,3186.820068359375,0.0,3225.469970703125,3183.530029296875,3199.800048828125,0.0,391200
2022-04-14,3225.639892578125,0.0,3240.0,3200.22998046875,3203.6298828125,0.0,371200
2022-04-15,3211.2451171875,0.0,3229.865966796875,3200.133056640625,3210.699951171875,0.0,407800
2022-04-18,3195.52001953125,0.0,3204.030029296875,3166.97998046875,3185.93994140625,0.0,347400
2022-04-19,3194.030029296875,0.0,3207.830078125,3174.7099609375,3192.090087890625,0.0,339900
2022-04-20,3151.050048828125,0.0,3191.830078125,3142.050048828125,3189.889892578125,0.0,362000
2022-04-21,3079.81005859375,0.0,3160.89990234375,3069.679931640625,3138.429931640625,0.0,391900
2022-04-22,3086.919921875,0.0,3105.659912109375,3049.360107421875,3058.39990234375,0.0,342000
2022-04-25,2928.510009765625,0.0,3043.820068359375,2928.510009765625,3034.27001953125,0.0,433600
2022-04-26,2886.429931640625,0.0,2957.679931640625,2878.260009765625,2930.449951171875,0.0,401600
2022-04-27,2958.280029296875,0.0,2959.179931640625,2863.64990234375,2866.820068359375,0.0,423100
2022-04-28,2975.47998046875,0.0,2991.510009765625,2936.7900390625,2945.81005859375,0.0,100
2022-04-29,3047.06005859375,0.0,3048.489990234375,2968.330078125,2986.06005859375,0.0,423900
2022-05-05,3067.760009765625,0.0,3082.22998046875,3042.1201171875,3044.85009765625,0.0,383100
2022-05-06,3001.56005859375,0.0,3030.68994140625,2992.719970703125,3011.320068359375,0.0,343300
2022-05-09,3004.139892578125,0.0,3015.93994140625,2983.610107421875,2990.199951171875,0.0,292100
2022-05-10,3035.840087890625,0.0,3043.780029296875,2957.39990234375,2965.780029296875,0.0,370700
2022-05-11,3058.699951171875,0.0,3100.89990234375,3034.669921875,3035.389892578125,0.0,424000
2022-05-12,3054.989990234375,0.0,3072.159912109375,3032.949951171875,3044.800048828125,0.0,344400
2022-05-13,3084.280029296875,0.0,3086.10009765625,3059.25,3068.030029296875,0.0,331700
2022-05-16,3073.75,0.0,3102.580078125,3063.39990234375,3100.550048828125,0.0,338100
2022-05-17,3093.699951171875,0.0,3093.699951171875,3057.639892578125,3076.5,0.0,330400
2022-05-18,3085.97998046875,0.0,3105.840087890625,3071.31005859375,3095.889892578125,0.0,315000
2022-05-19,3096.9599609375,0.0,3096.9599609375,3042.669921875,3046.7099609375,0.0,336600
2022-05-20,3146.570068359375,0.0,3146.570068359375,3107.090087890625,3107.090087890625,0.0,372300
2022-05-23,3146.860107421875,0.0,3150.510009765625,3127.89990234375,3150.489990234375,0.0,353400
2022-05-24,3070.929931640625,0.0,3153.1298828125,3070.929931640625,3149.06005859375,0.0,416300
2022-05-25,3107.4599609375,0.0,3107.6298828125,3069.949951171875,3070.169921875,0.0,342300
2022-05-26,3123.110107421875,0.0,3133.280029296875,3079.47998046875,3111.47998046875,0.0,370300
2022-05-27,3130.239990234375,0.0,3151.050048828125,3112.5400390625,3135.030029296875,0.0,359500
2022-05-30,3149.06005859375,0.0,3150.889892578125,3123.14990234375,3141.9599609375,0.0,349400
2022-05-31,3186.429931640625,0.0,3188.60009765625,3142.0,3149.93994140625,0.0,374500
2022-06-01,3182.159912109375,0.0,3190.610107421875,3160.0400390625,3179.68994140625,0.0,365700
2022-06-02,3195.4599609375,0.0,3197.280029296875,3163.760009765625,3170.31005859375,0.0,361800
2022-06-06,3236.3701171875,0.0,3237.070068359375,3181.64990234375,3196.9599609375,0.0,422000
2022-06-07,3241.760009765625,0.0,3253.090087890625,3222.639892578125,3235.419921875,0.0,402200
2022-06-08,3263.7900390625,0.0,3266.6298828125,3216.010009765625,3245.02001953125,0.0,434200
2022-06-09,3238.949951171875,0.0,3270.56005859375,3223.47998046875,3259.489990234375,0.0,422700
2022-06-10,3284.830078125,0.0,3286.6201171875,3210.81005859375,3214.179931640625,0.0,439900
2022-06-13,3255.550048828125,0.0,3272.989990234375,3229.31005859375,3256.280029296875,0.0,438600
2022-06-14,3288.909912109375,0.0,3289.1298828125,3195.820068359375,3224.2099609375,0.0,450400
2022-06-15,3305.409912109375,0.0,3358.550048828125,3288.85009765625,3289.10009765625,0.0,550600
2022-06-16,3285.3798828125,0.0,3319.68994140625,3277.530029296875,3306.840087890625,0.0,433200
2022-06-17,3316.7900390625,0.0,3323.280029296875,3262.889892578125,3265.510009765625,0.0,395300
2022-06-20,3315.429931640625,0.0,3333.89990234375,3292.929931640625,3315.780029296875,0.0,413500
2022-06-21,3306.719970703125,0.0,3329.389892578125,3279.830078125,3313.7900390625,0.0,394500
2022-06-22,3267.199951171875,0.0,3311.02001953125,3266.5400390625,3309.1201171875,0.0,375500
2022-06-23,3320.14990234375,0.0,3320.14990234375,3262.2900390625,3269.050048828125,0.0,400600
2022-06-24,3349.75,0.0,3356.7099609375,3322.949951171875,3324.739990234375,0.0,390800
2022-06-27,3379.18994140625,0.0,3393.31005859375,3364.0,3364.0,0.0,414100
2022-06-28,3409.2099609375,0.0,3412.10009765625,3358.8701171875,3377.679931640625,0.0,412100
2022-06-29,3361.52001953125,0.0,3414.64990234375,3358.469970703125,3399.679931640625,0.0,440600
2022-06-30,3398.6201171875,0.0,3417.010009765625,3358.929931640625,3358.929931640625,0.0,381200
2022-07-01,3387.639892578125,0.0,3404.050048828125,3378.360107421875,3400.260009765625,0.0,350500
2022-07-04,3405.429931640625,0.0,3405.6201171875,3364.090087890625,3381.820068359375,0.0,357700
2022-07-05,3404.030029296875,0.0,3424.840087890625,3372.06005859375,3411.1298828125,0.0,411700
2022-07-06,3355.35009765625,0.0,3391.030029296875,3333.10009765625,3391.030029296875,0.0,384600
2022-07-07,3364.39990234375,0.0,3375.860107421875,3332.31005859375,3353.1298828125,0.0,334400
2022-07-08,3356.080078125,0.0,3386.31005859375,3354.1201171875,3380.3701171875,0.0,322900
2022-07-11,3313.580078125,0.0,3341.10009765625,3297.010009765625,3341.10009765625,0.0,342700
2022-07-12,3281.469970703125,0.0,3319.25,3277.080078125,3307.219970703125,0.0,334600
2022-07-13,3284.2900390625,0.0,3297.02001953125,3266.47998046875,3279.60009765625,0.0,331800
2022-07-14,3281.739990234375,0.0,3299.25,3261.489990234375,3277.449951171875,0.0,355900
2022-07-15,3228.06005859375,0.0,3288.919921875,3228.06005859375,3261.3798828125,0.0,380200
2022-07-18,3278.10009765625,0.0,3278.469970703125,3226.22998046875,3235.090087890625,0.0,348300
2022-07-19,3279.429931640625,0.0,3283.929931640625,3256.02001953125,3278.719970703125,0.0,315700
2022-07-20,3304.719970703125,0.0,3308.35009765625,3287.739990234375,3291.550048828125,0.0,301500
2022-07-21,3272.0,0.0,3300.530029296875,3272.0,3297.659912109375,0.0,332400
2022-07-22,3269.969970703125,0.0,3293.639892578125,3246.72998046875,3276.199951171875,0.0,300700
2022-07-25,3250.389892578125,0.0,3273.179931640625,3243.030029296875,3269.7099609375,0.0,271200
2022-07-26,3277.43994140625,0.0,3282.409912109375,3246.0400390625,3254.18994140625,0.0,259500
2022-07-27,3275.760009765625,0.0,3282.570068359375,3265.72998046875,3271.780029296875,0.0,249100
2022-07-28,3282.580078125,0.0,3305.7099609375,3277.110107421875,3287.5,0.0,288100
2022-07-29,3253.239990234375,0.0,3294.800048828125,3246.3701171875,3282.81005859375,0.0,307300
2022-08-01,3259.9599609375,0.0,3264.300048828125,3225.550048828125,3246.6201171875,0.0,292200
2022-08-02,3186.27001953125,0.0,3231.260009765625,3155.18994140625,3231.260009765625,0.0,394200
2022-08-03,3163.669921875,0.0,3217.550048828125,3159.4599609375,3188.889892578125,0.0,324900
2022-08-04,3189.0400390625,0.0,3191.0,3155.699951171875,3179.429931640625,0.0,260900
2022-08-05,3227.030029296875,0.0,3228.889892578125,3184.449951171875,3195.22998046875,0.0,274700
2022-08-08,3236.929931640625,0.0,3237.969970703125,3214.080078125,3218.85009765625,0.0,254300
2022-08-09,3247.429931640625,0.0,3248.77001953125,3227.5400390625,3235.739990234375,0.0,259600
2022-08-10,3230.02001953125,0.0,3253.169921875,3217.81005859375,3242.360107421875,0.0,257600
2022-08-11,3281.669921875,0.0,3281.669921875,3237.89990234375,3243.469970703125,0.0,300600
2022-08-12,3276.889892578125,0.0,3288.219970703125,3272.840087890625,3275.77001953125,0.0,299900
2022-08-15,3276.090087890625,0.0,3286.889892578125,3261.820068359375,3268.3701171875,0.0,287100
2022-08-16,3277.8798828125,0.0,3295.02001953125,3271.570068359375,3278.679931640625,0.0,303600
2022-08-17,3292.530029296875,0.0,3296.0,3263.35009765625,3282.10009765625,0.0,326100
2022-08-18,3277.5400390625,0.0,3289.139892578125,3270.56005859375,3286.3701171875,0.0,301700
2022-08-19,3258.080078125,0.0,3286.489990234375,3258.06005859375,3275.6201171875,0.0,333500
2022-08-22,3277.7900390625,0.0,3278.169921875,3247.18994140625,3249.699951171875,0.0,314500
2022-08-23,3276.219970703125,0.0,3284.60009765625,3262.6298828125,3274.429931640625,0.0,316600
2022-08-24,3215.199951171875,0.0,3281.8798828125,3212.389892578125,3279.169921875,0.0,366100
2022-08-25,3246.25,0.0,3248.35009765625,3199.1201171875,3223.4599609375,0.0,336200
2022-08-26,3236.219970703125,0.0,3266.27001953125,3232.280029296875,3250.6298828125,0.0,309900
2022-08-29,3240.72998046875,0.0,3240.72998046875,3199.0,3203.10009765625,0.0,297000
2022-08-30,3227.219970703125,0.0,3243.75,3212.6298828125,3240.179931640625,0.0,294300
2022-08-31,3202.139892578125,0.0,3232.02001953125,3184.389892578125,3216.530029296875,0.0,344400
2022-09-01,3184.97998046875,0.0,3214.56005859375,3181.6298828125,3196.5400390625,0.0,274700
2022-09-02,3186.47998046875,0.0,3198.280029296875,3173.7900390625,3189.639892578125,0.0,250500
2022-09-05,3199.912109375,0.0,3199.912109375,3172.0390625,3183.946044921875,0.0,280700
2022-09-06,3243.449951171875,0.0,3244.639892578125,3203.820068359375,3207.929931640625,0.0,318900
2022-09-07,3246.2900390625,0.0,3253.77001953125,3227.820068359375,3232.139892578125,0.0,301000
2022-09-08,3235.590087890625,0.0,3253.699951171875,3233.800048828125,3245.56005859375,0.0,281700
2022-09-09,3262.050048828125,0.0,3266.199951171875,3236.510009765625,3241.179931640625,0.0,283800
2022-09-13,3263.800048828125,0.0,3278.169921875,3259.659912109375,3272.050048828125,0.0,276200
2022-09-14,3237.5400390625,0.0,3250.800048828125,3221.9599609375,3224.679931640625,0.0,255200
2022-09-15,3199.919921875,0.0,3254.179931640625,3174.389892578125,3248.969970703125,0.0,325200
2022-09-16,3126.39990234375,0.0,3191.830078125,3126.39990234375,3189.830078125,0.0,316500
2022-09-19,3115.60009765625,0.0,3135.56005859375,3101.219970703125,3122.75,0.0,249100
2022-09-20,3122.409912109375,0.0,3140.030029296875,3114.0400390625,3127.840087890625,0.0,219900
2022-09-21,3117.179931640625,0.0,3129.820068359375,3091.300048828125,3116.010009765625,0.0,233000
2022-09-22,3108.909912109375,0.0,3125.679931640625,3092.820068359375,3098.77001953125,0.0,221100
2022-09-23,3088.3701171875,0.0,3124.659912109375,3072.239990234375,3106.81005859375,0.0,243100
2022-09-26,3051.22998046875,0.0,3102.64990234375,3048.510009765625,3067.570068359375,0.0,262700
2022-09-27,3093.860107421875,0.0,3094.0400390625,3048.3701171875,3056.389892578125,0.0,232700
2022-09-28,3045.070068359375,0.0,3089.10009765625,3044.860107421875,3089.10009765625,0.0,230100
2022-09-29,3041.199951171875,0.0,3076.760009765625,3026.080078125,3067.469970703125,0.0,230000
2022-09-30,3024.389892578125,0.0,3054.610107421875,3021.929931640625,3042.169921875,0.0,204100
2022-10-10,2974.14990234375,0.0,3029.449951171875,2968.280029296875,3026.93994140625,0.0,243400
2022-10-11,2979.7900390625,0.0,2986.909912109375,2953.5,2978.06005859375,0.0,208600
2022-10-12,3025.510009765625,0.0,3025.510009765625,2934.090087890625,2976.719970703125,0.0,248000
2022-10-13,3016.360107421875,0.0,3036.25,3004.5,3008.300048828125,0.0,249700
2022-10-14,3071.989990234375,0.0,3084.27001953125,3035.030029296875,3035.030029296875,0.0,277300
2022-10-17,3084.93994140625,0.0,3087.18994140625,3052.7099609375,3060.52001953125,0.0,262600
2022-10-18,3080.9599609375,0.0,3099.919921875,3074.219970703125,3094.929931640625,0.0,245600
2022-10-19,3044.3798828125,0.0,3081.389892578125,3044.3798828125,3073.260009765625,0.0,230900
2022-10-20,3035.050048828125,0.0,3070.260009765625,3013.68994140625,3029.300048828125,0.0,244700
2022-10-21,3038.929931640625,0.0,3055.419921875,3026.9599609375,3038.0400390625,0.0,245300
2022-10-24,2977.56005859375,0.0,3064.419921875,2965.169921875,3034.75,0.0,298100
2022-10-25,2976.280029296875,0.0,3001.719970703125,2944.260009765625,2969.159912109375,0.0,255600
2022-10-26,2999.5,0.0,3028.35009765625,2977.56005859375,2977.56005859375,0.0,268700
2022-10-27,2982.89990234375,0.0,3017.260009765625,2981.68994140625,3005.0400390625,0.0,265600
2022-10-28,2915.929931640625,0.0,2974.239990234375,2908.97998046875,2967.02001953125,0.0,292500
2022-10-31,2893.47998046875,0.0,2926.02001953125,2885.090087890625,2893.199951171875,0.0,302000
2022-11-01,2969.199951171875,0.0,2969.199951171875,2896.760009765625,2899.5,0.0,319800
2022-11-02,3003.3701171875,0.0,3019.050048828125,2954.949951171875,2960.64990234375,0.0,325100
2022-11-03,2997.81005859375,0.0,3003.719970703125,2977.719970703125,2981.199951171875,0.0,259300
2022-11-04,3070.800048828125,0.0,3081.590087890625,2997.0,2997.0,0.0,329800
2022-11-07,3077.820068359375,0.0,3088.18994140625,3054.4599609375,3062.860107421875,0.0,320600
2022-11-08,3064.489990234375,0.0,3078.280029296875,3047.4599609375,3077.31005859375,0.0,256500
2022-11-09,3048.169921875,0.0,3073.919921875,3046.18994140625,3064.4599609375,0.0,235600
2022-11-10,3036.1298828125,0.0,3047.97998046875,3022.85009765625,3031.68994140625,0.0,270400
2022-11-11,3087.2900390625,0.0,3117.739990234375,3070.300048828125,3099.64990234375,0.0,409600
2022-11-14,3083.39990234375,0.0,3121.409912109375,3075.219970703125,3100.8701171875,0.0,361800
2022-11-15,3134.080078125,0.0,3135.590087890625,3074.5,3081.1298828125,0.0,331500
2022-11-16,3119.97998046875,0.0,3145.75,3115.35009765625,3133.64990234375,0.0,303400
2022-11-17,3115.429931640625,0.0,3115.43994140625,3087.169921875,3110.9599609375,0.0,287000
2022-11-18,3097.239990234375,0.0,3126.7099609375,3096.889892578125,3116.72998046875,0.0,300000
2022-11-21,3085.0439453125,0.0,3085.242919921875,3056.169921875,3078.056884765625,0.0,256000
2022-11-22,3088.943115234375,0.0,3118.1201171875,3076.321044921875,3084.23291015625,0.0,327600
2022-11-23,3096.906982421875,0.0,3108.243896484375,3075.323974609375,3084.739990234375,0.0,326200
2022-11-24,3089.31005859375,0.0,3113.239013671875,3084.85498046875,3104.095947265625,0.0,267500
2022-11-25,3101.68994140625,0.0,3111.419921875,3077.969970703125,3085.4599609375,0.0,311400
2022-11-28,3078.550048828125,0.0,3080.179931640625,3034.699951171875,3055.2900390625,0.0,305800
2022-11-29,3149.75,0.0,3152.0,3096.110107421875,3096.110107421875,0.0,391400
2022-11-30,3151.340087890625,0.0,3158.570068359375,3137.3701171875,3141.39990234375,0.0,372700
2022-12-01,3165.469970703125,0.0,3198.409912109375,3164.530029296875,3187.989990234375,0.0,387000
2022-12-02,3156.139892578125,0.0,3170.89990234375,3149.840087890625,3160.580078125,0.0,307800
2022-12-05,3211.81005859375,0.0,3213.43994140625,3177.06005859375,3181.919921875,0.0,447400
2022-12-06,3212.530029296875,0.0,3224.820068359375,3195.080078125,3200.280029296875,0.0,373600
2022-12-07,3199.6201171875,0.0,3226.080078125,3188.669921875,3204.93994140625,0.0,354100
2022-12-08,3197.35009765625,0.0,3206.719970703125,3187.260009765625,3196.02001953125,0.0,321000
2022-12-09,3206.949951171875,0.0,3212.110107421875,3182.909912109375,3197.1201171875,0.0,373300
2022-12-12,3179.0400390625,0.0,3196.719970703125,3176.580078125,3195.8701171875,0.0,333400
2022-12-13,3176.330078125,0.0,3187.199951171875,3171.47998046875,3179.43994140625,0.0,285800
2022-12-14,3176.530029296875,0.0,3189.840087890625,3168.590087890625,3178.550048828125,0.0,265600
2022-12-15,3168.64990234375,0.0,3179.10009765625,3158.449951171875,3177.199951171875,0.0,243000
2022-12-16,3167.85791015625,0.0,3175.35302734375,3151.60888671875,3156.135009765625,0.0,259800
2022-12-19,3107.1201171875,0.0,3170.260009765625,3096.10009765625,3165.31005859375,0.0,278500
2022-12-20,3073.77001953125,0.0,3100.75,3061.510009765625,3098.949951171875,0.0,218800
2022-12-21,3068.409912109375,0.0,3085.800048828125,3060.550048828125,3078.330078125,0.0,189100
2022-12-22,3054.429931640625,0.0,3096.239990234375,3044.60009765625,3085.800048828125,0.0,223600
2022-12-23,3045.865966796875,0.0,3061.866943359375,3031.535888671875,3038.842041015625,0.0,192000
2022-12-26,3065.56298828125,0.0,3071.8359375,3047.34912109375,3048.196044921875,0.0,206500
2022-12-27,3095.570068359375,0.0,3098.080078125,3074.31005859375,3077.75,0.0,222200
2022-12-28,3087.39990234375,0.0,3098.64990234375,3079.429931640625,3088.6201171875,0.0,224600
2022-12-29,3073.699951171875,0.0,3086.0,3064.4599609375,3076.72998046875,0.0,215600
2022-12-30,3089.260009765625,0.0,3096.31005859375,3082.199951171875,3084.52001953125,0.0,217500
2023-01-03,3116.510009765625,0.0,3119.860107421875,3073.050048828125,3087.510009765625,0.0,281400
2023-01-04,3123.52001953125,0.0,3129.090087890625,3109.449951171875,3117.570068359375,0.0,273300
2023-01-05,3155.219970703125,0.0,3159.429931640625,3130.22998046875,3132.760009765625,0.0,257000
2023-01-06,3157.639892578125,0.0,3170.739990234375,3151.840087890625,3155.070068359375,0.0,257400
2023-01-09,3176.080078125,0.0,3183.580078125,3165.429931640625,3169.3701171875,0.0,258100
2023-01-10,3169.510009765625,0.0,3178.159912109375,3165.139892578125,3178.02001953125,0.0,233000
2023-01-11,3161.840087890625,0.0,3184.760009765625,3160.889892578125,3172.3798828125,0.0,237700
2023-01-12,3163.449951171875,0.0,3171.590087890625,3153.39990234375,3167.27001953125,0.0,216700
2023-01-13,3195.31005859375,0.0,3195.31005859375,3167.510009765625,3170.35009765625,0.0,220200
2023-01-16,3227.592041015625,0.0,3251.3740234375,3197.319091796875,3198.51904296875,0.0,306700
2023-01-17,3224.239990234375,0.0,3231.260009765625,3211.760009765625,3229.43994140625,0.0,226600
2023-01-18,3224.409912109375,0.0,3234.820068359375,3220.3701171875,3227.590087890625,0.0,212100
2023-01-19,3240.280029296875,0.0,3240.280029296875,3210.3798828125,3221.52001953125,0.0,226500
2023-01-20,3264.81005859375,0.0,3267.06005859375,3247.199951171875,3247.199951171875,0.0,273200
2023-01-30,3269.320068359375,0.0,3310.489990234375,3266.760009765625,3308.8701171875,0.0,353300
2023-01-31,3255.669921875,0.0,3277.25,3252.010009765625,3266.139892578125,0.0,300200
2023-02-01,3284.919921875,0.0,3284.919921875,3245.409912109375,3262.199951171875,0.0,339500
2023-02-02,3285.669921875,0.0,3295.760009765625,3272.409912109375,3291.780029296875,0.0,333400
2023-02-03,3263.409912109375,0.0,3275.659912109375,3235.35009765625,3275.659912109375,0.0,293300
2023-02-06,3238.699951171875,0.0,3250.35009765625,3226.2099609375,3244.699951171875,0.0,267100
2023-02-07,3248.090087890625,0.0,3250.030029296875,3233.830078125,3245.22998046875,0.0,250900
2023-02-08,3232.110107421875,0.0,3257.110107421875,3230.43994140625,3251.5,0.0,234500
2023-02-09,3270.3798828125,0.0,3270.3798828125,3225.77001953125,3227.72998046875,0.0,254800
2023-02-10,3260.669921875,0.0,3269.989990234375,3247.22998046875,3266.43994140625,0.0,260600
2023-02-13,3284.159912109375,0.0,3285.090087890625,3252.6298828125,3256.989990234375,0.0,297200
2023-02-14,3293.280029296875,0.0,3293.72998046875,3279.18994140625,3288.969970703125,0.0,271000
2023-02-15,3280.489990234375,0.0,3296.199951171875,3274.550048828125,3294.02001953125,0.0,269900
2023-02-16,3249.030029296875,0.0,3308.830078125,3231.340087890625,3281.739990234375,0.0,380900
2023-02-17,3224.02001953125,0.0,3262.469970703125,3223.260009765625,3244.72998046875,0.0,278500
2023-02-20,3290.340087890625,0.0,3291.0400390625,3225.840087890625,3230.469970703125,0.0,325000
2023-02-21,3306.52001953125,0.0,3308.7900390625,3282.43994140625,3291.6298828125,0.0,324400
2023-02-22,3291.14990234375,0.0,3307.030029296875,3286.719970703125,3292.050048828125,0.0,255400
2023-02-23,3287.47998046875,0.0,3307.43994140625,3275.360107421875,3293.52001953125,0.0,262300
2023-02-24,3267.159912109375,0.0,3288.389892578125,3253.969970703125,3287.260009765625,0.0,234200
2023-02-27,3258.030029296875,0.0,3276.580078125,3251.719970703125,3257.0,0.0,242900
2023-02-28,3279.610107421875,0.0,3280.419921875,3246.139892578125,3265.739990234375,0.0,251600
2023-03-01,3312.35009765625,0.0,3315.159912109375,3272.0400390625,3279.139892578125,0.0,318400
2023-03-02,3310.64990234375,0.0,3320.739990234375,3306.4599609375,3308.010009765625,0.0,328500
2023-03-03,3328.389892578125,0.0,3330.60009765625,3302.6201171875,3314.77001953125,0.0,344000
2023-03-06,3322.030029296875,0.0,3333.06005859375,3308.72998046875,3332.02001953125,0.0,340500
2023-03-07,3285.10009765625,0.0,3342.860107421875,3284.409912109375,3320.2099609375,0.0,390000
2023-03-08,3283.25,0.0,3283.25,3263.68994140625,3271.8798828125,0.0,260400
2023-03-09,3276.090087890625,0.0,3289.06005859375,3260.0,3285.93994140625,0.0,264000
2023-03-10,3230.080078125,0.0,3262.14990234375,3229.5,3255.510009765625,0.0,281100
2023-03-13,3268.699951171875,0.0,3268.699951171875,3228.1201171875,3228.1201171875,0.0,294900
2023-03-14,3245.31005859375,0.0,3262.0,3216.989990234375,3261.919921875,0.0,319900
2023-03-15,3263.31005859375,0.0,3273.1201171875,3256.860107421875,3261.030029296875,0.0,305200
2023-03-16,3226.889892578125,0.0,3257.429931640625,3224.719970703125,3244.469970703125,0.0,327400
2023-03-17,3250.550048828125,0.0,3279.919921875,3240.159912109375,3245.260009765625,0.0,343000
2023-03-20,3234.909912109375,0.0,3267.989990234375,3231.64990234375,3253.929931640625,0.0,392500
2023-03-21,3255.64990234375,0.0,3256.0,3237.889892578125,3240.840087890625,0.0,301800
2023-03-22,3265.75,0.0,3279.389892578125,3255.739990234375,3263.409912109375,0.0,290800
2023-03-23,3286.64990234375,0.0,3286.64990234375,3252.989990234375,3258.780029296875,0.0,306100
2023-03-24,3265.64990234375,0.0,3282.739990234375,3260.840087890625,3282.739990234375,0.0,324500
2023-03-27,3251.39990234375,0.0,3261.820068359375,3229.699951171875,3261.820068359375,0.0,337900
2023-03-28,3245.3798828125,0.0,3264.10009765625,3241.739990234375,3256.60009765625,0.0,295700
2023-03-29,3240.06005859375,0.0,3254.56005859375,3229.580078125,3253.6201171875,0.0,296900
2023-03-30,3261.25,0.0,3263.739990234375,3220.97998046875,3243.070068359375,0.0,299900
2023-03-31,3272.860107421875,0.0,3278.419921875,3260.0400390625,3263.409912109375,0.0,283600
2023-04-03,3296.39990234375,0.0,3299.72998046875,3276.419921875,3277.340087890625,0.0,357700
2023-04-04,3312.56005859375,0.0,3312.56005859375,3290.989990234375,3297.179931640625,0.0,385900
2023-04-06,3312.6298828125,0.0,3314.530029296875,3296.06005859375,3302.75,0.0,327200
2023-04-07,3327.64990234375,0.0,3328.85009765625,3308.06005859375,3312.47998046875,0.0,283000
2023-04-10,3315.360107421875,0.0,3332.719970703125,3309.919921875,3331.510009765625,0.0,340800
2023-04-11,3313.570068359375,0.0,3317.449951171875,3298.25,3317.080078125,0.0,320600
2023-04-12,3327.179931640625,0.0,3330.7099609375,3315.39990234375,3316.860107421875,0.0,343000
2023-04-13,3318.360107421875,0.0,3334.469970703125,3309.25,3321.27001953125,0.0,347900
2023-04-14,3338.14990234375,0.0,3340.080078125,3316.81005859375,3326.3701171875,0.0,338300
2023-04-17,3385.610107421875,0.0,3385.610107421875,3336.389892578125,3337.06005859375,0.0,402800
2023-04-18,3393.330078125,0.0,3396.169921875,3375.780029296875,3379.22998046875,0.0,348400
2023-04-19,3370.1298828125,0.0,3394.9599609375,3364.639892578125,3391.35009765625,0.0,346100
2023-04-20,3367.030029296875,0.0,3371.3701171875,3344.02001953125,3367.050048828125,0.0,350400
2023-04-21,3301.260009765625,0.0,3367.610107421875,3301.260009765625,3364.0,0.0,387400
2023-04-24,3275.409912109375,0.0,3303.090087890625,3264.929931640625,3300.81005859375,0.0,354300
2023-04-25,3264.8701171875,0.0,3288.570068359375,3229.449951171875,3276.39990234375,0.0,380900
2023-04-26,3264.10009765625,0.0,3277.97998046875,3239.989990234375,3255.219970703125,0.0,357900
2023-04-27,3285.8798828125,0.0,3299.300048828125,3253.110107421875,3256.22998046875,0.0,341600
2023-04-28,3323.27001953125,0.0,3324.8798828125,3283.1201171875,3283.1201171875,0.0,401600
2023-05-04,3350.4599609375,0.0,3352.75,3302.030029296875,3306.47998046875,0.0,483400
2023-05-05,3334.5,0.0,3364.139892578125,3321.18994140625,3350.64990234375,0.0,436500
2023-05-08,3395.0,0.0,3400.179931640625,3340.989990234375,3340.989990234375,0.0,534100
2023-05-09,3357.669921875,0.0,3418.949951171875,3356.1201171875,3402.389892578125,0.0,573000
2023-05-10,3319.14990234375,0.0,3349.719970703125,3305.25,3347.699951171875,0.0,451700
2023-05-11,3309.550048828125,0.0,3333.25,3307.2900390625,3323.659912109375,0.0,354300
2023-05-12,3272.360107421875,0.0,3319.1298828125,3271.429931640625,3304.4599609375,0.0,347300
2023-05-15,3310.739990234375,0.0,3310.739990234375,3235.8701171875,3269.8798828125,0.0,388000
2023-05-16,3290.989990234375,0.0,3317.89990234375,3282.489990234375,3310.159912109375,0.0,322500
2023-05-17,3284.22998046875,0.0,3298.52001953125,3269.889892578125,3281.969970703125,0.0,285700
2023-05-18,3297.320068359375,0.0,3313.860107421875,3284.169921875,3288.409912109375,0.0,310000
2023-05-19,3283.5400390625,0.0,3302.340087890625,3268.219970703125,3288.889892578125,0.0,285400
2023-05-22,3296.469970703125,0.0,3308.530029296875,3276.5400390625,3278.60009765625,0.0,273900
2023-05-23,3246.239990234375,0.0,3298.22998046875,3246.239990234375,3294.7900390625,0.0,275300
2023-05-24,3204.75,0.0,3237.699951171875,3204.3798828125,3237.699951171875,0.0,288700
2023-05-25,3201.260009765625,0.0,3207.02001953125,3168.570068359375,3197.360107421875,0.0,283600
2023-05-26,3212.5,0.0,3220.77001953125,3179.820068359375,3198.8798828125,0.0,261700
2023-05-29,3221.449951171875,0.0,3230.969970703125,3208.9599609375,3219.760009765625,0.0,297400
2023-05-30,3224.2099609375,0.0,3230.6298828125,3186.6298828125,3214.669921875,0.0,303500
2023-05-31,3204.56005859375,0.0,3216.360107421875,3190.27001953125,3214.659912109375,0.0,294600
2023-06-01,3204.6298828125,0.0,3225.090087890625,3189.52001953125,3196.14990234375,0.0,312300
2023-06-02,3230.070068359375,0.0,3233.989990234375,3211.739990234375,3212.449951171875,0.0,294700
2023-06-05,3232.43994140625,0.0,3244.179931640625,3221.6298828125,3231.81005859375,0.0,278100
2023-06-06,3195.340087890625,0.0,3247.35009765625,3189.27001953125,3228.409912109375,0.0,308300
2023-06-07,3197.760009765625,0.0,3210.330078125,3188.010009765625,3197.469970703125,0.0,258100
2023-06-08,3213.590087890625,0.0,3225.530029296875,3180.5400390625,3194.830078125,0.0,293500
2023-06-09,3231.409912109375,0.0,3231.409912109375,3206.10009765625,3213.030029296875,0.0,314200
2023-06-12,3228.830078125,0.0,3239.43994140625,3210.7099609375,3225.300048828125,0.0,313800
2023-06-13,3233.669921875,0.0,3235.090087890625,3215.5,3223.89990234375,0.0,280600
2023-06-14,3228.989990234375,0.0,3248.4599609375,3226.77001953125,3238.1201171875,0.0,303500
2023-06-15,3252.97998046875,0.0,3252.97998046875,3229.14990234375,3230.449951171875,0.0,313300
2023-06-16,3273.330078125,0.0,3276.550048828125,3255.5,3256.300048828125,0.0,326300
2023-06-19,3255.81005859375,0.0,3271.159912109375,3251.780029296875,3271.159912109375,0.0,327800
2023-06-20,3240.360107421875,0.0,3252.840087890625,3237.7900390625,3252.5400390625,0.0,298300
2023-06-21,3197.89990234375,0.0,3236.360107421875,3197.89990234375,3230.110107421875,0.0,294400
2023-06-26,3150.6201171875,0.0,3181.080078125,3144.25,3177.22998046875,0.0,308100
2023-06-27,3189.43994140625,0.0,3194.409912109375,3148.27001953125,3153.31005859375,0.0,287600
2023-06-28,3189.3798828125,0.0,3192.659912109375,3157.1201171875,3183.489990234375,0.0,276200
2023-06-29,3182.3798828125,0.0,3196.5,3179.530029296875,3185.419921875,0.0,250300
2023-06-30,3202.06005859375,0.0,3212.989990234375,3177.989990234375,3178.919921875,0.0,265400
2023-07-03,3243.97998046875,0.0,3246.860107421875,3209.159912109375,3209.159912109375,0.0,312400
2023-07-04,3245.35009765625,0.0,3246.9599609375,3233.989990234375,3241.22998046875,0.0,279200
2023-07-05,3222.949951171875,0.0,3241.840087890625,3218.60009765625,3240.050048828125,0.0,264000
2023-07-06,3205.570068359375,0.0,3229.47998046875,3199.719970703125,3215.860107421875,0.0,246100
2023-07-07,3196.610107421875,0.0,3212.050048828125,3189.2099609375,3197.469970703125,0.0,255700
2023-07-10,3203.699951171875,0.0,3216.530029296875,3192.659912109375,3208.72998046875,0.0,236600
2023-07-11,3221.3701171875,0.0,3221.679931640625,3200.3798828125,3211.1201171875,0.0,227600
2023-07-12,3196.1298828125,0.0,3224.330078125,3193.43994140625,3220.3798828125,0.0,271400
2023-07-13,3236.47998046875,0.0,3238.469970703125,3202.699951171875,3202.699951171875,0.0,276600
2023-07-14,3237.699951171875,0.0,3248.3798828125,3234.0,3240.969970703125,0.0,273300
2023-07-17,3209.6298828125,0.0,3219.02001953125,3195.889892578125,3219.02001953125,0.0,250200
2023-07-18,3197.820068359375,0.0,3210.25,3190.0,3206.7900390625,0.0,235000
2023-07-19,3198.840087890625,0.0,3204.360107421875,3181.56005859375,3195.010009765625,0.0,217400
2023-07-20,3169.52001953125,0.0,3209.06005859375,3165.669921875,3201.909912109375,0.0,238900
2023-07-21,3167.75,0.0,3185.639892578125,3157.330078125,3163.419921875,0.0,225300
2023-07-24,3164.159912109375,0.0,3178.72998046875,3151.1298828125,3157.469970703125,0.0,216600
2023-07-25,3231.52001953125,0.0,3231.75,3201.4599609375,3201.4599609375,0.0,348600
2023-07-26,3223.030029296875,0.0,3229.889892578125,3212.8798828125,3228.090087890625,0.0,317200
2023-07-27,3216.669921875,0.0,3245.60009765625,3210.469970703125,3225.47998046875,0.0,327100
2023-07-28,3275.929931640625,0.0,3280.280029296875,3200.989990234375,3206.739990234375,0.0,411100
2023-07-31,3291.0400390625,0.0,3322.12890625,3281.012939453125,3287.208984375,0.0,459000
2023-08-01,3290.948974609375,0.0,3305.340087890625,3279.56591796875,3288.760009765625,0.0,459900
2023-08-02,3261.68994140625,0.0,3290.820068359375,3252.303955078125,3281.85791015625,0.0,405300
2023-08-03,3280.462890625,0.0,3280.864013671875,3247.27197265625,3254.56494140625,0.0,384700
2023-08-04,3288.083984375,0.0,3315.049072265625,3281.73388671875,3296.093994140625,0.0,470900
2023-08-07,3268.8310546875,0.0,3276.77587890625,3258.537109375,3276.77587890625,0.0,360300
2023-08-08,3260.6201171875,0.0,3274.52001953125,3246.669921875,3260.719970703125,0.0,316500
2023-08-09,3244.489990234375,0.0,3257.080078125,3240.2900390625,3251.14990234375,0.0,271200
2023-08-10,3254.56005859375,0.0,3257.030029296875,3234.1201171875,3242.2099609375,0.0,287400
2023-08-11,3189.25,0.0,3254.47998046875,3189.25,3254.47998046875,0.0,330100
2023-08-14,3178.429931640625,0.0,3180.510009765625,3141.659912109375,3159.7099609375,0.0,299800
2023-08-15,3176.179931640625,0.0,3186.22998046875,3147.35009765625,3180.56005859375,0.0,273300
2023-08-16,3150.1298828125,0.0,3176.6298828125,3149.719970703125,3164.699951171875,0.0,281700
2023-08-17,3163.739990234375,0.0,3167.449951171875,3123.25,3137.35009765625,0.0,294700
2023-08-18,3131.949951171875,0.0,3179.1201171875,3131.949951171875,3165.10009765625,0.0,294400
2023-08-21,3092.97998046875,0.0,3134.9599609375,3092.97998046875,3125.989990234375,0.0,265800
2023-08-22,3120.330078125,0.0,3126.780029296875,3074.530029296875,3103.780029296875,0.0,309300
2023-08-23,3078.39990234375,0.0,3116.3798828125,3077.610107421875,3116.27001953125,0.0,272200
2023-08-24,3082.239990234375,0.0,3106.179931640625,3072.949951171875,3085.909912109375,0.0,300000
2023-08-25,3064.070068359375,0.0,3085.050048828125,3053.0400390625,3068.6201171875,0.0,225200
2023-08-28,3098.639892578125,0.0,3219.0400390625,3089.1201171875,3219.0400390625,0.0,485600
2023-08-29,3135.889892578125,0.0,3145.760009765625,3090.43994140625,3091.93994140625,0.0,398900
2023-08-30,3137.139892578125,0.0,3153.68994140625,3126.89990234375,3144.409912109375,0.0,347500
2023-08-31,3119.8798828125,0.0,3139.97998046875,3113.949951171875,3134.550048828125,0.0,313400
2023-09-01,3133.25,0.0,3143.85009765625,3123.18994140625,3126.02001953125,0.0,292300
2023-09-04,3177.06005859375,0.0,3177.06005859375,3143.37890625,3145.944091796875,0.0,366400
2023-09-05,3154.3701171875,0.0,3169.739990234375,3150.080078125,3169.739990234375,0.0,294100
2023-09-06,3158.080078125,0.0,3162.14990234375,3136.89990234375,3147.139892578125,0.0,267000
2023-09-07,3122.35009765625,0.0,3152.27001953125,3120.820068359375,3152.199951171875,0.0,269300
2023-09-08,3116.719970703125,0.0,3126.0400390625,3104.669921875,3114.22998046875,0.0,228100
2023-09-11,3142.780029296875,0.0,3155.10009765625,3113.820068359375,3119.610107421875,0.0,290400
2023-09-12,3137.06005859375,0.0,3147.510009765625,3134.320068359375,3140.340087890625,0.0,234700
2023-09-13,3123.070068359375,0.0,3143.760009765625,3106.969970703125,3137.77001953125,0.0,249700
2023-09-14,3126.550048828125,0.0,3135.030029296875,3111.860107421875,3124.85009765625,0.0,264000
2023-09-15,3117.739990234375,0.0,3141.9599609375,3107.449951171875,3133.590087890625,0.0,292000
2023-09-18,3125.929931640625,0.0,3128.699951171875,3098.5,3110.43994140625,0.0,259400
2023-09-19,3124.9599609375,0.0,3131.1298828125,3113.530029296875,3123.989990234375,0.0,253700
2023-09-20,3108.568115234375,0.0,3122.1279296875,3108.157958984375,3118.6669921875,0.0,228100
2023-09-21,3084.700927734375,0.0,3113.493896484375,3084.700927734375,3103.175048828125,0.0,228700
2023-09-22,3132.431884765625,0.0,3132.55810546875,3078.801025390625,3084.757080078125,0.0,286000
2023-09-25,3115.60693359375,0.0,3131.2080078125,3112.15087890625,3131.2080078125,0.0,258100
2023-09-26,3102.27294921875,0.0,3120.2890625,3102.27294921875,3114.02099609375,0.0,222600
2023-09-27,3107.31591796875,0.0,3125.447021484375,3103.843994140625,3104.0400390625,0.0,240500
2023-09-28,3110.47509765625,0.0,3121.8349609375,3105.93994140625,3117.7548828125,0.0,236300
2023-10-09,3096.922119140625,0.0,3103.360107421875,3072.64208984375,3100.0,0.0,264400
2023-10-10,3075.239990234375,0.0,3109.97998046875,3073.18994140625,3104.3701171875,0.0,255300
2023-10-11,3078.9560546875,0.0,3095.658935546875,3071.93603515625,3085.698974609375,0.0,259900
2023-10-12,3107.90087890625,0.0,3109.989990234375,3092.177001953125,3101.705078125,0.0,274800
2023-10-13,3088.10009765625,0.0,3094.919921875,3080.550048828125,3092.0,0.0,255100
2023-10-16,3073.81298828125,0.0,3091.1259765625,3063.68603515625,3091.06494140625,0.0,263900
2023-10-17,3083.5,0.0,3084.070068359375,3064.889892578125,3076.429931640625,0.0,259000
2023-10-18,3058.7099609375,0.0,3076.580078125,3057.05908203125,3076.580078125,0.0,268600
2023-10-19,3005.39306640625,0.0,3043.196044921875,3004.77490234375,3043.196044921875,0.0,304000
2023-10-20,2983.06005859375,0.0,3006.27001953125,2977.169921875,2995.360107421875,0.0,267100
2023-10-23,2939.291015625,0.0,2973.660888671875,2923.510986328125,2969.785888671875,0.0,278900
2023-10-24,2962.243896484375,0.0,2964.760986328125,2929.087890625,2944.31103515625,0.0,311000
2023-10-25,2974.114013671875,0.0,2993.294921875,2972.41796875,2986.406982421875,0.0,332400
2023-10-26,2988.299072265625,0.0,2990.327880859375,2956.006103515625,2960.10400390625,0.0,291800
2023-10-27,3017.783935546875,0.0,3029.2099609375,2974.8798828125,2978.403076171875,0.0,321800
2023-10-30,3021.552978515625,0.0,3028.263916015625,3002.347900390625,3009.610107421875,0.0,360600
2023-10-31,3018.77099609375,0.0,3023.0009765625,3006.60888671875,3019.64599609375,0.0,319900
2023-11-01,3023.076904296875,0.0,3038.330078125,3013.93310546875,3038.181884765625,0.0,280100
2023-11-02,3009.406005859375,0.0,3038.64208984375,3009.12109375,3028.6650390625,0.0,268800
2023-11-03,3030.798095703125,0.0,3040.98095703125,3012.465087890625,3012.465087890625,0.0,268500
2023-11-06,3058.410888671875,0.0,3058.989013671875,3037.694091796875,3047.1298828125,0.0,372900
2023-11-07,3057.27001953125,0.0,3064.576904296875,3042.468994140625,3052.919921875,0.0,326900
2023-11-08,3052.373046875,0.0,3062.990966796875,3037.2890625,3051.153076171875,0.0,335700
2023-11-09,3053.279052734375,0.0,3063.467041015625,3045.833984375,3047.653076171875,0.0,315600
2023-11-10,3038.969970703125,0.0,3044.0009765625,3027.087890625,3043.55908203125,0.0,285500
2023-11-13,3046.532958984375,0.0,3048.62109375,3028.16796875,3044.031982421875,0.0,290400
2023-11-14,3056.070068359375,0.0,3059.529052734375,3044.426025390625,3046.81689453125,0.0,294800
2023-11-15,3072.8349609375,0.0,3080.1279296875,3064.345947265625,3077.029052734375,0.0,304300
2023-11-16,3050.926025390625,0.0,3071.451904296875,3050.926025390625,3066.85498046875,0.0,271100
2023-11-17,3054.3701171875,0.0,3055.860107421875,3033.75,3043.6201171875,0.0,267600
2023-11-20,3068.319091796875,0.0,3072.512939453125,3043.514892578125,3056.927001953125,0.0,287600
2023-11-21,3067.93310546875,0.0,3089.77392578125,3063.344970703125,3074.827880859375,0.0,330700
2023-11-22,3043.611083984375,0.0,3067.962890625,3043.611083984375,3060.498046875,0.0,289100
2023-11-23,3061.85595703125,0.0,3062.866943359375,3034.297119140625,3041.677978515625,0.0,276600
2023-11-24,3040.971923828125,0.0,3060.3310546875,3037.200927734375,3060.3310546875,0.0,287800
2023-11-27,3031.699951171875,0.0,3038.35791015625,3015.008056640625,3038.18603515625,0.0,310500
2023-11-28,3038.550048828125,0.0,3039.68994140625,3020.22998046875,3028.60009765625,0.0,268900
2023-11-29,3021.68701171875,0.0,3038.97705078125,3017.660888671875,3038.464111328125,0.0,278000
2023-11-30,3029.673095703125,0.0,3030.908935546875,3013.76806640625,3021.10302734375,0.0,282900
2023-12-01,3031.635986328125,0.0,3035.760009765625,3010.23291015625,3027.35302734375,0.0,286100
2023-12-04,3022.9140625,0.0,3038.97900390625,3022.347900390625,3033.298095703125,0.0,288200
2023-12-05,2972.2958984375,0.0,3017.010009765625,2972.2958984375,3017.010009765625,0.0,293900
2023-12-06,2968.93310546875,0.0,2985.31396484375,2959.60302734375,2966.947998046875,0.0,294100
2023-12-07,2966.2060546875,0.0,2976.014892578125,2949.14404296875,2965.652099609375,0.0,296200
2023-12-08,2969.55908203125,0.0,2980.833984375,2962.326904296875,2965.389892578125,0.0,369100
2023-12-11,2991.43896484375,0.0,2995.669921875,2930.422119140625,2956.291015625,0.0,360200
2023-12-12,3003.43798828125,0.0,3003.74609375,2980.446044921875,2986.327880859375,0.0,287600
2023-12-13,2968.760986328125,0.0,2997.3359375,2968.760986328125,2997.3359375,0.0,282800
2023-12-14,2958.986083984375,0.0,2986.177001953125,2958.06591796875,2979.698974609375,0.0,271500
2023-12-15,2942.556884765625,0.0,2976.30908203125,2940.027099609375,2966.302001953125,0.0,289300
2023-12-18,2930.800048828125,0.0,2951.14990234375,2924.330078125,2936.580078125,0.0,293100
2023-12-19,2932.39111328125,0.0,2940.5009765625,2914.125,2928.762939453125,0.0,265900
2023-12-20,2902.110107421875,0.0,2937.10107421875,2902.0400390625,2932.118896484375,0.0,265600
2023-12-21,2918.715087890625,0.0,2924.256103515625,2882.02001953125,2892.02001953125,0.0,282500
2023-12-22,2914.77490234375,0.0,2935.699951171875,2906.509033203125,2919.2880859375,0.0,296600
2023-12-25,2918.81298828125,0.0,2920.632080078125,2903.987060546875,2909.875,0.0,229800
2023-12-26,2898.8798828125,0.0,2917.969970703125,2892.840087890625,2917.969970703125,0.0,228100
2023-12-27,2914.614013671875,0.0,2917.9560546875,2890.1650390625,2900.14892578125,0.0,247900
2023-12-28,2954.7041015625,0.0,2961.64794921875,2909.388916015625,2913.110107421875,0.0,339200
2023-12-29,2974.93505859375,0.0,2975.031982421875,2950.01708984375,2950.8369140625,0.0,290700
2024-01-02,2962.27587890625,0.0,2976.26806640625,2962.27587890625,2972.77490234375,0.0,304100
2024-01-03,2967.2470703125,0.0,2971.282958984375,2953.2900390625,2957.112060546875,0.0,285500
2024-01-04,2954.34912109375,0.0,2966.68310546875,2936.635009765625,2965.509033203125,0.0,265000
2024-01-05,2929.179931640625,0.0,2967.969970703125,2916.719970703125,2949.820068359375,0.0,301000
2024-01-08,2887.5380859375,0.0,2924.4560546875,2887.5380859375,2923.45703125,0.0,270300
2024-01-09,2893.25,0.0,2900.72998046875,2878.409912109375,2887.110107421875,0.0,263000
2024-01-10,2877.701904296875,0.0,2903.162109375,2870.416015625,2886.98095703125,0.0,244000
2024-01-11,2886.64990234375,0.0,2896.178955078125,2867.721923828125,2873.798095703125,0.0,267100
2024-01-12,2881.97705078125,0.0,2904.174072265625,2878.875,2880.0400390625,0.0,261600
2024-01-15,2886.2900390625,0.0,2904.4599609375,2869.219970703125,2872.56005859375,0.0,244600
2024-01-16,2893.989013671875,0.0,2896.68310546875,2861.1298828125,2881.56005859375,0.0,286300
2024-01-17,2833.614990234375,0.0,2887.489013671875,2833.614990234375,2887.2919921875,0.0,261300
2024-01-18,2845.780029296875,0.0,2849.260009765625,2760.97998046875,2822.669921875,0.0,390400
2024-01-19,2832.279052734375,0.0,2849.8759765625,2822.843017578125,2836.97509765625,0.0,266700
2024-01-22,2756.340087890625,0.0,2828.320068359375,2735.3701171875,2826.5,0.0,350200
2024-01-23,2770.97607421875,0.0,2784.841064453125,2724.156982421875,2746.89208984375,0.0,308700
2024-01-24,2820.77197265625,0.0,2823.695068359375,2743.39697265625,2782.14208984375,0.0,369100
2024-01-25,2906.10888671875,0.0,2906.7939453125,2821.708984375,2823.825927734375,0.0,442000
2024-01-26,2910.222900390625,0.0,2924.306884765625,2890.48193359375,2897.9150390625,0.0,421100
2024-01-29,2883.360107421875,0.0,2923.89990234375,2883.330078125,2910.610107421875,0.0,410600
2024-01-30,2830.527099609375,0.0,2881.346923828125,2829.25,2866.280029296875,0.0,335700
2024-01-31,2788.548095703125,0.0,2834.010986328125,2782.5869140625,2815.50390625,0.0,377100
2024-02-01,2770.739990234375,0.0,2805.014892578125,2752.781982421875,2773.424072265625,0.0,352900
2024-02-02,2730.152099609375,0.0,2791.676025390625,2666.333984375,2773.294921875,0.0,426200
2024-02-05,2702.18505859375,0.0,2739.738037109375,2635.090087890625,2716.0810546875,0.0,479000
2024-02-06,2789.486083984375,0.0,2802.930908203125,2669.673095703125,2680.485107421875,0.0,502800
2024-02-07,2829.696044921875,0.0,2829.696044921875,2770.529052734375,2791.514892578125,0.0,547100
2024-02-08,2865.903076171875,0.0,2867.47412109375,2827.902099609375,2832.486083984375,0.0,531100
2024-02-19,2910.5439453125,0.0,2910.5439453125,2867.7099609375,2886.5869140625,0.0,459000
2024-02-20,2922.72998046875,0.0,2927.30810546875,2887.47412109375,2902.876953125,0.0,350100
2024-02-21,2950.9560546875,0.0,2994.614990234375,2898.050048828125,2906.02392578125,0.0,444200
2024-02-22,2988.35791015625,0.0,2988.35791015625,2944.4990234375,2945.447021484375,0.0,354100
2024-02-23,3004.881103515625,0.0,3009.135986328125,2979.972900390625,2992.912109375,0.0,380100
2024-02-26,2977.02197265625,0.0,3009.47900390625,2967.056884765625,3002.117919921875,0.0,409000
2024-02-27,3015.48095703125,0.0,3015.48095703125,2961.14794921875,2966.4169921875,0.0,373000
2024-02-28,2957.85205078125,0.0,3031.488037109375,2957.85205078125,3016.256103515625,0.0,544100
2024-02-29,3015.1708984375,0.0,3015.1708984375,2943.6240234375,2943.6240234375,0.0,409700
2024-03-01,3027.02001953125,0.0,3032.23193359375,3003.762939453125,3013.822998046875,0.0,379100
2024-03-04,3039.305908203125,0.0,3040.344970703125,3007.68310546875,3026.60693359375,0.0,387800
2024-03-05,3047.79296875,0.0,3052.541015625,3022.177978515625,3027.10302734375,0.0,383500
2024-03-06,3039.930908203125,0.0,3060.56298828125,3034.35400390625,3041.751953125,0.0,341000
2024-03-07,3027.40087890625,0.0,3063.69189453125,3023.117919921875,3040.2109375,0.0,377200
2024-03-08,3046.01904296875,0.0,3049.194091796875,3016.903076171875,3026.1650390625,0.0,319200
2024-03-11,3068.455078125,0.0,3068.455078125,3035.445068359375,3042.618896484375,0.0,356500
2024-03-12,3055.93505859375,0.0,3075.131103515625,3044.85693359375,3068.181884765625,0.0,415700
2024-03-13,3043.8349609375,0.0,3061.950927734375,3031.89892578125,3053.341064453125,0.0,365000
2024-03-14,3038.23388671875,0.0,3059.998046875,3020.636962890625,3042.4130859375,0.0,364100
2024-03-15,3054.635986328125,0.0,3056.447021484375,3023.215087890625,3031.52294921875,0.0,360300
2024-03-18,3084.926025390625,0.0,3085.31201171875,3055.922119140625,3057.208984375,0.0,406700
2024-03-19,3062.756103515625,0.0,3090.0458984375,3062.6279296875,3077.98095703125,0.0,384100
2024-03-20,3079.68603515625,0.0,3081.7548828125,3056.64501953125,3058.64794921875,0.0,349200
2024-03-21,3077.113037109375,0.0,3090.051025390625,3069.27197265625,3084.412109375,0.0,366900
2024-03-22,3048.033935546875,0.0,3073.2060546875,3027.761962890625,3070.548095703125,0.0,394700
2024-03-25,3026.305908203125,0.0,3065.260986328125,3026.305908203125,3040.5009765625,0.0,387500
2024-03-26,3031.48095703125,0.0,3036.493896484375,3006.260009765625,3026.922119140625,0.0,345900
2024-03-27,2993.138916015625,0.0,3030.449951171875,2993.138916015625,3026.81396484375,0.0,343200
2024-03-28,3010.6640625,0.0,3033.366943359375,2984.1201171875,2988.590087890625,0.0,353200
2024-03-29,3041.1669921875,0.0,3041.298095703125,3008.1669921875,3008.3759765625,0.0,334800
2024-04-01,3077.37890625,0.0,3078.488037109375,3049.02099609375,3049.02099609375,0.0,375400
2024-04-02,3074.958984375,0.0,3085.537109375,3063.98095703125,3076.875,0.0,367300
2024-04-03,3069.2958984375,0.0,3079.02001953125,3057.39697265625,3074.89306640625,0.0,363200
2024-04-08,3047.052978515625,0.0,3077.35107421875,3045.468994140625,3057.325927734375,0.0,402900
2024-04-09,3048.537109375,0.0,3051.5849609375,3033.208984375,3044.614013671875,0.0,333500
2024-04-10,3027.3349609375,0.0,3049.60693359375,3013.590087890625,3045.9609375,0.0,349000
2024-04-11,3034.24609375,0.0,3050.3369140625,3009.89697265625,3013.572998046875,0.0,340900
2024-04-12,3019.47412109375,0.0,3043.56005859375,3014.830078125,3035.576904296875,0.0,334200
2024-04-15,3057.3779296875,0.0,3066.94091796875,2995.5419921875,3013.672119140625,0.0,461200
2024-04-16,3007.068115234375,0.0,3052.43505859375,3005.340087890625,3043.551025390625,0.0,448100
2024-04-17,3071.381103515625,0.0,3071.381103515625,3002.055908203125,3008.06103515625,0.0,413400
2024-04-18,3074.22509765625,0.0,3102.552978515625,3057.760986328125,3060.031005859375,0.0,416300
2024-04-19,3065.260986328125,0.0,3080.322998046875,3055.05810546875,3060.299072265625,0.0,375500
2024-04-22,3044.594970703125,0.0,3078.423095703125,3042.5419921875,3059.06494140625,0.0,357200
2024-04-23,3021.97802734375,0.0,3044.944091796875,3016.51708984375,3038.612060546875,0.0,325600
2024-04-24,3044.822021484375,0.0,3045.639892578125,3019.1240234375,3029.403076171875,0.0,305300
2024-04-25,3052.89990234375,0.0,3060.263916015625,3034.64990234375,3037.927001953125,0.0,292300
2024-04-26,3088.635986328125,0.0,3092.429931640625,3054.97900390625,3054.97900390625,0.0,439400
2024-04-29,3113.04296875,0.0,3119.68603515625,3080.5859375,3086.681884765625,0.0,506900
2024-04-30,3104.824951171875,0.0,3123.2880859375,3104.2939453125,3110.158935546875,0.0,440200
2024-05-06,3140.719970703125,0.0,3142.382080078125,3126.76904296875,3132.511962890625,0.0,450700
2024-05-07,3147.738037109375,0.0,3151.218994140625,3133.68994140625,3139.6640625,0.0,379100
2024-05-08,3128.47998046875,0.0,3144.986083984375,3126.173095703125,3141.487060546875,0.0,334000
2024-05-09,3154.320068359375,0.0,3158.465087890625,3128.1640625,3128.1640625,0.0,360900
2024-05-10,3154.547119140625,0.0,3163.14404296875,3137.152099609375,3158.589111328125,0.0,384300
2024-05-13,3148.02099609375,0.0,3157.365966796875,3126.169921875,3139.47509765625,0.0,397000
2024-05-14,3145.77392578125,0.0,3155.806884765625,3137.60888671875,3148.84912109375,0.0,343500
2024-05-15,3119.902099609375,0.0,3142.972900390625,3117.928955078125,3141.251953125,0.0,321000
2024-05-16,3122.40087890625,0.0,3137.8779296875,3116.1630859375,3127.18408203125,0.0,367400
2024-05-17,3154.02587890625,0.0,3154.02587890625,3116.783935546875,3121.712890625,0.0,383900
2024-05-20,3171.14501953125,0.0,3174.26611328125,3155.989990234375,3156.14794921875,0.0,426900
2024-05-21,3157.966064453125,0.0,3165.22412109375,3148.342041015625,3164.68310546875,0.0,335800
2024-05-22,3158.5400390625,0.0,3166.9189453125,3152.45703125,3157.18896484375,0.0,354100
2024-05-23,3116.386962890625,0.0,3150.6279296875,3110.277099609375,3149.875,0.0,353900
2024-05-24,3088.87109375,0.0,3130.425048828125,3087.7939453125,3110.7529296875,0.0,306500
2024-05-27,3124.04296875,0.0,3125.506103515625,3091.989013671875,3094.139892578125,0.0,319400
2024-05-28,3109.572021484375,0.0,3130.31005859375,3106.364990234375,3122.387939453125,0.0,310100
2024-05-29,3111.01806640625,0.0,3128.136962890625,3100.97998046875,3108.027099609375,0.0,290000
2024-05-30,3091.677978515625,0.0,3121.218017578125,3085.384033203125,3103.7080078125,0.0,302400
2024-05-31,3086.81298828125,0.0,3107.60400390625,3086.81298828125,3094.759033203125,0.0,276100
2024-06-03,3078.489013671875,0.0,3097.2041015625,3061.277099609375,3085.98095703125,0.0,357600
2024-06-04,3091.198974609375,0.0,3095.322021484375,3063.587890625,3071.320068359375,0.0,309300
2024-06-05,3065.403076171875,0.0,3092.345947265625,3064.736083984375,3086.051025390625,0.0,290500
2024-06-06,3048.7939453125,0.0,3077.673095703125,3040.830078125,3069.43896484375,0.0,369900
2024-06-07,3051.279052734375,0.0,3065.02490234375,3031.0439453125,3053.9150390625,0.0,316300
2024-06-11,3028.044921875,0.0,3043.199951171875,3013.861083984375,3042.134033203125,0.0,310500
2024-06-12,3037.468017578125,0.0,3042.0419921875,3021.30908203125,3025.2958984375,0.0,279500
2024-06-13,3028.9189453125,0.0,3040.402099609375,3022.822021484375,3038.0859375,0.0,297900
2024-06-14,3032.633056640625,0.0,3037.905029296875,3011.576904296875,3020.958984375,0.0,348700
2024-06-17,3015.89111328125,0.0,3026.6240234375,3012.044921875,3017.717041015625,0.0,295800
2024-06-18,3030.24609375,0.0,3031.97607421875,3012.52294921875,3015.071044921875,0.0,273600
2024-06-19,3018.049072265625,0.0,3030.22607421875,3015.325927734375,3029.09912109375,0.0,261300
2024-06-20,3005.43701171875,0.0,3028.513916015625,3001.76806640625,3015.721923828125,0.0,295500
2024-06-21,2998.137939453125,0.0,3011.9140625,2985.928955078125,2998.240966796875,0.0,255000
2024-06-24,2963.09912109375,0.0,2990.64306640625,2960.126953125,2982.825927734375,0.0,298700
2024-06-25,2949.99609375,0.0,2971.653076171875,2935.5380859375,2962.764892578125,0.0,273200
2024-06-26,2972.52490234375,0.0,2976.6689453125,2933.330078125,2943.447021484375,0.0,282400
2024-06-27,2945.85205078125,0.0,2963.06396484375,2944.89794921875,2962.696044921875,0.0,270500
2024-06-28,2967.403076171875,0.0,2985.468017578125,2939.98388671875,2940.302978515625,0.0,315200
2024-07-01,2994.72998046875,0.0,2996.408935546875,2961.85595703125,2965.2451171875,0.0,297800
2024-07-02,2997.010986328125,0.0,3004.987060546875,2989.469970703125,2992.85595703125,0.0,281400
2024-07-03,2982.3759765625,0.0,2998.537109375,2978.069091796875,2995.6640625,0.0,246300
2024-07-04,2957.56689453125,0.0,2995.570068359375,2955.2900390625,2984.830078125,0.0,274300
2024-07-05,2949.93310546875,0.0,2957.10693359375,2920.205078125,2954.3720703125,0.0,272300
2024-07-08,2922.449951171875,0.0,2947.610107421875,2917.23193359375,2939.8369140625,0.0,277500
2024-07-09,2959.3720703125,0.0,2963.781982421875,2904.0390625,2919.572998046875,0.0,315100
2024-07-10,2939.364013671875,0.0,2958.85888671875,2935.330078125,2949.02587890625,0.0,301500
2024-07-11,2970.386962890625,0.0,2971.361083984375,2947.403076171875,2957.25,0.0,328400
2024-07-12,2971.294921875,0.0,2977.14208984375,2963.302978515625,2965.612060546875,0.0,303700
2024-07-15,2974.010986328125,0.0,2977.31298828125,2959.12890625,2963.846923828125,0.0,269000
2024-07-16,2976.303955078125,0.0,2977.361083984375,2959.666015625,2963.89990234375,0.0,260800
2024-07-17,2962.85498046875,0.0,2972.794921875,2957.947998046875,2970.80810546875,0.0,282300
2024-07-18,2977.133056640625,0.0,2978.092041015625,2937.905029296875,2951.14306640625,0.0,278000
2024-07-19,2982.30908203125,0.0,2986.242919921875,2955.1201171875,2963.513916015625,0.0,280900
2024-07-22,2964.216064453125,0.0,2978.60107421875,2946.56103515625,2978.193115234375,0.0,278700
2024-07-23,2915.368896484375,0.0,2960.5,2915.367919921875,2960.5,0.0,296300
2024-07-24,2901.951904296875,0.0,2922.030029296875,2894.2890625,2909.152099609375,0.0,306100
2024-07-25,2886.741943359375,0.0,2897.76708984375,2872.85009765625,2891.89208984375,0.0,274600
2024-07-26,2890.89697265625,0.0,2899.115966796875,2875.39599609375,2885.9951171875,0.0,278400
2024-07-29,2891.844970703125,0.0,2898.950927734375,2878.5830078125,2889.472900390625,0.0,256900
2024-07-30,2879.300048828125,0.0,2885.215087890625,2865.14892578125,2885.215087890625,0.0,262500
2024-07-31,2938.7490234375,0.0,2940.593017578125,2876.301025390625,2877.541015625,0.0,412700
2024-08-01,2932.386962890625,0.0,2947.876953125,2928.825927734375,2940.1201171875,0.0,346600
2024-08-02,2905.337890625,0.0,2931.259033203125,2902.719970703125,2913.02001953125,0.0,312200
2024-08-05,2860.697998046875,0.0,2919.02490234375,2860.697998046875,2889.363037109375,0.0,355500
2024-08-06,2867.283935546875,0.0,2888.200927734375,2845.3349609375,2878.65087890625,0.0,297300
2024-08-07,2869.833984375,0.0,2886.94189453125,2857.72509765625,2864.010009765625,0.0,263100
2024-08-08,2869.90087890625,0.0,2886.39892578125,2850.875,2864.758056640625,0.0,289100
2024-08-09,2862.194091796875,0.0,2887.84912109375,2862.194091796875,2879.873046875,0.0,284300
2024-08-12,2858.205078125,0.0,2869.26904296875,2851.294921875,2858.89501953125,0.0,244200
2024-08-13,2867.946044921875,0.0,2867.946044921875,2845.31005859375,2860.409912109375,0.0,231700
2024-08-14,2850.654052734375,0.0,2866.242919921875,2850.40087890625,2866.242919921875,0.0,217900
2024-08-15,2877.35791015625,0.0,2889.0869140625,2839.387939453125,2844.200927734375,0.0,271900
2024-08-16,2879.429931640625,0.0,2888.675048828125,2873.06005859375,2877.93994140625,0.0,263700
2024-08-19,2893.674072265625,0.0,2905.155029296875,2877.77099609375,2877.9541015625,0.0,261700
2024-08-20,2866.660888671875,0.0,2896.51904296875,2855.3291015625,2895.551025390625,0.0,263700
2024-08-21,2856.583984375,0.0,2863.89111328125,2848.15087890625,2858.93896484375,0.0,229200
2024-08-22,2848.77197265625,0.0,2861.60693359375,2845.501953125,2856.199951171875,0.0,245400
2024-08-23,2854.367919921875,0.0,2860.73291015625,2839.3369140625,2844.77001953125,0.0,226700
2024-08-26,2855.52001953125,0.0,2860.655029296875,2844.383056640625,2855.47412109375,0.0,227400
2024-08-27,2848.73095703125,0.0,2853.780029296875,2843.157958984375,2850.876953125,0.0,230700
2024-08-28,2837.428955078125,0.0,2852.56201171875,2830.9619140625,2844.326904296875,0.0,228700
2024-08-29,2823.10595703125,0.0,2831.430908203125,2815.383056640625,2829.450927734375,0.0,277500
2024-08-30,2842.214111328125,0.0,2867.965087890625,2817.013916015625,2819.64990234375,0.0,397500
2024-09-02,2811.034912109375,0.0,2839.278076171875,2810.3740234375,2832.35009765625,0.0,340700
2024-09-03,2802.97900390625,0.0,2814.903076171875,2794.910888671875,2809.173095703125,0.0,275700
2024-09-04,2784.278076171875,0.0,2800.60693359375,2781.93505859375,2786.5048828125,0.0,257500
2024-09-05,2788.31396484375,0.0,2796.01904296875,2777.470947265625,2785.263916015625,0.0,242000
2024-09-06,2765.806884765625,0.0,2804.093017578125,2765.638916015625,2791.764892578125,0.0,253600
2024-09-09,2736.488037109375,0.0,2756.555908203125,2726.967041015625,2754.72412109375,0.0,261500
2024-09-10,2744.19189453125,0.0,2750.117919921875,2718.626953125,2737.881103515625,0.0,262200
2024-09-11,2721.794921875,0.0,2732.73095703125,2710.62109375,2732.73095703125,0.0,242300
2024-09-12,2717.123046875,0.0,2734.68310546875,2716.554931640625,2722.137939453125,0.0,240100
2024-09-13,2704.090087890625,0.0,2728.780029296875,2703.368896484375,2718.986083984375,0.0,251300
2024-09-18,2717.281005859375,0.0,2724.114013671875,2689.695068359375,2705.344970703125,0.0,247800
2024-09-19,2736.02197265625,0.0,2747.739990234375,2697.77587890625,2723.205078125,0.0,315200
2024-09-20,2736.81396484375,0.0,2741.155029296875,2717.945068359375,2734.22802734375,0.0,285600
2024-09-23,2748.91796875,0.0,2760.47998046875,2731.35693359375,2735.389892578125,0.0,257600
2024-09-24,2863.1259765625,0.0,2863.152099609375,2761.3720703125,2770.75390625,0.0,477600
2024-09-25,2896.305908203125,0.0,2952.450927734375,2889.048095703125,2901.4189453125,0.0,568300
2024-09-26,3000.952880859375,0.0,3000.952880859375,2889.013916015625,2893.7451171875,0.0,576300
2024-09-27,3087.529052734375,0.0,3087.529052734375,3017.445068359375,3049.10302734375,0.0,492300
2024-09-30,3336.4970703125,0.0,3358.587890625,3153.697021484375,3194.721923828125,0.0,1102300
2024-10-08,3489.77490234375,0.0,3674.405029296875,3372.18701171875,3674.405029296875,0.0,1313500
2024-10-09,3258.85791015625,0.0,3437.156982421875,3249.158935546875,3427.219970703125,0.0,992800
2024-10-10,3301.926025390625,0.0,3379.804931640625,3228.125,3277.69189453125,0.0,834500
2024-10-11,3217.738037109375,0.0,3297.751953125,3187.988037109375,3287.873046875,0.0,606000
2024-10-14,3284.322998046875,0.0,3294.6201171875,3203.90087890625,3241.427978515625,0.0,631500
2024-10-15,3201.2919921875,0.0,3285.215087890625,3201.2919921875,3265.74609375,0.0,566100
2024-10-16,3202.947998046875,0.0,3236.847900390625,3167.736083984375,3169.1689453125,0.0,515800
2024-10-17,3169.384033203125,0.0,3241.568115234375,3169.384033203125,3220.73291015625,0.0,528600
2024-10-18,3261.56298828125,0.0,3313.97802734375,3152.821044921875,3165.97509765625,0.0,693000
2024-10-21,3268.110107421875,0.0,3300.6640625,3239.096923828125,3276.06005859375,0.0,668200
2024-10-22,3285.866943359375,0.0,3294.9609375,3255.137939453125,3263.822021484375,0.0,574900
2024-10-23,3302.802978515625,0.0,3331.08203125,3277.06591796875,3285.2470703125,0.0,650400
2024-10-24,3280.262939453125,0.0,3292.945068359375,3266.882080078125,3287.823974609375,0.0,519800
2024-10-25,3299.699951171875,0.0,3319.35693359375,3276.1298828125,3280.761962890625,0.0,595700
2024-10-28,3322.197998046875,0.0,3322.197998046875,3279.715087890625,3300.462890625,0.0,672400
2024-10-29,3286.406982421875,0.0,3340.4580078125,3284.2109375,3328.089111328125,0.0,725300
2024-10-30,3266.238037109375,0.0,3291.679931640625,3244.805908203125,3273.64208984375,0.0,669000
2024-10-31,3279.823974609375,0.0,3295.741943359375,3252.389892578125,3267.97509765625,0.0,784600
2024-11-01,3272.013916015625,0.0,3305.318115234375,3258.735107421875,3275.576904296875,0.0,852100
2024-11-04,3310.20703125,0.0,3310.20703125,3263.842041015625,3275.678955078125,0.0,665100
2024-11-05,3386.987060546875,0.0,3386.987060546875,3302.047119140625,3306.81005859375,0.0,821100
2024-11-06,3383.805908203125,0.0,3420.9990234375,3367.0810546875,3395.221923828125,0.0,895900
2024-11-07,3470.660888671875,0.0,3470.660888671875,3356.258056640625,3359.985107421875,0.0,959600
2024-11-08,3452.297119140625,0.0,3509.818115234375,3443.193115234375,3502.133056640625,0.0,964000
2024-11-11,3470.06591796875,0.0,3471.1220703125,3416.72705078125,3432.366943359375,0.0,818000
2024-11-12,3421.969970703125,0.0,3489.424072265625,3402.0419921875,3469.89111328125,0.0,817900
2024-11-13,3439.278076171875,0.0,3442.298095703125,3404.52490234375,3406.916015625,0.0,673700
2024-11-14,3379.839111328125,0.0,3441.77490234375,3376.153076171875,3429.5048828125,0.0,631600
2024-11-15,3330.72607421875,0.0,3391.320068359375,3330.72607421875,3369.80908203125,0.0,630300
2024-11-18,3323.84912109375,0.0,3386.903076171875,3309.008056640625,3344.68994140625,0.0,744000
2024-11-19,3346.010009765625,0.0,3346.758056640625,3284.133056640625,3324.883056640625,0.0,625000
2024-11-20,3367.989013671875,0.0,3375.248046875,3333.001953125,3337.677978515625,0.0,566200
2024-11-21,3370.404052734375,0.0,3378.51806640625,3348.85498046875,3362.944091796875,0.0,530300
2024-11-22,3267.19189453125,0.0,3372.0029296875,3267.19189453125,3368.04296875,0.0,630700
2024-11-25,3263.760009765625,0.0,3285.4560546875,3232.91796875,3274.884033203125,0.0,538900
2024-11-26,3259.757080078125,0.0,3285.327880859375,3252.865966796875,3256.85791015625,0.0,472200
2024-11-27,3309.779052734375,0.0,3309.881103515625,3227.35498046875,3250.591064453125,0.0,511200
2024-11-28,3295.697998046875,0.0,3319.256103515625,3290.364013671875,3308.280029296875,0.0,512000
2024-11-29,3326.4560546875,0.0,3357.5009765625,3293.68994140625,3295.2099609375,0.0,580200
2024-12-02,3363.98193359375,0.0,3369.302978515625,3323.009033203125,3328.48193359375,0.0,668500
2024-12-03,3378.805908203125,0.0,3386.617919921875,3348.3740234375,3366.284912109375,0.0,663000
2024-12-04,3364.64990234375,0.0,3388.02392578125,3352.943115234375,3376.572021484375,0.0,621000
2024-12-05,3368.85498046875,0.0,3377.054931640625,3353.056884765625,3353.056884765625,0.0,543900
2024-12-06,3404.075927734375,0.0,3418.260986328125,3364.2060546875,3370.94091796875,0.0,698200
2024-12-09,3402.533935546875,0.0,3426.64501953125,3385.958984375,3402.62890625,0.0,694900
2024-12-10,3422.660888671875,0.0,3494.866943359375,3417.764892578125,3490.2890625,0.0,794700
2024-12-11,3432.489990234375,0.0,3437.81005859375,3416.0869140625,3416.0869140625,0.0,681500
2024-12-12,3461.5,0.0,3464.115966796875,3425.97607421875,3432.279052734375,0.0,700100
2024-12-13,3391.8779296875,0.0,3442.926025390625,3390.75390625,3442.926025390625,0.0,777500
2024-12-16,3386.3310546875,0.0,3401.926025390625,3376.535888671875,3390.0830078125,0.0,625600
2024-12-17,3361.485107421875,0.0,3396.20703125,3357.76904296875,3381.81396484375,0.0,568900
2024-12-18,3382.2080078125,0.0,3396.4599609375,3371.2958984375,3371.2958984375,0.0,512500
2024-12-19,3370.032958984375,0.0,3377.531982421875,3346.468994140625,3355.904052734375,0.0,513900
2024-12-20,3368.069091796875,0.0,3390.617919921875,3362.819091796875,3364.48095703125,0.0,491000
2024-12-23,3351.257080078125,0.0,3384.991943359375,3348.277099609375,3367.904052734375,0.0,556700
2024-12-24,3393.528076171875,0.0,3394.904052734375,3352.947021484375,3353.534912109375,0.0,472000
2024-12-25,3393.35009765625,0.0,3406.212890625,3374.010986328125,3395.10693359375,0.0,471300
2024-12-26,3398.076904296875,0.0,3401.094970703125,3380.2548828125,3389.337890625,0.0,422200
2024-12-27,3400.14208984375,0.0,3418.951904296875,3388.322021484375,3397.2939453125,0.0,500500
2024-12-30,3407.325927734375,0.0,3412.841064453125,3394.965087890625,3395.39599609375,0.0,455300
2024-12-31,3351.762939453125,0.0,3413.455078125,3351.762939453125,3406.965087890625,0.0,502700
2025-01-02,3262.56103515625,0.0,3351.721923828125,3242.0869140625,3347.93896484375,0.0,561400
2025-01-03,3211.429931640625,0.0,3273.56591796875,3205.77587890625,3267.076904296875,0.0,517600
2025-01-06,3206.923095703125,0.0,3219.488037109375,3185.462890625,3209.782958984375,0.0,431000
2025-01-07,3229.64404296875,0.0,3230.85302734375,3190.4609375,3203.306884765625,0.0,409700
2025-01-08,3230.16796875,0.0,3246.291015625,3175.72509765625,3218.85791015625,0.0,472900
2025-01-09,3211.39306640625,0.0,3228.972900390625,3205.909912109375,3220.720947265625,0.0,382900
2025-01-10,3168.52392578125,0.0,3220.10693359375,3168.52392578125,3211.70703125,0.0,403700
2025-01-13,3160.7548828125,0.0,3172.699951171875,3140.97802734375,3148.825927734375,0.0,372700
2025-01-14,3240.93994140625,0.0,3245.219970703125,3159.431884765625,3165.160888671875,0.0,469200
2025-01-15,3227.116943359375,0.0,3245.904052734375,3222.236083984375,3234.715087890625,0.0,404700
2025-01-16,3236.031982421875,0.0,3265.281982421875,3217.096923828125,3239.02587890625,0.0,430700
2025-01-17,3241.821044921875,0.0,3256.507080078125,3219.77294921875,3226.761962890625,0.0,383600
2025-01-20,3244.3779296875,0.0,3268.262939453125,3238.12109375,3256.14892578125,0.0,403300
2025-01-21,3242.623046875,0.0,3258.610107421875,3229.069091796875,3256.8330078125,0.0,384600
2025-01-22,3213.6240234375,0.0,3235.5009765625,3203.3798828125,3235.492919921875,0.0,364800
2025-01-23,3230.1640625,0.0,3273.52001953125,3229.572021484375,3237.59912109375,0.0,458200
2025-01-24,3252.6259765625,0.0,3260.010986328125,3221.7119140625,3222.876953125,0.0,398700
2025-01-27,3250.60107421875,0.0,3274.39208984375,3250.60107421875,3256.614013671875,0.0,387500
2025-02-05,3229.488037109375,0.0,3271.02197265625,3220.279052734375,3270.159912109375,0.0,406400
2025-02-06,3270.658935546875,0.0,3271.427001953125,3225.845947265625,3226.574951171875,0.0,460800
2025-02-07,3303.6669921875,0.0,3324.427978515625,3262.509033203125,3269.22705078125,0.0,600600
2025-02-10,3322.169921875,0.0,3325.35595703125,3299.242919921875,3308.0400390625,0.0,546600
2025-02-11,3318.056884765625,0.0,3324.173095703125,3304.444091796875,3323.6689453125,0.0,511900
2025-02-12,3346.385009765625,0.0,3346.385009765625,3310.389892578125,3312.257080078125,0.0,513400
2025-02-13,3332.48291015625,0.0,3359.180908203125,3332.48291015625,3343.235107421875,0.0,568600
2025-02-14,3346.72412109375,0.0,3349.083984375,3322.529052734375,3328.48291015625,0.0,532300
2025-02-17,3355.830078125,0.0,3357.12109375,3333.195068359375,3355.4169921875,0.0,589500
2025-02-18,3324.490966796875,0.0,3366.011962890625,3314.301025390625,3348.98291015625,0.0,562700
2025-02-19,3351.5390625,0.0,3352.0869140625,3320.5810546875,3320.780029296875,0.0,502900
2025-02-20,3350.782958984375,0.0,3355.556884765625,3338.033935546875,3347.589111328125,0.0,504400
2025-02-21,3379.113037109375,0.0,3381.05810546875,3339.02587890625,3356.695068359375,0.0,608200
2025-02-24,3373.028076171875,0.0,3384.81103515625,3355.868896484375,3374.0810546875,0.0,598200
2025-02-25,3346.0400390625,0.0,3369.55810546875,3337.844970703125,3345.653076171875,0.0,527600
2025-02-26,3380.214111328125,0.0,3380.214111328125,3351.208984375,3351.208984375,0.0,554000
2025-02-27,3388.06201171875,0.0,3388.781005859375,3353.571044921875,3378.448974609375,0.0,575800
2025-02-28,3320.89697265625,0.0,3383.19091796875,3318.716064453125,3374.6640625,0.0,568300
2025-03-03,3316.925048828125,0.0,3349.01708984375,3304.593017578125,3328.39599609375,0.0,502400
2025-03-04,3324.2099609375,0.0,3327.823974609375,3297.530029296875,3300.498046875,0.0,430000
2025-03-05,3341.965087890625,0.0,3342.714111328125,3314.14794921875,3324.696044921875,0.0,461000
2025-03-06,3381.097900390625,0.0,3387.053955078125,3348.68408203125,3353.570068359375,0.0,540000
2025-03-07,3372.5458984375,0.0,3390.944091796875,3363.928955078125,3373.180908203125,0.0,517700
2025-03-10,3366.1630859375,0.0,3375.798095703125,3347.18603515625,3373.259033203125,0.0,450400
2025-03-11,3379.827880859375,0.0,3379.8291015625,3334.8310546875,3335.43896484375,0.0,448500
2025-03-12,3371.924072265625,0.0,3392.408935546875,3370.219970703125,3385.68505859375,0.0,502200
2025-03-13,3358.72900390625,0.0,3377.117919921875,3341.117919921875,3371.094970703125,0.0,519000
2025-03-14,3419.56201171875,0.0,3421.23291015625,3360.60595703125,3361.68603515625,0.0,582700
2025-03-17,3426.12890625,0.0,3436.35205078125,3422.4619140625,3430.80908203125,0.0,515700
2025-03-18,3429.759033203125,0.0,3437.06494140625,3423.301025390625,3434.56494140625,0.0,454900
2025-03-19,3426.428955078125,0.0,3439.0458984375,3414.593017578125,3424.173095703125,0.0,440300
2025-03-20,3408.947998046875,0.0,3427.044921875,3404.662109375,3425.216064453125,0.0,451600
2025-03-21,3364.8310546875,0.0,3414.708984375,3355.840087890625,3401.759033203125,0.0,520900
2025-03-24,3370.028076171875,0.0,3373.694091796875,3340.238037109375,3364.833984375,0.0,513300
2025-03-25,3369.97607421875,0.0,3379.988037109375,3361.0458984375,3370.0009765625,0.0,456400
2025-03-26,3368.697021484375,0.0,3382.342041015625,3365.666015625,3365.666015625,0.0,428500
2025-03-27,3373.7490234375,0.0,3394.034912109375,3351.174072265625,3362.7119140625,0.0,414800
2025-03-28,3351.306884765625,0.0,3375.052978515625,3346.0810546875,3372.0390625,0.0,412300
2025-03-31,3335.74609375,0.0,3361.741943359375,3317.738037109375,3343.343994140625,0.0,472600
2025-04-01,3348.43505859375,0.0,3357.6220703125,3338.779052734375,3340.7119140625,0.0,422600
2025-04-02,3350.126953125,0.0,3361.134033203125,3343.115966796875,3344.1708984375,0.0,350100
2025-04-03,3342.008056640625,0.0,3358.426025390625,3319.60595703125,3319.60595703125,0.0,400500
2025-04-07,3096.575927734375,0.0,3217.781982421875,3040.693115234375,3193.10205078125,0.0,662200
2025-04-08,3145.549072265625,0.0,3145.549072265625,3085.123046875,3094.261962890625,0.0,662200
2025-04-09,3186.81005859375,0.0,3186.81005859375,3070.077880859375,3110.010009765625,0.0,684800
2025-04-10,3223.637939453125,0.0,3239.94091796875,3201.571044921875,3227.8359375,0.0,591200
2025-04-11,3238.22705078125,0.0,3249.85400390625,3211.35009765625,3219.5048828125,0.0,475500
2025-04-14,3262.80810546875,0.0,3272.719970703125,3244.73291015625,3251.97802734375,0.0,471400
2025-04-15,3267.662109375,0.0,3268.985107421875,3246.3369140625,3260.68505859375,0.0,396700
2025-04-16,3276.00390625,0.0,3276.0048828125,3233.791015625,3267.6650390625,0.0,429500
2025-04-17,3280.341064453125,0.0,3285.9150390625,3258.14501953125,3261.718017578125,0.0,382000
2025-04-18,3276.72998046875,0.0,3283.090087890625,3262.39208984375,3270.35302734375,0.0,358800
2025-04-21,3291.43408203125,0.0,3298.639892578125,3270.012939453125,3273.137939453125,0.0,379300
2025-04-22,3299.757080078125,0.0,3311.153076171875,3288.33203125,3289.166015625,0.0,403200
2025-04-23,3296.35498046875,0.0,3312.19189453125,3293.06298828125,3308.15087890625,0.0,411600
2025-04-24,3297.2880859375,0.0,3313.509033203125,3286.236083984375,3295.14892578125,0.0,392800
2025-04-25,3295.06005859375,0.0,3305.261962890625,3288.7548828125,3300.39208984375,0.0,411000
2025-04-28,3288.4150390625,0.0,3296.931884765625,3279.876953125,3292.055908203125,0.0,410700
2025-04-29,3286.655029296875,0.0,3294.98193359375,3277.626953125,3281.445068359375,0.0,389000
2025-04-30,3279.031005859375,0.0,3292.199951171875,3277.550048828125,3284.0810546875,0.0,435800
2025-05-06,3316.114013671875,0.0,3316.447998046875,3286.989013671875,3295.25,0.0,474400
2025-05-07,3342.6650390625,0.0,3356.68798828125,3324.80908203125,3354.97412109375,0.0,511200
2025-05-08,3351.99609375,0.0,3359.73095703125,3327.902099609375,3331.205078125,0.0,428400
2025-05-09,3341.9990234375,0.0,3351.219970703125,3335.126953125,3350.405029296875,0.0,398900
2025-05-12,3369.2451171875,0.0,3372.471923828125,3344.26904296875,3352.969970703125,0.0,418200
2025-05-13,3374.87109375,0.0,3386.23388671875,3370.251953125,3386.23388671875,0.0,426200
2025-05-14,3403.947998046875,0.0,3417.31396484375,3368.077880859375,3374.235107421875,0.0,464900
2025-05-15,3380.821044921875,0.0,3402.865966796875,3378.02099609375,3398.427001953125,0.0,424100
2025-05-16,3367.4619140625,0.0,3380.2900390625,3356.660888671875,3374.7060546875,0.0,395400
2025-05-19,3367.5830078125,0.0,3373.59912109375,3356.64794921875,3365.882080078125,0.0,403100
2025-05-20,3380.47802734375,0.0,3387.803955078125,3369.962890625,3371.68896484375,0.0,405500
2025-05-21,3387.573974609375,0.0,3394.75390625,3380.208984375,3380.208984375,0.0,412500
2025-05-22,3380.18896484375,0.0,3390.593017578125,3376.23291015625,3381.864990234375,0.0,394200
2025-05-23,3348.3720703125,0.0,3389.468994140625,3348.3720703125,3376.868896484375,0.0,400200
2025-05-26,3346.839111328125,0.0,3362.306884765625,3336.35498046875,3346.56103515625,0.0,347600
2025-05-27,3340.68701171875,0.0,3351.572021484375,3332.489990234375,3346.5029296875,0.0,344100
2025-05-28,3339.931884765625,0.0,3348.23388671875,3336.72705078125,3341.85205078125,0.0,341600
2025-05-29,3363.446044921875,0.0,3368.633056640625,3337.4150390625,3340.40087890625,0.0,393200
2025-05-30,3347.487060546875,0.0,3361.27490234375,3341.64794921875,3358.80908203125,0.0,385600
2025-06-03,3361.97607421875,0.0,3366.9970703125,3340.06689453125,3340.06689453125,0.0,398100
2025-06-04,3376.202880859375,0.0,3379.639892578125,3363.39111328125,3363.39111328125,0.0,386500
2025-06-05,3384.09912109375,0.0,3387.764892578125,3371.14599609375,3378.217041015625,0.0,406300
2025-06-06,3385.35791015625,0.0,3391.450927734375,3379.763916015625,3384.294921875,0.0,380100
2025-06-09,3399.77197265625,0.0,3402.050048828125,3383.073974609375,3388.778076171875,0.0,427300
2025-06-10,3384.81591796875,0.0,3406.451904296875,3365.6669921875,3402.012939453125,0.0,481600
2025-06-11,3402.31591796875,0.0,3413.512939453125,3385.45703125,3385.45703125,0.0,424100
2025-06-12,3402.657958984375,0.0,3408.205078125,3388.865966796875,3397.971923828125,0.0,409500
2025-06-13,3376.99609375,0.0,3401.552978515625,3370.592041015625,3397.48388671875,0.0,510100
2025-06-16,3388.72900390625,0.0,3389.756103515625,3368.8759765625,3369.365966796875,0.0,405400
2025-06-17,3387.405029296875,0.0,3393.31298828125,3376.419921875,3388.179931640625,0.0,390000
2025-06-18,3388.80908203125,0.0,3391.708984375,3369.986083984375,3386.135986328125,0.0,378700
2025-06-19,3362.10791015625,0.0,3386.9189453125,3353.93603515625,3384.29296875,0.0,415300
2025-06-20,3359.89501953125,0.0,3370.798095703125,3357.7060546875,3358.9130859375,0.0,350200
2025-06-23,3381.58203125,0.0,3389.451904296875,3347.65087890625,3349.4599609375,0.0,384600
2025-06-24,3420.56591796875,0.0,3423.783935546875,3380.080078125,3380.080078125,0.0,461000
2025-06-25,3455.97412109375,0.0,3459.009033203125,3417.410888671875,3419.091064453125,0.0,509400
2025-06-26,3448.452880859375,0.0,3462.751953125,3446.18603515625,3451.718994140625,0.0,496500
2025-06-27,3424.22705078125,0.0,3462.626953125,3421.0400390625,3450.68603515625,0.0,523100
2025-06-30,3444.426025390625,0.0,3447.4599609375,3420.112060546875,3423.47412109375,0.0,457300
2025-07-01,3457.7470703125,0.0,3459.5869140625,3441.0380859375,3445.845947265625,0.0,444400
2025-07-02,3454.7919921875,0.0,3461.327880859375,3447.9560546875,3458.1708984375,0.0,498100
2025-07-03,3461.15087890625,0.0,3463.6201171875,3446.97412109375,3456.152099609375,0.0,438500
2025-07-04,3472.319091796875,0.0,3497.22509765625,3455.493896484375,3459.592041015625,0.0,500200
2025-07-07,3473.126953125,0.0,3474.801025390625,3462.7919921875,3467.985107421875,0.0,436600
2025-07-08,3497.47509765625,0.0,3499.885986328125,3474.632080078125,3474.632080078125,0.0,493500
2025-07-09,3493.050048828125,0.0,3512.6689453125,3491.200927734375,3498.72412109375,0.0,523900
2025-07-10,3509.681884765625,0.0,3526.590087890625,3491.4970703125,3491.4970703125,0.0,564200
2025-07-11,3510.177001953125,0.0,3555.218017578125,3506.799072265625,3511.364990234375,0.0,664200
2025-07-14,3519.64990234375,0.0,3532.117919921875,3513.2509765625,3513.2509765625,0.0,572100
2025-07-15,3504.9990234375,0.0,3527.0380859375,3483.3798828125,3519.804931640625,0.0,572100
2025-07-16,3503.777099609375,0.0,3511.805908203125,3489.136962890625,3502.89892578125,0.0,470900
2025-07-17,3516.824951171875,0.0,3517.284912109375,3499.18603515625,3500.3720703125,0.0,472200
2025-07-18,3534.48291015625,0.0,3536.013916015625,3518.23095703125,3519.47509765625,0.0,493500
2025-07-21,3559.791015625,0.0,3560.6279296875,3542.568115234375,3542.81591796875,0.0,633600
2025-07-22,3581.861083984375,0.0,3584.718994140625,3547.251953125,3561.632080078125,0.0,716200
2025-07-23,3582.298095703125,0.0,3613.02197265625,3577.593994140625,3588.8779296875,0.0,767700
2025-07-24,3605.72705078125,0.0,3608.72802734375,3577.113037109375,3578.912109375,0.0,773300
2025-07-25,3593.655029296875,0.0,3610.029052734375,3586.219970703125,3604.449951171875,0.0,697200
2025-07-28,3597.93701171875,0.0,3606.27392578125,3582.14892578125,3594.23095703125,0.0,594200
2025-07-29,3609.7109375,0.0,3611.35302734375,3585.944091796875,3595.81005859375,0.0,610600
2025-07-30,3615.717041015625,0.0,3636.1669921875,3593.73388671875,3608.35400390625,0.0,637200
2025-07-31,3573.2080078125,0.0,3606.375,3562.60693359375,3604.696044921875,0.0,654500
2025-08-01,3559.951904296875,0.0,3581.74609375,3550.04296875,3568.260986328125,0.0,509600
2025-08-04,3583.30908203125,0.0,3583.30908203125,3547.1630859375,3547.1630859375,0.0,458600
2025-08-05,3617.597900390625,0.0,3617.597900390625,3586.968994140625,3588.80810546875,0.0,499800
2025-08-06,3633.9951171875,0.0,3634.31298828125,3613.989990234375,3615.80810546875,0.0,512500
2025-08-07,3639.6669921875,0.0,3645.116943359375,3622.52197265625,3637.781005859375,0.0,535500
2025-08-08,3635.1279296875,0.0,3645.366943359375,3625.450927734375,3634.85400390625,0.0,526400
2025-08-11,3647.547119140625,0.0,3656.85205078125,3629.626953125,3637.052978515625,0.0,551400
2025-08-12,3665.91796875,0.0,3669.0380859375,3647.9619140625,3647.9619140625,0.0,536600
2025-08-13,3683.465087890625,0.0,3688.6279296875,3666.547119140625,3668.657958984375,0.0,613500
2025-08-14,3666.443115234375,0.0,3704.77099609375,3662.570068359375,3685.52197265625,0.0,647800
2025-08-15,3696.77099609375,0.0,3702.2548828125,3658.3759765625,3659.81494140625,0.0,678500
2025-08-18,3728.027099609375,0.0,3745.93896484375,3702.3798828125,3712.4951171875,0.0,776000
2025-08-19,3727.2880859375,0.0,3746.6689453125,3718.14697265625,3728.485107421875,0.0,696100
2025-08-20,3766.2099609375,0.0,3767.429931640625,3704.990966796875,3716.68505859375,0.0,679800
2025-08-21,3771.09912109375,0.0,3787.98095703125,3757.991943359375,3770.676025390625,0.0,691600
2025-08-22,3825.759033203125,0.0,3825.759033203125,3772.277099609375,3772.277099609375,0.0,698100
2025-08-25,3883.56201171875,0.0,3883.56201171875,3839.971923828125,3848.1630859375,0.0,885500
2025-08-26,3868.382080078125,0.0,3888.597900390625,3859.758056640625,3871.470947265625,0.0,734600
2025-08-27,3800.35009765625,0.0,3887.197998046875,3800.35009765625,3869.612060546875,0.0,858600
2025-08-28,3843.596923828125,0.0,3845.0869140625,3761.422119140625,3796.7109375,0.0,788400
2025-08-29,3857.927001953125,0.0,3867.60595703125,3839.2060546875,3842.822998046875,0.0,739500
2025-09-01,3875.531005859375,0.0,3879.044921875,3853.657958984375,3869.74609375,0.0,747700
2025-09-02,3858.133056640625,0.0,3885.31396484375,3828.677001953125,3877.0859375,0.0,762600
2025-09-03,3813.556884765625,0.0,3868.387939453125,3794.884033203125,3865.285888671875,0.0,645700
2025-09-04,3765.8759765625,0.0,3808.39599609375,3732.840087890625,3807.757080078125,0.0,710200
2025-09-05,3812.513916015625,0.0,3817.158935546875,3745.30908203125,3761.8798828125,0.0,626200
2025-09-08,3826.841064453125,0.0,3833.14306640625,3803.60302734375,3811.6689453125,0.0,660100
2025-09-09,3807.2919921875,0.0,3834.6708984375,3791.72412109375,3816.656982421875,0.0,600200
2025-09-10,3812.220947265625,0.0,3826.99609375,3794.056884765625,3806.583984375,0.0,534500
2025-09-11,3875.30908203125,0.0,3875.30908203125,3796.43505859375,3806.055908203125,0.0,617000
2025-09-12,3870.597900390625,0.0,3892.738037109375,3866.5390625,3875.507080078125,0.0,700600
2025-09-15,3860.50390625,0.0,3879.737060546875,3855.971923828125,3876.096923828125,0.0,644800
2025-09-16,3861.864990234375,0.0,3876.68994140625,3838.64794921875,3865.97998046875,0.0,673400
2025-09-17,3876.341064453125,0.0,3882.6689453125,3848.946044921875,3854.072998046875,0.0,663400
2025-09-18,3831.656005859375,0.0,3899.958984375,3800.9951171875,3876.05908203125,0.0,876000
2025-09-19,3820.089111328125,0.0,3843.169921875,3811.903076171875,3830.444091796875,0.0,682300
2025-09-22,3828.575927734375,0.0,3831.739990234375,3806.201904296875,3822.010009765625,0.0,568300
2025-09-23,3821.8330078125,0.0,3838.60595703125,3774.528076171875,3830.137939453125,0.0,701900
2025-09-24,3853.64208984375,0.0,3854.923095703125,3804.327880859375,3804.48291015625,0.0,602100
2025-09-25,3853.302001953125,0.0,3866.10595703125,3840.458984375,3852.430908203125,0.0,590000
2025-09-26,3828.10595703125,0.0,3856.60595703125,3828.10595703125,3839.85498046875,0.0,551300
2025-09-29,3862.531982421875,0.0,3881.001953125,3809.534912109375,3828.166015625,0.0,608500
2025-09-30,3882.777099609375,0.0,3887.570068359375,3866.281005859375,3869.705078125,0.0,569700
2025-10-09,3933.971923828125,0.0,3936.575927734375,3885.743896484375,3898.306884765625,0.0,725200
2025-10-10,3897.028076171875,0.0,3933.0048828125,3886.304931640625,3915.47509765625,0.0,718900
2025-10-13,3889.501953125,0.0,3895.830078125,3800.10498046875,3800.10498046875,0.0,709500
2025-10-14,3865.22900390625,0.0,3918.43603515625,3851.12109375,3910.781982421875,0.0,800800
2025-10-15,3912.208984375,0.0,3912.291015625,3857.6669921875,3867.535888671875,0.0,645000
2025-10-16,3916.22802734375,0.0,3931.050048828125,3899.1669921875,3900.68310546875,0.0,595500
2025-10-17,3839.7548828125,0.0,3921.06494140625,3835.364990234375,3912.0400390625,0.0,617600
2025-10-20,3863.89306640625,0.0,3877.720947265625,3850.366943359375,3865.552001953125,0.0,549300
2025-10-21,3916.33203125,0.0,3919.318115234375,3868.14501953125,3870.7490234375,0.0,599400
2025-10-22,3913.758056640625,0.0,3918.592041015625,3893.324951171875,3896.072998046875,0.0,543100
2025-10-23,3922.409912109375,0.0,3926.217041015625,3877.529052734375,3904.158935546875,0.0,565200
2025-10-24,3950.31201171875,0.0,3950.31201171875,3928.9599609375,3929.114990234375,0.0,567900
2025-10-27,3996.945068359375,0.0,3999.06689453125,3963.10205078125,3969.219970703125,0.0,637600
2025-10-28,3988.22412109375,0.0,4010.72802734375,3976.8330078125,3986.89111328125,0.0,577400
2025-10-29,4016.3310546875,0.0,4016.3310546875,3986.94091796875,3990.264892578125,0.0,612900
2025-10-30,3986.90087890625,0.0,4025.705078125,3984.827880859375,4007.821044921875,0.0,668500
2025-10-31,3954.7900390625,0.0,3986.742919921875,3951.73095703125,3985.06396484375,0.0,675600
2025-11-03,3976.52099609375,0.0,3977.304931640625,3937.02099609375,3954.077880859375,0.0,641200
2025-11-04,3960.18603515625,0.0,3985.882080078125,3938.52001953125,3973.4580078125,0.0,615500
2025-11-05,3969.248046875,0.0,3979.75390625,3922.583984375,3922.583984375,0.0,615000
2025-11-06,4007.760009765625,0.0,4008.799072265625,3973.34912109375,3973.34912109375,0.0,627400
2025-11-07,3997.555908203125,0.0,4012.0048828125,3993.69091796875,3994.31689453125,0.0,596500
2025-11-10,4018.596923828125,0.0,4018.696044921875,3990.8359375,4001.7939453125,0.0,634000
2025-11-11,4002.758056640625,0.0,4024.93896484375,3991.51611328125,4023.876953125,0.0,582000
2025-11-12,4000.139892578125,0.0,4020.376953125,3980.676025390625,3996.56494140625,0.0,586200
2025-11-13,4029.5009765625,0.0,4030.39794921875,3994.77099609375,3996.513916015625,0.0,613000
2025-11-14,3990.491943359375,0.0,4034.0791015625,3990.306884765625,4007.1259765625,0.0,622000
2025-11-17,3972.034912109375,0.0,3992.404052734375,3958.947998046875,3988.555908203125,0.0,592000
2025-11-18,3939.81298828125,0.0,3966.885009765625,3926.587890625,3962.444091796875,0.0,594400
2025-11-19,3946.741943359375,0.0,3960.052001953125,3930.073974609375,3937.919921875,0.0,531100
2025-11-20,3931.051025390625,0.0,3967.970947265625,3927.511962890625,3960.698974609375,0.0,534700
2025-11-21,3834.89111328125,0.0,3912.006103515625,3834.7490234375,3896.6650390625,0.0,631600
2025-11-24,3836.764892578125,0.0,3854.3310546875,3816.575927734375,3848.656005859375,0.0,504600
2025-11-25,3870.02294921875,0.0,3882.030029296875,3845.137939453125,3850.571044921875,0.0,478700
2025-11-26,3864.18408203125,0.0,3879.923095703125,3861.177001953125,3867.428955078125,0.0,457600
2025-11-27,3875.260009765625,0.0,3895.589111328125,3864.131103515625,3867.197021484375,0.0,444000
2025-11-28,3888.595947265625,0.0,3888.887939453125,3856.25,3870.944091796875,0.0,449900
2025-12-01,3914.006103515625,0.0,3914.464111328125,3890.947998046875,3894.212890625,0.0,537600
2025-12-02,3897.7119140625,0.0,3908.76904296875,3888.326904296875,3908.4560546875,0.0,455600
2025-12-03,3878.0,0.0,3901.696044921875,3869.952880859375,3894.156005859375,0.0,485600
2025-12-04,3875.79296875,0.0,3888.860107421875,3859.049072265625,3879.741943359375,0.0,445000
2025-12-05,3902.80810546875,0.0,3907.781005859375,3863.31396484375,3873.12109375,0.0,500400
2025-12-08,3924.077880859375,0.0,3936.31103515625,3904.738037109375,3909.22607421875,0.0,547300
2025-12-09,3909.52099609375,0.0,3923.89892578125,3902.1279296875,3916.509033203125,0.0,524500
2025-12-10,3900.49609375,0.0,3906.115966796875,3876.47509765625,3901.126953125,0.0,497300
2025-12-11,3873.318115234375,0.0,3904.962890625,3862.821044921875,3903.89501953125,0.0,525700
2025-12-12,3889.345947265625,0.0,3891.806884765625,3850.596923828125,3869.4130859375,0.0,573900
2025-12-15,3867.9208984375,0.0,3896.97705078125,3863.6298828125,3865.402099609375,0.0,500900
2025-12-16,3824.81201171875,0.0,3862.427001953125,3815.843994140625,3861.513916015625,0.0,512500
2025-12-17,3870.278076171875,0.0,3881.751953125,3817.99609375,3822.509033203125,0.0,512300
2025-12-18,3876.37109375,0.0,3888.284912109375,3856.423095703125,3857.257080078125,0.0,461200
2025-12-19,3890.447998046875,0.0,3902.6708984375,3871.777099609375,3878.22705078125,0.0,513500
2025-12-22,3917.364013671875,0.0,3920.011962890625,3900.514892578125,3900.534912109375,0.0,522900
2025-12-23,3919.97900390625,0.0,3937.126953125,3910.7451171875,3919.10595703125,0.0,521200
2025-12-24,3940.947021484375,0.0,3947.041015625,3912.31103515625,3920.346923828125,0.0,474900
2025-12-25,3959.62109375,0.0,3964.072998046875,3936.077880859375,3937.718994140625,0.0,469300
2025-12-26,3963.678955078125,0.0,3977.7060546875,3945.52392578125,3957.8330078125,0.0,555500
2025-12-29,3965.280029296875,0.0,3983.97900390625,3956.946044921875,3964.65087890625,0.0,563700
2025-12-30,3965.115966796875,0.0,3979.989990234375,3947.4189453125,3947.87109375,0.0,525900
2025-12-31,3968.840087890625,0.0,3977.535888671875,3955.487060546875,3968.72607421875,0.0,490800
2026-01-05,4023.4169921875,0.0,4025.262939453125,3983.575927734375,3986.971923828125,0.0,597000
2026-01-06,4083.6669921875,0.0,4083.6669921875,4025.087890625,4026.01611328125,0.0,702500
2026-01-07,4085.77197265625,0.0,4098.77685546875,4069.43603515625,4083.843017578125,0.0,683400
2026-01-08,4082.97900390625,0.0,4093.8720703125,4067.1220703125,4077.715087890625,0.0,666100
2026-01-09,4120.42578125,0.0,4121.72314453125,4083.614990234375,4086.761962890625,0.0,729800
2026-01-12,4165.287109375,0.0,4168.35693359375,4119.87890625,4134.89306640625,0.0,839500
2026-01-13,4138.7578125,0.0,4179.7021484375,4126.23388671875,4169.7041015625,0.0,868400
2026-01-14,4126.0927734375,0.0,4190.8662109375,4103.62109375,4138.64599609375,0.0,952600
2026-01-15,4112.60107421875,0.0,4133.0732421875,4096.85009765625,4106.22412109375,0.0,680300
2026-01-16,4101.9130859375,0.0,4140.22509765625,4091.81103515625,4127.06298828125,0.0,763600
2026-01-19,4114.0,0.0,4126.51806640625,4090.056884765625,4090.718994140625,0.0,688900
2026-01-20,4113.64892578125,0.0,4128.93017578125,4080.2939453125,4116.3662109375,0.0,734400
2026-01-21,4116.93994140625,0.0,4135.9580078125,4103.52880859375,4103.52880859375,0.0,667000
2026-01-22,4122.576171875,0.0,4140.837890625,4109.9228515625,4126.07177734375,0.0,709700
2026-01-23,4136.1640625,0.0,4143.75,4120.2041015625,4130.10693359375,0.0,782100
2026-01-26,4132.60498046875,0.0,4160.98486328125,4124.7001953125,4144.77783203125,0.0,887400
2026-01-27,4139.90380859375,0.0,4158.8017578125,4101.830078125,4125.21484375,0.0,755000
2026-01-28,4151.23779296875,0.0,4170.14697265625,4138.01904296875,4150.21484375,0.0,823000
2026-01-29,4157.98388671875,0.0,4170.2138671875,4138.298828125,4155.91796875,0.0,905900
2026-01-30,4117.9482421875,0.0,4152.85009765625,4064.777099609375,4131.9931640625,0.0,804300
2026-02-02,4015.74609375,0.0,4103.4072265625,4013.656005859375,4079.7080078125,0.0,733000
2026-02-03,4067.738037109375,0.0,4069.41796875,4002.781982421875,4043.906005859375,0.0,637700
2026-02-04,4102.2021484375,0.0,4104.62109375,4062.68310546875,4064.677001953125,0.0,674300
2026-02-05,4075.9169921875,0.0,4088.904052734375,4048.93896484375,4075.02490234375,0.0,596700
2026-02-06,4065.5830078125,0.0,4095.030029296875,4029.972900390625,4040.299072265625,0.0,556700
2026-02-09,4123.08984375,0.0,4123.1591796875,4093.055908203125,4103.5400390625,0.0,572600
2026-02-10,4128.373046875,0.0,4134.337890625,4117.56298828125,4127.76611328125,0.0,524600
2026-02-11,4131.98486328125,0.0,4142.56103515625,4122.42822265625,4124.42822265625,0.0,500700
2026-02-12,4134.01806640625,0.0,4140.5927734375,4124.130859375,4136.990234375,0.0,529400
2026-02-13,4082.072998046875,0.0,4123.84423828125,4079.77001953125,4115.923828125,0.0,500800
2026-02-24,4117.4091796875,0.0,4131.5498046875,4105.93701171875,4129.1337890625,0.0,566300
2026-02-25,4147.22998046875,0.0,4167.84423828125,4122.69921875,4123.78076171875,0.0,724800
2026-02-26,4146.630859375,0.0,4152.19189453125,4127.15283203125,4151.06787109375,0.0,651700
2026-02-27,4162.880859375,0.0,4166.23388671875,4128.35986328125,4128.89697265625,0.0,682000
2026-03-02,4182.5908203125,0.0,4188.77001953125,4131.3681640625,4151.80078125,0.0,861600
2026-03-03,4122.67578125,0.0,4197.22802734375,4116.01123046875,4189.408203125,0.0,921100
2026-03-04,4082.47412109375,0.0,4106.0400390625,4055.4130859375,4087.632080078125,0.0,765200
2026-03-05,4108.56689453125,0.0,4125.6171875,4090.62109375,4109.77685546875,0.0,689700
2026-03-06,4124.19384765625,0.0,4129.46484375,4085.89599609375,4085.89599609375,0.0,646800
2026-03-09,4096.60302734375,0.0,4106.5341796875,4052.544921875,4098.69921875,0.0,797800
2026-03-10,4123.13818359375,0.0,4123.9580078125,4098.5869140625,4098.5869140625,0.0,674900
2026-03-11,4133.43310546875,0.0,4135.8388671875,4112.7998046875,4123.6669921875,0.0,707700
2026-03-12,4129.10302734375,0.0,4141.64892578125,4103.1640625,4133.2001953125,0.0,786200
2026-03-13,4095.447998046875,0.0,4134.080078125,4086.846923828125,4117.57421875,0.0,792100
2026-03-16,4084.785888671875,0.0,4096.1328125,4048.0869140625,4092.2490234375,0.0,732200
2026-03-17,4049.906982421875,0.0,4108.39990234375,4049.580078125,4086.294921875,0.0,678800
2026-03-18,4062.98388671875,0.0,4065.373046875,4023.030029296875,4053.304931640625,0.0,623900
2026-03-19,4006.552001953125,0.0,4042.02197265625,3994.1650390625,4028.5419921875,0.0,667300
2026-03-20,3957.052978515625,0.0,4022.702880859375,3955.7109375,4004.572998046875,0.0,666800
2026-03-23,3813.282958984375,0.0,3906.6220703125,3794.68408203125,3904.950927734375,0.0,804700
2026-03-24,3881.280029296875,0.0,3881.424072265625,3807.993896484375,3849.631103515625,0.0,680600
2026-03-25,3931.8369140625,0.0,3933.06103515625,3891.81591796875,3892.26904296875,0.0,688300
2026-03-26,3889.0830078125,0.0,3937.10400390625,3880.572998046875,3924.9619140625,0.0,616000
2026-03-27,3913.72412109375,0.0,3924.10693359375,3852.093994140625,3852.093994140625,0.0,561300
2026-03-30,3923.287109375,0.0,3924.2890625,3872.77587890625,3884.277099609375,0.0,595600
2026-03-31,3891.861083984375,0.0,3948.81103515625,3891.861083984375,3924.06689453125,0.0,606700
2026-04-01,3948.552001953125,0.0,3955.943115234375,3929.9208984375,3939.56591796875,0.0,564600
2026-04-02,3919.284912109375,0.0,3952.575927734375,3900.115966796875,3940.799072265625,0.0,544200
2026-04-03,3880.096923828125,0.0,3929.529052734375,3871.300048828125,3927.592041015625,0.0,492700
2026-04-07,3890.1650390625,0.0,3902.60595703125,3875.68408203125,3884.14990234375,0.0,473600
2026-04-08,3994.998046875,0.0,3994.998046875,3926.2490234375,3930.2509765625,0.0,644100
2026-04-09,3966.1708984375,0.0,3979.126953125,3955.24609375,3967.6298828125,0.0,541600
2026-04-10,3986.22509765625,0.0,4011.02392578125,3979.81396484375,3985.464111328125,0.0,546400
2026-04-13,3988.55810546875,0.0,3991.261962890625,3966.197998046875,3971.197998046875,0.0,545800
2026-04-14,4026.625,0.0,4026.625,3992.406982421875,4006.72705078125,0.0,570300
2026-04-15,4027.208984375,0.0,4050.62109375,4020.904052734375,4039.470947265625,0.0,569500
2026-04-16,4055.547119140625,0.0,4057.8310546875,4028.908935546875,4030.137939453125,0.0,545900
2026-04-17,4051.425048828125,0.0,4058.60400390625,4038.428955078125,4043.381103515625,0.0,548800
2026-04-20,4082.126953125,0.0,4083.18994140625,4051.68505859375,4053.375,0.0,589800
2026-04-21,4085.076904296875,0.0,4086.636962890625,4062.133056640625,4075.844970703125,0.0,576700
2026-04-22,4106.2578125,0.0,4106.84423828125,4074.679931640625,4074.81298828125,0.0,582500
2026-04-23,4093.25,0.0,4114.84423828125,4070.4599609375,4110.7880859375,0.0,671200
2026-04-24,4079.89990234375,0.0,4092.613037109375,4061.14501953125,4081.032958984375,0.0,605000
2026-04-27,4086.343994140625,0.0,4092.8310546875,4071.080078125,4074.81103515625,0.0,590000
2026-04-28,4078.636962890625,0.0,4090.200927734375,4062.8720703125,4076.14306640625,0.0,600500
2026-04-29,4107.51416015625,0.0,4112.15185546875,4061.822021484375,4061.822021484375,0.0,614200
2026-04-30,4112.1591796875,0.0,4118.7548828125,4100.9658203125,4107.296875,0.0,656900
2026-05-06,4160.173828125,0.0,4166.14697265625,4129.9111328125,4135.451171875,0.0,701200
2026-05-07,4180.091796875,0.0,4180.2099609375,4163.13720703125,4168.44677734375,0.0,685600
2026-05-08,4179.953125,0.0,4183.06298828125,4154.24609375,4163.85400390625,0.0,697000
2026-05-11,4225.02099609375,0.0,4229.580078125,4186.08203125,4201.34716796875,0.0,762700
2026-05-12,4214.48876953125,0.0,4230.18408203125,4199.34423828125,4229.283203125,0.0,719000
2026-05-13,4242.57177734375,0.0,4245.06787109375,4192.31396484375,4192.31396484375,0.0,705000
2026-05-14,4177.9169921875,0.0,4258.86279296875,4177.9169921875,4256.1572265625,0.0,764200
2026-05-15,4135.38916015625,0.0,4191.80712890625,4114.0849609375,4174.1748046875,0.0,733200
2026-05-18,4131.52783203125,0.0,4145.6611328125,4108.60400390625,4120.14013671875,0.0,627200
2026-05-19,4169.5380859375,0.0,4170.2890625,4107.9951171875,4122.9609375,0.0,617600
2026-05-20,4162.18505859375,0.0,4169.84716796875,4139.97509765625,4152.6982421875,0.0,624200
2026-05-21,4077.277099609375,0.0,4199.52685546875,4074.217041015625,4174.376953125,0.0,727200
2026-05-22,4112.89892578125,0.0,4120.0869140625,4067.7470703125,4096.171875,0.0,589500
2026-05-25,4152.56787109375,0.0,4153.87890625,4119.7998046875,4126.3369140625,0.0,615900
2026-05-26,4145.373046875,0.0,4150.2890625,4104.458984375,4137.31982421875,0.0,654800
2026-05-27,4093.72705078125,0.0,4153.56201171875,4077.615966796875,4138.80517578125,0.0,660500
2026-05-28,4098.63623046875,0.0,4110.7822265625,4055.826904296875,4080.303955078125,0.0,621200
2026-05-29,4068.569091796875,0.0,4112.955078125,4055.885986328125,4110.52099609375,0.0,731600
2026-06-01,4057.739990234375,0.0,4093.041015625,4045.68994140625,4067.157958984375,0.0,676000
2026-06-02,4075.10205078125,0.0,4089.574951171875,4032.5830078125,4061.462890625,0.0,642200
2026-06-03,4083.97412109375,0.0,4107.0458984375,4059.906982421875,4068.341064453125,0.0,668500
2026-06-04,4057.781005859375,0.0,4080.718017578125,4043.43310546875,4053.669921875,0.0,621200
2026-06-05,4027.736083984375,0.0,4078.931884765625,4015.06298828125,4044.8291015625,0.0,662900
2026-06-08,3959.337890625,0.0,4007.492919921875,3927.85302734375,3938.708984375,0.0,659300
2026-06-09,4010.031005859375,0.0,4010.8720703125,3955.907958984375,3977.5390625,0.0,576600
2026-06-10,3993.22607421875,0.0,4006.31298828125,3963.44189453125,3985.125,0.0,598700
2026-06-11,3987.014892578125,0.0,3997.47802734375,3958.43701171875,3979.7060546875,0.0,568500
2026-06-12,4031.512939453125,0.0,4060.27099609375,4008.177001953125,4017.864990234375,0.0,743100
2026-06-15,4096.47216796875,0.0,4097.166015625,4051.06494140625,4053.58203125,0.0,678900
2026-06-16,4091.89208984375,0.0,4103.92578125,4077.8701171875,4094.2119140625,0.0,615700
2026-06-17,4108.076171875,0.0,4109.9580078125,4073.73193359375,4074.291015625,0.0,608100
2026-06-18,4090.48095703125,0.0,4117.451171875,4080.2939453125,4094.22998046875,0.0,658100
2026-06-22,4163.09716796875,0.0,4164.41796875,4070.172119140625,4093.955078125,0.0,743700
2026-06-23,4106.2509765625,0.0,4175.34814453125,4085.591064453125,4153.5927734375,0.0,709000
2026-06-24,4110.81298828125,0.0,4117.28515625,4075.491943359375,4090.10009765625,0.0,644500
2026-06-25,4120.28076171875,0.0,4133.09814453125,4093.009033203125,4103.48193359375,0.0,670500
2026-06-26,4027.264892578125,0.0,4099.77978515625,4007.85888671875,4098.68701171875,0.0,660100
2026-06-29,4073.902099609375,0.0,4075.333984375,3992.552001953125,4026.68603515625,0.0,659200
2026-06-30,4094.39697265625,0.0,4097.4150390625,4052.169921875,4058.1689453125,0.0,598400
2026-07-01,4112.44482421875,0.0,4143.31298828125,4087.534912109375,4090.760009765625,0.0,672300
2026-07-02,4028.904052734375,0.0,4093.677978515625,4019.215087890625,4054.0859375,0.0,656200
2026-07-03,4043.64306640625,0.0,4073.8798828125,4027.2548828125,4031.3349609375,0.0,602000
2026-07-06,4041.238037109375,0.0,4060.069091796875,4005.4140625,4059.194091796875,0.0,590400
2026-07-07,3990.235107421875,0.0,4028.513916015625,3971.712890625,4019.493896484375,0.0,514500
2026-07-08,3970.8798828125,0.0,4016.02587890625,3967.9130859375,3996.806884765625,0.0,496200
2026-07-09,4036.587890625,0.0,4040.5390625,3938.876953125,3977.547119140625,0.0,553100
2026-07-10,3996.162109375,0.0,4074.827880859375,3995.806884765625,4031.537109375,0.0,627500
2026-07-13,3913.7939453125,0.0,3983.052978515625,3900.6669921875,3966.02294921875,0.0,590900
2026-07-14,3967.1259765625,0.0,3967.1259765625,3869.303955078125,3909.27392578125,0.0,580000
2026-07-15,3955.577880859375,0.0,3981.672119140625,3943.695068359375,3963.72705078125,0.0,576200
2026-07-16,3882.4130859375,0.0,3940.449951171875,3867.60107421875,3912.381103515625,0.0,535300
2026-07-17,3764.155029296875,0.0,3869.215087890625,3745.174072265625,3865.31591796875,0.0,650500
2026-07-20,3796.281005859375,0.0,3831.658935546875,3741.110107421875,3791.662109375,0.0,709200
2026-07-21,3864.366943359375,0.0,3864.60009765625,3743.360107421875,3812.162109375,0.0,735000
2026-07-22,3867.033935546875,0.0,3884.43505859375,3839.6650390625,3839.6650390625,0.0,614300
2026-07-23,3876.777099609375,0.0,3878.83203125,3851.7060546875,3868.0869140625,0.0,562100
2026-07-24,3814.197998046875,0.0,3861.0400390625,3808.635986328125,3853.632080078125,0.0,508200
2026-07-27,3858.2451171875,0.0,3858.31005859375,3793.448974609375,3808.903076171875,0.0,504900
2026-07-28,3813.31494140625,0.0,3844.011962890625,3797.373046875,3823.133056640625,0.0,494800
2026-07-29,3828.468994140625,0.0,3845.76611328125,3782.48095703125,3823.29296875,0.0,571200
2026-07-30,3804.693115234375,0.0,3839.341064453125,3767.5029296875,3812.111083984375,0.0,592300
2026-07-31,3832.261962890625,0.0,3847.093017578125,3822.3740234375,3833.535888671875,0.0,597500
2026-08-03,3809.6630859375,0.0,3827.635986328125,3797.64306640625,3812.613037109375,0.0,524500
2026-08-04,3822.284912109375,0.0,3831.93994140625,3799.52392578125,3816.3701171875,0.0,540300
2026-08-05,3878.429931640625,0.0,3884.39697265625,3815.1220703125,3815.1220703125,0.0,592200
2026-08-06,3900.35205078125,0.0,3902.053955078125,3864.27294921875,3864.27294921875,0.0,588600
2026-08-07,3940.037109375,0.0,3940.93505859375,3885.625,3896.485107421875,0.0,565000
2026-08-10,3966.593994140625,0.0,3967.592041015625,3938.625,3943.81591796875,0.0,542100
2026-08-11,3934.093017578125,0.0,3966.39111328125,3930.638916015625,3950.7080078125,0.0,529500
2026-08-12,3946.511474609375,0.0,3946.83740234375,3927.548828125,3933.55322265625,0.0,1071290328
