Date,Close,Dividends,High,Low,Open,Stock Splits,Volume
2020-01-02,12.470000267028809,0.0,13.720000267028809,12.420000076293945,13.460000038146973,0.0,0
2020-01-03,14.020000457763672,0.0,16.200000762939453,13.130000114440918,15.010000228881836,0.0,0
2020-01-06,13.850000381469727,0.0,16.389999389648438,13.539999961853027,15.449999809265137,0.0,0
2020-01-07,13.789999961853027,0.0,14.460000038146973,13.390000343322754,13.84000015258789,0.0,0
2020-01-08,13.449999809265137,0.0,15.239999771118164,12.829999923706055,15.15999984741211,0.0,0
2020-01-09,12.539999961853027,0.0,13.239999771118164,12.529999732971191,12.949999809265137,0.0,0
2020-01-10,12.5600004196167,0.0,12.869999885559082,12.09000015258789,12.420000076293945,0.0,0
2020-01-13,12.319999694824219,0.0,13.09000015258789,12.319999694824219,12.84000015258789,0.0,0
2020-01-14,12.390000343322754,0.0,13.819999694824219,12.050000190734863,12.720000267028809,0.0,0
2020-01-15,12.420000076293945,0.0,12.829999923706055,11.949999809265137,12.789999961853027,0.0,0
2020-01-16,12.319999694824219,0.0,12.420000076293945,11.779999732971191,12.199999809265137,0.0,0
2020-01-17,12.100000381469727,0.0,12.479999542236328,11.75,12.210000038146973,0.0,0
2020-01-21,12.850000381469727,0.0,13.329999923706055,12.319999694824219,13.229999542236328,0.0,0
2020-01-22,12.90999984741211,0.0,13.010000228881836,12.3100004196167,12.449999809265137,0.0,0
2020-01-23,12.979999542236328,0.0,14.149999618530273,12.9399995803833,13.260000228881836,0.0,0
2020-01-24,14.5600004196167,0.0,15.979999542236328,12.619999885559082,12.75,0.0,0
2020-01-27,18.229999542236328,0.0,19.020000457763672,16.81999969482422,17.420000076293945,0.0,0
2020-01-28,16.280000686645508,0.0,18.030000686645508,15.6899995803833,16.940000534057617,0.0,0
2020-01-29,16.389999389648438,0.0,16.649999618530273,14.9399995803833,15.680000305175781,0.0,0
2020-01-30,15.489999771118164,0.0,18.389999389648438,15.300000190734863,17.81999969482422,0.0,0
2020-01-31,18.84000015258789,0.0,19.989999771118164,16.18000030517578,16.25,0.0,0
2020-02-03,17.969999313354492,0.0,18.8799991607666,17.100000381469727,18.639999389648438,0.0,0
2020-02-04,16.049999237060547,0.0,16.459999084472656,15.630000114440918,16.450000762939453,0.0,0
2020-02-05,15.149999618530273,0.0,16.31999969482422,15.020000457763672,16.290000915527344,0.0,0
2020-02-06,14.960000038146973,0.0,15.65999984741211,14.699999809265137,15.130000114440918,0.0,0
2020-02-07,15.470000267028809,0.0,16.15999984741211,14.8100004196167,15.069999694824219,0.0,0
2020-02-10,15.039999961853027,0.0,16.43000030517578,15.010000228881836,15.880000114440918,0.0,0
2020-02-11,15.180000305175781,0.0,15.270000457763672,14.380000114440918,14.90999984741211,0.0,0
2020-02-12,13.739999771118164,0.0,14.880000114440918,13.729999542236328,14.859999656677246,0.0,0
2020-02-13,14.149999618530273,0.0,15.4399995803833,14.0,14.430000305175781,0.0,0
2020-02-14,13.680000305175781,0.0,14.539999961853027,13.380000114440918,14.119999885559082,0.0,0
2020-02-18,14.829999923706055,0.0,15.489999771118164,14.529999732971191,14.979999542236328,0.0,0
2020-02-19,14.380000114440918,0.0,14.739999771118164,14.210000038146973,14.65999984741211,0.0,0
2020-02-20,15.5600004196167,0.0,17.209999084472656,14.489999771118164,14.539999961853027,0.0,0
2020-02-21,17.079999923706055,0.0,18.209999084472656,16.190000534057617,17.329999923706055,0.0,0
2020-02-24,25.030000686645508,0.0,26.350000381469727,22.0,22.25,0.0,0
2020-02-25,27.850000381469727,0.0,30.25,22.190000534057617,22.190000534057617,0.0,0
2020-02-26,27.559999465942383,0.0,29.56999969482422,24.760000228881836,26.6299991607666,0.0,0
2020-02-27,39.15999984741211,0.0,39.310001373291016,27.790000915527344,28.950000762939453,0.0,0
2020-02-28,40.11000061035156,0.0,49.47999954223633,39.369998931884766,42.02000045776367,0.0,0
2020-03-02,33.41999816894531,0.0,40.40999984741211,31.5,38.540000915527344,0.0,0
2020-03-03,36.81999969482422,0.0,41.060001373291016,24.93000030517578,33.650001525878906,0.0,0
2020-03-04,31.989999771118164,0.0,35.58000183105469,30.299999237060547,34.439998626708984,0.0,0
2020-03-05,39.619998931884766,0.0,42.84000015258789,33.540000915527344,33.61000061035156,0.0,0
2020-03-06,41.939998626708984,0.0,54.38999938964844,40.84000015258789,48.93000030517578,0.0,0
2020-03-09,54.459999084472656,0.0,62.119998931884766,41.939998626708984,41.939998626708984,0.0,0
2020-03-10,47.29999923706055,0.0,55.65999984741211,43.560001373291016,49.68000030517578,0.0,0
2020-03-11,53.900001525878906,0.0,55.81999969482422,49.97999954223633,52.2400016784668,0.0,0
2020-03-12,75.47000122070312,0.0,76.83000183105469,59.90999984741211,61.459999084472656,0.0,0
2020-03-13,57.83000183105469,0.0,77.56999969482422,55.16999816894531,71.30999755859375,0.0,0
2020-03-16,82.69000244140625,0.0,83.55999755859375,57.83000183105469,57.83000183105469,0.0,0
2020-03-17,75.91000366210938,0.0,84.83000183105469,70.37000274658203,82.69000244140625,0.0,0
2020-03-18,76.44999694824219,0.0,85.47000122070312,69.37000274658203,69.37000274658203,0.0,0
2020-03-19,72.0,0.0,84.26000213623047,68.56999969482422,80.62000274658203,0.0,0
2020-03-20,66.04000091552734,0.0,69.51000213623047,57.41999816894531,67.86000061035156,0.0,0
2020-03-23,61.59000015258789,0.0,76.73999786376953,60.459999084472656,74.08000183105469,0.0,0
2020-03-24,61.66999816894531,0.0,61.880001068115234,36.2400016784668,58.7599983215332,0.0,0
2020-03-25,63.95000076293945,0.0,68.86000061035156,58.029998779296875,61.439998626708984,0.0,0
2020-03-26,61.0,0.0,67.05999755859375,57.65999984741211,65.66999816894531,0.0,0
2020-03-27,65.54000091552734,0.0,69.0999984741211,61.79999923706055,64.94999694824219,0.0,0
2020-03-30,57.08000183105469,0.0,67.69000244140625,56.599998474121094,66.30000305175781,0.0,0
2020-03-31,53.540000915527344,0.0,58.75,50.880001068115234,56.689998626708984,0.0,0
2020-04-01,57.060001373291016,0.0,60.59000015258789,52.7599983215332,57.380001068115234,0.0,0
2020-04-02,50.90999984741211,0.0,57.2400016784668,50.45000076293945,54.459999084472656,0.0,0
2020-04-03,46.79999923706055,0.0,52.290000915527344,46.7400016784668,51.11000061035156,0.0,0
2020-04-06,45.2400016784668,0.0,45.72999954223633,43.45000076293945,44.16999816894531,0.0,0
2020-04-07,46.70000076293945,0.0,47.5099983215332,43.5099983215332,44.83000183105469,0.0,0
2020-04-08,43.349998474121094,0.0,47.279998779296875,42.529998779296875,45.900001525878906,0.0,0
2020-04-09,41.66999816894531,0.0,45.72999954223633,41.38999938964844,43.0,0.0,0
2020-04-13,41.16999816894531,0.0,45.040000915527344,41.16999816894531,44.599998474121094,0.0,0
2020-04-14,37.7599983215332,0.0,40.56999969482422,37.310001373291016,40.2400016784668,0.0,0
2020-04-15,40.84000015258789,0.0,43.22999954223633,40.04999923706055,42.56999969482422,0.0,0
2020-04-16,40.11000061035156,0.0,43.02000045776367,39.869998931884766,41.91999816894531,0.0,0
2020-04-17,38.150001525878906,0.0,40.2599983215332,37.630001068115234,39.5,0.0,0
2020-04-20,43.83000183105469,0.0,43.83000183105469,39.880001068115234,40.68000030517578,0.0,0
2020-04-21,45.40999984741211,0.0,47.77000045776367,43.77000045776367,44.279998779296875,0.0,0
2020-04-22,41.97999954223633,0.0,45.06999969482422,41.40999984741211,44.90999984741211,0.0,0
2020-04-23,41.380001068115234,0.0,42.470001220703125,39.060001373291016,41.29999923706055,0.0,0
2020-04-24,35.93000030517578,0.0,40.16999816894531,35.599998474121094,38.79999923706055,0.0,0
2020-04-27,33.290000915527344,0.0,36.439998626708984,32.5099983215332,36.290000915527344,0.0,0
2020-04-28,33.56999969482422,0.0,35.38999938964844,30.540000915527344,33.209999084472656,0.0,0
2020-04-29,31.229999542236328,0.0,33.189998626708984,30.709999084472656,32.47999954223633,0.0,0
2020-04-30,34.150001525878906,0.0,35.939998626708984,30.93000030517578,30.989999771118164,0.0,0
2020-05-01,37.189998626708984,0.0,39.56999969482422,36.59000015258789,38.16999816894531,0.0,0
2020-05-04,35.970001220703125,0.0,40.31999969482422,35.529998779296875,39.130001068115234,0.0,0
2020-05-05,33.61000061035156,0.0,36.220001220703125,31.950000762939453,34.81999969482422,0.0,0
2020-05-06,34.119998931884766,0.0,35.689998626708984,31.68000030517578,32.689998626708984,0.0,0
2020-05-07,31.440000534057617,0.0,32.279998779296875,30.3700008392334,32.119998931884766,0.0,0
2020-05-08,27.979999542236328,0.0,30.389999389648438,27.889999389648438,30.139999389648438,0.0,0
2020-05-11,27.56999969482422,0.0,31.459999084472656,26.969999313354492,28.459999084472656,0.0,0
2020-05-12,33.040000915527344,0.0,33.040000915527344,26.0,28.469999313354492,0.0,0
2020-05-13,35.279998779296875,0.0,37.41999816894531,30.770000457763672,32.7400016784668,0.0,0
2020-05-14,32.61000061035156,0.0,39.279998779296875,32.33000183105469,35.15999984741211,0.0,0
2020-05-15,31.889999389648438,0.0,35.130001068115234,31.040000915527344,32.5,0.0,0
2020-05-18,29.299999237060547,0.0,31.079999923706055,28.350000381469727,30.709999084472656,0.0,0
2020-05-19,30.530000686645508,0.0,30.739999771118164,28.3700008392334,28.729999542236328,0.0,0
2020-05-20,27.989999771118164,0.0,29.829999923706055,27.829999923706055,29.520000457763672,0.0,0
2020-05-21,29.530000686645508,0.0,30.200000762939453,27.670000076293945,28.969999313354492,0.0,0
2020-05-22,28.15999984741211,0.0,31.549999237060547,28.030000686645508,31.360000610351562,0.0,0
2020-05-26,28.010000228881836,0.0,28.579999923706055,27.18000030517578,27.719999313354492,0.0,0
2020-05-27,27.6200008392334,0.0,30.530000686645508,25.920000076293945,27.6200008392334,0.0,0
2020-05-28,28.59000015258789,0.0,29.889999389648438,27.43000030517578,27.81999969482422,0.0,0
2020-05-29,27.510000228881836,0.0,30.15999984741211,27.290000915527344,29.299999237060547,0.0,0
2020-06-01,28.229999542236328,0.0,30.600000381469727,28.110000610351562,28.940000534057617,0.0,0
2020-06-02,26.84000015258789,0.0,28.520000457763672,26.65999984741211,28.399999618530273,0.0,0
2020-06-03,25.65999984741211,0.0,26.979999542236328,25.040000915527344,26.75,0.0,0
2020-06-04,25.809999465942383,0.0,26.43000030517578,24.3799991607666,26.229999542236328,0.0,0
2020-06-05,24.520000457763672,0.0,25.09000015258789,23.540000915527344,24.790000915527344,0.0,0
2020-06-08,25.809999465942383,0.0,25.979999542236328,24.649999618530273,25.559999465942383,0.0,0
2020-06-09,27.56999969482422,0.0,27.700000762939453,25.709999084472656,25.93000030517578,0.0,0
2020-06-10,27.56999969482422,0.0,29.010000228881836,26.059999465942383,26.729999542236328,0.0,0
2020-06-11,40.790000915527344,0.0,42.58000183105469,29.489999771118164,30.450000762939453,0.0,0
2020-06-12,36.09000015258789,0.0,44.15999984741211,34.970001220703125,37.68000030517578,0.0,0
2020-06-15,34.400001525878906,0.0,44.439998626708984,34.279998779296875,44.09000015258789,0.0,0
2020-06-16,33.66999816894531,0.0,37.45000076293945,31.729999542236328,34.279998779296875,0.0,0
2020-06-17,33.470001220703125,0.0,35.16999816894531,32.25,33.279998779296875,0.0,0
2020-06-18,32.939998626708984,0.0,36.25,32.2400016784668,33.83000183105469,0.0,0
2020-06-19,35.119998931884766,0.0,35.119998931884766,30.399999618530273,32.06999969482422,0.0,0
2020-06-22,31.770000457763672,0.0,35.38999938964844,31.639999389648438,35.220001220703125,0.0,0
2020-06-23,31.3700008392334,0.0,31.709999084472656,29.260000228881836,31.709999084472656,0.0,0
2020-06-24,33.84000015258789,0.0,37.119998931884766,30.950000762939453,31.049999237060547,0.0,0
2020-06-25,32.220001220703125,0.0,36.93000030517578,31.59000015258789,36.59000015258789,0.0,0
2020-06-26,34.72999954223633,0.0,36.25,31.040000915527344,33.0099983215332,0.0,0
2020-06-29,31.780000686645508,0.0,36.310001373291016,31.780000686645508,35.04999923706055,0.0,0
2020-06-30,30.43000030517578,0.0,32.939998626708984,29.559999465942383,32.540000915527344,0.0,0
2020-07-01,28.6200008392334,0.0,31.760000228881836,28.200000762939453,30.959999084472656,0.0,0
2020-07-02,27.68000030517578,0.0,28.440000534057617,25.899999618530273,28.329999923706055,0.0,0
2020-07-06,27.940000534057617,0.0,28.329999923706055,24.920000076293945,27.760000228881836,0.0,0
2020-07-07,29.43000030517578,0.0,29.6299991607666,27.25,28.770000457763672,0.0,0
2020-07-08,28.079999923706055,0.0,30.200000762939453,27.239999771118164,28.950000762939453,0.0,0
2020-07-09,29.260000228881836,0.0,31.479999542236328,26.110000610351562,28.18000030517578,0.0,0
2020-07-10,27.290000915527344,0.0,30.90999984741211,27.1299991607666,30.860000610351562,0.0,0
2020-07-13,32.189998626708984,0.0,32.45000076293945,26.8700008392334,27.850000381469727,0.0,0
2020-07-14,29.520000457763672,0.0,33.66999816894531,29.209999084472656,31.139999389648438,0.0,0
2020-07-15,27.760000228881836,0.0,30.09000015258789,27.170000076293945,29.149999618530273,0.0,0
2020-07-16,28.0,0.0,29.290000915527344,26.979999542236328,28.40999984741211,0.0,0
2020-07-17,25.68000030517578,0.0,27.540000915527344,25.40999984741211,27.149999618530273,0.0,0
2020-07-20,24.459999084472656,0.0,27.079999923706055,24.350000381469727,26.940000534057617,0.0,0
2020-07-21,24.84000015258789,0.0,25.649999618530273,23.610000610351562,24.079999923706055,0.0,0
2020-07-22,24.31999969482422,0.0,26.260000228881836,24.1299991607666,24.559999465942383,0.0,0
2020-07-23,26.079999923706055,0.0,26.950000762939453,23.600000381469727,23.969999313354492,0.0,0
2020-07-24,25.84000015258789,0.0,28.579999923706055,25.530000686645508,27.959999084472656,0.0,0
2020-07-27,24.739999771118164,0.0,26.940000534057617,24.549999237060547,26.600000381469727,0.0,0
2020-07-28,25.440000534057617,0.0,25.850000381469727,24.049999237060547,24.860000610351562,0.0,0
2020-07-29,24.100000381469727,0.0,25.420000076293945,23.729999542236328,25.15999984741211,0.0,0
2020-07-30,24.760000228881836,0.0,28.290000915527344,24.639999389648438,25.040000915527344,0.0,0
2020-07-31,24.459999084472656,0.0,26.40999984741211,23.549999237060547,24.790000915527344,0.0,0
2020-08-03,24.280000686645508,0.0,26.010000228881836,22.170000076293945,25.75,0.0,0
2020-08-04,23.760000228881836,0.0,24.760000228881836,22.920000076293945,24.010000228881836,0.0,0
2020-08-05,22.989999771118164,0.0,23.610000610351562,22.860000610351562,23.440000534057617,0.0,0
2020-08-06,22.649999618530273,0.0,24.110000610351562,20.969999313354492,23.030000686645508,0.0,0
2020-08-07,22.209999084472656,0.0,24.020000457763672,22.020000457763672,23.450000762939453,0.0,0
2020-08-10,22.1299991607666,0.0,23.520000457763672,21.459999084472656,22.8799991607666,0.0,0
2020-08-11,24.030000686645508,0.0,24.93000030517578,20.280000686645508,21.850000381469727,0.0,0
2020-08-12,22.280000686645508,0.0,22.8799991607666,21.540000915527344,22.81999969482422,0.0,0
2020-08-13,22.1299991607666,0.0,22.920000076293945,21.450000762939453,22.200000762939453,0.0,0
2020-08-14,22.049999237060547,0.0,23.549999237060547,21.790000915527344,22.270000457763672,0.0,0
2020-08-17,21.350000381469727,0.0,22.81999969482422,21.34000015258789,22.520000457763672,0.0,0
2020-08-18,21.510000228881836,0.0,22.549999237060547,21.18000030517578,21.690000534057617,0.0,0
2020-08-19,22.540000915527344,0.0,22.979999542236328,20.989999771118164,21.600000381469727,0.0,0
2020-08-20,22.719999313354492,0.0,24.600000381469727,22.3700008392334,24.100000381469727,0.0,0
2020-08-21,22.540000915527344,0.0,24.469999313354492,22.059999465942383,22.579999923706055,0.0,0
2020-08-24,22.3700008392334,0.0,23.18000030517578,21.25,22.8700008392334,0.0,0
2020-08-25,22.030000686645508,0.0,23.43000030517578,21.530000686645508,22.15999984741211,0.0,0
2020-08-26,23.270000457763672,0.0,23.270000457763672,20.920000076293945,22.139999389648438,0.0,0
2020-08-27,24.469999313354492,0.0,27.09000015258789,21.440000534057617,23.420000076293945,0.0,0
2020-08-28,22.959999084472656,0.0,26.299999237060547,22.639999389648438,24.59000015258789,0.0,0
2020-08-31,26.40999984741211,0.0,26.5,21.770000457763672,23.90999984741211,0.0,0
2020-09-01,26.1200008392334,0.0,26.59000015258789,25.020000457763672,25.860000610351562,0.0,0
2020-09-02,26.56999969482422,0.0,27.06999969482422,25.530000686645508,26.010000228881836,0.0,0
2020-09-03,33.599998474121094,0.0,35.939998626708984,25.65999984741211,26.280000686645508,0.0,0
2020-09-04,30.75,0.0,38.279998779296875,29.5,34.619998931884766,0.0,0
2020-09-08,31.459999084472656,0.0,35.93000030517578,30.520000457763672,30.610000610351562,0.0,0
2020-09-09,28.809999465942383,0.0,31.780000686645508,28.1200008392334,31.68000030517578,0.0,0
2020-09-10,29.709999084472656,0.0,30.559999465942383,27.59000015258789,28.670000076293945,0.0,0
2020-09-11,26.8700008392334,0.0,29.729999542236328,26.510000228881836,28.6299991607666,0.0,0
2020-09-14,25.850000381469727,0.0,26.790000915527344,25.3799991607666,25.860000610351562,0.0,0
2020-09-15,25.59000015258789,0.0,26.0,24.920000076293945,25.920000076293945,0.0,0
2020-09-16,26.040000915527344,0.0,26.59000015258789,24.84000015258789,25.309999465942383,0.0,0
2020-09-17,26.459999084472656,0.0,28.920000076293945,26.260000228881836,28.219999313354492,0.0,0
2020-09-18,25.829999923706055,0.0,28.100000381469727,25.280000686645508,26.649999618530273,0.0,0
2020-09-21,27.780000686645508,0.0,31.18000030517578,27.389999389648438,28.040000915527344,0.0,0
2020-09-22,26.860000610351562,0.0,28.780000686645508,26.479999542236328,28.610000610351562,0.0,0
2020-09-23,28.579999923706055,0.0,29.729999542236328,25.190000534057617,27.020000457763672,0.0,0
2020-09-24,28.510000228881836,0.0,30.489999771118164,27.940000534057617,29.540000915527344,0.0,0
2020-09-25,26.3799991607666,0.0,30.43000030517578,26.020000457763672,28.170000076293945,0.0,0
2020-09-28,26.190000534057617,0.0,27.190000534057617,24.899999618530273,27.149999618530273,0.0,0
2020-09-29,26.270000457763672,0.0,27.43000030517578,25.979999542236328,26.809999465942383,0.0,0
2020-09-30,26.3700008392334,0.0,27.1200008392334,25.059999465942383,26.690000534057617,0.0,0
2020-10-01,26.700000762939453,0.0,27.110000610351562,25.329999923706055,25.780000686645508,0.0,0
2020-10-02,27.6299991607666,0.0,29.899999618530273,26.93000030517578,28.8700008392334,0.0,0
2020-10-05,27.959999084472656,0.0,29.690000534057617,27.270000457763672,29.520000457763672,0.0,0
2020-10-06,29.479999542236328,0.0,30.0,26.010000228881836,28.049999237060547,0.0,0
2020-10-07,28.059999465942383,0.0,29.760000228881836,27.940000534057617,29.260000228881836,0.0,0
2020-10-08,26.360000610351562,0.0,27.989999771118164,24.8799991607666,27.649999618530273,0.0,0
2020-10-09,25.0,0.0,26.219999313354492,24.030000686645508,26.200000762939453,0.0,0
2020-10-12,25.06999969482422,0.0,25.649999618530273,24.139999389648438,25.649999618530273,0.0,0
2020-10-13,26.06999969482422,0.0,26.93000030517578,25.15999984741211,25.670000076293945,0.0,0
2020-10-14,26.399999618530273,0.0,27.229999542236328,25.530000686645508,25.719999313354492,0.0,0
2020-10-15,26.969999313354492,0.0,29.059999465942383,26.81999969482422,27.100000381469727,0.0,0
2020-10-16,27.40999984741211,0.0,27.459999084472656,26.190000534057617,27.15999984741211,0.0,0
2020-10-19,29.18000030517578,0.0,29.690000534057617,27.040000915527344,27.360000610351562,0.0,0
2020-10-20,29.350000381469727,0.0,29.600000381469727,28.290000915527344,28.809999465942383,0.0,0
2020-10-21,28.649999618530273,0.0,30.549999237060547,28.3700008392334,29.1200008392334,0.0,0
2020-10-22,28.110000610351562,0.0,30.1200008392334,27.68000030517578,30.100000381469727,0.0,0
2020-10-23,27.549999237060547,0.0,28.670000076293945,27.260000228881836,28.469999313354492,0.0,0
2020-10-26,32.459999084472656,0.0,33.68000030517578,29.219999313354492,29.3799991607666,0.0,0
2020-10-27,33.349998474121094,0.0,33.77000045776367,31.850000381469727,32.040000915527344,0.0,0
2020-10-28,40.279998779296875,0.0,40.77000045776367,34.68000030517578,34.689998626708984,0.0,0
2020-10-29,37.59000015258789,0.0,41.15999984741211,35.630001068115234,38.79999923706055,0.0,0
2020-10-30,38.02000045776367,0.0,41.09000015258789,36.5,40.810001373291016,0.0,0
2020-11-02,37.130001068115234,0.0,38.779998779296875,36.130001068115234,38.56999969482422,0.0,0
2020-11-03,35.54999923706055,0.0,36.439998626708984,34.189998626708984,36.439998626708984,0.0,0
2020-11-04,29.56999969482422,0.0,36.849998474121094,28.030000686645508,36.790000915527344,0.0,0
2020-11-05,27.579999923706055,0.0,28.139999389648438,26.040000915527344,27.559999465942383,0.0,0
2020-11-06,24.860000610351562,0.0,29.440000534057617,24.559999465942383,27.8700008392334,0.0,0
2020-11-09,25.75,0.0,25.81999969482422,22.40999984741211,24.799999237060547,0.0,0
2020-11-10,24.799999237060547,0.0,26.770000457763672,24.350000381469727,25.360000610351562,0.0,0
2020-11-11,23.450000762939453,0.0,25.1200008392334,22.56999969482422,25.010000228881836,0.0,0
2020-11-12,25.350000381469727,0.0,27.270000457763672,23.530000686645508,24.389999389648438,0.0,0
2020-11-13,23.100000381469727,0.0,25.030000686645508,22.739999771118164,24.940000534057617,0.0,0
2020-11-16,22.450000762939453,0.0,24.079999923706055,22.43000030517578,23.65999984741211,0.0,0
2020-11-17,22.709999084472656,0.0,24.09000015258789,22.34000015258789,22.84000015258789,0.0,0
2020-11-18,23.84000015258789,0.0,23.920000076293945,21.65999984741211,22.860000610351562,0.0,0
2020-11-19,23.110000610351562,0.0,24.520000457763672,22.559999465942383,23.6200008392334,0.0,0
2020-11-20,23.700000762939453,0.0,23.729999542236328,22.1299991607666,23.43000030517578,0.0,0
2020-11-23,22.65999984741211,0.0,23.959999084472656,22.450000762939453,23.65999984741211,0.0,0
2020-11-24,21.639999389648438,0.0,22.479999542236328,20.799999237060547,22.040000915527344,0.0,0
2020-11-25,21.25,0.0,22.5,21.1299991607666,21.649999618530273,0.0,0
2020-11-27,20.84000015258789,0.0,21.600000381469727,19.510000228881836,21.520000457763672,0.0,0
2020-11-30,20.56999969482422,0.0,22.889999389648438,20.479999542236328,22.639999389648438,0.0,0
2020-12-01,20.770000457763672,0.0,20.920000076293945,20.0,20.209999084472656,0.0,0
2020-12-02,21.170000076293945,0.0,21.25,20.040000915527344,21.0,0.0,0
2020-12-03,21.280000686645508,0.0,21.8799991607666,20.719999313354492,21.239999771118164,0.0,0
2020-12-04,20.790000915527344,0.0,21.149999618530273,19.969999313354492,21.049999237060547,0.0,0
2020-12-07,21.299999237060547,0.0,22.6200008392334,21.170000076293945,22.040000915527344,0.0,0
2020-12-08,20.68000030517578,0.0,22.25,20.520000457763672,21.649999618530273,0.0,0
2020-12-09,22.270000457763672,0.0,22.93000030517578,20.100000381469727,20.65999984741211,0.0,0
2020-12-10,22.520000457763672,0.0,23.459999084472656,21.530000686645508,22.1200008392334,0.0,0
2020-12-11,23.309999465942383,0.0,25.139999389648438,22.479999542236328,22.489999771118164,0.0,0
2020-12-14,24.719999313354492,0.0,24.81999969482422,21.950000762939453,22.670000076293945,0.0,0
2020-12-15,22.889999389648438,0.0,24.06999969482422,22.729999542236328,24.0,0.0,0
2020-12-16,22.5,0.0,23.670000076293945,22.290000915527344,22.510000228881836,0.0,0
2020-12-17,21.93000030517578,0.0,22.270000457763672,21.520000457763672,21.979999542236328,0.0,0
2020-12-18,21.56999969482422,0.0,23.770000457763672,21.56999969482422,22.149999618530273,0.0,0
2020-12-21,25.15999984741211,0.0,31.459999084472656,24.229999542236328,24.25,0.0,0
2020-12-22,24.229999542236328,0.0,25.559999465942383,23.530000686645508,25.239999771118164,0.0,0
2020-12-23,23.309999465942383,0.0,23.68000030517578,22.1299991607666,23.489999771118164,0.0,0
2020-12-24,21.530000686645508,0.0,22.829999923706055,21.389999389648438,22.469999313354492,0.0,0
2020-12-28,21.700000762939453,0.0,22.1200008392334,21.149999618530273,22.110000610351562,0.0,0
2020-12-29,23.079999923706055,0.0,23.719999313354492,20.989999771118164,21.610000610351562,0.0,0
2020-12-30,22.770000457763672,0.0,23.149999618530273,22.40999984741211,22.579999923706055,0.0,0
2020-12-31,22.75,0.0,23.25,21.239999771118164,22.989999771118164,0.0,0
2021-01-04,26.969999313354492,0.0,29.190000534057617,22.559999465942383,23.040000915527344,0.0,0
2021-01-05,25.34000015258789,0.0,28.600000381469727,24.799999237060547,26.940000534057617,0.0,0
2021-01-06,25.06999969482422,0.0,26.770000457763672,22.139999389648438,25.479999542236328,0.0,0
2021-01-07,22.3700008392334,0.0,23.90999984741211,22.25,23.670000076293945,0.0,0
2021-01-08,21.559999465942383,0.0,23.34000015258789,21.420000076293945,22.43000030517578,0.0,0
2021-01-11,24.079999923706055,0.0,24.809999465942383,23.229999542236328,23.309999465942383,0.0,0
2021-01-12,23.329999923706055,0.0,25.149999618530273,22.829999923706055,23.489999771118164,0.0,0
2021-01-13,22.209999084472656,0.0,24.18000030517578,21.920000076293945,23.06999969482422,0.0,0
2021-01-14,23.25,0.0,23.469999313354492,21.65999984741211,22.219999313354492,0.0,0
2021-01-15,24.34000015258789,0.0,25.799999237060547,23.079999923706055,23.520000457763672,0.0,0
2021-01-19,23.239999771118164,0.0,23.559999465942383,22.530000686645508,23.030000686645508,0.0,0
2021-01-20,21.579999923706055,0.0,22.860000610351562,21.3700008392334,22.81999969482422,0.0,0
2021-01-21,21.31999969482422,0.0,22.219999313354492,21.09000015258789,21.34000015258789,0.0,0
2021-01-22,21.90999984741211,0.0,23.729999542236328,21.270000457763672,22.239999771118164,0.0,0
2021-01-25,23.190000534057617,0.0,26.6299991607666,22.200000762939453,22.309999465942383,0.0,0
2021-01-26,23.020000457763672,0.0,23.940000534057617,22.549999237060547,23.90999984741211,0.0,0
2021-01-27,37.209999084472656,0.0,37.209999084472656,23.709999084472656,23.81999969482422,0.0,0
2021-01-28,30.209999084472656,0.0,36.290000915527344,27.389999389648438,33.25,0.0,0
2021-01-29,33.09000015258789,0.0,37.5099983215332,29.239999771118164,35.15999984741211,0.0,0
2021-02-01,30.239999771118164,0.0,33.959999084472656,29.030000686645508,31.450000762939453,0.0,0
2021-02-02,25.559999465942383,0.0,28.079999923706055,25.309999465942383,28.010000228881836,0.0,0
2021-02-03,22.90999984741211,0.0,25.43000030517578,22.90999984741211,24.59000015258789,0.0,0
2021-02-04,21.770000457763672,0.0,23.440000534057617,21.68000030517578,23.440000534057617,0.0,0
2021-02-05,20.8700008392334,0.0,22.15999984741211,20.860000610351562,21.989999771118164,0.0,0
2021-02-08,21.239999771118164,0.0,22.06999969482422,21.229999542236328,21.889999389648438,0.0,0
2021-02-09,21.6299991607666,0.0,22.260000228881836,20.649999618530273,21.56999969482422,0.0,0
2021-02-10,21.989999771118164,0.0,23.850000381469727,19.690000534057617,21.639999389648438,0.0,0
2021-02-11,21.25,0.0,23.25,21.110000610351562,22.09000015258789,0.0,0
2021-02-12,19.969999313354492,0.0,22.450000762939453,19.950000762939453,21.600000381469727,0.0,0
2021-02-16,21.459999084472656,0.0,22.459999084472656,20.8799991607666,21.1299991607666,0.0,0
2021-02-17,21.5,0.0,23.440000534057617,21.09000015258789,22.020000457763672,0.0,0
2021-02-18,22.489999771118164,0.0,24.229999542236328,21.799999237060547,21.979999542236328,0.0,0
2021-02-19,22.049999237060547,0.0,23.190000534057617,20.84000015258789,23.100000381469727,0.0,0
2021-02-22,23.450000762939453,0.0,25.09000015258789,21.959999084472656,24.459999084472656,0.0,0
2021-02-23,23.110000610351562,0.0,27.010000228881836,22.5,22.81999969482422,0.0,0
2021-02-24,21.34000015258789,0.0,25.040000915527344,21.309999465942383,23.760000228881836,0.0,0
2021-02-25,28.889999389648438,0.0,31.15999984741211,21.520000457763672,21.729999542236328,0.0,0
2021-02-26,27.950000762939453,0.0,30.81999969482422,25.229999542236328,28.729999542236328,0.0,0
2021-03-01,23.350000381469727,0.0,25.389999389648438,23.170000076293945,25.200000762939453,0.0,0
2021-03-02,24.100000381469727,0.0,24.600000381469727,22.799999237060547,23.579999923706055,0.0,0
2021-03-03,26.670000076293945,0.0,26.790000915527344,22.450000762939453,22.799999237060547,0.0,0
2021-03-04,28.56999969482422,0.0,31.899999618530273,24.93000030517578,26.520000457763672,0.0,0
2021-03-05,24.65999984741211,0.0,30.030000686645508,24.329999923706055,29.479999542236328,0.0,0
2021-03-08,25.469999313354492,0.0,28.389999389648438,24.06999969482422,27.610000610351562,0.0,0
2021-03-09,24.030000686645508,0.0,25.25,22.899999618530273,25.110000610351562,0.0,0
2021-03-10,22.559999465942383,0.0,23.8700008392334,22.3799991607666,23.760000228881836,0.0,0
2021-03-11,21.90999984741211,0.0,22.5,21.450000762939453,22.5,0.0,0
2021-03-12,20.690000534057617,0.0,22.989999771118164,20.6299991607666,22.56999969482422,0.0,0
2021-03-15,20.030000686645508,0.0,21.860000610351562,19.8700008392334,21.84000015258789,0.0,0
2021-03-16,19.790000915527344,0.0,20.309999465942383,19.329999923706055,20.139999389648438,0.0,0
2021-03-17,19.229999542236328,0.0,20.950000762939453,19.18000030517578,20.100000381469727,0.0,0
2021-03-18,21.579999923706055,0.0,22.600000381469727,18.950000762939453,18.950000762939453,0.0,0
2021-03-19,20.950000762939453,0.0,23.170000076293945,19.899999618530273,21.43000030517578,0.0,0
2021-03-22,18.8799991607666,0.0,22.290000915527344,18.8700008392334,21.90999984741211,0.0,0
2021-03-23,20.299999237060547,0.0,21.579999923706055,18.799999237060547,19.459999084472656,0.0,0
2021-03-24,21.200000762939453,0.0,21.489999771118164,19.299999237060547,20.639999389648438,0.0,0
2021-03-25,19.809999465942383,0.0,23.549999237060547,19.809999465942383,20.799999237060547,0.0,0
2021-03-26,18.860000610351562,0.0,21.489999771118164,18.68000030517578,19.31999969482422,0.0,0
2021-03-29,20.739999771118164,0.0,21.600000381469727,19.420000076293945,20.399999618530273,0.0,0
2021-03-30,19.610000610351562,0.0,21.75,19.469999313354492,20.760000228881836,0.0,0
2021-03-31,19.399999618530273,0.0,20.110000610351562,18.850000381469727,19.799999237060547,0.0,0
2021-04-01,17.329999923706055,0.0,18.639999389648438,17.290000915527344,18.600000381469727,0.0,0
2021-04-05,17.90999984741211,0.0,18.399999618530273,17.350000381469727,18.15999984741211,0.0,0
2021-04-06,18.1200008392334,0.0,18.299999237060547,17.3700008392334,18.06999969482422,0.0,0
2021-04-07,17.15999984741211,0.0,18.170000076293945,16.8700008392334,17.989999771118164,0.0,0
2021-04-08,16.950000762939453,0.0,17.360000610351562,16.549999237060547,16.920000076293945,0.0,0
2021-04-09,16.690000534057617,0.0,17.34000015258789,16.200000762939453,17.049999237060547,0.0,0
2021-04-12,16.90999984741211,0.0,17.90999984741211,16.809999465942383,17.43000030517578,0.0,0
2021-04-13,16.649999618530273,0.0,17.860000610351562,16.43000030517578,16.989999771118164,0.0,0
2021-04-14,16.989999771118164,0.0,17.690000534057617,15.380000114440918,16.709999084472656,0.0,0
2021-04-15,16.56999969482422,0.0,16.920000076293945,15.9399995803833,16.780000686645508,0.0,0
2021-04-16,16.25,0.0,16.8799991607666,16.049999237060547,16.649999618530273,0.0,0
2021-04-19,17.290000915527344,0.0,18.610000610351562,16.780000686645508,17.040000915527344,0.0,0
2021-04-20,18.68000030517578,0.0,19.700000762939453,17.239999771118164,17.360000610351562,0.0,0
2021-04-21,17.5,0.0,19.290000915527344,16.90999984741211,18.479999542236328,0.0,0
2021-04-22,18.709999084472656,0.0,19.899999618530273,16.989999771118164,17.280000686645508,0.0,0
2021-04-23,17.329999923706055,0.0,18.780000686645508,16.799999237060547,18.559999465942383,0.0,0
2021-04-26,17.639999389648438,0.0,18.170000076293945,16.8700008392334,17.940000534057617,0.0,0
2021-04-27,17.559999465942383,0.0,18.15999984741211,16.969999313354492,17.6200008392334,0.0,0
2021-04-28,17.280000686645508,0.0,17.84000015258789,16.670000076293945,17.469999313354492,0.0,0
2021-04-29,17.610000610351562,0.0,18.8700008392334,16.770000457763672,16.8799991607666,0.0,0
2021-04-30,18.610000610351562,0.0,19.25,17.639999389648438,17.670000076293945,0.0,0
2021-05-03,18.309999465942383,0.0,19.1200008392334,17.799999237060547,18.649999618530273,0.0,0
2021-05-04,19.479999542236328,0.0,21.850000381469727,18.110000610351562,18.15999984741211,0.0,0
2021-05-05,19.149999618530273,0.0,19.579999923706055,17.889999389648438,18.84000015258789,0.0,0
2021-05-06,18.389999389648438,0.0,20.600000381469727,18.209999084472656,18.40999984741211,0.0,0
2021-05-07,16.690000534057617,0.0,18.56999969482422,16.68000030517578,18.450000762939453,0.0,0
2021-05-10,19.65999984741211,0.0,19.75,17.06999969482422,17.34000015258789,0.0,0
2021-05-11,21.84000015258789,0.0,23.729999542236328,20.709999084472656,21.170000076293945,0.0,0
2021-05-12,27.59000015258789,0.0,28.3799991607666,21.65999984741211,22.420000076293945,0.0,0
2021-05-13,23.1299991607666,0.0,28.93000030517578,22.229999542236328,26.030000686645508,0.0,0
2021-05-14,18.809999465942383,0.0,22.100000381469727,18.65999984741211,21.770000457763672,0.0,0
2021-05-17,19.719999313354492,0.0,21.579999923706055,19.670000076293945,19.889999389648438,0.0,0
2021-05-18,21.34000015258789,0.0,21.450000762939453,18.809999465942383,18.889999389648438,0.0,0
2021-05-19,22.18000030517578,0.0,25.959999084472656,21.8799991607666,22.459999084472656,0.0,0
2021-05-20,20.670000076293945,0.0,23.5,20.190000534057617,22.329999923706055,0.0,0
2021-05-21,20.149999618530273,0.0,20.889999389648438,19.530000686645508,20.420000076293945,0.0,0
2021-05-24,18.399999618530273,0.0,20.510000228881836,18.3799991607666,20.5,0.0,0
2021-05-25,18.84000015258789,0.0,19.290000915527344,16.8700008392334,18.350000381469727,0.0,0
2021-05-26,17.360000610351562,0.0,18.920000076293945,17.350000381469727,18.3700008392334,0.0,0
2021-05-27,16.739999771118164,0.0,18.170000076293945,16.520000457763672,18.030000686645508,0.0,0
2021-05-28,16.760000228881836,0.0,16.860000610351562,15.899999618530273,16.799999237060547,0.0,0
2021-06-01,17.899999618530273,0.0,18.530000686645508,15.680000305175781,17.239999771118164,0.0,0
2021-06-02,17.479999542236328,0.0,18.309999465942383,16.739999771118164,17.860000610351562,0.0,0
2021-06-03,18.040000915527344,0.0,19.270000457763672,17.450000762939453,17.729999542236328,0.0,0
2021-06-04,16.420000076293945,0.0,18.420000076293945,16.18000030517578,18.09000015258789,0.0,0
2021-06-07,16.420000076293945,0.0,17.350000381469727,15.779999732971191,17.34000015258789,0.0,0
2021-06-08,17.06999969482422,0.0,17.75,15.149999618530273,16.579999923706055,0.0,0
2021-06-09,17.889999389648438,0.0,17.959999084472656,15.550000190734863,17.18000030517578,0.0,0
2021-06-10,16.100000381469727,0.0,18.290000915527344,16.010000228881836,18.18000030517578,0.0,0
2021-06-11,15.649999618530273,0.0,16.200000762939453,15.149999618530273,16.18000030517578,0.0,0
2021-06-14,16.389999389648438,0.0,17.040000915527344,15.039999961853027,16.040000915527344,0.0,0
2021-06-15,17.020000457763672,0.0,17.350000381469727,16.139999389648438,16.270000457763672,0.0,0
2021-06-16,18.149999618530273,0.0,19.110000610351562,16.420000076293945,16.989999771118164,0.0,0
2021-06-17,17.75,0.0,19.219999313354492,16.709999084472656,18.489999771118164,0.0,0
2021-06-18,20.700000762939453,0.0,21.040000915527344,16.920000076293945,16.959999084472656,0.0,0
2021-06-21,17.889999389648438,0.0,21.81999969482422,17.809999465942383,21.739999771118164,0.0,0
2021-06-22,16.65999984741211,0.0,18.31999969482422,15.760000228881836,17.90999984741211,0.0,0
2021-06-23,16.31999969482422,0.0,16.84000015258789,14.859999656677246,16.25,0.0,0
2021-06-24,15.970000267028809,0.0,16.049999237060547,14.1899995803833,15.989999771118164,0.0,0
2021-06-25,15.619999885559082,0.0,16.170000076293945,15.210000038146973,16.040000915527344,0.0,0
2021-06-28,15.760000228881836,0.0,16.459999084472656,15.390000343322754,16.06999969482422,0.0,0
2021-06-29,16.020000457763672,0.0,16.309999465942383,14.100000381469727,15.6899995803833,0.0,0
2021-06-30,15.829999923706055,0.0,17.309999465942383,15.579999923706055,16.18000030517578,0.0,0
2021-07-01,15.479999542236328,0.0,16.010000228881836,15.3100004196167,15.619999885559082,0.0,0
2021-07-02,15.069999694824219,0.0,15.539999961853027,14.25,15.529999732971191,0.0,0
2021-07-06,16.440000534057617,0.0,17.940000534057617,15.729999542236328,15.770000457763672,0.0,0
2021-07-07,16.200000762939453,0.0,17.639999389648438,16.079999923706055,16.43000030517578,0.0,0
2021-07-08,19.0,0.0,21.290000915527344,17.739999771118164,17.739999771118164,0.0,0
2021-07-09,16.18000030517578,0.0,18.1299991607666,16.079999923706055,17.8799991607666,0.0,0
2021-07-12,16.170000076293945,0.0,17.520000457763672,16.139999389648438,16.850000381469727,0.0,0
2021-07-13,17.1200008392334,0.0,17.229999542236328,15.9399995803833,16.389999389648438,0.0,0
2021-07-14,16.329999923706055,0.0,17.510000228881836,15.949999809265137,17.34000015258789,0.0,0
2021-07-15,17.010000228881836,0.0,18.09000015258789,16.559999465942383,16.700000762939453,0.0,0
2021-07-16,18.450000762939453,0.0,18.700000762939453,16.030000686645508,16.799999237060547,0.0,0
2021-07-19,22.5,0.0,25.09000015258789,19.270000457763672,19.610000610351562,0.0,0
2021-07-20,19.729999542236328,0.0,22.969999313354492,19.3700008392334,20.889999389648438,0.0,0
2021-07-21,17.90999984741211,0.0,19.81999969482422,17.809999465942383,19.729999542236328,0.0,0
2021-07-22,17.690000534057617,0.0,18.450000762939453,17.399999618530273,17.59000015258789,0.0,0
2021-07-23,17.200000762939453,0.0,17.479999542236328,16.329999923706055,16.979999542236328,0.0,0
2021-07-26,17.579999923706055,0.0,19.389999389648438,17.530000686645508,18.670000076293945,0.0,0
2021-07-27,19.360000610351562,0.0,20.440000534057617,18.25,18.6200008392334,0.0,0
2021-07-28,18.309999465942383,0.0,19.6200008392334,17.520000457763672,19.40999984741211,0.0,0
2021-07-29,17.700000762939453,0.0,18.010000228881836,17.190000534057617,17.90999984741211,0.0,0
2021-07-30,18.239999771118164,0.0,19.719999313354492,17.530000686645508,19.690000534057617,0.0,0
2021-08-02,19.459999084472656,0.0,19.8700008392334,17.989999771118164,18.15999984741211,0.0,0
2021-08-03,18.040000915527344,0.0,20.440000534057617,17.700000762939453,19.170000076293945,0.0,0
2021-08-04,17.969999313354492,0.0,18.899999618530273,17.670000076293945,18.229999542236328,0.0,0
2021-08-05,17.280000686645508,0.0,17.84000015258789,17.229999542236328,17.729999542236328,0.0,0
2021-08-06,16.149999618530273,0.0,17.5,16.139999389648438,17.459999084472656,0.0,0
2021-08-09,16.719999313354492,0.0,17.389999389648438,16.59000015258789,17.1200008392334,0.0,0
2021-08-10,16.790000915527344,0.0,17.049999237060547,16.34000015258789,16.81999969482422,0.0,0
2021-08-11,16.170000076293945,0.0,17.09000015258789,16.06999969482422,16.809999465942383,0.0,0
2021-08-12,15.59000015258789,0.0,16.420000076293945,15.489999771118164,16.329999923706055,0.0,0
2021-08-13,15.449999809265137,0.0,15.720000267028809,15.1899995803833,15.680000305175781,0.0,0
2021-08-16,16.1200008392334,0.0,17.709999084472656,16.020000457763672,17.049999237060547,0.0,0
2021-08-17,17.90999984741211,0.0,19.559999465942383,16.709999084472656,17.309999465942383,0.0,0
2021-08-18,21.56999969482422,0.0,21.639999389648438,17.309999465942383,17.559999465942383,0.0,0
2021-08-19,21.670000076293945,0.0,24.739999771118164,20.3700008392334,23.1200008392334,0.0,0
2021-08-20,18.559999465942383,0.0,23.899999618530273,18.18000030517578,22.739999771118164,0.0,0
2021-08-23,17.149999618530273,0.0,18.950000762939453,16.950000762939453,18.829999923706055,0.0,0
2021-08-24,17.219999313354492,0.0,17.510000228881836,16.940000534057617,16.959999084472656,0.0,0
2021-08-25,16.790000915527344,0.0,17.5,16.459999084472656,17.420000076293945,0.0,0
2021-08-26,18.84000015258789,0.0,19.270000457763672,17.15999984741211,17.459999084472656,0.0,0
2021-08-27,16.389999389648438,0.0,18.219999313354492,16.110000610351562,17.950000762939453,0.0,0
2021-08-30,16.190000534057617,0.0,16.799999237060547,15.979999542236328,16.770000457763672,0.0,0
2021-08-31,16.479999542236328,0.0,17.06999969482422,15.90999984741211,15.979999542236328,0.0,0
2021-09-01,16.110000610351562,0.0,16.709999084472656,15.680000305175781,16.059999465942383,0.0,0
2021-09-02,16.40999984741211,0.0,16.979999542236328,15.729999542236328,16.270000457763672,0.0,0
2021-09-03,16.40999984741211,0.0,17.059999465942383,16.079999923706055,16.270000457763672,0.0,0
2021-09-07,18.139999389648438,0.0,18.389999389648438,16.889999389648438,16.940000534057617,0.0,0
2021-09-08,17.959999084472656,0.0,19.639999389648438,17.780000686645508,18.969999313354492,0.0,0
2021-09-09,18.799999237060547,0.0,19.540000915527344,17.170000076293945,19.440000534057617,0.0,0
2021-09-10,20.950000762939453,0.0,21.1299991607666,16.989999771118164,17.940000534057617,0.0,0
2021-09-13,19.3700008392334,0.0,21.18000030517578,18.760000228881836,19.639999389648438,0.0,0
2021-09-14,19.459999084472656,0.0,20.469999313354492,18.389999389648438,19.579999923706055,0.0,0
2021-09-15,18.18000030517578,0.0,20.270000457763672,18.010000228881836,19.299999237060547,0.0,0
2021-09-16,18.690000534057617,0.0,19.760000228881836,17.649999618530273,18.40999984741211,0.0,0
2021-09-17,20.809999465942383,0.0,21.510000228881836,18.350000381469727,18.3700008392334,0.0,0
2021-09-20,25.709999084472656,0.0,28.790000915527344,23.899999618530273,24.25,0.0,0
2021-09-21,24.360000610351562,0.0,25.600000381469727,21.709999084472656,23.40999984741211,0.0,0
2021-09-22,20.8700008392334,0.0,23.399999618530273,20.75,22.719999313354492,0.0,0
2021-09-23,18.6299991607666,0.0,20.209999084472656,18.420000076293945,19.90999984741211,0.0,0
2021-09-24,17.75,0.0,20.40999984741211,17.6299991607666,19.329999923706055,0.0,0
2021-09-27,18.760000228881836,0.0,19.31999969482422,17.739999771118164,17.780000686645508,0.0,0
2021-09-28,23.25,0.0,24.81999969482422,19.709999084472656,19.739999771118164,0.0,0
2021-09-29,22.559999465942383,0.0,23.790000915527344,21.450000762939453,22.06999969482422,0.0,0
2021-09-30,23.139999389648438,0.0,24.709999084472656,20.600000381469727,21.479999542236328,0.0,0
2021-10-01,21.100000381469727,0.0,24.889999389648438,20.850000381469727,24.780000686645508,0.0,0
2021-10-04,22.959999084472656,0.0,24.579999923706055,21.8799991607666,22.899999618530273,0.0,0
2021-10-05,21.299999237060547,0.0,23.170000076293945,20.6200008392334,22.920000076293945,0.0,0
2021-10-06,21.0,0.0,24.399999618530273,20.989999771118164,22.950000762939453,0.0,0
2021-10-07,19.540000915527344,0.0,20.760000228881836,19.06999969482422,20.540000915527344,0.0,0
2021-10-08,18.770000457763672,0.0,19.940000534057617,18.200000762939453,19.459999084472656,0.0,0
2021-10-11,20.0,0.0,20.450000762939453,18.110000610351562,19.93000030517578,0.0,0
2021-10-12,19.850000381469727,0.0,20.809999465942383,18.969999313354492,20.6200008392334,0.0,0
2021-10-13,18.639999389648438,0.0,20.229999542236328,18.440000534057617,20.139999389648438,0.0,0
2021-10-14,16.860000610351562,0.0,18.079999923706055,16.799999237060547,18.010000228881836,0.0,0
2021-10-15,16.299999237060547,0.0,16.850000381469727,15.720000267028809,16.639999389648438,0.0,0
2021-10-18,16.309999465942383,0.0,17.93000030517578,16.270000457763672,17.290000915527344,0.0,0
2021-10-19,15.699999809265137,0.0,16.309999465942383,15.569999694824219,16.09000015258789,0.0,0
2021-10-20,15.489999771118164,0.0,15.890000343322754,15.289999961853027,15.819999694824219,0.0,0
2021-10-21,15.010000228881836,0.0,16.110000610351562,14.920000076293945,16.059999465942383,0.0,0
2021-10-22,15.430000305175781,0.0,16.389999389648438,14.84000015258789,15.350000381469727,0.0,0
2021-10-25,15.239999771118164,0.0,16.329999923706055,15.100000381469727,16.139999389648438,0.0,0
2021-10-26,15.979999542236328,0.0,16.709999084472656,14.899999618530273,15.020000457763672,0.0,0
2021-10-27,16.979999542236328,0.0,17.290000915527344,15.539999961853027,15.789999961853027,0.0,0
2021-10-28,16.530000686645508,0.0,17.15999984741211,16.229999542236328,17.059999465942383,0.0,0
2021-10-29,16.260000228881836,0.0,18.059999465942383,16.1299991607666,17.399999618530273,0.0,0
2021-11-01,16.40999984741211,0.0,17.700000762939453,16.31999969482422,16.850000381469727,0.0,0
2021-11-02,16.030000686645508,0.0,16.649999618530273,15.890000343322754,16.540000915527344,0.0,0
2021-11-03,15.100000381469727,0.0,16.389999389648438,14.899999618530273,16.110000610351562,0.0,0
2021-11-04,15.4399995803833,0.0,16.139999389648438,14.729999542236328,15.0600004196167,0.0,0
2021-11-05,16.479999542236328,0.0,17.020000457763672,14.949999809265137,15.59000015258789,0.0,0
2021-11-08,17.219999313354492,0.0,17.690000534057617,16.440000534057617,17.229999542236328,0.0,0
2021-11-09,17.780000686645508,0.0,18.56999969482422,17.209999084472656,17.43000030517578,0.0,0
2021-11-10,18.729999542236328,0.0,19.899999618530273,17.219999313354492,17.739999771118164,0.0,0
2021-11-11,17.65999984741211,0.0,18.389999389648438,17.270000457763672,18.34000015258789,0.0,0
2021-11-12,16.290000915527344,0.0,17.690000534057617,16.149999618530273,17.489999771118164,0.0,0
2021-11-15,16.489999771118164,0.0,17.459999084472656,16.489999771118164,17.030000686645508,0.0,0
2021-11-16,16.3700008392334,0.0,17.079999923706055,16.030000686645508,16.860000610351562,0.0,0
2021-11-17,17.110000610351562,0.0,17.190000534057617,16.280000686645508,16.360000610351562,0.0,0
2021-11-18,17.59000015258789,0.0,18.149999618530273,16.3799991607666,16.809999465942383,0.0,0
2021-11-19,17.90999984741211,0.0,19.010000228881836,17.229999542236328,17.360000610351562,0.0,0
2021-11-22,19.170000076293945,0.0,19.59000015258789,17.350000381469727,18.200000762939453,0.0,0
2021-11-23,19.3799991607666,0.0,20.90999984741211,19.030000686645508,20.239999771118164,0.0,0
2021-11-24,18.579999923706055,0.0,20.959999084472656,18.520000457763672,19.170000076293945,0.0,0
2021-11-26,28.6200008392334,0.0,28.989999771118164,23.8799991607666,26.6200008392334,0.0,0
2021-11-29,22.959999084472656,0.0,25.690000534057617,21.709999084472656,25.309999465942383,0.0,0
2021-11-30,27.190000534057617,0.0,28.559999465942383,23.709999084472656,26.229999542236328,0.0,0
2021-12-01,31.1200008392334,0.0,32.61000061035156,22.3799991607666,24.920000076293945,0.0,0
2021-12-02,27.950000762939453,0.0,30.68000030517578,27.149999618530273,29.440000534057617,0.0,0
2021-12-03,30.670000076293945,0.0,35.31999969482422,25.889999389648438,26.950000762939453,0.0,0
2021-12-06,27.18000030517578,0.0,30.81999969482422,26.75,28.989999771118164,0.0,0
2021-12-07,21.889999389648438,0.0,24.690000534057617,21.579999923706055,24.579999923706055,0.0,0
2021-12-08,19.899999618530273,0.0,23.110000610351562,19.850000381469727,21.739999771118164,0.0,0
2021-12-09,21.579999923706055,0.0,22.1200008392334,19.940000534057617,20.309999465942383,0.0,0
2021-12-10,18.690000534057617,0.0,21.299999237060547,18.690000534057617,21.270000457763672,0.0,0
2021-12-13,20.309999465942383,0.0,21.18000030517578,18.959999084472656,19.290000915527344,0.0,0
2021-12-14,21.889999389648438,0.0,23.0,19.670000076293945,19.670000076293945,0.0,0
2021-12-15,19.290000915527344,0.0,23.469999313354492,19.020000457763672,21.600000381469727,0.0,0
2021-12-16,20.56999969482422,0.0,22.1299991607666,18.190000534057617,18.559999465942383,0.0,0
2021-12-17,21.56999969482422,0.0,23.260000228881836,20.489999771118164,20.700000762939453,0.0,0
2021-12-20,22.8700008392334,0.0,27.389999389648438,22.850000381469727,25.889999389648438,0.0,0
2021-12-21,21.010000228881836,0.0,22.68000030517578,20.899999618530273,22.280000686645508,0.0,0
2021-12-22,18.6299991607666,0.0,21.360000610351562,18.59000015258789,21.040000915527344,0.0,0
2021-12-23,17.959999084472656,0.0,18.93000030517578,17.6200008392334,18.809999465942383,0.0,0
2021-12-27,17.68000030517578,0.0,19.40999984741211,17.549999237060547,19.3700008392334,0.0,0
2021-12-28,17.540000915527344,0.0,18.469999313354492,17.510000228881836,17.780000686645508,0.0,0
2021-12-29,16.950000762939453,0.0,18.0,16.709999084472656,17.6299991607666,0.0,0
2021-12-30,17.329999923706055,0.0,17.790000915527344,16.6200008392334,17.299999237060547,0.0,0
2021-12-31,17.219999313354492,0.0,18.270000457763672,16.989999771118164,17.6299991607666,0.0,0
2022-01-03,16.600000381469727,0.0,18.540000915527344,16.559999465942383,17.600000381469727,0.0,0
2022-01-04,16.90999984741211,0.0,17.809999465942383,16.34000015258789,16.56999969482422,0.0,0
2022-01-05,19.729999542236328,0.0,20.170000076293945,16.579999923706055,17.06999969482422,0.0,0
2022-01-06,19.610000610351562,0.0,21.059999465942383,19.079999923706055,20.290000915527344,0.0,0
2022-01-07,18.760000228881836,0.0,20.799999237060547,18.56999969482422,19.850000381469727,0.0,0
2022-01-10,19.399999618530273,0.0,23.329999923706055,19.290000915527344,19.579999923706055,0.0,0
2022-01-11,18.40999984741211,0.0,21.0,18.200000762939453,19.6200008392334,0.0,0
2022-01-12,17.6200008392334,0.0,18.690000534057617,17.360000610351562,18.170000076293945,0.0,0
2022-01-13,20.309999465942383,0.0,20.610000610351562,17.450000762939453,18.059999465942383,0.0,0
2022-01-14,19.190000534057617,0.0,22.06999969482422,19.049999237060547,20.110000610351562,0.0,0
2022-01-18,22.790000915527344,0.0,23.200000762939453,21.18000030517578,21.18000030517578,0.0,0
2022-01-19,23.850000381469727,0.0,23.989999771118164,21.850000381469727,23.1200008392334,0.0,0
2022-01-20,25.59000015258789,0.0,25.889999389648438,21.68000030517578,23.459999084472656,0.0,0
2022-01-21,28.850000381469727,0.0,29.790000915527344,25.309999465942383,25.3799991607666,0.0,0
2022-01-24,29.899999618530273,0.0,38.939998626708984,28.020000457763672,28.200000762939453,0.0,0
2022-01-25,31.15999984741211,0.0,35.849998474121094,29.1299991607666,32.290000915527344,0.0,0
2022-01-26,31.959999084472656,0.0,33.040000915527344,26.899999618530273,29.350000381469727,0.0,0
2022-01-27,30.489999771118164,0.0,33.0,28.420000076293945,32.189998626708984,0.0,0
2022-01-28,27.65999984741211,0.0,32.81999969482422,27.280000686645508,30.270000457763672,0.0,0
2022-01-31,24.829999923706055,0.0,29.40999984741211,24.709999084472656,28.360000610351562,0.0,0
2022-02-01,21.959999084472656,0.0,25.329999923706055,21.959999084472656,24.56999969482422,0.0,0
2022-02-02,22.09000015258789,0.0,22.729999542236328,20.459999084472656,21.559999465942383,0.0,0
2022-02-03,24.350000381469727,0.0,25.809999465942383,22.299999237060547,22.6299991607666,0.0,0
2022-02-04,23.219999313354492,0.0,26.260000228881836,22.06999969482422,23.770000457763672,0.0,0
2022-02-07,22.860000610351562,0.0,24.81999969482422,22.020000457763672,24.09000015258789,0.0,0
2022-02-08,21.440000534057617,0.0,23.479999542236328,21.31999969482422,23.09000015258789,0.0,0
2022-02-09,19.959999084472656,0.0,21.299999237060547,19.93000030517578,21.270000457763672,0.0,0
2022-02-10,23.90999984741211,0.0,24.770000457763672,20.18000030517578,20.3700008392334,0.0,0
2022-02-11,27.360000610351562,0.0,30.989999771118164,23.329999923706055,24.389999389648438,0.0,0
2022-02-14,28.329999923706055,0.0,32.040000915527344,28.329999923706055,29.170000076293945,0.0,0
2022-02-15,25.700000762939453,0.0,28.09000015258789,25.329999923706055,28.09000015258789,0.0,0
2022-02-16,24.290000915527344,0.0,27.09000015258789,23.8799991607666,25.190000534057617,0.0,0
2022-02-17,28.110000610351562,0.0,28.3700008392334,24.760000228881836,24.829999923706055,0.0,0
2022-02-18,27.75,0.0,29.709999084472656,26.3799991607666,26.65999984741211,0.0,0
2022-02-22,28.809999465942383,0.0,32.040000915527344,28.399999618530273,31.799999237060547,0.0,0
2022-02-23,31.020000457763672,0.0,31.06999969482422,27.200000762939453,28.040000915527344,0.0,0
2022-02-24,30.31999969482422,0.0,37.790000915527344,29.450000762939453,37.5,0.0,0
2022-02-25,27.59000015258789,0.0,32.0,26.93000030517578,31.68000030517578,0.0,0
2022-02-28,30.149999618530273,0.0,33.5099983215332,28.43000030517578,32.439998626708984,0.0,0
2022-03-01,33.31999969482422,0.0,35.189998626708984,29.440000534057617,29.450000762939453,0.0,0
2022-03-02,30.739999771118164,0.0,34.40999984741211,30.1200008392334,34.20000076293945,0.0,0
2022-03-03,30.479999542236328,0.0,32.0099983215332,29.309999465942383,30.520000457763672,0.0,0
2022-03-04,31.979999542236328,0.0,34.650001525878906,31.469999313354492,31.899999618530273,0.0,0
2022-03-07,36.45000076293945,0.0,36.54999923706055,32.59000015258789,35.880001068115234,0.0,0
2022-03-08,35.130001068115234,0.0,37.52000045776367,32.779998779296875,36.189998626708984,0.0,0
2022-03-09,32.45000076293945,0.0,34.119998931884766,31.389999389648438,33.7400016784668,0.0,0
2022-03-10,30.229999542236328,0.0,34.029998779296875,30.229999542236328,33.029998779296875,0.0,0
2022-03-11,30.75,0.0,31.040000915527344,28.84000015258789,30.43000030517578,0.0,0
2022-03-14,31.770000457763672,0.0,33.18000030517578,30.059999465942383,31.030000686645508,0.0,0
2022-03-15,29.829999923706055,0.0,33.83000183105469,29.56999969482422,33.130001068115234,0.0,0
2022-03-16,26.670000076293945,0.0,29.799999237060547,26.290000915527344,29.020000457763672,0.0,0
2022-03-17,25.670000076293945,0.0,27.469999313354492,25.25,26.510000228881836,0.0,0
2022-03-18,23.8700008392334,0.0,26.81999969482422,23.850000381469727,26.360000610351562,0.0,0
2022-03-21,23.530000686645508,0.0,25.360000610351562,22.989999771118164,25.139999389648438,0.0,0
2022-03-22,22.940000534057617,0.0,24.020000457763672,22.700000762939453,24.020000457763672,0.0,0
2022-03-23,23.56999969482422,0.0,24.030000686645508,22.639999389648438,23.040000915527344,0.0,0
2022-03-24,21.670000076293945,0.0,23.790000915527344,21.489999771118164,23.610000610351562,0.0,0
2022-03-25,20.809999465942383,0.0,22.860000610351562,20.799999237060547,21.8700008392334,0.0,0
2022-03-28,19.6299991607666,0.0,23.329999923706055,19.540000915527344,22.139999389648438,0.0,0
2022-03-29,18.899999618530273,0.0,19.729999542236328,18.670000076293945,19.700000762939453,0.0,0
2022-03-30,19.329999923706055,0.0,20.510000228881836,18.719999313354492,19.3799991607666,0.0,0
2022-03-31,20.559999465942383,0.0,21.479999542236328,19.540000915527344,19.68000030517578,0.0,0
2022-04-01,19.6299991607666,0.0,20.860000610351562,19.40999984741211,20.6200008392334,0.0,0
2022-04-04,18.56999969482422,0.0,20.780000686645508,18.450000762939453,20.75,0.0,0
2022-04-05,21.030000686645508,0.0,21.56999969482422,18.549999237060547,18.790000915527344,0.0,0
2022-04-06,22.100000381469727,0.0,24.780000686645508,21.239999771118164,21.270000457763672,0.0,0
2022-04-07,21.549999237060547,0.0,23.81999969482422,21.1200008392334,21.969999313354492,0.0,0
2022-04-08,21.15999984741211,0.0,22.34000015258789,20.280000686645508,21.25,0.0,0
2022-04-11,24.3700008392334,0.0,24.420000076293945,22.09000015258789,23.09000015258789,0.0,0
2022-04-12,24.260000228881836,0.0,25.3799991607666,22.270000457763672,24.940000534057617,0.0,0
2022-04-13,21.81999969482422,0.0,24.450000762939453,21.3700008392334,23.520000457763672,0.0,0
2022-04-14,22.700000762939453,0.0,22.700000762939453,20.850000381469727,21.719999313354492,0.0,0
2022-04-18,22.170000076293945,0.0,24.600000381469727,21.979999542236328,24.520000457763672,0.0,0
2022-04-19,21.3700008392334,0.0,22.920000076293945,20.360000610351562,22.549999237060547,0.0,0
2022-04-20,20.31999969482422,0.0,21.31999969482422,19.75,21.1299991607666,0.0,0
2022-04-21,22.68000030517578,0.0,23.280000686645508,19.809999465942383,20.239999771118164,0.0,0
2022-04-22,28.209999084472656,0.0,28.270000457763672,22.6200008392334,22.709999084472656,0.0,0
2022-04-25,27.020000457763672,0.0,31.600000381469727,26.799999237060547,30.040000915527344,0.0,0
2022-04-26,33.52000045776367,0.0,33.810001373291016,27.059999465942383,27.3799991607666,0.0,0
2022-04-27,31.600000381469727,0.0,32.77000045776367,29.81999969482422,31.110000610351562,0.0,0
2022-04-28,29.989999771118164,0.0,32.0,28.0,29.90999984741211,0.0,0
2022-04-29,33.400001525878906,0.0,34.34000015258789,28.540000915527344,28.969999313354492,0.0,0
2022-05-02,32.34000015258789,0.0,36.63999938964844,31.739999771118164,33.349998474121094,0.0,0
2022-05-03,29.25,0.0,32.81999969482422,29.059999465942383,31.760000228881836,0.0,0
2022-05-04,25.420000076293945,0.0,29.420000076293945,24.940000534057617,29.1200008392334,0.0,0
2022-05-05,31.200000762939453,0.0,33.20000076293945,25.780000686645508,25.969999313354492,0.0,0
2022-05-06,30.190000534057617,0.0,35.34000015258789,29.829999923706055,32.22999954223633,0.0,0
2022-05-09,34.75,0.0,35.47999954223633,31.899999618530273,31.899999618530273,0.0,0
2022-05-10,32.9900016784668,0.0,34.84000015258789,32.2400016784668,33.65999984741211,0.0,0
2022-05-11,32.560001373291016,0.0,34.38999938964844,30.690000534057617,32.869998931884766,0.0,0
2022-05-12,31.770000457763672,0.0,34.7599983215332,31.700000762939453,33.7400016784668,0.0,0
2022-05-13,28.8700008392334,0.0,31.200000762939453,28.780000686645508,31.09000015258789,0.0,0
2022-05-16,27.469999313354492,0.0,30.229999542236328,27.360000610351562,30.010000228881836,0.0,0
2022-05-17,26.100000381469727,0.0,27.170000076293945,25.510000228881836,27.06999969482422,0.0,0
2022-05-18,30.959999084472656,0.0,31.489999771118164,26.209999084472656,26.739999771118164,0.0,0
2022-05-19,29.350000381469727,0.0,33.11000061035156,29.059999465942383,31.239999771118164,0.0,0
2022-05-20,29.43000030517578,0.0,32.90999984741211,28.059999465942383,28.780000686645508,0.0,0
2022-05-23,28.479999542236328,0.0,30.389999389648438,28.290000915527344,28.979999542236328,0.0,0
2022-05-24,29.450000762939453,0.0,31.06999969482422,29.040000915527344,29.43000030517578,0.0,0
2022-05-25,28.3700008392334,0.0,30.229999542236328,28.15999984741211,29.329999923706055,0.0,0
2022-05-26,27.5,0.0,28.459999084472656,27.110000610351562,28.420000076293945,0.0,0
2022-05-27,25.719999313354492,0.0,27.540000915527344,25.56999969482422,27.5,0.0,0
2022-05-31,26.190000534057617,0.0,28.350000381469727,25.940000534057617,27.469999313354492,0.0,0
2022-06-01,25.690000534057617,0.0,27.729999542236328,25.3799991607666,26.049999237060547,0.0,0
2022-06-02,24.719999313354492,0.0,26.5,24.329999923706055,25.729999542236328,0.0,0
2022-06-03,24.790000915527344,0.0,25.959999084472656,24.760000228881836,24.90999984741211,0.0,0
2022-06-06,25.06999969482422,0.0,25.809999465942383,24.81999969482422,25.3700008392334,0.0,0
2022-06-07,24.020000457763672,0.0,26.239999771118164,23.8799991607666,25.540000915527344,0.0,0
2022-06-08,23.959999084472656,0.0,24.780000686645508,23.739999771118164,24.3700008392334,0.0,0
2022-06-09,26.09000015258789,0.0,26.239999771118164,23.81999969482422,24.290000915527344,0.0,0
2022-06-10,27.75,0.0,29.6299991607666,26.049999237060547,26.260000228881836,0.0,0
2022-06-13,34.02000045776367,0.0,35.04999923706055,31.290000915527344,31.3700008392334,0.0,0
2022-06-14,32.689998626708984,0.0,34.0,32.060001373291016,33.0099983215332,0.0,0
2022-06-15,29.6200008392334,0.0,32.77000045776367,27.760000228881836,32.38999938964844,0.0,0
2022-06-16,32.95000076293945,0.0,34.81999969482422,30.350000381469727,30.350000381469727,0.0,0
2022-06-17,31.1299991607666,0.0,33.310001373291016,30.469999313354492,32.84000015258789,0.0,0
2022-06-21,30.190000534057617,0.0,30.649999618530273,29.329999923706055,30.6299991607666,0.0,0
2022-06-22,28.950000762939453,0.0,31.56999969482422,28.780000686645508,31.450000762939453,0.0,0
2022-06-23,29.049999237060547,0.0,29.770000457763672,28.739999771118164,29.290000915527344,0.0,0
2022-06-24,27.229999542236328,0.0,29.719999313354492,26.829999923706055,29.06999969482422,0.0,0
2022-06-27,26.950000762939453,0.0,28.65999984741211,26.93000030517578,28.299999237060547,0.0,0
2022-06-28,28.360000610351562,0.0,28.68000030517578,26.469999313354492,26.899999618530273,0.0,0
2022-06-29,28.15999984741211,0.0,29.360000610351562,27.850000381469727,28.799999237060547,0.0,0
2022-06-30,28.709999084472656,0.0,30.219999313354492,28.280000686645508,29.420000076293945,0.0,0
2022-07-01,26.700000762939453,0.0,29.59000015258789,26.690000534057617,29.530000686645508,0.0,0
2022-07-05,27.540000915527344,0.0,29.81999969482422,27.299999237060547,27.3700008392334,0.0,0
2022-07-06,26.729999542236328,0.0,28.06999969482422,26.43000030517578,27.84000015258789,0.0,0
2022-07-07,26.079999923706055,0.0,26.790000915527344,25.65999984741211,26.729999542236328,0.0,0
2022-07-08,24.639999389648438,0.0,26.610000610351562,24.43000030517578,26.40999984741211,0.0,0
2022-07-11,26.170000076293945,0.0,26.739999771118164,25.790000915527344,26.420000076293945,0.0,0
2022-07-12,27.290000915527344,0.0,27.75,25.81999969482422,27.139999389648438,0.0,0
2022-07-13,26.81999969482422,0.0,29.059999465942383,26.229999542236328,27.350000381469727,0.0,0
2022-07-14,26.399999618530273,0.0,28.450000762939453,26.200000762939453,27.469999313354492,0.0,0
2022-07-15,24.229999542236328,0.0,26.719999313354492,24.1299991607666,26.719999313354492,0.0,0
2022-07-18,25.299999237060547,0.0,25.90999984741211,24.3799991607666,24.829999923706055,0.0,0
2022-07-19,24.5,0.0,25.40999984741211,24.229999542236328,25.1200008392334,0.0,0
2022-07-20,23.8799991607666,0.0,24.729999542236328,23.399999618530273,24.229999542236328,0.0,0
2022-07-21,23.110000610351562,0.0,24.670000076293945,22.920000076293945,24.06999969482422,0.0,0
2022-07-22,23.030000686645508,0.0,23.809999465942383,22.40999984741211,23.299999237060547,0.0,0
2022-07-25,23.360000610351562,0.0,24.56999969482422,23.190000534057617,24.329999923706055,0.0,0
2022-07-26,24.690000534057617,0.0,25.309999465942383,23.81999969482422,23.950000762939453,0.0,0
2022-07-27,23.239999771118164,0.0,24.40999984741211,23.020000457763672,24.270000457763672,0.0,0
2022-07-28,22.329999923706055,0.0,23.540000915527344,22.219999313354492,23.329999923706055,0.0,0
2022-07-29,21.329999923706055,0.0,22.15999984741211,21.209999084472656,22.1299991607666,0.0,0
2022-08-01,22.84000015258789,0.0,23.270000457763672,22.260000228881836,22.40999984741211,0.0,0
2022-08-02,23.93000030517578,0.0,24.68000030517578,22.670000076293945,24.079999923706055,0.0,0
2022-08-03,21.950000762939453,0.0,23.920000076293945,21.68000030517578,23.860000610351562,0.0,0
2022-08-04,21.440000534057617,0.0,22.65999984741211,21.440000534057617,22.059999465942383,0.0,0
2022-08-05,21.149999618530273,0.0,22.579999923706055,20.760000228881836,21.5,0.0,0
2022-08-08,21.290000915527344,0.0,22.010000228881836,20.829999923706055,21.739999771118164,0.0,0
2022-08-09,21.770000457763672,0.0,22.229999542236328,21.40999984741211,21.40999984741211,0.0,0
2022-08-10,19.739999771118164,0.0,22.34000015258789,19.540000915527344,22.280000686645508,0.0,0
2022-08-11,20.200000762939453,0.0,20.850000381469727,19.709999084472656,19.84000015258789,0.0,0
2022-08-12,19.530000686645508,0.0,20.350000381469727,19.1200008392334,20.34000015258789,0.0,0
2022-08-15,19.950000762939453,0.0,21.15999984741211,19.809999465942383,20.739999771118164,0.0,0
2022-08-16,19.690000534057617,0.0,20.389999389648438,19.5,20.229999542236328,0.0,0
2022-08-17,19.899999618530273,0.0,20.6299991607666,19.40999984741211,19.739999771118164,0.0,0
2022-08-18,19.559999465942383,0.0,20.610000610351562,19.43000030517578,20.510000228881836,0.0,0
2022-08-19,20.600000381469727,0.0,21.270000457763672,20.079999923706055,20.15999984741211,0.0,0
2022-08-22,23.799999237060547,0.0,24.6200008392334,22.389999389648438,22.40999984741211,0.0,0
2022-08-23,24.110000610351562,0.0,24.209999084472656,23.06999969482422,24.1299991607666,0.0,0
2022-08-24,22.81999969482422,0.0,24.860000610351562,22.729999542236328,24.3700008392334,0.0,0
2022-08-25,21.780000686645508,0.0,23.1299991607666,21.770000457763672,22.40999984741211,0.0,0
2022-08-26,25.559999465942383,0.0,25.899999618530273,21.670000076293945,22.06999969482422,0.0,0
2022-08-29,26.209999084472656,0.0,27.670000076293945,25.469999313354492,26.860000610351562,0.0,0
2022-08-30,26.209999084472656,0.0,27.690000534057617,25.1299991607666,25.75,0.0,0
2022-08-31,25.8700008392334,0.0,26.6200008392334,25.309999465942383,25.860000610351562,0.0,0
2022-09-01,25.559999465942383,0.0,27.450000762939453,25.25,26.8799991607666,0.0,0
2022-09-02,25.469999313354492,0.0,26.280000686645508,23.190000534057617,25.510000228881836,0.0,0
2022-09-06,26.90999984741211,0.0,27.799999237060547,25.329999923706055,25.459999084472656,0.0,0
2022-09-07,24.639999389648438,0.0,27.149999618530273,24.540000915527344,26.93000030517578,0.0,0
2022-09-08,23.610000610351562,0.0,25.899999618530273,23.559999465942383,24.700000762939453,0.0,0
2022-09-09,22.790000915527344,0.0,23.56999969482422,22.639999389648438,23.489999771118164,0.0,0
2022-09-12,23.8700008392334,0.0,24.229999542236328,23.15999984741211,23.579999923706055,0.0,0
2022-09-13,27.270000457763672,0.0,28.149999618530273,23.530000686645508,23.670000076293945,0.0,0
2022-09-14,26.15999984741211,0.0,27.559999465942383,26.15999984741211,26.729999542236328,0.0,0
2022-09-15,26.270000457763672,0.0,26.93000030517578,25.420000076293945,26.100000381469727,0.0,0
2022-09-16,26.299999237060547,0.0,28.450000762939453,26.139999389648438,27.469999313354492,0.0,0
2022-09-19,25.760000228881836,0.0,27.950000762939453,25.559999465942383,27.690000534057617,0.0,0
2022-09-20,27.15999984741211,0.0,27.809999465942383,25.610000610351562,25.649999618530273,0.0,0
2022-09-21,27.989999771118164,0.0,30.18000030517578,25.549999237060547,28.030000686645508,0.0,0
2022-09-22,27.350000381469727,0.0,28.3799991607666,26.709999084472656,28.15999984741211,0.0,0
2022-09-23,29.920000076293945,0.0,32.310001373291016,27.579999923706055,27.68000030517578,0.0,0
2022-09-26,32.2599983215332,0.0,32.880001068115234,29.829999923706055,31.739999771118164,0.0,0
2022-09-27,32.599998474121094,0.0,34.13999938964844,30.299999237060547,31.200000762939453,0.0,0
2022-09-28,30.18000030517578,0.0,34.880001068115234,30.030000686645508,34.5,0.0,0
2022-09-29,31.84000015258789,0.0,33.459999084472656,31.15999984741211,31.670000076293945,0.0,0
2022-09-30,31.6200008392334,0.0,33.25,29.389999389648438,31.610000610351562,0.0,0
2022-10-03,30.100000381469727,0.0,33.060001373291016,29.6299991607666,33.0,0.0,0
2022-10-04,29.06999969482422,0.0,29.6200008392334,28.559999465942383,29.520000457763672,0.0,0
2022-10-05,28.549999237060547,0.0,30.110000610351562,28.5,29.360000610351562,0.0,0
2022-10-06,30.520000457763672,0.0,30.739999771118164,28.559999465942383,28.600000381469727,0.0,0
2022-10-07,31.360000610351562,0.0,32.02000045776367,29.8799991607666,30.3700008392334,0.0,0
2022-10-10,32.45000076293945,0.0,33.9900016784668,32.04999923706055,32.93000030517578,0.0,0
2022-10-11,33.630001068115234,0.0,34.43000030517578,32.45000076293945,33.560001373291016,0.0,0
2022-10-12,33.56999969482422,0.0,34.529998779296875,33.11000061035156,33.540000915527344,0.0,0
2022-10-13,31.940000534057617,0.0,33.869998931884766,31.6299991607666,33.599998474121094,0.0,0
2022-10-14,32.02000045776367,0.0,32.97999954223633,31.139999389648438,31.889999389648438,0.0,0
2022-10-17,31.3700008392334,0.0,32.59000015258789,30.700000762939453,32.27000045776367,0.0,0
2022-10-18,30.5,0.0,31.93000030517578,30.420000076293945,31.100000381469727,0.0,0
2022-10-19,30.760000228881836,0.0,31.899999618530273,30.760000228881836,30.940000534057617,0.0,0
2022-10-20,29.979999542236328,0.0,31.31999969482422,29.760000228881836,31.299999237060547,0.0,0
2022-10-21,29.690000534057617,0.0,30.440000534057617,29.239999771118164,30.209999084472656,0.0,0
2022-10-24,29.850000381469727,0.0,30.950000762939453,29.780000686645508,30.649999618530273,0.0,0
2022-10-25,28.459999084472656,0.0,30.0,28.219999313354492,29.799999237060547,0.0,0
2022-10-26,27.280000686645508,0.0,28.520000457763672,27.270000457763672,28.440000534057617,0.0,0
2022-10-27,27.389999389648438,0.0,27.670000076293945,26.940000534057617,27.510000228881836,0.0,0
2022-10-28,25.75,0.0,27.59000015258789,25.75,27.43000030517578,0.0,0
2022-10-31,25.8799991607666,0.0,27.06999969482422,25.84000015258789,26.90999984741211,0.0,0
2022-11-01,25.809999465942383,0.0,26.350000381469727,25.65999984741211,25.959999084472656,0.0,0
2022-11-02,25.860000610351562,0.0,26.6200008392334,25.389999389648438,26.040000915527344,0.0,0
2022-11-03,25.299999237060547,0.0,26.8700008392334,25.100000381469727,25.979999542236328,0.0,0
2022-11-04,24.549999237060547,0.0,25.709999084472656,24.0,25.6299991607666,0.0,0
2022-11-07,24.350000381469727,0.0,25.670000076293945,24.34000015258789,25.670000076293945,0.0,0
2022-11-08,25.540000915527344,0.0,26.15999984741211,24.239999771118164,24.709999084472656,0.0,0
2022-11-09,26.09000015258789,0.0,26.350000381469727,25.020000457763672,25.34000015258789,0.0,0
2022-11-10,23.530000686645508,0.0,26.59000015258789,22.84000015258789,26.510000228881836,0.0,0
2022-11-11,22.520000457763672,0.0,23.90999984741211,22.3700008392334,23.889999389648438,0.0,0
2022-11-14,23.729999542236328,0.0,24.329999923706055,22.860000610351562,23.989999771118164,0.0,0
2022-11-15,24.540000915527344,0.0,26.219999313354492,23.18000030517578,23.770000457763672,0.0,0
2022-11-16,24.110000610351562,0.0,24.719999313354492,23.989999771118164,24.290000915527344,0.0,0
2022-11-17,23.93000030517578,0.0,25.18000030517578,23.809999465942383,24.049999237060547,0.0,0
2022-11-18,23.1200008392334,0.0,24.1200008392334,22.979999542236328,24.030000686645508,0.0,0
2022-11-21,22.360000610351562,0.0,24.1200008392334,22.299999237060547,24.049999237060547,0.0,0
2022-11-22,21.290000915527344,0.0,22.709999084472656,21.280000686645508,22.59000015258789,0.0,0
2022-11-23,20.350000381469727,0.0,21.780000686645508,20.31999969482422,21.489999771118164,0.0,0
2022-11-25,20.5,0.0,21.110000610351562,20.459999084472656,20.610000610351562,0.0,0
2022-11-28,22.209999084472656,0.0,22.5,21.649999618530273,22.09000015258789,0.0,0
2022-11-29,21.889999389648438,0.0,22.56999969482422,21.829999923706055,22.09000015258789,0.0,0
2022-11-30,20.579999923706055,0.0,22.6299991607666,20.309999465942383,21.700000762939453,0.0,0
2022-12-01,19.84000015258789,0.0,21.059999465942383,19.799999237060547,20.829999923706055,0.0,0
2022-12-02,19.059999465942383,0.0,20.959999084472656,18.950000762939453,20.420000076293945,0.0,0
2022-12-05,20.75,0.0,21.290000915527344,19.780000686645508,20.299999237060547,0.0,0
2022-12-06,22.170000076293945,0.0,22.600000381469727,20.3799991607666,20.690000534057617,0.0,0
2022-12-07,22.68000030517578,0.0,23.010000228881836,22.18000030517578,22.31999969482422,0.0,0
2022-12-08,22.290000915527344,0.0,23.280000686645508,22.059999465942383,22.809999465942383,0.0,0
2022-12-09,22.829999923706055,0.0,23.209999084472656,22.18000030517578,22.549999237060547,0.0,0
2022-12-12,25.0,0.0,25.049999237060547,24.18000030517578,24.399999618530273,0.0,0
2022-12-13,22.549999237060547,0.0,25.84000015258789,21.459999084472656,25.239999771118164,0.0,0
2022-12-14,21.139999389648438,0.0,23.469999313354492,21.06999969482422,22.829999923706055,0.0,0
2022-12-15,22.829999923706055,0.0,23.670000076293945,21.25,21.520000457763672,0.0,0
2022-12-16,22.6200008392334,0.0,23.829999923706055,22.09000015258789,23.260000228881836,0.0,0
2022-12-19,22.420000076293945,0.0,22.860000610351562,21.610000610351562,22.6299991607666,0.0,0
2022-12-20,21.479999542236328,0.0,23.389999389648438,21.350000381469727,23.170000076293945,0.0,0
2022-12-21,20.06999969482422,0.0,21.290000915527344,19.940000534057617,21.25,0.0,0
2022-12-22,21.969999313354492,0.0,24.299999237060547,20.010000228881836,20.079999923706055,0.0,0
2022-12-23,20.8700008392334,0.0,22.639999389648438,20.780000686645508,22.170000076293945,0.0,0
2022-12-27,21.649999618530273,0.0,22.799999237060547,21.59000015258789,21.670000076293945,0.0,0
2022-12-28,22.139999389648438,0.0,22.260000228881836,20.959999084472656,21.469999313354492,0.0,0
2022-12-29,21.440000534057617,0.0,22.309999465942383,21.360000610351562,22.25,0.0,0
2022-12-30,21.670000076293945,0.0,22.399999618530273,21.59000015258789,21.829999923706055,0.0,0
2023-01-03,22.899999618530273,0.0,23.760000228881836,22.729999542236328,23.09000015258789,0.0,0
2023-01-04,22.010000228881836,0.0,23.270000457763672,21.940000534057617,22.93000030517578,0.0,0
2023-01-05,22.459999084472656,0.0,22.920000076293945,21.969999313354492,22.200000762939453,0.0,0
2023-01-06,21.1299991607666,0.0,22.899999618530273,21.0,22.690000534057617,0.0,0
2023-01-09,21.969999313354492,0.0,21.979999542236328,21.270000457763672,21.75,0.0,0
2023-01-10,20.579999923706055,0.0,22.459999084472656,20.579999923706055,22.219999313354492,0.0,0
2023-01-11,21.09000015258789,0.0,21.25,20.6200008392334,20.799999237060547,0.0,0
2023-01-12,18.829999923706055,0.0,21.799999237060547,18.829999923706055,21.559999465942383,0.0,0
2023-01-13,18.350000381469727,0.0,19.40999984741211,18.010000228881836,19.0,0.0,0
2023-01-17,19.360000610351562,0.0,20.219999313354492,19.209999084472656,19.889999389648438,0.0,0
2023-01-18,20.34000015258789,0.0,20.579999923706055,18.709999084472656,19.280000686645508,0.0,0
2023-01-19,20.520000457763672,0.0,21.709999084472656,20.170000076293945,20.43000030517578,0.0,0
2023-01-20,19.850000381469727,0.0,20.700000762939453,19.40999984741211,20.280000686645508,0.0,0
2023-01-23,19.809999465942383,0.0,20.329999923706055,19.549999237060547,20.209999084472656,0.0,0
2023-01-24,19.200000762939453,0.0,20.469999313354492,18.90999984741211,19.889999389648438,0.0,0
2023-01-25,19.079999923706055,0.0,20.899999618530273,18.989999771118164,19.559999465942383,0.0,0
2023-01-26,18.729999542236328,0.0,19.479999542236328,18.670000076293945,19.049999237060547,0.0,0
2023-01-27,18.510000228881836,0.0,19.0,17.969999313354492,18.899999618530273,0.0,0
2023-01-30,19.940000534057617,0.0,20.25,19.540000915527344,19.760000228881836,0.0,0
2023-01-31,19.399999618530273,0.0,20.700000762939453,19.1299991607666,20.1200008392334,0.0,0
2023-02-01,17.8700008392334,0.0,20.040000915527344,17.700000762939453,19.6200008392334,0.0,0
2023-02-02,18.729999542236328,0.0,19.25,17.059999465942383,17.739999771118164,0.0,0
2023-02-03,18.329999923706055,0.0,19.299999237060547,17.93000030517578,18.56999969482422,0.0,0
2023-02-06,19.43000030517578,0.0,19.809999465942383,19.209999084472656,19.229999542236328,0.0,0
2023-02-07,18.65999984741211,0.0,19.989999771118164,18.43000030517578,19.540000915527344,0.0,0
2023-02-08,19.6299991607666,0.0,20.1200008392334,18.549999237060547,18.8799991607666,0.0,0
2023-02-09,20.709999084472656,0.0,21.079999923706055,19.020000457763672,19.239999771118164,0.0,0
2023-02-10,20.530000686645508,0.0,21.940000534057617,20.440000534057617,20.739999771118164,0.0,0
2023-02-13,20.34000015258789,0.0,21.690000534057617,20.329999923706055,21.65999984741211,0.0,0
2023-02-14,18.90999984741211,0.0,20.75,18.479999542236328,20.719999313354492,0.0,0
2023-02-15,18.229999542236328,0.0,19.40999984741211,18.110000610351562,19.3700008392334,0.0,0
2023-02-16,20.170000076293945,0.0,20.270000457763672,18.229999542236328,18.260000228881836,0.0,0
2023-02-17,20.020000457763672,0.0,21.299999237060547,19.81999969482422,20.940000534057617,0.0,0
2023-02-21,22.8700008392334,0.0,23.34000015258789,21.799999237060547,21.799999237060547,0.0,0
2023-02-22,22.290000915527344,0.0,23.6299991607666,22.020000457763672,23.030000686645508,0.0,0
2023-02-23,21.139999389648438,0.0,22.43000030517578,20.889999389648438,21.959999084472656,0.0,0
2023-02-24,21.670000076293945,0.0,22.899999618530273,21.31999969482422,21.350000381469727,0.0,0
2023-02-27,20.950000762939453,0.0,22.020000457763672,20.68000030517578,21.989999771118164,0.0,0
2023-02-28,20.700000762939453,0.0,21.3700008392334,20.100000381469727,21.299999237060547,0.0,0
2023-03-01,20.579999923706055,0.0,21.31999969482422,20.219999313354492,20.389999389648438,0.0,0
2023-03-02,19.59000015258789,0.0,21.420000076293945,19.549999237060547,21.40999984741211,0.0,0
2023-03-03,18.489999771118164,0.0,19.760000228881836,18.15999984741211,19.760000228881836,0.0,0
2023-03-06,18.610000610351562,0.0,19.190000534057617,18.489999771118164,19.049999237060547,0.0,0
2023-03-07,19.59000015258789,0.0,19.739999771118164,18.510000228881836,18.639999389648438,0.0,0
2023-03-08,19.110000610351562,0.0,20.010000228881836,19.0,19.709999084472656,0.0,0
2023-03-09,22.610000610351562,0.0,23.139999389648438,18.8799991607666,19.329999923706055,0.0,0
2023-03-10,24.799999237060547,0.0,28.969999313354492,21.790000915527344,23.34000015258789,0.0,0
2023-03-13,26.520000457763672,0.0,30.809999465942383,23.850000381469727,24.049999237060547,0.0,0
2023-03-14,23.729999542236328,0.0,27.239999771118164,22.270000457763672,26.850000381469727,0.0,0
2023-03-15,26.139999389648438,0.0,29.90999984741211,23.190000534057617,23.209999084472656,0.0,0
2023-03-16,22.989999771118164,0.0,27.489999771118164,22.969999313354492,26.190000534057617,0.0,0
2023-03-17,25.510000228881836,0.0,26.139999389648438,22.579999923706055,22.920000076293945,0.0,0
2023-03-20,24.149999618530273,0.0,28.90999984741211,24.0,27.770000457763672,0.0,0
2023-03-21,21.3799991607666,0.0,24.15999984741211,21.290000915527344,24.15999984741211,0.0,0
2023-03-22,22.260000228881836,0.0,22.3799991607666,19.940000534057617,21.799999237060547,0.0,0
2023-03-23,22.610000610351562,0.0,24.90999984741211,20.15999984741211,21.540000915527344,0.0,0
2023-03-24,21.739999771118164,0.0,25.209999084472656,21.600000381469727,22.110000610351562,0.0,0
2023-03-27,20.600000381469727,0.0,22.93000030517578,20.56999969482422,22.049999237060547,0.0,0
2023-03-28,19.969999313354492,0.0,21.399999618530273,19.90999984741211,20.530000686645508,0.0,0
2023-03-29,19.1200008392334,0.0,19.450000762939453,19.09000015258789,19.389999389648438,0.0,0
2023-03-30,19.020000457763672,0.0,20.079999923706055,18.850000381469727,19.1200008392334,0.0,0
2023-03-31,18.700000762939453,0.0,19.43000030517578,18.520000457763672,19.209999084472656,0.0,0
2023-04-03,18.549999237060547,0.0,19.829999923706055,18.540000915527344,19.790000915527344,0.0,0
2023-04-04,19.0,0.0,20.030000686645508,18.579999923706055,18.790000915527344,0.0,0
2023-04-05,19.079999923706055,0.0,20.079999923706055,19.0,19.420000076293945,0.0,0
2023-04-06,18.399999618530273,0.0,19.8799991607666,18.350000381469727,19.299999237060547,0.0,0
2023-04-10,18.969999313354492,0.0,20.049999237060547,18.93000030517578,19.389999389648438,0.0,0
2023-04-11,19.100000381469727,0.0,19.280000686645508,18.559999465942383,19.079999923706055,0.0,0
2023-04-12,19.09000015258789,0.0,19.979999542236328,18.25,19.3799991607666,0.0,0
2023-04-13,17.799999237060547,0.0,19.059999465942383,17.770000457763672,18.829999923706055,0.0,0
2023-04-14,17.06999969482422,0.0,18.1200008392334,17.06999969482422,17.940000534057617,0.0,0
2023-04-17,16.950000762939453,0.0,17.790000915527344,16.899999618530273,17.579999923706055,0.0,0
2023-04-18,16.829999923706055,0.0,17.34000015258789,16.579999923706055,16.940000534057617,0.0,0
2023-04-19,16.459999084472656,0.0,17.719999313354492,16.170000076293945,17.299999237060547,0.0,0
2023-04-20,17.170000076293945,0.0,17.690000534057617,16.329999923706055,16.850000381469727,0.0,0
2023-04-21,16.770000457763672,0.0,17.709999084472656,16.579999923706055,17.510000228881836,0.0,0
2023-04-24,16.889999389648438,0.0,18.239999771118164,16.739999771118164,18.219999313354492,0.0,0
2023-04-25,18.760000228881836,0.0,19.860000610351562,17.329999923706055,17.6200008392334,0.0,0
2023-04-26,18.84000015258789,0.0,19.610000610351562,17.8700008392334,18.65999984741211,0.0,0
2023-04-27,17.030000686645508,0.0,18.43000030517578,16.719999313354492,18.43000030517578,0.0,0
2023-04-28,15.779999732971191,0.0,17.649999618530273,15.720000267028809,17.209999084472656,0.0,0
2023-05-01,16.079999923706055,0.0,16.6200008392334,15.529999732971191,16.40999984741211,0.0,0
2023-05-02,17.780000686645508,0.0,19.809999465942383,16.260000228881836,16.270000457763672,0.0,0
2023-05-03,18.34000015258789,0.0,18.829999923706055,17.190000534057617,17.81999969482422,0.0,0
2023-05-04,20.09000015258789,0.0,21.329999923706055,18.670000076293945,19.170000076293945,0.0,0
2023-05-05,17.190000534057617,0.0,19.6299991607666,16.690000534057617,19.5,0.0,0
2023-05-08,16.979999542236328,0.0,17.8799991607666,16.829999923706055,17.729999542236328,0.0,0
2023-05-09,17.709999084472656,0.0,17.860000610351562,17.219999313354492,17.290000915527344,0.0,0
2023-05-10,16.940000534057617,0.0,18.309999465942383,16.360000610351562,17.579999923706055,0.0,0
2023-05-11,16.93000030517578,0.0,18.190000534057617,16.6299991607666,16.799999237060547,0.0,0
2023-05-12,17.030000686645508,0.0,17.920000076293945,16.3799991607666,16.829999923706055,0.0,0
2023-05-15,17.1200008392334,0.0,18.15999984741211,17.079999923706055,17.440000534057617,0.0,0
2023-05-16,17.989999771118164,0.0,18.299999237060547,17.260000228881836,17.540000915527344,0.0,0
2023-05-17,16.8700008392334,0.0,18.260000228881836,16.68000030517578,17.959999084472656,0.0,0
2023-05-18,16.049999237060547,0.0,17.149999618530273,16.049999237060547,16.920000076293945,0.0,0
2023-05-19,16.809999465942383,0.0,17.360000610351562,15.850000381469727,16.1299991607666,0.0,0
2023-05-22,17.209999084472656,0.0,18.1299991607666,16.81999969482422,17.450000762939453,0.0,0
2023-05-23,18.530000686645508,0.0,19.309999465942383,17.299999237060547,17.350000381469727,0.0,0
2023-05-24,20.030000686645508,0.0,20.809999465942383,18.799999237060547,18.799999237060547,0.0,0
2023-05-25,19.139999389648438,0.0,19.950000762939453,18.700000762939453,19.540000915527344,0.0,0
2023-05-26,17.950000762939453,0.0,19.559999465942383,17.270000457763672,19.06999969482422,0.0,0
2023-05-30,17.459999084472656,0.0,18.34000015258789,16.979999542236328,17.559999465942383,0.0,0
2023-05-31,17.940000534057617,0.0,18.399999618530273,17.1200008392334,18.040000915527344,0.0,0
2023-06-01,15.649999618530273,0.0,17.59000015258789,15.579999923706055,17.239999771118164,0.0,0
2023-06-02,14.600000381469727,0.0,15.649999618530273,14.420000076293945,15.649999618530273,0.0,0
2023-06-05,14.729999542236328,0.0,15.289999961853027,14.65999984741211,15.279999732971191,0.0,0
2023-06-06,13.960000038146973,0.0,14.970000267028809,13.949999809265137,14.90999984741211,0.0,0
2023-06-07,13.9399995803833,0.0,14.289999961853027,13.770000457763672,14.140000343322754,0.0,0
2023-06-08,13.649999618530273,0.0,14.210000038146973,13.529999732971191,14.140000343322754,0.0,0
2023-06-09,13.829999923706055,0.0,14.140000343322754,13.5,13.779999732971191,0.0,0
2023-06-12,15.010000228881836,0.0,15.020000457763672,14.319999694824219,14.4399995803833,0.0,0
2023-06-13,14.609999656677246,0.0,15.0600004196167,14.470000267028809,14.989999771118164,0.0,0
2023-06-14,13.880000114440918,0.0,14.729999542236328,13.829999923706055,14.479999542236328,0.0,0
2023-06-15,14.5,0.0,14.520000457763672,13.789999961853027,14.09000015258789,0.0,0
2023-06-16,13.539999961853027,0.0,14.539999961853027,13.479999542236328,14.489999771118164,0.0,0
2023-06-20,13.880000114440918,0.0,14.670000076293945,13.859999656677246,14.359999656677246,0.0,0
2023-06-21,13.199999809265137,0.0,13.890000343322754,13.100000381469727,13.880000114440918,0.0,0
2023-06-22,12.90999984741211,0.0,13.979999542236328,12.729999542236328,13.880000114440918,0.0,0
2023-06-23,13.4399995803833,0.0,13.800000190734863,12.880000114440918,13.239999771118164,0.0,0
2023-06-26,14.25,0.0,14.710000038146973,13.779999732971191,14.430000305175781,0.0,0
2023-06-27,13.739999771118164,0.0,14.34000015258789,13.59000015258789,14.109999656677246,0.0,0
2023-06-28,13.430000305175781,0.0,13.960000038146973,13.359999656677246,13.899999618530273,0.0,0
2023-06-29,13.539999961853027,0.0,13.850000381469727,13.40999984741211,13.640000343322754,0.0,0
2023-06-30,13.59000015258789,0.0,13.59000015258789,12.960000038146973,13.510000228881836,0.0,0
2023-07-03,13.569999694824219,0.0,13.850000381469727,13.470000267028809,13.850000381469727,0.0,0
2023-07-05,14.180000305175781,0.0,14.739999771118164,14.050000190734863,14.1899995803833,0.0,0
2023-07-06,15.4399995803833,0.0,17.079999923706055,14.789999961853027,14.850000381469727,0.0,0
2023-07-07,14.829999923706055,0.0,16.059999465942383,14.329999923706055,15.970000267028809,0.0,0
2023-07-10,15.069999694824219,0.0,16.209999084472656,15.039999961853027,16.079999923706055,0.0,0
2023-07-11,14.84000015258789,0.0,15.25,14.630000114440918,15.020000457763672,0.0,0
2023-07-12,13.539999961853027,0.0,14.819999694824219,13.510000228881836,14.819999694824219,0.0,0
2023-07-13,13.609999656677246,0.0,13.609999656677246,13.119999885559082,13.4399995803833,0.0,0
2023-07-14,13.34000015258789,0.0,13.760000228881836,13.220000267028809,13.720000267028809,0.0,0
2023-07-17,13.479999542236328,0.0,14.0,13.430000305175781,13.779999732971191,0.0,0
2023-07-18,13.300000190734863,0.0,13.670000076293945,13.289999961853027,13.609999656677246,0.0,0
2023-07-19,13.760000228881836,0.0,13.84000015258789,13.119999885559082,13.319999694824219,0.0,0
2023-07-20,13.989999771118164,0.0,14.229999542236328,13.579999923706055,13.960000038146973,0.0,0
2023-07-21,13.600000381469727,0.0,13.890000343322754,13.369999885559082,13.869999885559082,0.0,0
2023-07-24,13.90999984741211,0.0,14.300000190734863,13.729999542236328,14.289999961853027,0.0,0
2023-07-25,13.859999656677246,0.0,14.09000015258789,13.819999694824219,14.020000457763672,0.0,0
2023-07-26,13.1899995803833,0.0,14.15999984741211,13.149999618530273,13.859999656677246,0.0,0
2023-07-27,14.40999984741211,0.0,15.020000457763672,12.739999771118164,13.140000343322754,0.0,0
2023-07-28,13.329999923706055,0.0,14.180000305175781,13.270000457763672,14.029999732971191,0.0,0
2023-07-31,13.630000114440918,0.0,14.09000015258789,13.569999694824219,13.979999542236328,0.0,0
2023-08-01,13.930000305175781,0.0,14.300000190734863,13.75,13.75,0.0,0
2023-08-02,16.09000015258789,0.0,16.479999542236328,14.949999809265137,15.699999809265137,0.0,0
2023-08-03,15.920000076293945,0.0,17.420000076293945,15.720000267028809,16.770000457763672,0.0,0
2023-08-04,17.100000381469727,0.0,17.389999389648438,14.569999694824219,16.010000228881836,0.0,0
2023-08-07,15.770000457763672,0.0,17.360000610351562,15.770000457763672,16.899999618530273,0.0,0
2023-08-08,15.989999771118164,0.0,18.139999389648438,15.960000038146973,16.280000686645508,0.0,0
2023-08-09,15.960000038146973,0.0,16.8700008392334,15.380000114440918,15.8100004196167,0.0,0
2023-08-10,15.850000381469727,0.0,16.860000610351562,14.600000381469727,15.579999923706055,0.0,0
2023-08-11,14.84000015258789,0.0,16.510000228881836,14.84000015258789,15.529999732971191,0.0,0
2023-08-14,14.819999694824219,0.0,16.059999465942383,14.770000457763672,15.880000114440918,0.0,0
2023-08-15,16.459999084472656,0.0,16.56999969482422,14.90999984741211,14.949999809265137,0.0,0
2023-08-16,16.780000686645508,0.0,16.93000030517578,15.800000190734863,16.540000915527344,0.0,0
2023-08-17,17.889999389648438,0.0,18.1299991607666,16.399999618530273,16.959999084472656,0.0,0
2023-08-18,17.299999237060547,0.0,18.8799991607666,17.139999389648438,17.799999237060547,0.0,0
2023-08-21,17.1299991607666,0.0,18.110000610351562,16.8799991607666,18.030000686645508,0.0,0
2023-08-22,16.969999313354492,0.0,17.579999923706055,16.610000610351562,16.959999084472656,0.0,0
2023-08-23,15.979999542236328,0.0,17.100000381469727,15.90999984741211,16.639999389648438,0.0,0
2023-08-24,17.200000762939453,0.0,17.31999969482422,15.479999542236328,15.569999694824219,0.0,0
2023-08-25,15.680000305175781,0.0,17.360000610351562,15.449999809265137,17.209999084472656,0.0,0
2023-08-28,15.079999923706055,0.0,16.280000686645508,15.0,16.239999771118164,0.0,0
2023-08-29,14.449999809265137,0.0,15.300000190734863,14.34000015258789,15.079999923706055,0.0,0
2023-08-30,13.880000114440918,0.0,14.699999809265137,13.829999923706055,14.529999732971191,0.0,0
2023-08-31,13.569999694824219,0.0,14.0,13.4399995803833,13.979999542236328,0.0,0
2023-09-01,13.09000015258789,0.0,13.5600004196167,13.020000457763672,13.5600004196167,0.0,0
2023-09-05,14.010000228881836,0.0,14.470000267028809,13.699999809265137,14.149999618530273,0.0,0
2023-09-06,14.449999809265137,0.0,15.300000190734863,14.130000114440918,14.270000457763672,0.0,0
2023-09-07,14.399999618530273,0.0,15.6899995803833,14.399999618530273,14.8100004196167,0.0,0
2023-09-08,13.84000015258789,0.0,14.869999885559082,13.579999923706055,14.220000267028809,0.0,0
2023-09-11,13.800000190734863,0.0,14.329999923706055,13.739999771118164,14.170000076293945,0.0,0
2023-09-12,14.229999542236328,0.0,14.420000076293945,13.710000038146973,14.020000457763672,0.0,0
2023-09-13,13.479999542236328,0.0,14.680000305175781,13.40999984741211,14.420000076293945,0.0,0
2023-09-14,12.819999694824219,0.0,13.460000038146973,12.789999961853027,13.390000343322754,0.0,0
2023-09-15,13.789999961853027,0.0,14.170000076293945,12.680000305175781,12.699999809265137,0.0,0
2023-09-18,14.0,0.0,14.75,13.859999656677246,14.399999618530273,0.0,0
2023-09-19,14.109999656677246,0.0,14.880000114440918,13.859999656677246,14.109999656677246,0.0,0
2023-09-20,15.140000343322754,0.0,15.149999618530273,13.569999694824219,14.180000305175781,0.0,0
2023-09-21,17.540000915527344,0.0,17.540000915527344,15.100000381469727,15.489999771118164,0.0,0
2023-09-22,17.200000762939453,0.0,17.40999984741211,15.930000305175781,17.309999465942383,0.0,0
2023-09-25,16.899999618530273,0.0,18.40999984741211,16.790000915527344,17.25,0.0,0
2023-09-26,18.940000534057617,0.0,19.5,17.170000076293945,18.030000686645508,0.0,0
2023-09-27,18.219999313354492,0.0,19.709999084472656,18.030000686645508,18.290000915527344,0.0,0
2023-09-28,17.34000015258789,0.0,18.770000457763672,17.059999465942383,18.219999313354492,0.0,0
2023-09-29,17.520000457763672,0.0,17.739999771118164,15.829999923706055,16.8700008392334,0.0,0
2023-10-02,17.610000610351562,0.0,18.549999237060547,16.93000030517578,17.309999465942383,0.0,0
2023-10-03,19.780000686645508,0.0,20.479999542236328,17.520000457763672,17.809999465942383,0.0,0
2023-10-04,18.579999923706055,0.0,20.8799991607666,18.299999237060547,20.719999313354492,0.0,0
2023-10-05,18.489999771118164,0.0,19.579999923706055,18.260000228881836,18.670000076293945,0.0,0
2023-10-06,17.450000762939453,0.0,19.93000030517578,17.190000534057617,18.729999542236328,0.0,0
2023-10-09,17.700000762939453,0.0,19.600000381469727,17.559999465942383,19.540000915527344,0.0,0
2023-10-10,17.030000686645508,0.0,17.860000610351562,16.510000228881836,17.700000762939453,0.0,0
2023-10-11,16.09000015258789,0.0,17.780000686645508,16.09000015258789,16.950000762939453,0.0,0
2023-10-12,16.690000534057617,0.0,18.079999923706055,15.4399995803833,16.079999923706055,0.0,0
2023-10-13,19.31999969482422,0.0,20.780000686645508,16.5,16.530000686645508,0.0,0
2023-10-16,17.209999084472656,0.0,19.56999969482422,17.139999389648438,19.100000381469727,0.0,0
2023-10-17,17.8799991607666,0.0,18.540000915527344,16.969999313354492,17.40999984741211,0.0,0
2023-10-18,19.219999313354492,0.0,20.149999618530273,17.8799991607666,18.360000610351562,0.0,0
2023-10-19,21.399999618530273,0.0,21.399999618530273,18.549999237060547,19.729999542236328,0.0,0
2023-10-20,21.709999084472656,0.0,21.829999923706055,20.420000076293945,21.59000015258789,0.0,0
2023-10-23,20.3700008392334,0.0,23.079999923706055,19.479999542236328,21.829999923706055,0.0,0
2023-10-24,18.969999313354492,0.0,20.239999771118164,18.649999618530273,20.030000686645508,0.0,0
2023-10-25,20.190000534057617,0.0,21.239999771118164,18.860000610351562,19.389999389648438,0.0,0
2023-10-26,20.68000030517578,0.0,21.959999084472656,20.219999313354492,21.780000686645508,0.0,0
2023-10-27,21.270000457763672,0.0,22.06999969482422,19.719999313354492,20.389999389648438,0.0,0
2023-10-30,19.75,0.0,21.15999984741211,19.549999237060547,21.1299991607666,0.0,0
2023-10-31,18.139999389648438,0.0,19.860000610351562,17.969999313354492,19.860000610351562,0.0,0
2023-11-01,16.8700008392334,0.0,18.420000076293945,16.6299991607666,18.020000457763672,0.0,0
2023-11-02,15.65999984741211,0.0,16.6200008392334,15.579999923706055,16.59000015258789,0.0,0
2023-11-03,14.90999984741211,0.0,15.829999923706055,14.90999984741211,15.699999809265137,0.0,0
2023-11-06,14.890000343322754,0.0,15.579999923706055,14.84000015258789,15.390000343322754,0.0,0
2023-11-07,14.8100004196167,0.0,15.170000076293945,14.710000038146973,15.100000381469727,0.0,0
2023-11-08,14.449999809265137,0.0,15.09000015258789,14.300000190734863,14.90999984741211,0.0,0
2023-11-09,15.289999961853027,0.0,15.569999694824219,14.130000114440918,14.609999656677246,0.0,0
2023-11-10,14.170000076293945,0.0,15.449999809265137,14.15999984741211,15.09000015258789,0.0,0
2023-11-13,14.760000228881836,0.0,15.1899995803833,14.579999923706055,15.15999984741211,0.0,0
2023-11-14,14.15999984741211,0.0,14.859999656677246,13.90999984741211,14.829999923706055,0.0,0
2023-11-15,14.180000305175781,0.0,14.350000381469727,13.970000267028809,14.210000038146973,0.0,0
2023-11-16,14.319999694824219,0.0,14.420000076293945,13.680000305175781,14.119999885559082,0.0,0
2023-11-17,13.800000190734863,0.0,14.1899995803833,13.670000076293945,14.180000305175781,0.0,0
2023-11-20,13.40999984741211,0.0,14.3100004196167,13.390000343322754,14.260000228881836,0.0,0
2023-11-21,13.350000381469727,0.0,14.3100004196167,13.130000114440918,13.449999809265137,0.0,0
2023-11-22,12.850000381469727,0.0,13.25,12.819999694824219,13.079999923706055,0.0,0
2023-11-24,12.460000038146973,0.0,13.170000076293945,12.449999809265137,13.029999732971191,0.0,0
2023-11-27,12.6899995803833,0.0,13.279999732971191,12.640000343322754,13.140000343322754,0.0,0
2023-11-28,12.6899995803833,0.0,14.300000190734863,12.5600004196167,12.779999732971191,0.0,0
2023-11-29,12.979999542236328,0.0,13.100000381469727,12.479999542236328,12.710000038146973,0.0,0
2023-11-30,12.920000076293945,0.0,13.390000343322754,12.819999694824219,13.069999694824219,0.0,0
2023-12-01,12.630000114440918,0.0,12.960000038146973,12.479999542236328,12.9399995803833,0.0,0
2023-12-04,13.079999923706055,0.0,13.699999809265137,12.979999542236328,13.279999732971191,0.0,0
2023-12-05,12.850000381469727,0.0,13.760000228881836,12.8100004196167,13.260000228881836,0.0,0
2023-12-06,12.970000267028809,0.0,13.029999732971191,12.640000343322754,12.779999732971191,0.0,0
2023-12-07,13.0600004196167,0.0,13.279999732971191,12.949999809265137,13.170000076293945,0.0,0
2023-12-08,12.350000381469727,0.0,13.239999771118164,12.350000381469727,13.140000343322754,0.0,0
2023-12-11,12.630000114440918,0.0,13.140000343322754,12.609999656677246,13.050000190734863,0.0,0
2023-12-12,12.069999694824219,0.0,12.739999771118164,11.8100004196167,12.6899995803833,0.0,0
2023-12-13,12.1899995803833,0.0,12.460000038146973,11.819999694824219,12.199999809265137,0.0,0
2023-12-14,12.479999542236328,0.0,12.739999771118164,11.84000015258789,11.960000038146973,0.0,0
2023-12-15,12.279999732971191,0.0,12.539999961853027,12.010000228881836,12.119999885559082,0.0,0
2023-12-18,12.5600004196167,0.0,12.640000343322754,12.399999618530273,12.619999885559082,0.0,0
2023-12-19,12.529999732971191,0.0,12.600000381469727,12.329999923706055,12.600000381469727,0.0,0
2023-12-20,13.670000076293945,0.0,13.930000305175781,12.289999961853027,12.630000114440918,0.0,0
2023-12-21,13.649999618530273,0.0,14.489999771118164,13.34000015258789,13.399999618530273,0.0,0
2023-12-22,13.029999732971191,0.0,13.960000038146973,13.0,13.720000267028809,0.0,0
2023-12-26,12.989999771118164,0.0,13.800000190734863,12.960000038146973,13.770000457763672,0.0,0
2023-12-27,12.430000305175781,0.0,13.039999961853027,12.369999885559082,13.020000457763672,0.0,0
2023-12-28,12.470000267028809,0.0,12.649999618530273,12.380000114440918,12.4399995803833,0.0,0
2023-12-29,12.449999809265137,0.0,13.1899995803833,12.359999656677246,12.550000190734863,0.0,0
2024-01-02,13.199999809265137,0.0,14.229999542236328,13.100000381469727,13.220000267028809,0.0,0
2024-01-03,14.039999961853027,0.0,14.220000267028809,13.329999923706055,13.350000381469727,0.0,0
2024-01-04,14.130000114440918,0.0,14.199999809265137,13.640000343322754,13.930000305175781,0.0,0
2024-01-05,13.350000381469727,0.0,14.579999923706055,13.289999961853027,14.239999771118164,0.0,0
2024-01-08,13.079999923706055,0.0,14.180000305175781,13.020000457763672,14.0,0.0,0
2024-01-09,12.760000228881836,0.0,13.449999809265137,12.739999771118164,13.199999809265137,0.0,0
2024-01-10,12.6899995803833,0.0,12.949999809265137,12.670000076293945,12.859999656677246,0.0,0
2024-01-11,12.4399995803833,0.0,13.3100004196167,12.350000381469727,12.640000343322754,0.0,0
2024-01-12,12.699999809265137,0.0,13.079999923706055,12.470000267028809,12.65999984741211,0.0,0
2024-01-16,13.84000015258789,0.0,14.350000381469727,13.520000457763672,14.119999885559082,0.0,0
2024-01-17,14.789999961853027,0.0,15.399999618530273,14.380000114440918,14.59000015258789,0.0,0
2024-01-18,14.130000114440918,0.0,14.890000343322754,13.890000343322754,14.850000381469727,0.0,0
2024-01-19,13.300000190734863,0.0,14.579999923706055,13.279999732971191,13.800000190734863,0.0,0
2024-01-22,13.1899995803833,0.0,13.84000015258789,13.170000076293945,13.770000457763672,0.0,0
2024-01-23,12.550000190734863,0.0,13.289999961853027,12.529999732971191,13.199999809265137,0.0,0
2024-01-24,13.140000343322754,0.0,13.180000305175781,12.40999984741211,12.65999984741211,0.0,0
2024-01-25,13.449999809265137,0.0,13.579999923706055,13.0600004196167,13.180000305175781,0.0,0
2024-01-26,13.260000228881836,0.0,14.100000381469727,13.199999809265137,13.729999542236328,0.0,0
2024-01-29,13.600000381469727,0.0,15.350000381469727,13.59000015258789,13.979999542236328,0.0,0
2024-01-30,13.3100004196167,0.0,13.739999771118164,13.229999542236328,13.6899995803833,0.0,0
2024-01-31,14.350000381469727,0.0,14.609999656677246,13.180000305175781,13.420000076293945,0.0,0
2024-02-01,13.880000114440918,0.0,14.630000114440918,13.869999885559082,14.210000038146973,0.0,0
2024-02-02,13.850000381469727,0.0,14.229999542236328,13.390000343322754,13.949999809265137,0.0,0
2024-02-05,13.670000076293945,0.0,14.529999732971191,13.579999923706055,14.369999885559082,0.0,0
2024-02-06,13.0600004196167,0.0,13.779999732971191,12.979999542236328,13.569999694824219,0.0,0
2024-02-07,12.829999923706055,0.0,13.130000114440918,12.8100004196167,13.0600004196167,0.0,0
2024-02-08,12.789999961853027,0.0,13.170000076293945,12.739999771118164,12.949999809265137,0.0,0
2024-02-09,12.930000305175781,0.0,13.010000228881836,12.6899995803833,12.789999961853027,0.0,0
2024-02-12,13.930000305175781,0.0,13.9399995803833,13.34000015258789,13.479999542236328,0.0,0
2024-02-13,15.850000381469727,0.0,17.940000534057617,13.430000305175781,13.960000038146973,0.0,0
2024-02-14,14.380000114440918,0.0,15.470000267028809,14.220000267028809,15.380000114440918,0.0,0
2024-02-15,14.010000228881836,0.0,14.640000343322754,13.9399995803833,14.270000457763672,0.0,0
2024-02-16,14.239999771118164,0.0,14.710000038146973,13.75,13.9399995803833,0.0,0
2024-02-20,15.420000076293945,0.0,15.90999984741211,15.069999694824219,15.09000015258789,0.0,0
2024-02-21,15.34000015258789,0.0,16.1200008392334,15.220000267028809,15.539999961853027,0.0,0
2024-02-22,14.539999961853027,0.0,14.640000343322754,14.119999885559082,14.279999732971191,0.0,0
2024-02-23,13.75,0.0,14.3100004196167,13.640000343322754,14.3100004196167,0.0,0
2024-02-26,13.739999771118164,0.0,14.199999809265137,13.65999984741211,14.170000076293945,0.0,0
2024-02-27,13.430000305175781,0.0,13.75,13.40999984741211,13.630000114440918,0.0,0
2024-02-28,13.84000015258789,0.0,13.899999618530273,13.4399995803833,13.520000457763672,0.0,0
2024-02-29,13.399999618530273,0.0,14.149999618530273,13.300000190734863,14.140000343322754,0.0,0
2024-03-01,13.109999656677246,0.0,13.65999984741211,13.079999923706055,13.34000015258789,0.0,0
2024-03-04,13.489999771118164,0.0,13.579999923706055,13.319999694824219,13.489999771118164,0.0,0
2024-03-05,14.460000038146973,0.0,15.100000381469727,13.75,13.75,0.0,0
2024-03-06,14.5,0.0,14.930000305175781,13.890000343322754,14.270000457763672,0.0,0
2024-03-07,14.4399995803833,0.0,14.979999542236328,14.25,14.979999542236328,0.0,0
2024-03-08,14.739999771118164,0.0,15.529999732971191,13.970000267028809,14.220000267028809,0.0,0
2024-03-11,15.220000267028809,0.0,16.040000915527344,15.130000114440918,15.510000228881836,0.0,0
2024-03-12,13.84000015258789,0.0,15.199999809265137,13.8100004196167,14.970000267028809,0.0,0
2024-03-13,13.75,0.0,14.039999961853027,13.670000076293945,13.890000343322754,0.0,0
2024-03-14,14.399999618530273,0.0,15.329999923706055,13.420000076293945,13.619999885559082,0.0,0
2024-03-15,14.40999984741211,0.0,15.529999732971191,14.140000343322754,14.329999923706055,0.0,0
2024-03-18,14.329999923706055,0.0,14.850000381469727,14.260000228881836,14.75,0.0,0
2024-03-19,13.819999694824219,0.0,14.859999656677246,13.800000190734863,14.5,0.0,0
2024-03-20,13.039999961853027,0.0,14.170000076293945,13.010000228881836,13.829999923706055,0.0,0
2024-03-21,12.920000076293945,0.0,13.079999923706055,12.399999618530273,12.979999542236328,0.0,0
2024-03-22,13.0600004196167,0.0,13.149999618530273,12.579999923706055,12.920000076293945,0.0,0
2024-03-25,13.1899995803833,0.0,13.670000076293945,13.109999656677246,13.670000076293945,0.0,0
2024-03-26,13.239999771118164,0.0,13.430000305175781,12.84000015258789,13.119999885559082,0.0,0
2024-03-27,12.779999732971191,0.0,13.34000015258789,12.65999984741211,13.130000114440918,0.0,0
2024-03-28,13.010000228881836,0.0,13.100000381469727,12.84000015258789,12.930000305175781,0.0,0
2024-04-01,13.649999618530273,0.0,14.149999618530273,13.550000190734863,13.609999656677246,0.0,0
2024-04-02,14.609999656677246,0.0,15.430000305175781,13.680000305175781,13.739999771118164,0.0,0
2024-04-03,14.329999923706055,0.0,15.180000305175781,14.25,15.0,0.0,0
2024-04-04,16.350000381469727,0.0,16.920000076293945,13.739999771118164,14.289999961853027,0.0,0
2024-04-05,16.030000686645508,0.0,16.75,15.529999732971191,16.450000762939453,0.0,0
2024-04-08,15.1899995803833,0.0,16.5,15.109999656677246,16.239999771118164,0.0,0
2024-04-09,14.979999542236328,0.0,16.6299991607666,14.9399995803833,15.34000015258789,0.0,0
2024-04-10,15.800000190734863,0.0,16.6200008392334,14.59000015258789,15.239999771118164,0.0,0
2024-04-11,14.90999984741211,0.0,17.610000610351562,14.90999984741211,16.020000457763672,0.0,0
2024-04-12,17.309999465942383,0.0,19.200000762939453,14.90999984741211,14.90999984741211,0.0,0
2024-04-15,19.229999542236328,0.0,19.459999084472656,16.260000228881836,16.940000534057617,0.0,0
2024-04-16,18.399999618530273,0.0,19.559999465942383,17.639999389648438,19.489999771118164,0.0,0
2024-04-17,18.209999084472656,0.0,19.110000610351562,17.540000915527344,18.239999771118164,0.0,0
2024-04-18,18.0,0.0,18.3700008392334,17.209999084472656,17.90999984741211,0.0,0
2024-04-19,18.709999084472656,0.0,21.360000610351562,18.170000076293945,21.329999923706055,0.0,0
2024-04-22,16.940000534057617,0.0,18.719999313354492,16.690000534057617,18.59000015258789,0.0,0
2024-04-23,15.6899995803833,0.0,16.760000228881836,15.6899995803833,16.719999313354492,0.0,0
2024-04-24,15.970000267028809,0.0,16.3799991607666,15.579999923706055,15.760000228881836,0.0,0
2024-04-25,15.369999885559082,0.0,17.549999237060547,15.270000457763672,16.25,0.0,0
2024-04-26,15.029999732971191,0.0,16.059999465942383,14.920000076293945,15.489999771118164,0.0,0
2024-04-29,14.670000076293945,0.0,15.420000076293945,14.630000114440918,15.369999885559082,0.0,0
2024-04-30,15.649999618530273,0.0,15.899999618530273,14.670000076293945,14.819999694824219,0.0,0
2024-05-01,15.390000343322754,0.0,16.219999313354492,14.350000381469727,15.75,0.0,0
2024-05-02,14.680000305175781,0.0,16.09000015258789,14.600000381469727,15.140000343322754,0.0,0
2024-05-03,13.489999771118164,0.0,14.579999923706055,13.479999542236328,14.510000228881836,0.0,0
2024-05-06,13.489999771118164,0.0,14.020000457763672,13.4399995803833,13.979999542236328,0.0,0
2024-05-07,13.229999542236328,0.0,13.640000343322754,13.15999984741211,13.520000457763672,0.0,0
2024-05-08,13.0,0.0,13.510000228881836,12.9399995803833,13.239999771118164,0.0,0
2024-05-09,12.6899995803833,0.0,13.289999961853027,12.680000305175781,13.079999923706055,0.0,0
2024-05-10,12.550000190734863,0.0,12.960000038146973,12.5,12.770000457763672,0.0,0
2024-05-13,13.600000381469727,0.0,13.65999984741211,13.25,13.260000228881836,0.0,0
2024-05-14,13.420000076293945,0.0,14.029999732971191,13.270000457763672,13.710000038146973,0.0,0
2024-05-15,12.449999809265137,0.0,13.9399995803833,12.380000114440918,13.729999542236328,0.0,0
2024-05-16,12.420000076293945,0.0,12.670000076293945,12.329999923706055,12.520000457763672,0.0,0
2024-05-17,11.989999771118164,0.0,12.479999542236328,11.90999984741211,12.279999732971191,0.0,0
2024-05-20,12.149999618530273,0.0,12.59000015258789,12.069999694824219,12.270000457763672,0.0,0
2024-05-21,11.859999656677246,0.0,12.5600004196167,11.84000015258789,12.300000190734863,0.0,0
2024-05-22,12.289999961853027,0.0,12.8100004196167,11.779999732971191,12.050000190734863,0.0,0
2024-05-23,12.770000457763672,0.0,13.369999885559082,11.520000457763672,11.529999732971191,0.0,0
2024-05-24,11.930000305175781,0.0,12.890000343322754,11.890000343322754,12.859999656677246,0.0,0
2024-05-28,12.920000076293945,0.0,13.4399995803833,12.359999656677246,12.510000228881836,0.0,0
2024-05-29,14.279999732971191,0.0,14.319999694824219,13.6899995803833,13.75,0.0,0
2024-05-30,14.470000267028809,0.0,14.880000114440918,13.670000076293945,14.819999694824219,0.0,0
2024-05-31,12.920000076293945,0.0,14.869999885559082,12.84000015258789,14.5,0.0,0
2024-06-03,13.109999656677246,0.0,14.3100004196167,13.0,13.079999923706055,0.0,0
2024-06-04,13.15999984741211,0.0,14.079999923706055,13.109999656677246,13.510000228881836,0.0,0
2024-06-05,12.630000114440918,0.0,13.25,12.600000381469727,13.140000343322754,0.0,0
2024-06-06,12.579999923706055,0.0,12.979999542236328,12.539999961853027,12.75,0.0,0
2024-06-07,12.220000267028809,0.0,13.079999923706055,12.109999656677246,12.6899995803833,0.0,0
2024-06-10,12.739999771118164,0.0,13.279999732971191,12.619999885559082,13.09000015258789,0.0,0
2024-06-11,12.850000381469727,0.0,13.470000267028809,12.779999732971191,12.850000381469727,0.0,0
2024-06-12,12.039999961853027,0.0,13.149999618530273,11.9399995803833,13.100000381469727,0.0,0
2024-06-13,11.9399995803833,0.0,12.680000305175781,11.880000114440918,12.050000190734863,0.0,0
2024-06-14,12.65999984741211,0.0,13.449999809265137,12.119999885559082,12.220000267028809,0.0,0
2024-06-17,12.75,0.0,13.289999961853027,12.5,13.069999694824219,0.0,0
2024-06-18,12.300000190734863,0.0,12.739999771118164,12.239999771118164,12.699999809265137,0.0,0
2024-06-20,13.279999732971191,0.0,13.550000190734863,12.180000305175781,12.5,0.0,0
2024-06-21,13.199999809265137,0.0,13.779999732971191,12.989999771118164,13.220000267028809,0.0,0
2024-06-24,13.329999923706055,0.0,13.880000114440918,13.149999618530273,13.850000381469727,0.0,0
2024-06-25,12.84000015258789,0.0,13.520000457763672,12.84000015258789,13.479999542236328,0.0,0
2024-06-26,12.550000190734863,0.0,13.239999771118164,12.369999885559082,12.8100004196167,0.0,0
2024-06-27,12.239999771118164,0.0,12.770000457763672,12.210000038146973,12.6899995803833,0.0,0
2024-06-28,12.4399995803833,0.0,12.760000228881836,11.869999885559082,12.239999771118164,0.0,0
2024-07-01,12.220000267028809,0.0,13.260000228881836,12.100000381469727,12.979999542236328,0.0,0
2024-07-02,12.029999732971191,0.0,12.880000114440918,11.850000381469727,12.670000076293945,0.0,0
2024-07-03,12.09000015258789,0.0,12.229999542236328,11.949999809265137,12.130000114440918,0.0,0
2024-07-05,12.479999542236328,0.0,12.609999656677246,11.84000015258789,12.369999885559082,0.0,0
2024-07-08,12.369999885559082,0.0,12.90999984741211,12.3100004196167,12.90999984741211,0.0,0
2024-07-09,12.510000228881836,0.0,12.609999656677246,12.350000381469727,12.479999542236328,0.0,0
2024-07-10,12.850000381469727,0.0,12.920000076293945,12.390000343322754,12.510000228881836,0.0,0
2024-07-11,12.920000076293945,0.0,13.329999923706055,12.229999542236328,12.880000114440918,0.0,0
2024-07-12,12.460000038146973,0.0,12.890000343322754,12.109999656677246,12.869999885559082,0.0,0
2024-07-15,13.119999885559082,0.0,13.260000228881836,12.75,12.779999732971191,0.0,0
2024-07-16,13.1899995803833,0.0,13.470000267028809,12.949999809265137,13.380000114440918,0.0,0
2024-07-17,14.479999542236328,0.0,14.880000114440918,13.539999961853027,13.600000381469727,0.0,0
2024-07-18,15.930000305175781,0.0,16.43000030517578,14.079999923706055,14.270000457763672,0.0,0
2024-07-19,16.520000457763672,0.0,17.190000534057617,10.619999885559082,16.440000534057617,0.0,0
2024-07-22,14.90999984741211,0.0,16.889999389648438,14.75,16.790000915527344,0.0,0
2024-07-23,14.720000267028809,0.0,15.350000381469727,13.899999618530273,15.210000038146973,0.0,0
2024-07-24,18.040000915527344,0.0,18.459999084472656,15.180000305175781,15.350000381469727,0.0,0
2024-07-25,18.459999084472656,0.0,19.360000610351562,16.420000076293945,18.40999984741211,0.0,0
2024-07-26,16.389999389648438,0.0,18.049999237060547,16.3700008392334,17.969999313354492,0.0,0
2024-07-29,16.600000381469727,0.0,17.209999084472656,16.229999542236328,16.59000015258789,0.0,0
2024-07-30,17.690000534057617,0.0,18.31999969482422,16.260000228881836,16.639999389648438,0.0,0
2024-07-31,16.360000610351562,0.0,16.770000457763672,15.710000038146973,16.65999984741211,0.0,0
2024-08-01,18.59000015258789,0.0,19.479999542236328,15.949999809265137,16.200000762939453,0.0,0
2024-08-02,23.389999389648438,0.0,29.65999984741211,20.010000228881836,20.520000457763672,0.0,0
2024-08-05,38.56999969482422,0.0,65.7300033569336,23.389999389648438,23.389999389648438,0.0,0
2024-08-06,27.709999084472656,0.0,34.77000045776367,24.020000457763672,33.709999084472656,0.0,0
2024-08-07,27.850000381469727,0.0,29.760000228881836,21.969999313354492,24.770000457763672,0.0,0
2024-08-08,23.790000915527344,0.0,29.469999313354492,23.360000610351562,28.34000015258789,0.0,0
2024-08-09,20.3700008392334,0.0,24.520000457763672,20.260000228881836,23.780000686645508,0.0,0
2024-08-12,20.709999084472656,0.0,21.190000534057617,18.889999389648438,20.790000915527344,0.0,0
2024-08-13,18.1200008392334,0.0,20.790000915527344,17.950000762939453,20.059999465942383,0.0,0
2024-08-14,16.190000534057617,0.0,18.489999771118164,16.1200008392334,18.40999984741211,0.0,0
2024-08-15,15.229999542236328,0.0,16.68000030517578,14.770000457763672,16.270000457763672,0.0,0
2024-08-16,14.800000190734863,0.0,15.760000228881836,14.649999618530273,15.289999961853027,0.0,0
2024-08-19,14.649999618530273,0.0,16.06999969482422,14.460000038146973,15.9399995803833,0.0,0
2024-08-20,15.880000114440918,0.0,15.930000305175781,14.779999732971191,14.890000343322754,0.0,0
2024-08-21,16.270000457763672,0.0,17.170000076293945,15.920000076293945,16.25,0.0,0
2024-08-22,17.549999237060547,0.0,18.059999465942383,15.760000228881836,16.270000457763672,0.0,0
2024-08-23,15.859999656677246,0.0,17.209999084472656,15.609999656677246,17.1200008392334,0.0,0
2024-08-26,16.149999618530273,0.0,16.670000076293945,15.8100004196167,16.270000457763672,0.0,0
2024-08-27,15.430000305175781,0.0,16.809999465942383,15.369999885559082,16.209999084472656,0.0,0
2024-08-28,17.110000610351562,0.0,17.889999389648438,15.460000038146973,15.510000228881836,0.0,0
2024-08-29,15.649999618530273,0.0,16.56999969482422,15.1899995803833,16.540000915527344,0.0,0
2024-08-30,15.0,0.0,16.040000915527344,14.779999732971191,15.670000076293945,0.0,0
2024-09-03,20.719999313354492,0.0,21.989999771118164,15.710000038146973,15.760000228881836,0.0,0
2024-09-04,21.31999969482422,0.0,23.309999465942383,19.34000015258789,23.200000762939453,0.0,0
2024-09-05,19.899999618530273,0.0,21.530000686645508,19.209999084472656,20.75,0.0,0
2024-09-06,22.3799991607666,0.0,23.760000228881836,18.829999923706055,21.979999542236328,0.0,0
2024-09-09,19.450000762939453,0.0,21.40999984741211,19.290000915527344,21.31999969482422,0.0,0
2024-09-10,19.079999923706055,0.0,20.739999771118164,18.899999618530273,19.860000610351562,0.0,0
2024-09-11,17.690000534057617,0.0,21.40999984741211,17.549999237060547,19.40999984741211,0.0,0
2024-09-12,17.06999969482422,0.0,18.59000015258789,16.889999389648438,17.6200008392334,0.0,0
2024-09-13,16.559999465942383,0.0,17.18000030517578,16.229999542236328,17.030000686645508,0.0,0
2024-09-16,17.139999389648438,0.0,17.690000534057617,16.90999984741211,17.15999984741211,0.0,0
2024-09-17,17.610000610351562,0.0,18.079999923706055,16.670000076293945,17.15999984741211,0.0,0
2024-09-18,18.229999542236328,0.0,19.389999389648438,17.110000610351562,17.579999923706055,0.0,0
2024-09-19,16.329999923706055,0.0,17.270000457763672,16.209999084472656,17.209999084472656,0.0,0
2024-09-20,16.149999618530273,0.0,16.68000030517578,15.8100004196167,16.350000381469727,0.0,0
2024-09-23,15.890000343322754,0.0,16.950000762939453,15.75,16.709999084472656,0.0,0
2024-09-24,15.390000343322754,0.0,16.670000076293945,15.270000457763672,15.869999885559082,0.0,0
2024-09-25,15.40999984741211,0.0,15.819999694824219,15.170000076293945,15.819999694824219,0.0,0
2024-09-26,15.369999885559082,0.0,15.829999923706055,14.899999618530273,15.0600004196167,0.0,0
2024-09-27,16.959999084472656,0.0,16.969999313354492,15.199999809265137,15.640000343322754,0.0,0
2024-09-30,16.729999542236328,0.0,17.790000915527344,16.469999313354492,17.010000228881836,0.0,0
2024-10-01,19.260000228881836,0.0,20.729999542236328,16.610000610351562,16.959999084472656,0.0,0
2024-10-02,18.899999618530273,0.0,20.360000610351562,18.579999923706055,19.649999618530273,0.0,0
2024-10-03,20.489999771118164,0.0,20.75,19.15999984741211,19.6299991607666,0.0,0
2024-10-04,19.209999084472656,0.0,20.479999542236328,18.479999542236328,20.479999542236328,0.0,0
2024-10-07,22.639999389648438,0.0,23.030000686645508,20.649999618530273,20.760000228881836,0.0,0
2024-10-08,21.420000076293945,0.0,23.139999389648438,21.139999389648438,22.920000076293945,0.0,0
2024-10-09,20.860000610351562,0.0,22.010000228881836,20.709999084472656,21.979999542236328,0.0,0
2024-10-10,20.93000030517578,0.0,21.389999389648438,20.639999389648438,20.90999984741211,0.0,0
2024-10-11,20.459999084472656,0.0,21.15999984741211,20.139999389648438,20.8700008392334,0.0,0
2024-10-14,19.700000762939453,0.0,20.860000610351562,19.690000534057617,20.860000610351562,0.0,0
2024-10-15,20.639999389648438,0.0,20.889999389648438,19.440000534057617,19.610000610351562,0.0,0
2024-10-16,19.579999923706055,0.0,21.010000228881836,19.450000762939453,20.770000457763672,0.0,0
2024-10-17,19.110000610351562,0.0,19.649999618530273,18.8799991607666,19.549999237060547,0.0,0
2024-10-18,18.030000686645508,0.0,19.31999969482422,17.989999771118164,19.299999237060547,0.0,0
2024-10-21,18.3700008392334,0.0,19.34000015258789,18.360000610351562,18.780000686645508,0.0,0
2024-10-22,18.200000762939453,0.0,19.440000534057617,18.049999237060547,18.790000915527344,0.0,0
2024-10-23,19.239999771118164,0.0,20.469999313354492,18.18000030517578,18.209999084472656,0.0,0
2024-10-24,19.079999923706055,0.0,20.239999771118164,18.6299991607666,18.8700008392334,0.0,0
2024-10-25,20.329999923706055,0.0,20.510000228881836,18.229999542236328,19.219999313354492,0.0,0
2024-10-28,19.799999237060547,0.0,19.8799991607666,18.90999984741211,19.110000610351562,0.0,0
2024-10-29,19.34000015258789,0.0,20.530000686645508,19.059999465942383,19.75,0.0,0
2024-10-30,20.350000381469727,0.0,20.440000534057617,19.299999237060547,19.329999923706055,0.0,0
2024-10-31,23.15999984741211,0.0,23.420000076293945,21.1200008392334,21.440000534057617,0.0,0
2024-11-01,21.8799991607666,0.0,23.09000015258789,21.15999984741211,22.959999084472656,0.0,0
2024-11-04,21.979999542236328,0.0,23.06999969482422,21.729999542236328,22.5,0.0,0
2024-11-05,20.489999771118164,0.0,22.059999465942383,20.200000762939453,21.979999542236328,0.0,0
2024-11-06,16.270000457763672,0.0,16.81999969482422,15.4399995803833,16.059999465942383,0.0,0
2024-11-07,15.199999809265137,0.0,15.859999656677246,15.130000114440918,15.859999656677246,0.0,0
2024-11-08,14.9399995803833,0.0,15.329999923706055,14.65999984741211,15.130000114440918,0.0,0
2024-11-11,14.970000267028809,0.0,15.5600004196167,14.890000343322754,15.329999923706055,0.0,0
2024-11-12,14.710000038146973,0.0,15.369999885559082,14.6899995803833,15.09000015258789,0.0,0
2024-11-13,14.020000457763672,0.0,15.260000228881836,13.770000457763672,15.09000015258789,0.0,0
2024-11-14,14.3100004196167,0.0,14.319999694824219,13.59000015258789,14.170000076293945,0.0,0
2024-11-15,16.139999389648438,0.0,17.549999237060547,14.5600004196167,15.020000457763672,0.0,0
2024-11-18,15.579999923706055,0.0,17.0,15.350000381469727,16.600000381469727,0.0,0
2024-11-19,16.350000381469727,0.0,17.93000030517578,15.369999885559082,15.4399995803833,0.0,0
2024-11-20,17.15999984741211,0.0,18.790000915527344,16.040000915527344,16.190000534057617,0.0,0
2024-11-21,16.8700008392334,0.0,17.989999771118164,15.729999542236328,17.100000381469727,0.0,0
2024-11-22,15.239999771118164,0.0,17.559999465942383,15.239999771118164,16.670000076293945,0.0,0
2024-11-25,14.600000381469727,0.0,15.720000267028809,14.539999961853027,15.229999542236328,0.0,0
2024-11-26,14.100000381469727,0.0,15.029999732971191,13.880000114440918,14.949999809265137,0.0,0
2024-11-27,14.100000381469727,0.0,15.130000114440918,13.960000038146973,14.279999732971191,0.0,0
2024-11-29,13.510000228881836,0.0,14.149999618530273,13.489999771118164,14.0,0.0,0
2024-12-02,13.34000015258789,0.0,14.100000381469727,13.300000190734863,14.079999923706055,0.0,0
2024-12-03,13.300000190734863,0.0,13.770000457763672,13.1899995803833,13.380000114440918,0.0,0
2024-12-04,13.449999809265137,0.0,13.609999656677246,12.890000343322754,13.15999984741211,0.0,0
2024-12-05,13.539999961853027,0.0,13.699999809265137,13.260000228881836,13.460000038146973,0.0,0
2024-12-06,12.770000457763672,0.0,13.739999771118164,12.699999809265137,13.619999885559082,0.0,0
2024-12-09,14.1899995803833,0.0,14.229999542236328,13.350000381469727,13.359999656677246,0.0,0
2024-12-10,14.180000305175781,0.0,14.539999961853027,13.859999656677246,14.300000190734863,0.0,0
2024-12-11,13.579999923706055,0.0,14.430000305175781,13.520000457763672,14.420000076293945,0.0,0
2024-12-12,13.920000076293945,0.0,13.949999809265137,13.390000343322754,13.729999542236328,0.0,0
2024-12-13,13.8100004196167,0.0,14.25,13.239999771118164,13.569999694824219,0.0,0
2024-12-16,14.6899995803833,0.0,14.6899995803833,13.989999771118164,14.369999885559082,0.0,0
2024-12-17,15.869999885559082,0.0,15.9399995803833,14.779999732971191,14.979999542236328,0.0,0
2024-12-18,27.6200008392334,0.0,28.31999969482422,14.819999694824219,15.569999694824219,0.0,0
2024-12-19,24.09000015258789,0.0,24.1200008392334,20.15999984741211,21.610000610351562,0.0,0
2024-12-20,18.360000610351562,0.0,26.510000228881836,17.81999969482422,24.139999389648438,0.0,0
2024-12-23,16.780000686645508,0.0,20.020000457763672,16.739999771118164,18.09000015258789,0.0,0
2024-12-24,14.270000457763672,0.0,17.040000915527344,14.270000457763672,16.969999313354492,0.0,0
2024-12-26,14.729999542236328,0.0,15.930000305175781,14.550000190734863,14.989999771118164,0.0,0
2024-12-27,15.949999809265137,0.0,18.450000762939453,15.289999961853027,15.380000114440918,0.0,0
2024-12-30,17.399999618530273,0.0,19.219999313354492,16.440000534057617,17.209999084472656,0.0,0
2024-12-31,17.350000381469727,0.0,17.809999465942383,16.68000030517578,17.389999389648438,0.0,0
2025-01-02,17.93000030517578,0.0,19.5,16.959999084472656,17.209999084472656,0.0,0
2025-01-03,16.1299991607666,0.0,17.940000534057617,16.110000610351562,17.65999984741211,0.0,0
2025-01-06,16.040000915527344,0.0,16.8700008392334,15.710000038146973,16.770000457763672,0.0,0
2025-01-07,17.81999969482422,0.0,18.899999618530273,15.789999961853027,16.479999542236328,0.0,0
2025-01-08,17.700000762939453,0.0,19.5,17.3700008392334,17.90999984741211,0.0,0
2025-01-10,19.540000915527344,0.0,20.309999465942383,18.049999237060547,18.290000915527344,0.0,0
2025-01-13,19.190000534057617,0.0,22.040000915527344,19.149999618530273,21.18000030517578,0.0,0
2025-01-14,18.709999084472656,0.0,19.65999984741211,18.239999771118164,18.790000915527344,0.0,0
2025-01-15,16.1200008392334,0.0,19.139999389648438,15.960000038146973,19.079999923706055,0.0,0
2025-01-16,16.600000381469727,0.0,16.600000381469727,15.640000343322754,15.869999885559082,0.0,0
2025-01-17,15.970000267028809,0.0,16.229999542236328,15.529999732971191,16.190000534057617,0.0,0
2025-01-21,15.0600004196167,0.0,16.290000915527344,14.930000305175781,16.290000915527344,0.0,0
2025-01-22,15.100000381469727,0.0,15.289999961853027,14.59000015258789,14.890000343322754,0.0,0
2025-01-23,15.020000457763672,0.0,15.390000343322754,14.59000015258789,15.279999732971191,0.0,0
2025-01-24,14.850000381469727,0.0,15.15999984741211,14.579999923706055,15.020000457763672,0.0,0
2025-01-27,17.899999618530273,0.0,22.510000228881836,17.56999969482422,18.829999923706055,0.0,0
2025-01-28,16.40999984741211,0.0,18.389999389648438,16.25,18.290000915527344,0.0,0
2025-01-29,16.559999465942383,0.0,18.079999923706055,16.170000076293945,16.420000076293945,0.0,0
2025-01-30,15.84000015258789,0.0,16.420000076293945,15.319999694824219,15.930000305175781,0.0,0
2025-01-31,16.43000030517578,0.0,17.09000015258789,14.899999618530273,15.449999809265137,0.0,0
2025-02-03,18.6200008392334,0.0,20.420000076293945,17.65999984741211,20.360000610351562,0.0,0
2025-02-04,17.209999084472656,0.0,19.110000610351562,16.780000686645508,18.780000686645508,0.0,0
2025-02-05,15.770000457763672,0.0,17.75,15.770000457763672,17.540000915527344,0.0,0
2025-02-06,15.5,0.0,16.149999618530273,14.989999771118164,15.880000114440918,0.0,0
2025-02-07,16.540000915527344,0.0,16.65999984741211,14.789999961853027,15.380000114440918,0.0,0
2025-02-10,15.8100004196167,0.0,16.610000610351562,15.699999809265137,16.579999923706055,0.0,0
2025-02-11,16.020000457763672,0.0,16.420000076293945,15.75,16.1299991607666,0.0,0
2025-02-12,15.890000343322754,0.0,17.18000030517578,15.640000343322754,15.90999984741211,0.0,0
2025-02-13,15.100000381469727,0.0,16.329999923706055,14.979999542236328,15.970000267028809,0.0,0
2025-02-14,14.770000457763672,0.0,15.420000076293945,14.739999771118164,15.079999923706055,0.0,0
2025-02-18,15.350000381469727,0.0,16.030000686645508,15.350000381469727,15.569999694824219,0.0,0
2025-02-19,15.270000457763672,0.0,15.960000038146973,15.050000190734863,15.140000343322754,0.0,0
2025-02-20,15.65999984741211,0.0,16.6299991607666,15.119999885559082,15.609999656677246,0.0,0
2025-02-21,18.209999084472656,0.0,19.030000686645508,15.279999732971191,15.630000114440918,0.0,0
2025-02-24,18.979999542236328,0.0,20.239999771118164,17.309999465942383,18.079999923706055,0.0,0
2025-02-25,19.43000030517578,0.0,21.479999542236328,18.850000381469727,19.09000015258789,0.0,0
2025-02-26,19.100000381469727,0.0,20.059999465942383,17.829999923706055,18.959999084472656,0.0,0
2025-02-27,21.1299991607666,0.0,21.469999313354492,17.670000076293945,18.25,0.0,0
2025-02-28,19.6299991607666,0.0,22.399999618530273,19.049999237060547,21.209999084472656,0.0,0
2025-03-03,22.780000686645508,0.0,24.309999465942383,19.25,19.829999923706055,0.0,0
2025-03-04,23.510000228881836,0.0,26.350000381469727,21.709999084472656,22.959999084472656,0.0,0
2025-03-05,21.93000030517578,0.0,24.84000015258789,21.3700008392334,23.030000686645508,0.0,0
2025-03-06,24.8700008392334,0.0,25.920000076293945,22.389999389648438,22.600000381469727,0.0,0
2025-03-07,23.3700008392334,0.0,26.559999465942383,23.09000015258789,24.850000381469727,0.0,0
2025-03-10,27.860000610351562,0.0,29.559999465942383,24.68000030517578,24.700000762939453,0.0,0
2025-03-11,26.920000076293945,0.0,29.56999969482422,26.18000030517578,27.940000534057617,0.0,0
2025-03-12,24.229999542236328,0.0,26.90999984741211,23.889999389648438,26.8799991607666,0.0,0
2025-03-13,24.65999984741211,0.0,26.1299991607666,23.459999084472656,24.920000076293945,0.0,0
2025-03-14,21.770000457763672,0.0,24.360000610351562,21.479999542236328,24.350000381469727,0.0,0
2025-03-17,20.510000228881836,0.0,22.950000762939453,20.31999969482422,22.889999389648438,0.0,0
2025-03-18,21.700000762939453,0.0,22.56999969482422,20.40999984741211,20.829999923706055,0.0,0
2025-03-19,19.899999618530273,0.0,22.100000381469727,19.420000076293945,21.84000015258789,0.0,0
2025-03-20,19.799999237060547,0.0,21.170000076293945,19.299999237060547,19.520000457763672,0.0,0
2025-03-21,19.280000686645508,0.0,21.139999389648438,19.149999618530273,20.020000457763672,0.0,0
2025-03-24,17.479999542236328,0.0,19.139999389648438,17.459999084472656,19.1299991607666,0.0,0
2025-03-25,17.149999618530273,0.0,17.770000457763672,17.020000457763672,17.579999923706055,0.0,0
2025-03-26,18.329999923706055,0.0,19.06999969482422,16.969999313354492,17.229999542236328,0.0,0
2025-03-27,18.690000534057617,0.0,19.280000686645508,17.950000762939453,18.360000610351562,0.0,0
2025-03-28,21.649999618530273,0.0,22.18000030517578,18.920000076293945,19.079999923706055,0.0,0
2025-03-31,22.280000686645508,0.0,24.799999237060547,21.670000076293945,24.110000610351562,0.0,0
2025-04-01,21.770000457763672,0.0,23.520000457763672,21.579999923706055,22.059999465942383,0.0,0
2025-04-02,21.510000228881836,0.0,23.65999984741211,20.68000030517578,22.299999237060547,0.0,0
2025-04-03,30.020000457763672,0.0,30.020000457763672,24.93000030517578,26.3799991607666,0.0,0
2025-04-04,45.310001373291016,0.0,45.61000061035156,29.989999771118164,30.1200008392334,0.0,0
2025-04-07,46.97999954223633,0.0,60.130001068115234,38.58000183105469,60.130001068115234,0.0,0
2025-04-08,52.33000183105469,0.0,57.52000045776367,36.47999954223633,44.040000915527344,0.0,0
2025-04-09,33.619998931884766,0.0,57.959999084472656,31.899999618530273,50.97999954223633,0.0,0
2025-04-10,40.720001220703125,0.0,54.869998931884766,34.439998626708984,34.439998626708984,0.0,0
2025-04-11,37.560001373291016,0.0,46.119998931884766,36.849998474121094,40.79999923706055,0.0,0
2025-04-14,30.889999389648438,0.0,35.16999816894531,29.75,34.7599983215332,0.0,0
2025-04-15,30.1200008392334,0.0,31.450000762939453,28.290000915527344,30.010000228881836,0.0,0
2025-04-16,32.63999938964844,0.0,34.959999084472656,29.479999542236328,33.2400016784668,0.0,0
2025-04-17,29.649999618530273,0.0,32.54999923706055,29.56999969482422,30.790000915527344,0.0,0
2025-04-21,33.81999969482422,0.0,35.75,31.790000915527344,32.75,0.0,0
2025-04-22,30.56999969482422,0.0,32.68000030517578,30.079999923706055,32.61000061035156,0.0,0
2025-04-23,28.450000762939453,0.0,30.290000915527344,27.110000610351562,28.75,0.0,0
2025-04-24,26.469999313354492,0.0,29.65999984741211,26.360000610351562,28.690000534057617,0.0,0
2025-04-25,24.84000015258789,0.0,27.200000762939453,24.84000015258789,26.219999313354492,0.0,0
2025-04-28,25.149999618530273,0.0,26.93000030517578,24.700000762939453,25.75,0.0,0
2025-04-29,24.170000076293945,0.0,25.989999771118164,23.760000228881836,24.760000228881836,0.0,0
2025-04-30,24.700000762939453,0.0,28.170000076293945,24.229999542236328,24.350000381469727,0.0,0
2025-05-01,24.600000381469727,0.0,25.18000030517578,23.299999237060547,23.940000534057617,0.0,0
2025-05-02,22.68000030517578,0.0,24.31999969482422,22.34000015258789,23.6299991607666,0.0,0
2025-05-05,23.639999389648438,0.0,24.6299991607666,22.809999465942383,24.25,0.0,0
2025-05-06,24.760000228881836,0.0,25.110000610351562,23.899999618530273,23.969999313354492,0.0,0
2025-05-07,23.549999237060547,0.0,25.6200008392334,23.290000915527344,24.559999465942383,0.0,0
2025-05-08,22.479999542236328,0.0,23.610000610351562,21.8799991607666,22.84000015258789,0.0,0
2025-05-09,21.899999618530273,0.0,22.81999969482422,21.829999923706055,22.399999618530273,0.0,0
2025-05-12,18.389999389648438,0.0,20.440000534057617,18.139999389648438,19.84000015258789,0.0,0
2025-05-13,18.219999313354492,0.0,18.850000381469727,17.649999618530273,18.690000534057617,0.0,0
2025-05-14,18.6200008392334,0.0,18.81999969482422,18.059999465942383,18.100000381469727,0.0,0
2025-05-15,17.829999923706055,0.0,19.3799991607666,17.770000457763672,19.190000534057617,0.0,0
2025-05-16,17.239999771118164,0.0,17.959999084472656,17.149999618530273,17.959999084472656,0.0,0
2025-05-19,18.139999389648438,0.0,19.920000076293945,17.920000076293945,19.84000015258789,0.0,0
2025-05-20,18.09000015258789,0.0,18.68000030517578,17.700000762939453,18.459999084472656,0.0,0
2025-05-21,20.8700008392334,0.0,21.049999237060547,17.770000457763672,18.770000457763672,0.0,0
2025-05-22,20.280000686645508,0.0,22.06999969482422,19.639999389648438,20.6200008392334,0.0,0
2025-05-23,22.290000915527344,0.0,25.530000686645508,19.829999923706055,20.139999389648438,0.0,0
2025-05-27,18.959999084472656,0.0,21.010000228881836,18.950000762939453,20.6299991607666,0.0,0
2025-05-28,19.309999465942383,0.0,19.43000030517578,18.68000030517578,19.209999084472656,0.0,0
2025-05-29,19.18000030517578,0.0,20.200000762939453,18.110000610351562,18.25,0.0,0
2025-05-30,18.56999969482422,0.0,20.549999237060547,18.56999969482422,19.610000610351562,0.0,0
2025-06-02,18.360000610351562,0.0,20.450000762939453,18.360000610351562,19.809999465942383,0.0,0
2025-06-03,17.690000534057617,0.0,19.209999084472656,17.639999389648438,18.829999923706055,0.0,0
2025-06-04,17.610000610351562,0.0,18.06999969482422,17.40999984741211,17.68000030517578,0.0,0
2025-06-05,18.479999542236328,0.0,18.799999237060547,17.079999923706055,17.68000030517578,0.0,0
2025-06-06,16.770000457763672,0.0,18.350000381469727,16.649999618530273,18.15999984741211,0.0,0
2025-06-09,17.15999984741211,0.0,17.719999313354492,16.81999969482422,17.690000534057617,0.0,0
2025-06-10,16.950000762939453,0.0,17.989999771118164,16.68000030517578,17.5,0.0,0
2025-06-11,17.260000228881836,0.0,18.09000015258789,16.229999542236328,17.040000915527344,0.0,0
2025-06-12,18.020000457763672,0.0,18.8700008392334,17.43000030517578,17.8700008392334,0.0,0
2025-06-13,20.81999969482422,0.0,22.0,18.8799991607666,21.760000228881836,0.0,0
2025-06-16,19.110000610351562,0.0,20.219999313354492,18.670000076293945,19.780000686645508,0.0,0
2025-06-17,21.600000381469727,0.0,21.790000915527344,19.549999237060547,20.530000686645508,0.0,0
2025-06-18,20.139999389648438,0.0,21.579999923706055,19.59000015258789,20.899999618530273,0.0,0
2025-06-20,20.6200008392334,0.0,21.06999969482422,19.110000610351562,20.739999771118164,0.0,0
2025-06-23,19.829999923706055,0.0,22.510000228881836,19.81999969482422,21.149999618530273,0.0,0
2025-06-24,17.479999542236328,0.0,18.719999313354492,17.329999923706055,18.190000534057617,0.0,0
2025-06-25,16.760000228881836,0.0,17.510000228881836,16.68000030517578,17.280000686645508,0.0,0
2025-06-26,16.59000015258789,0.0,16.780000686645508,16.110000610351562,16.670000076293945,0.0,0
2025-06-27,16.31999969482422,0.0,17.290000915527344,16.1200008392334,16.309999465942383,0.0,0
2025-06-30,16.729999542236328,0.0,17.43000030517578,16.549999237060547,17.190000534057617,0.0,0
2025-07-01,16.829999923706055,0.0,17.479999542236328,16.510000228881836,16.979999542236328,0.0,0
2025-07-02,16.639999389648438,0.0,17.3700008392334,16.540000915527344,16.75,0.0,0
2025-07-03,16.3799991607666,0.0,16.829999923706055,16.139999389648438,16.649999618530273,0.0,0
2025-07-07,17.790000915527344,0.0,18.5,17.510000228881836,17.829999923706055,0.0,0
2025-07-08,16.809999465942383,0.0,17.440000534057617,16.540000915527344,17.40999984741211,0.0,0
2025-07-09,15.9399995803833,0.0,16.760000228881836,15.760000228881836,16.760000228881836,0.0,0
2025-07-10,15.779999732971191,0.0,16.239999771118164,15.699999809265137,16.229999542236328,0.0,0
2025-07-11,16.399999618530273,0.0,17.239999771118164,15.979999542236328,16.40999984741211,0.0,0
2025-07-14,17.200000762939453,0.0,17.850000381469727,16.90999984741211,17.729999542236328,0.0,0
2025-07-15,17.3799991607666,0.0,17.389999389648438,16.559999465942383,16.889999389648438,0.0,0
2025-07-16,17.15999984741211,0.0,19.479999542236328,16.690000534057617,17.65999984741211,0.0,0
2025-07-17,16.520000457763672,0.0,17.3700008392334,16.479999542236328,17.15999984741211,0.0,0
2025-07-18,16.40999984741211,0.0,16.809999465942383,16.280000686645508,16.43000030517578,0.0,0
2025-07-21,16.649999618530273,0.0,16.989999771118164,16.299999237060547,16.8700008392334,0.0,0
2025-07-22,16.5,0.0,17.479999542236328,16.43000030517578,16.75,0.0,0
2025-07-23,15.369999885559082,0.0,16.31999969482422,15.319999694824219,16.229999542236328,0.0,0
2025-07-24,15.390000343322754,0.0,15.539999961853027,14.949999809265137,15.390000343322754,0.0,0
2025-07-25,14.930000305175781,0.0,15.390000343322754,14.920000076293945,15.329999923706055,0.0,0
2025-07-28,15.029999732971191,0.0,15.539999961853027,15.0,15.149999618530273,0.0,0
2025-07-29,15.979999542236328,0.0,16.1200008392334,14.699999809265137,14.949999809265137,0.0,0
2025-07-30,15.479999542236328,0.0,17.270000457763672,15.4399995803833,15.869999885559082,0.0,0
2025-07-31,16.719999313354492,0.0,17.170000076293945,14.739999771118164,14.989999771118164,0.0,0
2025-08-01,20.3799991607666,0.0,21.899999618530273,17.389999389648438,17.399999618530273,0.0,0
2025-08-04,17.520000457763672,0.0,19.579999923706055,17.479999542236328,19.559999465942383,0.0,0
2025-08-05,17.850000381469727,0.0,18.940000534057617,17.110000610351562,17.209999084472656,0.0,0
2025-08-06,16.770000457763672,0.0,17.8799991607666,16.559999465942383,17.219999313354492,0.0,0
2025-08-07,16.56999969482422,0.0,17.639999389648438,15.979999542236328,16.40999984741211,0.0,0
2025-08-08,15.149999618530273,0.0,16.520000457763672,15.149999618530273,16.479999542236328,0.0,0
2025-08-11,16.25,0.0,16.360000610351562,15.520000457763672,15.8100004196167,0.0,0
2025-08-12,14.729999542236328,0.0,16.559999465942383,14.65999984741211,16.09000015258789,0.0,0
2025-08-13,14.489999771118164,0.0,14.8100004196167,14.300000190734863,14.619999885559082,0.0,0
2025-08-14,14.829999923706055,0.0,15.390000343322754,14.569999694824219,14.65999984741211,0.0,0
2025-08-15,15.09000015258789,0.0,15.180000305175781,14.399999618530273,14.430000305175781,0.0,0
2025-08-18,14.989999771118164,0.0,15.949999809265137,14.949999809265137,15.729999542236328,0.0,0
2025-08-19,15.569999694824219,0.0,15.90999984741211,14.760000228881836,15.229999542236328,0.0,0
2025-08-20,15.6899995803833,0.0,17.190000534057617,15.569999694824219,15.949999809265137,0.0,0
2025-08-21,16.600000381469727,0.0,17.239999771118164,15.649999618530273,15.720000267028809,0.0,0
2025-08-22,14.220000267028809,0.0,16.829999923706055,14.210000038146973,16.809999465942383,0.0,0
2025-08-25,14.789999961853027,0.0,15.1899995803833,14.239999771118164,15.050000190734863,0.0,0
2025-08-26,14.619999885559082,0.0,15.75,14.619999885559082,15.75,0.0,0
2025-08-27,14.850000381469727,0.0,15.229999542236328,14.65999984741211,14.65999984741211,0.0,0
2025-08-28,14.430000305175781,0.0,14.6899995803833,14.119999885559082,14.420000076293945,0.0,0
2025-08-29,15.359999656677246,0.0,15.970000267028809,14.3100004196167,14.3100004196167,0.0,0
2025-09-02,17.170000076293945,0.0,19.3799991607666,16.549999237060547,16.649999618530273,0.0,0
2025-09-03,16.350000381469727,0.0,17.56999969482422,16.34000015258789,17.399999618530273,0.0,0
2025-09-04,15.300000190734863,0.0,16.350000381469727,15.279999732971191,16.219999313354492,0.0,0
2025-09-05,15.180000305175781,0.0,16.920000076293945,14.739999771118164,15.229999542236328,0.0,0
2025-09-08,15.109999656677246,0.0,15.649999618530273,14.989999771118164,15.579999923706055,0.0,0
2025-09-09,15.039999961853027,0.0,15.819999694824219,14.970000267028809,15.020000457763672,0.0,0
2025-09-10,15.350000381469727,0.0,15.630000114440918,14.630000114440918,14.979999542236328,0.0,0
2025-09-11,14.710000038146973,0.0,15.239999771118164,14.649999618530273,15.1899995803833,0.0,0
2025-09-12,14.760000228881836,0.0,14.970000267028809,14.40999984741211,14.619999885559082,0.0,0
2025-09-15,15.6899995803833,0.0,15.84000015258789,14.920000076293945,15.140000343322754,0.0,0
2025-09-16,16.360000610351562,0.0,16.3799991607666,15.4399995803833,15.600000381469727,0.0,0
2025-09-17,15.720000267028809,0.0,16.75,15.260000228881836,16.420000076293945,0.0,0
2025-09-18,15.699999809265137,0.0,15.800000190734863,14.329999923706055,14.930000305175781,0.0,0
2025-09-19,15.449999809265137,0.0,16.1299991607666,15.289999961853027,15.760000228881836,0.0,0
2025-09-22,16.100000381469727,0.0,16.350000381469727,15.779999732971191,16.139999389648438,0.0,0
2025-09-23,16.639999389648438,0.0,17.06999969482422,15.949999809265137,16.100000381469727,0.0,0
2025-09-24,16.18000030517578,0.0,17.209999084472656,16.18000030517578,16.56999969482422,0.0,0
2025-09-25,16.739999771118164,0.0,17.739999771118164,16.31999969482422,16.549999237060547,0.0,0
2025-09-26,15.289999961853027,0.0,17.049999237060547,15.289999961853027,16.889999389648438,0.0,0
2025-09-29,16.1200008392334,0.0,16.290000915527344,15.739999771118164,15.84000015258789,0.0,0
2025-09-30,16.280000686645508,0.0,16.700000762939453,16.020000457763672,16.489999771118164,0.0,0
2025-10-01,16.290000915527344,0.0,17.280000686645508,15.979999542236328,17.280000686645508,0.0,0
2025-10-02,16.6299991607666,0.0,16.920000076293945,15.930000305175781,16.1200008392334,0.0,0
2025-10-03,16.649999618530273,0.0,17.059999465942383,16.200000762939453,16.350000381469727,0.0,0
2025-10-06,16.3700008392334,0.0,17.09000015258789,16.290000915527344,16.739999771118164,0.0,0
2025-10-07,17.239999771118164,0.0,17.549999237060547,16.190000534057617,16.579999923706055,0.0,0
2025-10-08,16.299999237060547,0.0,17.200000762939453,16.229999542236328,17.170000076293945,0.0,0
2025-10-09,16.43000030517578,0.0,17.270000457763672,16.260000228881836,16.309999465942383,0.0,0
2025-10-10,21.65999984741211,0.0,22.440000534057617,16.229999542236328,16.360000610351562,0.0,0
2025-10-13,19.030000686645508,0.0,20.770000457763672,18.610000610351562,19.450000762939453,0.0,0
2025-10-14,20.809999465942383,0.0,22.940000534057617,19.18000030517578,21.459999084472656,0.0,0
2025-10-15,20.639999389648438,0.0,22.440000534057617,19.110000610351562,20.020000457763672,0.0,0
2025-10-16,25.309999465942383,0.0,25.43000030517578,19.850000381469727,20.489999771118164,0.0,0
2025-10-17,20.780000686645508,0.0,28.989999771118164,20.729999542236328,28.40999984741211,0.0,0
2025-10-20,18.229999542236328,0.0,21.020000457763672,18.229999542236328,20.530000686645508,0.0,0
2025-10-21,17.8700008392334,0.0,18.889999389648438,17.399999618530273,18.649999618530273,0.0,0
2025-10-22,18.600000381469727,0.0,21.010000228881836,17.729999542236328,17.84000015258789,0.0,0
2025-10-23,17.299999237060547,0.0,19.350000381469727,17.079999923706055,18.360000610351562,0.0,0
2025-10-24,16.3700008392334,0.0,17.219999313354492,16.020000457763672,17.020000457763672,0.0,0
2025-10-27,15.789999961853027,0.0,16.06999969482422,15.619999885559082,15.729999542236328,0.0,0
2025-10-28,16.420000076293945,0.0,16.549999237060547,15.65999984741211,15.949999809265137,0.0,0
2025-10-29,16.920000076293945,0.0,17.579999923706055,16.260000228881836,16.34000015258789,0.0,0
2025-10-30,16.90999984741211,0.0,17.40999984741211,15.729999542236328,16.260000228881836,0.0,0
2025-10-31,17.440000534057617,0.0,18.540000915527344,15.960000038146973,16.43000030517578,0.0,0
2025-11-03,17.170000076293945,0.0,18.829999923706055,17.0,18.059999465942383,0.0,0
2025-11-04,19.0,0.0,20.479999542236328,17.899999618530273,19.729999542236328,0.0,0
2025-11-05,18.010000228881836,0.0,20.020000457763672,17.309999465942383,19.3700008392334,0.0,0
2025-11-06,19.5,0.0,20.309999465942383,17.639999389648438,18.360000610351562,0.0,0
2025-11-07,19.079999923706055,0.0,22.719999313354492,19.079999923706055,19.520000457763672,0.0,0
2025-11-10,17.600000381469727,0.0,18.81999969482422,17.600000381469727,18.579999923706055,0.0,0
2025-11-11,17.280000686645508,0.0,18.010000228881836,17.25,17.899999618530273,0.0,0
2025-11-12,17.510000228881836,0.0,18.059999465942383,17.100000381469727,17.209999084472656,0.0,0
2025-11-13,20.0,0.0,21.309999465942383,17.510000228881836,17.610000610351562,0.0,0
2025-11-14,19.829999923706055,0.0,23.030000686645508,19.559999465942383,21.329999923706055,0.0,0
2025-11-17,22.3799991607666,0.0,23.440000534057617,19.540000915527344,19.579999923706055,0.0,0
2025-11-18,24.690000534057617,0.0,25.84000015258789,22.90999984741211,23.540000915527344,0.0,0
2025-11-19,23.65999984741211,0.0,24.790000915527344,21.93000030517578,24.520000457763672,0.0,0
2025-11-20,26.420000076293945,0.0,28.270000457763672,19.280000686645508,20.780000686645508,0.0,0
2025-11-21,23.43000030517578,0.0,27.84000015258789,22.540000915527344,25.969999313354492,0.0,0
2025-11-24,20.520000457763672,0.0,23.68000030517578,20.40999984741211,22.690000534057617,0.0,0
2025-11-25,18.559999465942383,0.0,21.770000457763672,18.389999389648438,20.549999237060547,0.0,0
2025-11-26,17.190000534057617,0.0,18.700000762939453,16.93000030517578,18.25,0.0,0
2025-11-28,16.350000381469727,0.0,18.520000457763672,15.779999732971191,17.40999984741211,0.0,0
2025-12-01,17.239999771118164,0.0,18.329999923706055,16.579999923706055,18.049999237060547,0.0,0
2025-12-02,16.59000015258789,0.0,17.309999465942383,16.389999389648438,17.280000686645508,0.0,0
2025-12-03,16.079999923706055,0.0,17.280000686645508,15.930000305175781,16.43000030517578,0.0,0
2025-12-04,15.779999732971191,0.0,16.6299991607666,15.680000305175781,16.229999542236328,0.0,0
2025-12-05,15.40999984741211,0.0,16.18000030517578,15.279999732971191,15.579999923706055,0.0,0
2025-12-08,16.65999984741211,0.0,17.09000015258789,16.100000381469727,16.149999618530273,0.0,0
2025-12-09,16.93000030517578,0.0,17.200000762939453,16.450000762939453,16.65999984741211,0.0,0
2025-12-10,15.770000457763672,0.0,17.65999984741211,15.5600004196167,16.940000534057617,0.0,0
2025-12-11,14.850000381469727,0.0,16.8799991607666,14.850000381469727,16.84000015258789,0.0,0
2025-12-12,15.739999771118164,0.0,17.850000381469727,14.850000381469727,14.989999771118164,0.0,0
2025-12-15,16.5,0.0,17.350000381469727,15.989999771118164,16.510000228881836,0.0,0
2025-12-16,16.479999542236328,0.0,17.610000610351562,16.190000534057617,17.280000686645508,0.0,0
2025-12-17,17.6200008392334,0.0,18.0,15.819999694824219,16.450000762939453,0.0,0
2025-12-18,16.8700008392334,0.0,17.68000030517578,15.930000305175781,17.610000610351562,0.0,0
2025-12-19,14.90999984741211,0.0,16.530000686645508,14.90999984741211,16.309999465942383,0.0,0
2025-12-22,14.079999923706055,0.0,15.260000228881836,14.029999732971191,15.15999984741211,0.0,0
2025-12-23,14.0,0.0,14.449999809265137,13.640000343322754,14.09000015258789,0.0,0
2025-12-24,13.470000267028809,0.0,14.15999984741211,13.380000114440918,14.09000015258789,0.0,0
2025-12-26,13.600000381469727,0.0,14.289999961853027,13.520000457763672,14.119999885559082,0.0,0
2025-12-29,14.199999809265137,0.0,15.079999923706055,13.989999771118164,14.6899995803833,0.0,0
2025-12-30,14.329999923706055,0.0,14.619999885559082,14.039999961853027,14.430000305175781,0.0,0
2025-12-31,14.949999809265137,0.0,15.170000076293945,14.380000114440918,14.770000457763672,0.0,0
2026-01-02,14.510000228881836,0.0,15.420000076293945,14.460000038146973,14.850000381469727,0.0,0
2026-01-05,14.899999618530273,0.0,15.270000457763672,14.649999618530273,15.140000343322754,0.0,0
2026-01-06,14.75,0.0,15.210000038146973,14.630000114440918,15.0,0.0,0
2026-01-07,15.380000114440918,0.0,15.479999542236328,14.829999923706055,14.949999809265137,0.0,0
2026-01-08,15.449999809265137,0.0,15.850000381469727,15.149999618530273,15.6899995803833,0.0,0
2026-01-09,14.489999771118164,0.0,15.8100004196167,14.430000305175781,15.680000305175781,0.0,0
2026-01-12,15.119999885559082,0.0,16.65999984741211,15.029999732971191,16.059999465942383,0.0,0
2026-01-13,15.979999542236328,0.0,16.5,14.75,15.359999656677246,0.0,0
2026-01-14,16.75,0.0,18.100000381469727,16.219999313354492,16.329999923706055,0.0,0
2026-01-15,15.84000015258789,0.0,16.540000915527344,15.300000190734863,16.520000457763672,0.0,0
2026-01-16,15.859999656677246,0.0,16.290000915527344,15.300000190734863,15.4399995803833,0.0,0
2026-01-20,20.09000015258789,0.0,20.989999771118164,18.639999389648438,19.940000534057617,0.0,0
2026-01-21,16.899999618530273,0.0,20.809999465942383,16.670000076293945,19.309999465942383,0.0,0
2026-01-22,15.640000343322754,0.0,16.670000076293945,15.270000457763672,16.649999618530273,0.0,0
2026-01-23,16.09000015258789,0.0,16.209999084472656,15.300000190734863,15.680000305175781,0.0,0
2026-01-26,16.149999618530273,0.0,17.389999389648438,15.800000190734863,16.899999618530273,0.0,0
2026-01-27,16.350000381469727,0.0,16.3700008392334,15.739999771118164,16.020000457763672,0.0,0
2026-01-28,16.350000381469727,0.0,17.18000030517578,16.049999237060547,16.09000015258789,0.0,0
2026-01-29,16.8799991607666,0.0,19.739999771118164,16.020000457763672,16.040000915527344,0.0,0
2026-01-30,17.440000534057617,0.0,19.270000457763672,16.670000076293945,18.719999313354492,0.0,0
2026-02-02,16.34000015258789,0.0,19.959999084472656,16.079999923706055,19.950000762939453,0.0,0
2026-02-03,18.0,0.0,20.3700008392334,16.049999237060547,16.15999984741211,0.0,0
2026-02-04,18.639999389648438,0.0,21.239999771118164,17.469999313354492,17.6299991607666,0.0,0
2026-02-05,21.770000457763672,0.0,23.100000381469727,19.059999465942383,19.239999771118164,0.0,0
2026-02-06,20.3700008392334,0.0,21.489999771118164,19.989999771118164,21.239999771118164,0.0,0
2026-02-09,17.360000610351562,0.0,19.200000762939453,16.899999618530273,17.950000762939453,0.0,0
2026-02-10,17.790000915527344,0.0,17.969999313354492,17.139999389648438,17.469999313354492,0.0,0
2026-02-11,17.649999618530273,0.0,18.959999084472656,16.75,17.8700008392334,0.0,0
2026-02-12,20.81999969482422,0.0,21.209999084472656,17.079999923706055,17.440000534057617,0.0,0
2026-02-13,20.600000381469727,0.0,22.399999618530273,18.920000076293945,21.479999542236328,0.0,0
2026-02-17,20.290000915527344,0.0,22.959999084472656,19.760000228881836,21.739999771118164,0.0,0
2026-02-18,19.6200008392334,0.0,20.34000015258789,18.479999542236328,19.780000686645508,0.0,0
2026-02-19,20.229999542236328,0.0,21.110000610351562,19.229999542236328,19.34000015258789,0.0,0
2026-02-20,19.09000015258789,0.0,21.209999084472656,18.760000228881836,20.040000915527344,0.0,0
2026-02-23,21.010000228881836,0.0,22.040000915527344,19.5,20.489999771118164,0.0,0
2026-02-24,19.549999237060547,0.0,22.079999923706055,19.229999542236328,21.239999771118164,0.0,0
2026-02-25,17.93000030517578,0.0,19.6200008392334,17.860000610351562,19.59000015258789,0.0,0
2026-02-26,18.6299991607666,0.0,20.540000915527344,17.5,18.06999969482422,0.0,0
2026-02-27,19.860000610351562,0.0,21.739999771118164,18.770000457763672,19.280000686645508,0.0,0
2026-03-02,21.440000534057617,0.0,25.239999771118164,20.3700008392334,24.65999984741211,0.0,0
2026-03-03,23.56999969482422,0.0,28.149999618530273,22.18000030517578,24.56999969482422,0.0,0
2026-03-04,21.149999618530273,0.0,24.8700008392334,20.399999618530273,24.389999389648438,0.0,0
2026-03-05,23.75,0.0,25.84000015258789,20.549999237060547,22.110000610351562,0.0,0
2026-03-06,29.489999771118164,0.0,29.93000030517578,22.920000076293945,23.200000762939453,0.0,0
2026-03-09,25.5,0.0,35.29999923706055,24.760000228881836,35.119998931884766,0.0,0
2026-03-10,24.93000030517578,0.0,26.010000228881836,22.190000534057617,24.389999389648438,0.0,0
2026-03-11,24.229999542236328,0.0,26.229999542236328,23.75,24.899999618530273,0.0,0
2026-03-12,27.290000915527344,0.0,27.329999923706055,24.600000381469727,25.479999542236328,0.0,0
2026-03-13,27.190000534057617,0.0,28.469999313354492,24.670000076293945,27.850000381469727,0.0,0
2026-03-16,23.510000228881836,0.0,26.420000076293945,23.229999542236328,25.8799991607666,0.0,0
2026-03-17,22.3700008392334,0.0,24.579999923706055,21.8700008392334,24.559999465942383,0.0,0
2026-03-18,25.09000015258789,0.0,25.1299991607666,21.469999313354492,21.510000228881836,0.0,0
2026-03-19,24.059999465942383,0.0,27.520000457763672,23.540000915527344,25.600000381469727,0.0,0
2026-03-20,26.780000686645508,0.0,29.280000686645508,23.68000030517578,24.459999084472656,0.0,0
2026-03-23,26.149999618530273,0.0,31.040000915527344,20.280000686645508,30.040000915527344,0.0,0
2026-03-24,26.950000762939453,0.0,27.940000534057617,25.639999389648438,25.90999984741211,0.0,0
2026-03-25,25.329999923706055,0.0,26.670000076293945,24.81999969482422,25.790000915527344,0.0,0
2026-03-26,27.440000534057617,0.0,28.489999771118164,26.1200008392334,26.489999771118164,0.0,0
2026-03-27,31.049999237060547,0.0,31.649999618530273,27.540000915527344,27.540000915527344,0.0,0
2026-03-30,30.610000610351562,0.0,31.520000457763672,29.329999923706055,30.790000915527344,0.0,0
2026-03-31,25.25,0.0,29.639999389648438,25.079999923706055,29.530000686645508,0.0,0
2026-04-01,24.540000915527344,0.0,25.350000381469727,23.5,24.299999237060547,0.0,0
2026-04-02,23.8700008392334,0.0,27.889999389648438,23.8700008392334,26.780000686645508,0.0,0
2026-04-06,24.170000076293945,0.0,25.299999237060547,23.780000686645508,24.93000030517578,0.0,0
2026-04-07,25.780000686645508,0.0,28.0,24.34000015258789,25.09000015258789,0.0,0
2026-04-08,21.040000915527344,0.0,22.170000076293945,19.90999984741211,20.969999313354492,0.0,0
2026-04-09,19.489999771118164,0.0,21.6299991607666,19.450000762939453,21.25,0.0,0
2026-04-10,19.229999542236328,0.0,20.280000686645508,18.829999923706055,19.709999084472656,0.0,0
2026-04-13,19.1200008392334,0.0,21.579999923706055,18.959999084472656,21.170000076293945,0.0,0
2026-04-14,18.360000610351562,0.0,18.760000228881836,17.889999389648438,18.729999542236328,0.0,0
2026-04-15,18.170000076293945,0.0,18.5,17.399999618530273,18.18000030517578,0.0,0
2026-04-16,17.940000534057617,0.0,19.09000015258789,17.760000228881836,18.040000915527344,0.0,0
2026-04-17,17.479999542236328,0.0,18.239999771118164,16.8700008392334,18.18000030517578,0.0,0
2026-04-20,18.8700008392334,0.0,19.989999771118164,18.770000457763672,19.579999923706055,0.0,0
2026-04-21,19.5,0.0,20.850000381469727,18.75,19.18000030517578,0.0,0
2026-04-22,18.920000076293945,0.0,19.540000915527344,18.68000030517578,19.030000686645508,0.0,0
2026-04-23,19.309999465942383,0.0,21.559999465942383,18.700000762939453,19.420000076293945,0.0,0
2026-04-24,18.709999084472656,0.0,19.350000381469727,18.459999084472656,18.889999389648438,0.0,0
2026-04-27,18.020000457763672,0.0,19.270000457763672,18.020000457763672,19.209999084472656,0.0,0
2026-04-28,17.829999923706055,0.0,19.43000030517578,17.780000686645508,18.299999237060547,0.0,0
2026-04-29,18.809999465942383,0.0,19.0,17.809999465942383,17.829999923706055,0.0,0
2026-04-30,16.889999389648438,0.0,18.729999542236328,16.8700008392334,18.68000030517578,0.0,0
2026-05-01,16.989999771118164,0.0,17.389999389648438,16.440000534057617,17.010000228881836,0.0,0
2026-05-04,18.290000915527344,0.0,19.079999923706055,17.149999618530273,17.3799991607666,0.0,0
2026-05-05,17.3799991607666,0.0,18.020000457763672,17.200000762939453,17.950000762939453,0.0,0
2026-05-06,17.389999389648438,0.0,17.459999084472656,16.18000030517578,17.149999618530273,0.0,0
2026-05-07,17.079999923706055,0.0,17.600000381469727,16.850000381469727,17.530000686645508,0.0,0
2026-05-08,17.190000534057617,0.0,17.530000686645508,16.81999969482422,17.3700008392334,0.0,0
2026-05-11,18.3799991607666,0.0,18.469999313354492,17.899999618530273,18.209999084472656,0.0,0
2026-05-12,17.989999771118164,0.0,19.100000381469727,17.920000076293945,18.770000457763672,0.0,0
2026-05-13,17.8700008392334,0.0,18.399999618530273,17.760000228881836,17.979999542236328,0.0,0
2026-05-14,17.260000228881836,0.0,18.079999923706055,17.200000762939453,17.860000610351562,0.0,0
2026-05-15,18.43000030517578,0.0,19.270000457763672,17.799999237060547,18.06999969482422,0.0,0
2026-05-18,17.81999969482422,0.0,19.440000534057617,17.700000762939453,19.25,0.0,0
2026-05-19,18.059999465942383,0.0,18.360000610351562,17.65999984741211,18.010000228881836,0.0,0
2026-05-20,17.440000534057617,0.0,18.18000030517578,17.1299991607666,18.170000076293945,0.0,0
2026-05-21,16.760000228881836,0.0,17.8700008392334,16.600000381469727,17.579999923706055,0.0,0
2026-05-22,16.700000762939453,0.0,17.389999389648438,16.459999084472656,16.829999923706055,0.0,0
2026-05-25,16.59000015258789,0.0,16.8700008392334,16.530000686645508,16.809999465942383,0.0,0
2026-05-26,17.010000228881836,0.0,17.229999542236328,16.559999465942383,16.920000076293945,0.0,0
2026-05-27,16.290000915527344,0.0,17.18000030517578,16.290000915527344,17.010000228881836,0.0,0
2026-05-28,15.739999771118164,0.0,16.850000381469727,15.609999656677246,16.760000228881836,0.0,0
2026-05-29,15.319999694824219,0.0,15.880000114440918,15.220000267028809,15.8100004196167,0.0,0
2026-06-01,16.049999237060547,0.0,16.34000015258789,15.710000038146973,15.880000114440918,0.0,0
2026-06-02,15.770000457763672,0.0,16.290000915527344,15.710000038146973,16.280000686645508,0.0,0
2026-06-03,16.059999465942383,0.0,16.6299991607666,15.9399995803833,15.970000267028809,0.0,0
2026-06-04,15.399999618530273,0.0,16.799999237060547,15.180000305175781,16.329999923706055,0.0,0
2026-06-05,21.510000228881836,0.0,21.56999969482422,15.5600004196167,15.869999885559082,0.0,0
2026-06-08,18.920000076293945,0.0,20.350000381469727,17.940000534057617,20.290000915527344,0.0,0
2026-06-09,19.8700008392334,0.0,23.34000015258789,17.520000457763672,18.190000534057617,0.0,0
2026-06-10,22.219999313354492,0.0,22.65999984741211,20.059999465942383,20.100000381469727,0.0,0
2026-06-11,19.440000534057617,0.0,22.59000015258789,19.360000610351562,21.25,0.0,0
2026-06-12,17.68000030517578,0.0,19.850000381469727,17.59000015258789,19.510000228881836,0.0,0
2026-06-15,16.200000762939453,0.0,16.850000381469727,15.979999542236328,16.780000686645508,0.0,0
2026-06-16,16.40999984741211,0.0,16.440000534057617,15.770000457763672,16.200000762939453,0.0,0
2026-06-17,18.440000534057617,0.0,18.84000015258789,16.020000457763672,16.079999923706055,0.0,0
2026-06-18,16.399999618530273,0.0,17.600000381469727,16.350000381469727,17.229999542236328,0.0,0
2026-06-22,17.280000686645508,0.0,17.920000076293945,16.489999771118164,17.479999542236328,0.0,0
2026-06-23,19.489999771118164,0.0,20.540000915527344,18.610000610351562,19.670000076293945,0.0,0
2026-06-24,18.6299991607666,0.0,20.34000015258789,18.040000915527344,19.1299991607666,0.0,0
2026-06-25,18.889999389648438,0.0,19.950000762939453,17.719999313354492,18.110000610351562,0.0,0
2026-06-26,18.40999984741211,0.0,20.719999313354492,18.200000762939453,19.700000762939453,0.0,0
2026-06-29,17.649999618530273,0.0,19.450000762939453,17.489999771118164,18.600000381469727,0.0,0
2026-06-30,16.450000762939453,0.0,17.75,16.270000457763672,17.540000915527344,0.0,0
2026-07-01,16.59000015258789,0.0,17.299999237060547,15.970000267028809,17.110000610351562,0.0,0
2026-07-02,16.149999618530273,0.0,17.209999084472656,15.789999961853027,17.049999237060547,0.0,0
2026-07-06,15.569999694824219,0.0,16.5,15.5600004196167,16.399999618530273,0.0,0
2026-07-07,16.1299991607666,0.0,16.639999389648438,15.529999732971191,15.869999885559082,0.0,0
2026-07-08,16.899999618530273,0.0,18.90999984741211,16.350000381469727,16.549999237060547,0.0,0
2026-07-09,15.84000015258789,0.0,17.270000457763672,15.760000228881836,16.579999923706055,0.0,0
2026-07-10,15.029999732971191,0.0,16.15999984741211,14.960000038146973,16.059999465942383,0.0,0
2026-07-13,17.15999984741211,0.0,17.40999984741211,16.030000686645508,16.31999969482422,0.0,0
2026-07-14,16.5,0.0,17.559999465942383,16.149999618530273,17.209999084472656,0.0,0
2026-07-15,15.670000076293945,0.0,16.56999969482422,15.640000343322754,16.200000762939453,0.0,0
2026-07-16,16.729999542236328,0.0,17.229999542236328,15.770000457763672,15.819999694824219,0.0,0
2026-07-17,18.770000457763672,0.0,19.5,17.68000030517578,18.010000228881836,0.0,0
2026-07-20,18.649999618530273,0.0,18.940000534057617,17.40999984741211,18.899999618530273,0.0,0
2026-07-21,17.049999237060547,0.0,17.989999771118164,16.860000610351562,17.479999542236328,0.0,0
2026-07-22,16.639999389648438,0.0,19.489999771118164,16.639999389648438,17.420000076293945,0.0,0
2026-07-23,18.700000762939453,0.0,20.309999465942383,17.31999969482422,17.670000076293945,0.0,0
2026-07-24,18.579999923706055,0.0,19.049999237060547,17.40999984741211,18.959999084472656,0.0,0
2026-07-27,18.670000076293945,0.0,19.93000030517578,17.530000686645508,17.6200008392334,0.0,0
2026-07-28,18.209999084472656,0.0,19.520000457763672,17.8799991607666,19.049999237060547,0.0,0
2026-07-29,20.65999984741211,0.0,20.8799991607666,17.450000762939453,18.270000457763672,0.0,0
2026-07-30,17.09000015258789,0.0,20.079999923706055,17.0,19.559999465942383,0.0,0
2026-07-31,15.989999771118164,0.0,18.700000762939453,15.819999694824219,16.81999969482422,0.0,0
2026-08-03,15.859999656677246,0.0,16.299999237060547,15.539999961853027,16.030000686645508,0.0,0
2026-08-04,16.5,0.0,16.649999618530273,15.510000228881836,15.760000228881836,0.0,0
2026-08-05,15.8100004196167,0.0,18.43000030517578,15.479999542236328,16.149999618530273,0.0,0
2026-08-06,15.149999618530273,0.0,16.030000686645508,15.109999656677246,15.829999923706055,0.0,0
2026-08-07,14.899999618530273,0.0,15.359999656677246,14.770000457763672,15.300000190734863,0.0,0
2026-08-10,15.460000038146973,0.0,15.720000267028809,15.100000381469727,15.399999618530273,0.0,0
2026-08-11,15.460000038146973,0.0,15.539999961853027,15.399999618530273,15.420000076293945,0.0,0
