Date,Capital Gains,Close,Dividends,High,Low,Open,Stock Splits,Volume
2021-10-20,0.0,11.577340126037598,0.0,11.756564734829881,11.261691667923891,11.293792237527036,0.0,29871900
2021-10-21,0.0,10.92197036743164,0.0,11.4462674764394,10.809620403829197,11.408817828714042,0.0,20499700
2021-10-22,0.0,10.568869590759277,0.0,11.048495421117012,10.405696296455753,11.036992156427639,0.0,11914400
2021-10-25,0.0,10.855096817016602,0.0,11.050102356874781,10.841721066807493,10.943370849923172,0.0,7522900
2021-10-26,0.0,10.715993881225586,0.0,10.87381809012013,10.697269061562347,10.82031816804253,0.0,6142400
2021-10-27,0.0,10.180998802185059,0.0,10.257235875238917,10.031199193541354,10.183673339649074,0.0,6527000
2021-10-28,0.0,10.584918975830078,0.0,10.6686459598521,9.98839725096898,10.617018520459403,0.0,7176600
2021-10-29,0.0,10.804267883300781,0.0,10.892542907776479,10.524732346646685,10.550144018798605,0.0,7049000
2021-11-01,0.0,10.57421875,0.0,10.713318136802231,10.330795078202623,10.667843867107372,0.0,6042100
2021-11-02,0.0,10.962093353271484,0.0,11.079792379019983,10.85241895960717,10.900568792964798,0.0,6106400
2021-11-03,0.0,10.806941986083984,0.0,10.903240608333292,10.461868606639452,10.74541642071009,0.0,5160000
2021-11-04,0.0,10.512696266174316,0.0,10.753445448472927,10.421746688464431,10.653133459252892,0.0,4282300
2021-11-05,0.0,10.501996040344238,0.0,10.659820277001987,10.437796938898625,10.595621175556374,0.0,3022000
2021-11-08,0.0,11.384739875793457,0.0,11.481038506958807,11.226915673557718,11.275065499353442,0.0,8171800
2021-11-09,0.0,11.588038444519043,0.0,11.72981236587884,11.382064414747092,11.687012633746102,0.0,7763000
2021-11-10,0.0,11.317866325378418,0.0,11.847513439913554,11.192141654708928,11.748538221527438,0.0,9954400
2021-11-11,0.0,11.133292198181152,0.0,11.271053823216864,11.087817922914558,11.11991747136311,0.0,3247200
2021-11-12,0.0,10.999540328979492,0.0,11.045015614087855,10.686567508492208,10.935341247024875,0.0,7672600
2021-11-15,0.0,10.938021659851074,0.0,11.19749572491596,10.895221908745928,11.178770897584117,0.0,6204300
2021-11-16,0.0,10.223797798156738,0.0,10.52874606810798,10.14087285685764,10.411046019757482,0.0,8119300
2021-11-17,0.0,10.349519729614258,0.0,10.403019649889542,10.17190130044573,10.336145004651964,0.0,7245800
2021-11-18,0.0,9.926875114440918,0.0,10.164948750863987,9.699500648547346,10.114124374463161,0.0,11930400
2021-11-19,0.0,9.900121688842773,0.0,10.001771431799995,9.873372239845327,9.897447152113457,0.0,6827900
2021-11-22,0.0,9.54702377319336,0.0,10.023171930523084,9.52562441781762,9.989734608652299,0.0,10940500
2021-11-23,0.0,9.900121688842773,0.0,9.91082187661218,9.686123035584995,9.758347772389383,0.0,6421000
2021-11-24,0.0,9.814525604248047,0.0,9.817201162323965,9.555052594337155,9.584477610613726,0.0,5460200
2021-11-26,0.0,9.212651252746582,0.0,9.330351287725364,9.180551707036987,9.308950910301528,0.0,5211600
2021-11-29,0.0,9.91617202758789,0.0,10.05446935321722,9.686123091351527,9.763697922487246,0.0,6690000
2021-11-30,0.0,9.787775993347168,0.0,10.124823855378624,9.624601647760185,9.967267977578132,0.0,6746800
2021-12-01,0.0,9.651350021362305,0.0,10.09004756407401,9.635299737936442,9.988397809895924,0.0,6683000
2021-12-02,0.0,9.707524299621582,0.0,9.785099137410844,9.525625172597323,9.621924830483831,0.0,4670600
2021-12-03,0.0,9.065530776977539,0.0,9.662052755345123,8.74453213298975,9.646003486422996,0.0,14049100
2021-12-06,0.0,8.305830955505371,0.0,8.407480704691498,8.115907202877553,8.214881394744339,0.0,8017300
2021-12-07,0.0,8.594727516174316,0.0,8.848851307839078,8.538552563082844,8.677651402206694,0.0,5064600
2021-12-08,0.0,8.626830101013184,0.0,8.70707947926295,8.47034366036221,8.54658072276342,0.0,6224900
2021-12-09,0.0,8.081131935119629,0.0,8.343280933819038,8.024957477678148,8.33525579266466,0.0,7156600
2021-12-10,0.0,8.225582122802734,0.0,8.447605945058479,8.0276332158698,8.418180935172131,0.0,8618700
2021-12-13,0.0,7.907260417938232,0.0,8.139984481670687,7.749436164304167,8.118584608815892,0.0,9171400
2021-12-14,0.0,8.110556602478027,0.0,8.123931837174634,7.873017740481842,7.955407451488625,0.0,7042600
2021-12-15,0.0,8.359333038330078,0.0,8.404807830467123,7.893885435981444,8.089159333305666,0.0,9616800
2021-12-16,0.0,8.121259689331055,0.0,8.297808768645798,8.059734608189746,8.26303365623377,0.0,5015400
2021-12-17,0.0,7.835034370422363,0.0,8.030308229249119,7.698610020906753,7.899233974274457,0.0,6895200
2021-12-20,0.0,7.966109275817871,0.0,8.008909015213801,7.711985376718039,7.752110068625082,0.0,4705400
2021-12-21,0.0,8.249659538269043,0.0,8.29780938350697,8.191344714365037,8.252334586361512,0.0,3273900
2021-12-22,0.0,8.31653118133545,0.0,8.352643552112962,8.220231525928746,8.268381353632098,0.0,3629600
2021-12-23,0.0,8.65090560913086,0.0,8.717780265657712,8.217557610343064,8.23360789526297,0.0,5727700
2021-12-27,0.0,8.683006286621094,0.0,8.83815599972471,8.632181908411155,8.69103194033686,0.0,4773700
2021-12-28,0.0,8.089157104492188,0.0,8.33525582174133,8.008639871665467,8.308505861346477,0.0,7170700
2021-12-29,0.0,7.9955339431762695,0.0,8.134633354197218,7.947384107806467,8.022283908405397,0.0,4398600
2021-12-30,0.0,7.97413444519043,0.0,8.101196403298943,7.955409621720093,7.979484540528576,0.0,4659800
2021-12-31,0.0,7.730709552764893,0.0,8.150682279367745,7.717334826651501,8.121257779875666,0.0,5522200
2022-01-03,0.0,7.744085788726807,0.0,7.990184556557447,7.709310680002137,7.95808449544338,0.0,5205600
2022-01-04,0.0,7.816309452056885,0.0,8.043683379916537,7.677210558142559,7.936684034515855,0.0,6253900
2022-01-05,0.0,7.393662929534912,0.0,7.9099354340746,7.35995824472186,7.827010990871746,0.0,10718700
2022-01-06,0.0,7.297362804412842,0.0,7.35086222424343,7.168963074350509,7.222463004394243,0.0,6675300
2022-01-07,0.0,7.064639568328857,0.0,7.115464456578093,6.834590557507982,7.0566144248537555,0.0,9618100
2022-01-10,0.0,7.037888050079346,0.0,7.096738068840985,6.655364968981064,6.708864893271082,0.0,12742500
2022-01-11,0.0,7.225135803222656,0.0,7.281310253093447,6.952287163302564,6.979037119998982,0.0,8372200
2022-01-12,0.0,7.388311862945557,0.0,7.42709877379241,7.308061973489105,7.399011542078551,0.0,6993300
2022-01-13,0.0,7.211760997772217,0.0,7.495309841284156,7.1261615394339035,7.468559883000178,0.0,6406900
2022-01-14,0.0,7.267938613891602,0.0,7.324113087599181,7.099414682555659,7.128839188215876,0.0,7138100
2022-01-18,0.0,7.029862403869629,0.0,7.051262268454085,6.946937482168471,6.992412258187067,0.0,5490100
2022-01-19,0.0,7.008464336395264,0.0,7.185013392040982,6.987064466323453,7.112788639218693,0.0,5608600
2022-01-20,0.0,7.195712089538574,0.0,7.337486528291046,7.147562260897619,7.152912355238409,0.0,8127200
2022-01-21,0.0,6.44671630859375,0.0,6.576452781573222,6.323666688303132,6.49486613782864,0.0,14546700
2022-01-24,0.0,6.280868053436279,0.0,6.329017891103596,5.591256784321793,5.662946327203124,0.0,19580500
2022-01-25,0.0,6.211318492889404,0.0,6.331693089931386,6.058844343445016,6.179218940486999,0.0,14666800
2022-01-26,0.0,6.219342231750488,0.0,6.5483653757532485,6.1738674509377685,6.476140633836622,0.0,16864700
2022-01-27,0.0,5.967893123626709,0.0,6.264816708042345,5.96789312362671,6.211316788435062,0.0,10216500
2022-01-28,0.0,6.358441352844238,0.0,6.371816077724928,6.153804592720959,6.240741835084586,0.0,8518700
2022-01-31,0.0,6.462766170501709,0.0,6.524290726386797,6.256792124924927,6.280867039873543,0.0,5328500
2022-02-01,0.0,6.473466396331787,0.0,6.608552966345649,6.41996647164947,6.548365678631316,0.0,5361600
2022-02-02,0.0,6.307616233825684,0.0,6.454740242625493,6.2220167734175735,6.452065705924141,0.0,4222400
2022-02-03,0.0,6.109668731689453,0.0,6.239405730118478,6.090943909279726,6.1417682814738,0.0,3561700
2022-02-04,0.0,6.8372650146484375,0.0,6.885414850912881,6.307617836165868,6.355767672430312,0.0,13078400
2022-02-07,0.0,7.44448709487915,0.0,7.503336611718519,7.193038231632457,7.2251382927713985,0.0,10917000
2022-02-08,0.0,7.468560218811035,0.0,7.468560218811035,7.1903614564897715,7.340161025530317,0.0,4576000
2022-02-09,0.0,7.551486015319824,0.0,7.551486015319823,7.356212142709948,7.425761846012055,0.0,3774400
2022-02-10,0.0,7.420411109924316,0.0,7.7146596722504555,7.324111450563339,7.324111450563339,0.0,11501800
2022-02-11,0.0,7.128835201263428,0.0,7.400881239446105,7.069985712642619,7.33480917675564,0.0,10060500
2022-02-14,0.0,7.096738815307617,0.0,7.21443784478482,7.029864158017466,7.185013342522091,0.0,5875500
2022-02-15,0.0,7.43646240234375,0.0,7.500662528509165,7.377612881940845,7.457862274327823,0.0,3897500
2022-02-16,0.0,7.4257612228393555,0.0,7.471236005404736,7.286661827908417,7.345511336434695,0.0,4197600
2022-02-17,0.0,6.874716281890869,0.0,7.110114895858867,6.85866599373312,7.080689877782902,0.0,7666000
2022-02-18,0.0,6.716890335083008,0.0,6.855989226068302,6.631290860564946,6.786440035682212,0.0,9924100
2022-02-22,0.0,6.36379337310791,0.0,6.441367719280004,6.2781933732372766,6.299593245651634,0.0,6807300
2022-02-23,0.0,6.315643787384033,0.0,6.555054710235437,6.2661561658813625,6.5349926160326355,0.0,8870500
2022-02-24,0.0,6.436015605926514,0.0,6.671414638899843,5.906368547056089,5.921348402028621,0.0,16154000
2022-02-25,0.0,6.561741828918457,0.0,6.649748497879188,6.4654421551615755,6.596516427656683,0.0,7294900
2022-02-28,0.0,7.056613445281982,0.0,7.056613445281982,6.548366163982155,6.551041211435849,0.0,13625700
2022-03-01,0.0,7.431110382080078,0.0,7.4953099769962295,7.262585998988785,7.479794909072259,0.0,11998800
2022-03-02,0.0,7.377612113952637,0.0,7.629060966250297,7.302712314698636,7.369586971464057,0.0,7551100
2022-03-03,0.0,7.064639568328857,0.0,7.3936627976099665,7.024514871379757,7.372262925222899,0.0,11761100
2022-03-04,0.0,6.628618240356445,0.0,6.9736913121366,6.556393465955958,6.944266290666779,0.0,8665200
2022-03-07,0.0,6.302268981933594,0.0,6.633967295697124,6.2380693576774195,6.572442719561614,0.0,9189100
2022-03-08,0.0,6.460090160369873,0.0,6.61256425884242,6.401240660496631,6.500214842565857,0.0,7486100
2022-03-09,0.0,7.04056453704834,0.0,7.166289231775543,7.013814569433199,7.083364281147286,0.0,7202600
2022-03-10,0.0,6.6500139236450195,0.0,6.674088833264709,6.513589605871103,6.561739425110482,0.0,4262700
2022-03-11,0.0,6.425315856933594,0.0,6.6526897464162555,6.41461566909298,6.633964417695181,0.0,4508100
2022-03-14,0.0,6.505565643310547,0.0,6.577790385240921,6.444041089909,6.505565643310547,0.0,3494200
2022-03-15,0.0,6.674091339111328,0.0,6.690141114812825,6.457417071181848,6.513592051456844,0.0,5141500
2022-03-16,0.0,6.864014625549316,0.0,6.920189601691671,6.596516002542054,6.783765242732391,0.0,7204500
2022-03-17,0.0,6.861339092254639,0.0,6.917514064419344,6.813189261888632,6.874714328585805,0.0,2516200
2022-03-18,0.0,7.069987773895264,0.0,7.072662821005153,6.765039546350819,6.794464044133467,0.0,5578200
2022-03-21,0.0,6.914841175079346,0.0,6.976365750763501,6.829241676699086,6.946940731865316,0.0,4770000
2022-03-22,0.0,7.110116958618164,0.0,7.270616315266411,7.099417273622088,7.203741625847424,0.0,5701900
2022-03-23,0.0,7.088712215423584,0.0,7.1876869123590845,7.0378873434722165,7.099412403292519,0.0,5161100
2022-03-24,0.0,7.390985488891602,0.0,7.449835502613793,7.160937058655461,7.1983866963237295,0.0,7568000
2022-03-25,0.0,7.473913192749023,0.0,7.593484726083209,7.390988235364508,7.5456027444449605,0.0,9335800
2022-03-28,0.0,8.059733390808105,0.0,8.103870909076653,7.946046678646986,7.971458864484151,0.0,6759100
2022-03-29,0.0,8.019610404968262,0.0,8.082472758828347,7.920636177840943,8.035660693323974,0.0,5306600
2022-03-30,0.0,7.891209125518799,0.0,8.024958432730982,7.855096751345935,7.9206341363736765,0.0,4069100
2022-03-31,0.0,7.639759063720703,0.0,7.93133254764603,7.631734433107276,7.93133254764603,0.0,5067200
2022-04-01,0.0,7.786886215209961,0.0,7.845200523527207,7.58626221868106,7.607662091235615,0.0,7977300
2022-04-04,0.0,7.698609352111816,0.0,7.7708335812879605,7.554159873333423,7.715193827407073,0.0,3693200
2022-04-05,0.0,7.714661598205566,0.0,7.810961281607632,7.611674550170182,7.79223594633584,0.0,4097500
2022-04-06,0.0,7.313412666320801,0.0,7.526074099943499,7.209088362729226,7.519386736161784,0.0,7099400
2022-04-07,0.0,7.241186141967773,0.0,7.329460648851037,7.193036318174534,7.254561376473133,0.0,4540100
2022-04-08,0.0,7.136861801147461,0.0,7.366910730486898,7.088711977777529,7.1609367128324255,0.0,5543400
2022-04-11,0.0,6.663388729095459,0.0,6.889424816417422,6.641988865859137,6.839937728348362,0.0,4800700
2022-04-12,0.0,6.55103874206543,0.0,6.773865059855238,6.548363695620076,6.770387448454985,0.0,4285900
2022-04-13,0.0,6.8666911125183105,0.0,6.944265464142051,6.633967037220608,6.643864663860104,0.0,5109200
2022-04-14,0.0,6.65536642074585,0.0,6.904140255598325,6.612566676062972,6.882740383256887,0.0,5129400
2022-04-18,0.0,6.791788578033447,0.0,6.866688361850528,6.521614959158626,6.585815065409287,0.0,6876800
2022-04-19,0.0,6.936241149902344,0.0,6.9843909959903145,6.831916823520584,6.845291554005792,0.0,3554400
2022-04-20,0.0,6.885415077209473,0.0,7.043239318946366,6.825227779900796,7.035214175900817,0.0,5789800
2022-04-21,0.0,6.885415077209473,0.0,7.187688832487188,6.882740029527622,7.163613913563718,0.0,4859400
2022-04-22,0.0,6.588490009307861,0.0,6.785101635095092,6.539002913302181,6.754339358647611,0.0,5635700
2022-04-25,0.0,6.714217662811279,0.0,6.746317222003876,6.4480562242550885,6.47079387971203,0.0,7760800
2022-04-26,0.0,6.3825178146362305,0.0,6.719566167593735,6.311630326969876,6.71421607225794,0.0,7539700
2022-04-27,0.0,6.481491565704346,0.0,6.593841008689235,6.411941861931496,6.50556648278776,0.0,4498900
2022-04-28,0.0,6.671413898468018,0.0,6.751663258403774,6.486839758360194,6.580464351760568,0.0,7616600
2022-04-29,0.0,6.377167224884033,0.0,6.572441097582583,6.355767355413139,6.508241489169901,0.0,5787100
2022-05-02,0.0,6.4199676513671875,0.0,6.524291962433685,6.335705433083301,6.468117490386552,0.0,6414300
2022-05-03,0.0,6.267492771148682,0.0,6.40926671373062,6.2353927121375445,6.393216939331616,0.0,5523000
2022-05-04,0.0,6.65269136428833,0.0,6.679440819969005,6.43066751473186,6.510916902200209,0.0,6639500
2022-05-05,0.0,6.048142433166504,0.0,6.572439350979911,5.917068203713153,6.572439350979911,0.0,11554300
2022-05-06,0.0,5.989294052124023,0.0,6.05616870839236,5.8662449294925905,5.981269419908231,0.0,5444200
2022-05-09,0.0,5.143997669219971,0.0,5.561295829345445,5.047698525525143,5.446271356113926,0.0,12472900
2022-05-10,0.0,5.200171947479248,0.0,5.387420626085698,5.125272169908873,5.3446208989634805,0.0,7176500
2022-05-11,0.0,4.863124370574951,0.0,5.3178716602226626,4.841724504123448,4.956748977630177,0.0,14410900
2022-05-12,0.0,4.737398624420166,0.0,4.960760157708547,4.608196890137156,4.734724088162316,0.0,19023600
2022-05-13,0.0,4.996874809265137,0.0,5.160049147257922,4.884525357079038,5.0851493423961305,0.0,7862700
2022-05-16,0.0,4.900574207305908,0.0,4.980824092401116,4.831024510975295,4.964773809254225,0.0,4154800
2022-05-17,0.0,4.994199275970459,0.0,5.117248396764915,4.897899609113489,5.082473800518304,0.0,6501100
2022-05-18,0.0,4.8497490882873535,0.0,4.9179615127137355,4.766824670365865,4.895223867833923,0.0,5417400
2022-05-19,0.0,4.980822563171387,0.0,5.077121681421225,4.876497795599084,4.927322656200312,0.0,5605800
2022-05-20,0.0,4.8657989501953125,0.0,5.055722682929588,4.764149211656479,5.036997865360068,0.0,5739500
2022-05-23,0.0,4.825675010681152,0.0,5.0824734229378326,4.8256750106811515,5.061073555249775,0.0,5331600
2022-05-24,0.0,4.873823642730713,0.0,4.921973465789238,4.753449595297419,4.860448918642464,0.0,8812000
2022-05-25,0.0,4.908597946166992,0.0,4.99419739096997,4.879172945686118,4.892548177819669,0.0,6188500
2022-05-26,0.0,4.876500129699707,0.0,4.9540749809171,4.675876147850384,4.6785511955006225,0.0,9657000
2022-05-27,0.0,4.785551071166992,0.0,4.881850756201389,4.677214435716521,4.847076153390759,0.0,12572700
2022-05-31,0.0,5.250998020172119,0.0,5.394110260372925,5.186798408513346,5.291123223895366,0.0,9464400
2022-06-01,0.0,4.988847732543945,0.0,5.304496095401192,4.959423239713732,5.296470955422236,0.0,6636000
2022-06-02,0.0,5.031649589538574,0.0,5.058399557250529,4.932675372281497,4.951400196615906,0.0,6050300
2022-06-03,0.0,4.905925750732422,0.0,4.938025306081159,4.84975076355228,4.905925750732422,0.0,4776300
2022-06-06,0.0,5.232273578643799,0.0,5.285506162317676,5.16004932914581,5.226923993275456,0.0,6424500
2022-06-07,0.0,5.160048484802246,0.0,5.216222948576934,4.877837366719498,4.905924598606842,0.0,7038300
2022-06-08,0.0,4.996874809265137,0.0,5.123936768675264,4.95942516194083,5.042349599678872,0.0,5410600
2022-06-09,0.0,4.972798824310303,0.0,5.055723244273823,4.9620986358179415,5.004898369361247,0.0,2847600
2022-06-10,0.0,4.801600456237793,0.0,4.919032130571958,4.772442796307618,4.876499743662544,0.0,5387900
2022-06-13,0.0,3.830580472946167,0.0,4.017829726487174,3.744980989114793,3.8787303101546073,0.0,22112200
2022-06-14,0.0,3.672757148742676,0.0,3.7797567853083067,3.647344955087822,3.7316069360984403,0.0,15399600
2022-06-15,0.0,3.584481954574585,0.0,3.718231285045377,3.3571082458382002,3.5470323053109887,0.0,25624700
2022-06-16,0.0,3.456082820892334,0.0,3.55639482168037,3.4320078998861474,3.5256325359976253,0.0,14511800
2022-06-17,0.0,3.402582883834839,0.0,3.466514891501043,3.370483076594752,3.4186326599015864,0.0,11869700
2022-06-21,0.0,3.4641075134277344,0.0,3.6045444596450316,3.456082625248819,3.5095823049525814,0.0,12501600
2022-06-22,0.0,3.335706949234009,0.0,3.46143108252349,3.2795322442150834,3.407931424197488,0.0,9795800
2022-06-23,0.0,3.4641075134277344,0.0,3.469457608951408,3.3330332343768667,3.4025829455450562,0.0,8418600
2022-06-24,0.0,3.52028226852417,0.0,3.5470322361393105,3.4427076685681786,3.52028226852417,0.0,7994600
2022-06-27,0.0,3.4427075386047363,0.0,3.5176070879504087,3.378507924879874,3.5176070879504087,0.0,8145500
2022-06-28,0.0,3.335706949234009,0.0,3.4935311326255847,3.3303568558481618,3.4774811075745373,0.0,6626800
2022-06-29,0.0,3.3383824825286865,0.0,3.351757463858409,3.280870496492014,3.3223327090182595,0.0,7697400
2022-06-30,0.0,3.105659246444702,0.0,3.180559052405623,3.0909469941113654,3.1725339091984286,0.0,9600800
2022-07-01,0.0,3.19928240776062,0.0,3.2474322244749723,3.169857661494336,3.1805575924190284,0.0,8620300
2022-07-05,0.0,3.378507614135742,0.0,3.389207548772407,3.183233488133396,3.196608470205869,0.0,10137000
2022-07-06,0.0,3.35978364944458,0.0,3.386533365307335,3.311633803742339,3.338383519605094,0.0,5514900
2022-07-07,0.0,3.6192564964294434,0.0,3.6219315440318587,3.365132841651327,3.373157729351993,0.0,9052100
2022-07-08,0.0,3.6058804988861084,0.0,3.6607179388789137,3.501556222812915,3.5309809728400836,0.0,8833200
2022-07-11,0.0,3.3865325450897217,0.0,3.426657491825543,3.342395282254915,3.397232479864627,0.0,5615300
2022-07-12,0.0,3.196608304977417,0.0,3.3089577404084904,3.1778834841077552,3.2848828249437534,0.0,7931900
2022-07-13,0.0,3.2420833110809326,0.0,3.306282919987905,3.1217089806037173,3.1377587552771757,0.0,8055700
2022-07-14,0.0,3.4106075763702393,0.0,3.4534073169037156,3.239675965928387,3.2554583893831,0.0,6980700
2022-07-15,0.0,3.504232168197632,0.0,3.504232168197632,3.415957640374772,3.4667822680186773,0.0,7756300
2022-07-18,0.0,3.57645583152771,0.0,3.771729919258831,3.5363311482807815,3.678105318207312,0.0,10495600
2022-07-19,0.0,3.8814053535461426,0.0,3.921530047771468,3.6460065181613266,3.6941563553169843,0.0,15314400
2022-07-20,0.0,3.916179656982422,0.0,4.0191664257094,3.8760547132920165,3.9536292982989414,0.0,13783100
2022-07-21,0.0,3.849304676055908,0.0,3.849304676055908,3.6968303112697796,3.7583551176131538,0.0,8760600
2022-07-22,0.0,3.7396295070648193,0.0,3.9362410993525874,3.7289295755537255,3.9054788281465047,0.0,7252400
2022-07-25,0.0,3.6219303607940674,0.0,3.643062872800219,3.5657556550277953,3.62460540752258,0.0,5558200
2022-07-26,0.0,3.456082820892334,0.0,3.4855075826184447,3.4239830112529552,3.4614326616122586,0.0,5246300
2022-07-27,0.0,3.77708101272583,0.0,3.8225558049025996,3.5202822913597336,3.5202822913597336,0.0,9390000
2022-07-28,0.0,3.956303834915161,0.0,3.9991035652420743,3.7650423167985654,3.830579435749966,0.0,7459400
2022-07-29,0.0,3.9670045375823975,0.0,4.020504210876538,3.886754900087903,3.9188547040643877,0.0,9461900
2022-08-01,0.0,3.801154375076294,0.0,3.892103922160503,3.7810920350092463,3.8238917618473462,0.0,6753600
2022-08-02,0.0,3.795804738998413,0.0,3.87872941106812,3.747655168057591,3.7663799870286594,0.0,6166700
2022-08-03,0.0,3.886753797531128,0.0,3.902803822519737,3.8372667094370287,3.846629117719345,0.0,6352500
2022-08-04,0.0,3.699505567550659,0.0,3.830579818552132,3.698168043955966,3.7904551311374903,0.0,7663700
2022-08-05,0.0,3.7904553413391113,0.0,3.865354881049753,3.755680491268246,3.8065051151524,0.0,9272600
2022-08-08,0.0,3.956303834915161,0.0,4.017828638589986,3.934903969751704,3.9777037000786177,0.0,7767000
2022-08-09,0.0,3.8065056800842285,0.0,3.851980471148485,3.771731079958944,3.843955583050849,0.0,2985900
2022-08-10,0.0,3.9054794311523438,0.0,3.9991037825533855,3.8840795648260182,3.991078896457646,0.0,7315000
2022-08-11,0.0,4.0071306228637695,0.0,4.122155151793322,3.9777058560917085,4.071330508258551,0.0,7223200
2022-08-12,0.0,4.0017781257629395,0.0,4.009803010447212,3.912166105618028,3.9322284448819516,0.0,5128500
2022-08-15,0.0,3.9589788913726807,0.0,4.009803507481676,3.9549663209799246,3.983053803516184,0.0,3481500
2022-08-16,0.0,3.9509549140930176,0.0,3.969679736684704,3.8974549836483554,3.9482798665494694,0.0,3629200
2022-08-17,0.0,3.8279058933258057,0.0,3.904142969741977,3.822555797735464,3.8974553502540505,0.0,5922600
2022-08-18,0.0,3.849304676055908,0.0,3.8760543811172012,3.8279048099642634,3.8760543811172012,0.0,2519000
2022-08-19,0.0,3.4988811016082764,0.0,3.557730855518502,3.470793875602841,3.5390057830750417,0.0,6517700
2022-08-22,0.0,3.4587578773498535,0.0,3.5336574333600956,3.4427078449372104,3.480157750495637,0.0,3922700
2022-08-23,0.0,3.544356107711792,0.0,3.5711060671710926,3.513058874536017,3.525631289154193,0.0,3656800
2022-08-24,0.0,3.5711069107055664,0.0,3.600531668976031,3.5095820914589484,3.5229570743479157,0.0,2838000
2022-08-25,0.0,3.5416812896728516,0.0,3.576456137175122,3.51225653645087,3.5470313839531404,0.0,3280000
2022-08-26,0.0,3.3678081035614014,0.0,3.5844818710132973,3.3477457554797954,3.5791320305746144,0.0,10825900
2022-08-29,0.0,3.295583724975586,0.0,3.347746142140372,3.2661589613978133,3.274183850536001,0.0,4878100
2022-08-30,0.0,3.2581326961517334,0.0,3.3571071374085353,3.18858300604484,3.335707272007417,0.0,5602100
2022-08-31,0.0,3.3062827587127686,0.0,3.3517575432469964,3.247433247638579,3.327682627304575,0.0,4224900
2022-09-01,0.0,3.250108003616333,0.0,3.282208061252411,3.185908398557285,3.266158032434372,0.0,5542900
2022-09-02,0.0,3.2581326961517334,0.0,3.3597821843603044,3.223357851098287,3.3410571108044373,0.0,7435300
2022-09-06,0.0,3.0682098865509033,0.0,3.260808749682086,3.062859790577284,3.2527838608282744,0.0,12062400
2022-09-07,0.0,3.1190340518951416,0.0,3.1511338575709855,3.078909358576982,3.084259198636333,0.0,5835800
2022-09-08,0.0,3.1832332611083984,0.0,3.1832332611083984,3.1230462287345966,3.1324086389856407,0.0,6591600
2022-09-09,0.0,3.522956132888794,0.0,3.540343427423342,3.4480566058756046,3.4507313976533345,0.0,8431300
2022-09-12,0.0,3.7048544883728027,0.0,3.715286811957692,3.6353048141186703,3.6888044654270566,0.0,6944700
2022-09-13,0.0,3.3410587310791016,0.0,3.545962681973297,3.3049463450367633,3.517607833810566,0.0,8162200
2022-09-14,0.0,3.284883737564087,0.0,3.351758407942628,3.230046528262213,3.349083615008519,0.0,6898100
2022-09-15,0.0,3.2527828216552734,0.0,3.3223325164534407,3.2073080408338974,3.292907763318771,0.0,5018500
2022-09-16,0.0,3.2260329723358154,0.0,3.2554577241632865,3.176545623014612,3.2527826771499186,0.0,6223100
2022-09-19,0.0,3.2099838256835938,0.0,3.2206837615649424,3.0842593877478066,3.0842593877478066,0.0,6703600
2022-09-20,0.0,3.116359233856201,0.0,3.1765465333732807,3.08024710925255,3.108334345622789,0.0,5089600
2022-09-21,0.0,3.1217093467712402,0.0,3.2741834995867216,3.0789096024796385,3.1752090271357427,0.0,11488300
2022-09-22,0.0,3.175208568572998,0.0,3.208645895860127,3.086934044943502,3.1457838123986868,0.0,7995700
2022-09-23,0.0,3.089609146118164,0.0,3.1310713612459025,3.0414593123526834,3.127058790063257,0.0,8582800
2022-09-26,0.0,3.1591591835021973,0.0,3.176546483586507,3.119034232750833,3.1350842640726975,0.0,4661100
2022-09-27,0.0,3.1404340267181396,0.0,3.3530954696066715,3.0936217128867582,3.3169830913561844,0.0,7444600
2022-09-28,0.0,3.223358154296875,0.0,3.242082974507536,3.1324085902338785,3.1538084576479317,0.0,8103600
2022-09-29,0.0,3.19928240776062,0.0,3.234057247042488,3.0949578899150163,3.1752074994034443,0.0,4890800
2022-09-30,0.0,3.207308292388916,0.0,3.3303576639495307,3.163171031671878,3.165846079013894,0.0,8115300
2022-10-03,0.0,3.2260329723358154,0.0,3.2474328382297077,3.1404332536537223,3.16718321357435,0.0,9041800
2022-10-04,0.0,3.3490829467773438,0.0,3.354432786684748,3.283010599908916,3.3009331120778485,0.0,8210000
2022-10-05,0.0,3.319657564163208,0.0,3.3651323462837897,3.2581330090039167,3.2902328101878786,0.0,5885700
2022-10-06,0.0,3.3036086559295654,0.0,3.359783386483324,3.277126293887363,3.3196584331697196,0.0,6864900
2022-10-07,0.0,3.19928240776062,0.0,3.2444895712738107,3.1792200691651322,3.23673229355028,0.0,7260800
2022-10-10,0.0,3.153808116912842,0.0,3.1952703236597055,3.1388282623627255,3.191258008394647,0.0,3118800
2022-10-11,0.0,3.1190340518951416,0.0,3.157821476528398,3.0949591338616145,3.1404339223457045,0.0,4904500
2022-10-12,0.0,3.1484594345092773,0.0,3.156484323093169,3.1275945201058724,3.137759242921944,0.0,2587000
2022-10-13,0.0,3.196608304977417,0.0,3.2206832204421545,2.9906345100914833,2.9973218732287763,0.0,13273000
2022-10-14,0.0,3.1564834117889404,0.0,3.260807698580027,3.148458525521903,3.247432973170477,0.0,8380900
2022-10-17,0.0,3.223358154296875,0.0,3.24743306891432,3.2019582868828222,3.228707993597117,0.0,4210400
2022-10-18,0.0,3.167184591293335,0.0,3.2501090439275084,3.1431096679135315,3.242084154503119,0.0,4789400
2022-10-19,0.0,3.167184591293335,0.0,3.1808269288254607,3.1404346197365234,3.1591597018689455,0.0,2208300
2022-10-20,0.0,3.1404340267181396,0.0,3.1912589120573265,3.121709203228222,3.153809009970904,0.0,3865900
2022-10-21,0.0,3.167184591293335,0.0,3.1765470048062285,3.1096723310208345,3.1243848408877444,0.0,6820000
2022-10-24,0.0,3.1939337253570557,0.0,3.2073087086966483,3.156484078134104,3.1912589327744083,0.0,4297400
2022-10-25,0.0,3.35443377494812,0.0,3.3758336510955846,3.193934448735491,3.193934448735491,0.0,13740000
2022-10-26,0.0,3.4346814155578613,0.0,3.4761436192904123,3.361119161399437,3.3793092750095974,0.0,12256200
2022-10-27,0.0,3.4213085174560547,0.0,3.436021028255259,3.3811838126848723,3.43200845573548,0.0,6647400
2022-10-28,0.0,3.407933235168457,0.0,3.4333456820423818,3.3584461205844565,3.362458437649488,0.0,8205800
2022-10-31,0.0,3.362457275390625,0.0,3.4239820852230896,3.3357075688123485,3.413282151570471,0.0,4302100
2022-11-01,0.0,3.378507614135742,0.0,3.3918825962082146,3.3514902983111545,3.3865325013365997,0.0,2309400
2022-11-02,0.0,3.335706949234009,0.0,3.4421713075687266,3.314307085903608,3.3704817909225335,0.0,7493800
2022-11-03,0.0,3.343733072280884,0.0,3.3597831032747307,3.3116332653997778,3.322333201026813,0.0,5400100
2022-11-04,0.0,3.493532419204712,0.0,3.530714714567564,3.415957822286635,3.4480576291037783,0.0,11666600
2022-11-07,0.0,3.4373581409454346,0.0,3.4534079188899423,3.407933122869469,3.4239831559205975,0.0,4578100
2022-11-08,0.0,2.9772591590881348,0.0,3.410606818334299,2.779310275563317,3.231115401721853,0.0,49341600
2022-11-09,0.0,2.584036111831665,0.0,2.9157342730993108,2.5693236090386082,2.8574197304969715,0.0,39911000
2022-11-10,0.0,2.9050347805023193,0.0,2.9451597246206793,2.665623659866298,2.7498856088337167,0.0,36835100
2022-11-11,0.0,2.6161367893218994,0.0,2.7311612932590017,2.589387076734,2.6054368532654197,0.0,22101400
2022-11-14,0.0,2.624161720275879,0.0,2.691036378992214,2.606774166149948,2.672311301079167,0.0,13114100
2022-11-15,0.0,2.7472102642059326,0.0,2.7752974898448084,2.688895469394029,2.7365100771741706,0.0,12253200
2022-11-16,0.0,2.6749861240386963,0.0,2.6851510998819776,2.632186386871126,2.6720437250180566,0.0,7926700
2022-11-17,0.0,2.717785358428955,0.0,2.7298228141687817,2.664285696866674,2.664285696866674,0.0,6090700
2022-11-18,0.0,2.712435483932495,0.0,2.7338353482742246,2.687023049361752,2.731160301454882,0.0,5497500
2022-11-21,0.0,2.5653111934661865,0.0,2.677660607421385,2.535886189031038,2.6402107177341514,0.0,11553000
2022-11-22,0.0,2.618811845779419,0.0,2.648504213078069,2.594736925796017,2.6107869574871514,0.0,5472200
2022-11-23,0.0,2.72581148147583,0.0,2.72581148147583,2.6455620802503526,2.6616118584527984,0.0,4980500
2022-11-25,0.0,2.72581148147583,0.0,2.733836625683678,2.701736814172162,2.7044116071348197,0.0,1888600
2022-11-28,0.0,2.672311305999756,0.0,2.688361336368124,2.620149153739072,2.664286418368861,0.0,4897500
2022-11-29,0.0,2.717785358428955,0.0,2.720460405283696,2.6843480380642157,2.6990605406587838,0.0,2249400
2022-11-30,0.0,2.8622360229492188,0.0,2.8675861193704435,2.7686116315375293,2.7819863623773147,0.0,7346400
2022-12-01,0.0,2.819436550140381,0.0,2.862236305305776,2.806061562874529,2.835486585880736,0.0,7773000
2022-12-02,0.0,2.8461849689483643,0.0,2.8515348078664866,2.8114101231077333,2.8114101231077333,0.0,2642800
2022-12-05,0.0,2.816761016845703,0.0,2.8836356865578483,2.8060610798960246,2.8702607015940953,0.0,3783600
2022-12-06,0.0,2.838160753250122,0.0,2.844848372961326,2.811411039725128,2.838160753250122,0.0,3309500
2022-12-07,0.0,2.800710439682007,0.0,2.824785354724718,2.790010505785974,2.819435260223428,0.0,2701000
2022-12-08,0.0,2.883634090423584,0.0,2.898346591250786,2.8044546518442814,2.8087345732338287,0.0,6081800
2022-12-09,0.0,2.8515355587005615,0.0,2.8809605733709316,2.8515355587005615,2.8649105421774035,0.0,2943000
2022-12-12,0.0,2.8675849437713623,0.0,2.870259735778775,2.840834982844966,2.8488598690802713,0.0,2679100
2022-12-13,0.0,2.9692349433898926,0.0,3.0074871542235244,2.9451600254808357,3.004009541362334,0.0,7605500
2022-12-14,0.0,2.979933977127075,0.0,3.089608343219225,2.958534113260631,3.00668367940688,0.0,11670800
2022-12-15,0.0,2.9103846549987793,0.0,2.939809407708448,2.8943346275438944,2.939809407708448,0.0,3877500
2022-12-16,0.0,2.808734893798828,0.0,2.856884716469462,2.794022391292466,2.8488595759533513,0.0,6556400
2022-12-19,0.0,2.760584831237793,0.0,2.798034718405785,2.7472101084195324,2.7900098336935315,0.0,2842700
2022-12-20,0.0,2.8221113681793213,0.0,2.8542111819323024,2.7926863475757733,2.79830405095619,0.0,3910300
2022-12-21,0.0,2.803384780883789,0.0,2.8221098535197098,2.790010056995068,2.8087348745244824,0.0,1591700
2022-12-22,0.0,2.7980358600616455,0.0,2.811410843443658,2.7525610696267555,2.7953608123639246,0.0,3745400
2022-12-23,0.0,2.808734893798828,0.0,2.8221098728858385,2.793487432946027,2.800710008389225,0.0,2066900
2022-12-27,0.0,2.7739603519439697,0.0,2.8114102464397903,2.761922894966975,2.806060152180444,0.0,3184900
2022-12-28,0.0,2.7686102390289307,0.0,2.795359942361028,2.747210374320649,2.7686102390289307,0.0,2738500
2022-12-29,0.0,2.7686102390289307,0.0,2.781984963141724,2.7632601452986054,2.7686102390289307,0.0,2019100
2022-12-30,0.0,2.790010929107666,0.0,2.7953607693141276,2.716448649192782,2.74988597957957,0.0,3834600
2023-01-03,0.0,2.806060791015625,0.0,2.831473234319915,2.7900110147967214,2.8274606627118923,0.0,2501100
2023-01-04,0.0,2.832810640335083,0.0,2.8729353343196173,2.822110704932102,2.832810640335083,0.0,4408000
2023-01-05,0.0,2.8461849689483643,0.0,2.850197284360325,2.8221100560505024,2.838159827911394,0.0,1575900
2023-01-06,0.0,2.8542096614837646,0.0,2.886309458137059,2.814084979443772,2.822109864830469,0.0,2777900
2023-01-09,0.0,2.9103846549987793,0.0,2.947834548989156,2.902359768824603,2.9130597020923488,0.0,5751700
2023-01-10,0.0,2.9638845920562744,0.0,2.9638845920562744,2.913059968168835,2.9264346946452546,0.0,3269500
2023-01-11,0.0,2.9772591590881348,0.0,2.97993420605357,2.926434287170953,2.942484313857042,0.0,3621100
2023-01-12,0.0,3.2367331981658936,0.0,3.2420830375701963,3.033434198671422,3.0815840288428884,0.0,13516600
2023-01-13,0.0,3.3116328716278076,0.0,3.3116328716278076,3.2086458440217185,3.215333462435037,0.0,11364700
2023-01-17,0.0,3.64333176612854,0.0,3.64333176612854,3.5684322117810345,3.616582052843448,0.0,12929900
2023-01-18,0.0,3.52028226852417,0.0,3.667406580194249,3.4625026650119106,3.6433316603619414,0.0,25287100
2023-01-19,0.0,3.58715558052063,0.0,3.601868082674738,3.520280941793231,3.53071352217179,0.0,6439700
2023-01-20,0.0,3.795804738998413,0.0,3.811854766049704,3.572443414432643,3.5818060790247026,0.0,18107600
2023-01-23,0.0,3.9242045879364014,0.0,3.942929408805846,3.8252301338876116,3.878729804304991,0.0,11053400
2023-01-24,0.0,3.91083025932312,0.0,3.922867719064556,3.8680305158453914,3.8880928637122527,0.0,6406000
2023-01-25,0.0,3.892104148864746,0.0,3.897453987477874,3.7931297110100304,3.8332543934812766,0.0,7939800
2023-01-26,0.0,3.93222975730896,0.0,3.948279787140872,3.878730083046869,3.937579852288454,0.0,6300900
2023-01-27,0.0,3.9188549518585205,0.0,3.996429546816805,3.8773927343221732,3.8891625866591375,0.0,13773400
2023-01-30,0.0,3.8439550399780273,0.0,3.952291906863381,3.8198801239798246,3.9290195560935337,0.0,9829300
2023-01-31,0.0,3.9135055541992188,0.0,3.9375804752023855,3.902805617654101,3.910830506286287,0.0,5195500
2023-02-01,0.0,3.997011423110962,0.149,4.014577620944604,3.8510759246949355,3.9078286328418006,0.0,12718400
2023-02-02,0.0,4.045656204223633,0.0,4.098895511967594,3.9889035026830926,4.053763659377609,0.0,12849700
2023-02-03,0.0,3.95377254486084,0.0,4.018632729303575,3.924045024757451,3.9429625141203837,0.0,10411900
2023-02-06,0.0,3.8916146755218506,0.0,3.917558955488897,3.842969666046565,3.8537796967890134,0.0,7458700
2023-02-07,0.0,3.9213428497314453,0.0,3.95107037284517,3.841618768298082,3.8835076094427596,0.0,8196600
2023-02-08,0.0,3.8537802696228027,0.0,3.9078304313691703,3.8199988863148846,3.894317826499703,0.0,6359800
2023-02-09,0.0,3.705141544342041,0.0,3.856482230979358,3.6781163388859794,3.8429696282513275,0.0,14259400
2023-02-10,0.0,3.661900758743286,0.0,3.697033416382171,3.6267681011044015,3.6767643870944737,0.0,8246900
2023-02-13,0.0,3.6564958095550537,0.0,3.6564958095550533,3.594338205786791,3.629470865289846,0.0,8258100
2023-02-14,0.0,3.7564897537231445,0.0,3.7632461850829384,3.630823223209023,3.6375793968373134,0.0,10406700
2023-02-15,0.0,4.078087329864502,0.0,4.107814844884308,3.8105389214919976,3.822700236211786,0.0,16793400
2023-02-16,0.0,4.151055335998535,0.0,4.26726335039813,4.099707758549552,4.11862524638895,0.0,22172700
2023-02-17,0.0,4.19699764251709,0.0,4.229427729152863,4.003768150797284,4.034847209338224,0.0,15277400
2023-02-21,0.0,4.12673282623291,0.0,4.1821342597085,4.0932215543275605,4.156460342963504,0.0,9128200
2023-02-22,0.0,4.010524272918701,0.0,4.061871841728443,3.9767429030426764,4.0402517856263,0.0,9556300
2023-02-23,0.0,4.040252208709717,0.0,4.063223552940162,3.99701209197745,4.048359666164161,0.0,7942700
2023-02-24,0.0,3.897019147872925,0.0,4.021334608843556,3.8348612885218993,3.9970119794336516,0.0,14551700
2023-02-27,0.0,3.913233995437622,0.0,4.015929396895537,3.8756691263964056,3.995930985564069,0.0,7700000
2023-02-28,0.0,3.90512752532959,0.0,3.969987713885814,3.8916149216141736,3.932152732760423,0.0,6209700
2023-03-01,0.0,3.9271702766418457,0.101,4.0169808008459,3.9108409724477067,3.978879264089898,0.0,4919300
2023-03-02,0.0,3.940778970718384,0.0,3.957108280064705,3.891791561770554,3.908120611571308,0.0,5004500
2023-03-03,0.0,3.7257776260375977,0.0,3.763879171894248,3.720334696369817,3.7502714584064765,0.0,9356000
2023-03-06,0.0,3.739384651184082,0.0,3.7856507127985775,3.7339417225182294,3.750270768061287,0.0,5277600
2023-03-07,0.0,3.6876754760742188,0.0,3.7638782903953008,3.6631816494417855,3.739384463762867,0.0,8581300
2023-03-08,0.0,3.6931190490722656,0.0,3.720334474424206,3.657739099932956,3.679511595941827,0.0,5277000
2023-03-09,0.0,3.3610928058624268,0.0,3.6441321809159053,3.3365989713647735,3.6386889912295066,0.0,17443700
2023-03-10,0.0,3.333876371383667,0.0,3.391028548132064,3.2821673826805897,3.339319559428987,0.0,14404000
2023-03-13,0.0,4.076855659484863,0.0,4.105431886392953,3.7148918489528637,3.7557149931721967,0.0,29730600
2023-03-14,0.0,4.210210800170898,0.0,4.381667376780091,4.071412582028376,4.351730353526471,0.0,24717100
2023-03-15,0.0,4.095907211303711,0.0,4.218376144226985,4.00881797893188,4.207490022623707,0.0,16077600
2023-03-16,0.0,4.193882465362549,0.0,4.227901629110844,4.127204935561365,4.139451855274401,0.0,10952700
2023-03-17,0.0,4.531350612640381,0.0,4.531350612640381,4.389830826043011,4.474198690605497,0.0,27311800
2023-03-20,0.0,4.672869682312012,0.0,4.738186377084093,4.619799900252881,4.730021595578477,0.0,16942900
2023-03-21,0.0,4.738185882568359,0.0,4.7928887190375695,4.666065470280815,4.719135246801151,0.0,11427000
2023-03-22,0.0,4.468755722045898,0.0,4.859295432445839,4.466034127659185,4.770845950787392,0.0,19835100
2023-03-23,0.0,4.784453392028809,0.0,4.836162647068874,4.580338485339711,4.596667532529344,0.0,19269700
2023-03-24,0.0,4.6701507568359375,0.0,4.746353870488605,4.618441482604084,4.683758214695836,0.0,9519300
2023-03-27,0.0,4.517744541168213,0.0,4.667428637178876,4.4360982459059715,4.656542775931955,0.0,16324800
2023-03-28,0.0,4.5939459800720215,0.0,4.6102755465017236,4.4741989408005365,4.495971176949085,0.0,9822300
2023-03-29,0.0,4.759960174560547,0.0,4.788536140594425,4.708250912862731,4.746352719999019,0.0,8101700
2023-03-30,0.0,4.689199924468994,0.0,4.792618440269652,4.6320479965984305,4.789896845738995,0.0,8749200
2023-03-31,0.0,4.768124103546143,0.0,4.808946978999892,4.7327438974861415,4.738187085970915,0.0,9507400
2023-04-03,0.0,4.685650825500488,0.465,4.744360990779484,4.654897577072058,4.713608275595061,0.0,8597100
2023-04-04,0.0,4.7052202224731445,0.0,4.7270272331294825,4.657692723933257,4.716403414244381,0.0,6941600
2023-04-05,0.0,4.708016872406006,0.0,4.758340177995501,4.632531914021765,4.756942012149109,0.0,9347800
2023-04-06,0.0,4.666081428527832,0.0,4.702425745506099,4.614359951922493,4.6576940323432705,0.0,7378400
2023-04-10,0.0,4.884146690368652,0.0,4.926083123394821,4.691241444721421,4.713607293488226,0.0,15452000
2023-04-11,0.0,5.035117149353027,0.0,5.109203931942134,5.009955499937113,5.037912947426347,0.0,15613800
2023-04-12,0.0,4.973611831665039,0.0,5.056644858830234,4.945654380577178,5.040709394329488,0.0,10759800
2023-04-13,0.0,5.077054500579834,0.0,5.132969411490246,5.044903613441786,5.065871838344218,0.0,9204400
2023-04-14,0.0,5.063075542449951,0.0,5.139958137471392,4.993182177295177,5.116194116031858,0.0,8301200
2023-04-17,0.0,4.9065141677856445,0.0,4.928880023976489,4.863180621365674,4.889739908953529,0.0,5009200
2023-04-18,0.0,5.037913799285889,0.0,5.071462315350513,4.9875904919449034,5.049096460226081,0.0,5694400
2023-04-19,0.0,4.864577770233154,0.0,4.914341701990353,4.84500771466819,4.867373568634438,0.0,5786900
2023-04-20,0.0,4.666081428527832,0.0,4.807545218114339,4.650704802144844,4.780706510163092,0.0,10648500
2023-04-21,0.0,4.534681797027588,0.0,4.708017594736204,4.5179075370055,4.682855938081016,0.0,8580200
2023-04-24,0.0,4.551455497741699,0.0,4.607369862141426,4.481562142309055,4.551455497741699,0.0,4776300
2023-04-25,0.0,4.59059476852417,0.0,4.621348009941226,4.517905628148147,4.551454667261652,0.0,9398400
2023-04-26,0.0,4.640918254852295,0.0,4.976405993812228,4.610165012147835,4.95683594236172,0.0,23874100
2023-04-27,0.0,4.948451042175293,0.0,4.973612699218946,4.7946853009925094,4.808664295596828,0.0,13519100
2023-04-28,0.0,4.867373466491699,0.0,4.886943521645982,4.797480107658396,4.8701692648343125,0.0,8464400
2023-05-01,0.0,4.605857849121094,0.417,4.7433460126579865,4.601561514738503,4.7347533438928044,0.0,9736100
2023-05-02,0.0,4.766261100769043,0.0,4.794904607123841,4.617315851117093,4.643094405874024,0.0,16581600
2023-05-03,0.0,4.691788673400879,0.0,4.767120955161455,4.651688088279431,4.677467191951647,0.0,12383500
2023-05-04,0.0,4.794906139373779,0.0,4.807795694035924,4.7462123269089656,4.786312920822477,0.0,13293800
2023-05-05,0.0,4.923799991607666,0.0,4.939553947032297,4.806362110134233,4.81209037420093,0.0,9596000
2023-05-08,0.0,4.5285210609436035,0.0,4.651687478893242,4.514199308205818,4.625908378598171,0.0,12125900
2023-05-09,0.0,4.585809230804443,0.0,4.597266308774877,4.525658069053278,4.5915380429544586,0.0,4407400
2023-05-10,0.0,4.585809230804443,0.0,4.697518336081753,4.419677502761186,4.651688931540826,0.0,18099700
2023-05-11,0.0,4.442592620849609,0.0,4.554301736582673,4.419677916434375,4.528522898989152,0.0,8989900
2023-05-12,0.0,4.379576206207275,0.0,4.4039231091192415,4.27244999729349,4.37384766778581,0.0,10309400
2023-05-15,0.0,4.542843341827393,0.0,4.585808607619377,4.505606887406911,4.531385992249149,0.0,6070800
2023-05-16,0.0,4.459777355194092,0.0,4.499878214096341,4.448320005959842,4.482692053662591,0.0,3403900
2023-05-17,0.0,4.539978981018066,0.0,4.551436330020189,4.3896009680548715,4.425405217832097,0.0,7985100
2023-05-18,0.0,4.428269863128662,0.0,4.539979226821068,4.362389897926033,4.499878366560131,0.0,9027900
2023-05-19,0.0,4.448320388793945,0.0,4.5056071398954405,4.411083932286779,4.456913606332752,0.0,6294500
2023-05-22,0.0,4.448320388793945,0.0,4.491285656993649,4.433998632727377,4.433998632727377,0.0,7539600
2023-05-23,0.0,4.502743721008301,0.0,4.537115777118005,4.488421962671386,4.517065479345216,0.0,4509400
2023-05-24,0.0,4.339476108551025,0.0,4.4196778458890185,4.302239919344237,4.4196778458890185,0.0,8394300
2023-05-25,0.0,4.365255355834961,0.0,4.385305927380851,4.307968593914193,4.350933597063562,0.0,7247800
2023-05-26,0.0,4.422542095184326,0.0,4.454050018953563,4.365255333555933,4.365255333555933,0.0,6555500
2023-05-30,0.0,4.617316246032715,0.0,4.639657844176063,4.551436285047905,4.628773321756884,0.0,5987800
2023-05-31,0.0,4.445456027984619,0.0,4.49987837044705,4.42540546125445,4.485556615115432,0.0,5401600
2023-06-01,0.0,4.424248695373535,0.428,4.483160071422054,4.394792866893476,4.4389763287019655,0.0,7235600
2023-06-02,0.0,4.503778457641602,0.0,4.509669735015293,4.424248179477743,4.4654859974473124,0.0,4104600
2023-06-05,0.0,4.218057632446289,0.0,4.422775010409219,4.173874179283623,4.40951991827811,0.0,11901200
2023-06-06,0.0,4.477268218994141,0.0,4.500832766390566,4.188602372932157,4.206275643023694,0.0,16512400
2023-06-07,0.0,4.371227741241455,0.0,4.444867021839427,4.329989642978428,4.418356835878307,0.0,5708400
2023-06-08,0.0,4.385955810546875,0.0,4.43603054561894,4.338826433311376,4.359445623636773,0.0,4071900
2023-06-09,0.0,4.3535542488098145,0.0,4.4183568952622325,4.350608891039096,4.415411256579948,0.0,4424400
2023-06-12,0.0,4.2592949867248535,0.0,4.2828595284316755,4.2254209931352325,4.2710772575782645,0.0,3662100
2023-06-13,0.0,4.265187740325928,0.0,4.312317124083543,4.234259371925091,4.306425845771987,0.0,2847800
2023-06-14,0.0,4.265187740325928,0.0,4.300534848372042,4.241623188902926,4.288752572660541,0.0,4082800
2023-06-15,0.0,4.194493770599365,0.0,4.203330687402097,4.094344294127797,4.120854482712811,0.0,9002500
2023-06-16,0.0,4.3535542488098145,0.0,4.378591615786096,4.138527681411271,4.212166962998975,0.0,13244200
2023-06-20,0.0,4.651057720184326,0.0,4.665785634920862,4.394793015050395,4.433085481000744,0.0,14810600
2023-06-21,0.0,4.983906269073486,0.0,5.0914195456268905,4.807171892645018,4.818954446591026,0.0,20063300
2023-06-22,0.0,5.001579761505127,0.0,5.039872501716448,4.894066480150928,5.01925359321333,0.0,10033300
2023-06-23,0.0,5.128240585327148,0.0,5.2136624393089805,4.9544517998953,4.995689626328875,0.0,30436300
2023-06-26,0.0,4.99863338470459,0.0,5.081109568360356,4.950915506879379,5.03692611926096,0.0,10123900
2023-06-27,0.0,5.0693278312683105,0.0,5.137076396732504,5.028090013716902,5.06049147712051,0.0,13825200
2023-06-28,0.0,4.975069046020508,0.0,5.039871965070799,4.933831233405276,4.983905960933655,0.0,8890600
2023-06-29,0.0,5.0634379386901855,0.0,5.098784484672183,5.0310364700206724,5.092893768223996,0.0,6181900
2023-06-30,0.0,5.001579761505127,0.0,5.142967044232035,4.833682293039033,5.1400219674371215,0.0,25569400
2023-07-03,0.0,5.128488063812256,0.664,5.149946079903064,5.0426559994490265,5.051851957952466,0.0,7649900
2023-07-05,0.0,5.00587272644043,0.0,5.042044994489837,4.966022190225976,4.972152637167722,0.0,6365100
2023-07-06,0.0,4.9782819747924805,0.0,5.039591100846591,4.907776889111263,5.03652558607517,0.0,7977400
2023-07-07,0.0,4.962954521179199,0.0,5.015067098042246,4.94701419667183,4.978281508914817,0.0,7400100
2023-07-10,0.0,5.076377868652344,0.0,5.076377868652344,4.953760158721101,4.953760158721101,0.0,6047700
2023-07-11,0.0,5.027329444885254,0.0,5.062581990552643,4.966020898602178,4.987478919035615,0.0,8862600
2023-07-12,0.0,4.969085216522217,0.0,5.073310375514244,4.95529127767549,5.033459854575944,0.0,9254100
2023-07-13,0.0,5.223518371582031,0.0,5.2572378677742195,5.004339015240358,5.0211984709928466,0.0,30266700
2023-07-14,0.0,4.944560527801514,0.0,5.159141824884289,4.907775530104865,5.116225799342533,0.0,19805500
2023-07-17,0.0,4.895514965057373,0.0,4.975216300148164,4.858729666013107,4.956823796797816,0.0,7977000
2023-07-18,0.0,4.864861965179443,0.0,4.9231053009495875,4.828076654322984,4.874058219807642,0.0,8023000
2023-07-19,0.0,4.91697359085083,0.0,4.935366095381068,4.86792622996849,4.898580501633416,0.0,6536600
2023-07-20,0.0,4.867925643920898,0.0,4.96295454703193,4.834205861445915,4.950692489029877,0.0,6927300
2023-07-21,0.0,4.889383316040039,0.0,4.927701659907935,4.872523572162922,4.892448830324436,0.0,5302300
2023-07-24,0.0,4.757570266723633,0.0,4.788224538008195,4.714653936112943,4.785159023176663,0.0,6137600
2023-07-25,0.0,4.772896766662598,0.0,4.806616841663782,4.7606350009376825,4.7606350009376825,0.0,3367600
2023-07-26,0.0,4.803552627563477,0.0,4.820412669628416,4.765234562756712,4.772898058780611,0.0,5112700
2023-07-27,0.0,4.742242813110352,0.0,4.818878927060807,4.726915531851546,4.809682382899378,0.0,5557000
2023-07-28,0.0,4.782093048095703,0.0,4.823476322434253,4.760634739995617,4.772896505048435,0.0,4035700
2023-07-31,0.0,4.745308876037598,0.0,4.808150769564426,4.738871469390466,4.803552496669206,0.0,4848100
2023-08-01,0.0,4.765741348266602,0.385,4.781459552673248,4.6399963126130555,4.70601253128112,0.0,8029000
2023-08-02,0.0,4.740593433380127,0.0,4.803465965692884,4.695325150154965,4.790891459230332,0.0,7107600
2023-08-03,0.0,4.765741348266602,0.0,4.794034056238603,4.738706300511005,4.746879742818476,0.0,4353400
2023-08-04,0.0,4.7154436111450195,0.0,4.779887983180015,4.7041264673311165,4.756310825084256,0.0,3821500
2023-08-07,0.0,4.743736743927002,0.0,4.7515956973933395,4.658858607451239,4.724874835887991,0.0,4344900
2023-08-08,0.0,4.882056713104248,0.0,4.907205726065773,4.779260130119011,4.803465972649512,0.0,10434400
2023-08-09,0.0,4.781460762023926,0.0,4.888344219262838,4.778317060387513,4.888344219262838,0.0,7128000
2023-08-10,0.0,4.784604072570801,0.0,4.844332899781009,4.767314014783696,4.816040186965697,0.0,4327600
2023-08-11,0.0,4.781460762023926,0.0,4.81446872980659,4.755997258448807,4.787747865496861,0.0,3774600
2023-08-14,0.0,4.765741348266602,0.0,4.83804496861725,4.756310545542539,4.765741348266602,0.0,4633700
2023-08-15,0.0,4.7374491691589355,0.0,4.800321993804319,4.720159412201317,4.781460086450735,0.0,6533500
2023-08-16,0.0,4.724874973297119,0.0,4.753167686278518,4.696582260315721,4.724874973297119,0.0,5025200
2023-08-17,0.0,4.520539283752441,0.0,4.63056613702424,4.485959466975569,4.6242790338829325,0.0,15669800
2023-08-18,0.0,4.225037574768066,0.0,4.281622997132767,4.1527342460130345,4.253330285950417,0.0,19678600
2023-08-21,0.0,4.228181838989258,0.0,4.248615599697395,4.1841712155561375,4.215607332322668,0.0,7225400
2023-08-22,0.0,4.177884578704834,0.0,4.223467361107756,4.165310069731604,4.21246440343123,0.0,5549500
2023-08-23,0.0,4.306770324707031,0.0,4.338206724806974,4.181025323906719,4.181025323906719,0.0,12893900
2023-08-24,0.0,4.212465286254883,0.0,4.2627636324889755,4.17788545428145,4.259619929636844,0.0,5186300
2023-08-25,0.0,4.196744918823242,0.0,4.256473739105447,4.1637366577674175,4.234468431601449,0.0,8841100
2023-08-28,0.0,4.199888706207275,0.0,4.236040671601989,4.185742350139748,4.218436124180269,0.0,5165200
2023-08-29,0.0,4.504822254180908,0.0,4.561407696248762,4.199890027192962,4.199890027192962,0.0,58284700
2023-08-30,0.0,4.38536262512207,0.0,4.43566064379303,4.36650101802038,4.432517242475974,0.0,20488100
2023-08-31,0.0,4.225037574768066,0.0,4.397937243260327,4.187314059791548,4.385362738268155,0.0,21074400
2023-09-01,0.0,4.141701698303223,0.005,4.204597639449401,4.086667637333504,4.198308195290535,0.0,9382800
2023-09-05,0.0,4.144845008850098,0.0,4.179437688470512,4.132265825359821,4.154279321489957,0.0,3843200
2023-09-06,0.0,4.144845008850098,0.0,4.210571190102302,4.078804220548295,4.144845008850098,0.0,8771600
2023-09-07,0.0,4.182584762573242,0.0,4.1967363889433535,4.129123129599833,4.135412574702355,0.0,4175300
2023-09-08,0.0,4.192017078399658,0.0,4.195161949404946,4.157424397075703,4.176293023284622,0.0,4217600
2023-09-11,0.0,4.031633377075195,0.0,4.162142560969099,4.022199061347495,4.1479909374218025,0.0,10778900
2023-09-12,0.0,4.207743167877197,0.0,4.295797499218001,4.179439914968337,4.214032613017193,0.0,8113200
2023-09-13,0.0,4.223465919494629,0.0,4.273782664640864,4.207741861658566,4.220321047945125,0.0,6952400
2023-09-14,0.0,4.308373928070068,0.0,4.342966903859014,4.287932869576804,4.308373928070068,0.0,7934800
2023-09-15,0.0,4.267492294311523,0.0,4.2863612209237605,4.234472047629375,4.267492294311523,0.0,3366300
2023-09-18,0.0,4.330389022827148,0.0,4.430707902987106,4.295796036644485,4.409009009734731,0.0,7375000
2023-09-19,0.0,4.399574279785156,0.0,4.4530358934707,4.347685101785828,4.390139965579308,0.0,5751700
2023-09-20,0.0,4.349256992340088,0.0,4.418442654304671,4.327243495315113,4.364981047319957,0.0,5086400
2023-09-21,0.0,4.298941135406494,0.0,4.314665193601711,4.254913832442178,4.286361948832613,0.0,3995600
2023-09-22,0.0,4.283217906951904,0.0,4.314666029434437,4.280073034721346,4.298941968193171,0.0,4323800
2023-09-25,0.0,4.251768589019775,0.0,4.267492344819422,4.209313728573327,4.217175606473151,0.0,4015600
2023-09-26,0.0,4.236045837402344,0.0,4.242649888850035,4.204597716298711,4.217176904757862,0.0,3805100
2023-09-27,0.0,4.236045837402344,0.0,4.322527720570068,4.207742588391376,4.314665840249915,0.0,5163100
2023-09-28,0.0,4.390140533447266,0.0,4.42158865141652,4.270638105040173,4.276927848598615,0.0,8374000
2023-09-29,0.0,4.342967987060547,0.0,4.368126357593915,4.294223381729642,4.349257429738172,0.0,4047800
2023-10-02,0.0,4.511805534362793,0.074,4.631951453185605,4.451732273424202,4.584525448467505,0.0,9177100
2023-10-03,0.0,4.388497352600098,0.0,4.448570309994365,4.385335538651143,4.429600029354986,0.0,4591400
2023-10-04,0.0,4.454894065856934,0.0,4.4896731157129235,4.394820805209916,4.426438342553313,0.0,4880400
2023-10-05,0.0,4.426438331604004,0.0,4.543422737041705,4.401776724903681,4.521290641872383,0.0,5868600
2023-10-06,0.0,4.518129348754883,0.0,4.535519026408384,4.4122109786900605,4.4122109786900605,0.0,6951600
2023-10-09,0.0,4.448570251464844,0.0,4.477025973576697,4.391659108768306,4.426438157167699,0.0,4398100
2023-10-10,0.0,4.407467842102051,0.0,4.454894149002302,4.394820887234088,4.416953284398414,0.0,5264500
2023-10-11,0.0,4.303128719329834,0.0,4.372687094876702,4.262026056576097,4.366363770659935,0.0,7125300
2023-10-12,0.0,4.293645858764648,0.0,4.309454629979103,4.266771038158244,4.299969487861323,0.0,3723700
2023-10-13,0.0,4.306292533874512,0.0,4.331586445552968,4.284476437055499,4.325263118396959,0.0,3144100
2023-10-16,0.0,4.590848922729492,0.0,4.869081916658091,4.4722836133804105,4.723641791795464,0.0,33507800
2023-10-17,0.0,4.597172737121582,0.0,4.617091624366926,4.53551886620378,4.556070056000646,0.0,4536200
2023-10-18,0.0,4.546584129333496,0.0,4.581679477862087,4.53077536216732,4.568716222449849,0.0,3462000
2023-10-19,0.0,4.644598960876465,0.0,4.6714737804904205,4.584525994312621,4.597172950511705,0.0,5784700
2023-10-20,0.0,4.771068572998047,0.0,4.802685811066175,4.726804077870021,4.761583431730329,0.0,8132600
2023-10-23,0.0,5.061947822570801,0.0,5.074594474004944,4.8975371325469395,4.932316479335833,0.0,21067400
2023-10-24,0.0,5.4318718910217285,0.0,5.570672079733926,5.35757077419596,5.552017800411386,0.0,36921600
2023-10-25,0.0,5.60892915725708,0.0,5.675326040079875,5.523561994936764,5.555179529468842,0.0,16367400
2023-10-26,0.0,5.4634904861450195,0.0,5.55201887769786,5.435034759416053,5.526724965389271,0.0,13609500
2023-10-27,0.0,5.409740924835205,0.0,5.504592946591646,5.359153099491177,5.491946291782862,0.0,12549300
2023-10-30,0.0,5.542532444000244,0.0,5.602605091553092,5.469811939347733,5.561502722014077,0.0,10682400
2023-10-31,0.0,5.561503887176514,0.0,5.577312354990949,5.482460341995556,5.517239694852583,0.0,8504900
2023-11-01,0.0,5.586999416351318,0.14,5.61887000361126,5.469076176655081,5.60612189028578,0.0,20233600
2023-11-02,0.0,5.63799524307251,0.0,5.676240205577602,5.513697595199164,5.657117724325056,0.0,13341100
2023-11-03,0.0,5.5551300048828125,0.0,5.614091339716447,5.523258799496933,5.532820343480501,0.0,11186000
2023-11-06,0.0,5.644368648529053,0.0,5.679427035230596,5.601343220349661,5.650743011182548,0.0,4749300
2023-11-07,0.0,5.7814154624938965,0.0,5.81169338668403,5.555131017982331,5.593375985106047,0.0,18011400
2023-11-08,0.0,5.739982604980469,0.0,5.765479449213492,5.637995228048375,5.685801734998704,0.0,13128900
2023-11-09,0.0,5.880215644836426,0.0,6.128809728051199,5.730421150701651,6.039571075776245,0.0,40294000
2023-11-10,0.0,6.007700443267822,0.0,6.052319773677754,5.940770839760139,5.953519567244568,0.0,10866500
2023-11-13,0.0,5.908898830413818,0.0,5.956705331316078,5.8610917216189184,5.924834128083691,0.0,7669200
2023-11-14,0.0,5.653929233551025,0.0,5.899336683053112,5.564689995215928,5.877027025442481,0.0,19778700
2023-11-15,0.0,6.055505275726318,0.0,6.100124593758665,5.781413789773069,5.806910629776212,0.0,18999800
2023-11-16,0.0,5.771852493286133,0.0,5.92642681017312,5.700142445301151,5.873839846912518,0.0,13314700
2023-11-17,0.0,5.857903957366943,0.0,5.940768834365104,5.755916603490001,5.829220545995061,0.0,13268900
2023-11-20,0.0,6.0395708084106445,0.0,6.074628588298379,5.908899409456099,5.9567059150431545,0.0,12925800
2023-11-21,0.0,5.918459892272949,0.0,6.036383164383747,5.819659707245623,5.937582371463767,0.0,20478700
2023-11-22,0.0,6.0523176193237305,0.0,6.055504800060344,5.806910173637595,5.86109103037489,0.0,14210300
2023-11-24,0.0,6.0905632972717285,0.0,6.207848875904895,6.039569620291447,6.039569620291447,0.0,13038000
2023-11-27,0.0,5.864278316497803,0.0,5.929614003041102,5.8483430204209315,5.861091135703913,0.0,10118300
2023-11-28,0.0,6.131996154785156,0.0,6.192551381298069,5.963079199940782,5.982202286982323,0.0,15731400
2023-11-29,0.0,6.001323699951172,0.0,6.0905629332797275,5.985388404806897,6.084188572065,0.0,11799900
2023-11-30,0.0,6.014074802398682,0.0,6.030010103849214,5.96308050039285,6.010887620530018,0.0,5931100
2023-12-01,0.0,6.18317174911499,0.127,6.2409285096420275,6.1029541621633525,6.115788657829572,0.0,14050000
2023-12-04,0.0,6.658060073852539,0.0,6.709399283292398,6.553776960421272,6.635599246224058,0.0,21862800
2023-12-05,0.0,6.988557815551758,0.0,7.023853144814214,6.697207176986283,6.719026619667442,0.0,28494300
2023-12-06,0.0,6.9725117683410645,0.0,7.059146899904483,6.959677274041791,7.046311793593656,0.0,12748900
2023-12-07,0.0,6.892295837402344,0.0,7.007809373764833,6.857000510634016,6.921174221492966,0.0,9733700
2023-12-08,0.0,7.088027000427246,0.0,7.09925741517393,6.940426302023872,6.940426302023872,0.0,17981600
2023-12-11,0.0,6.481579780578613,0.0,6.6869365601258,6.382109554975401,6.648431857954963,0.0,25910300
2023-12-12,0.0,6.542547702789307,0.0,6.6356004188503706,6.452704376398498,6.6356004188503706,0.0,9267000
2023-12-13,0.0,6.821704864501953,0.0,6.836144057166699,6.568216951501244,6.581052061430674,0.0,17117400
2023-12-14,0.0,6.815286159515381,0.0,6.905130077825813,6.709398968512054,6.757529398602363,0.0,13838000
2023-12-15,0.0,6.702981948852539,0.0,6.712608280442461,6.60992985819665,6.69656500647093,0.0,10281600
2023-12-18,0.0,6.658060073852539,0.0,6.670253181995379,6.524898578609895,6.587468813875647,0.0,9748100
2023-12-19,0.0,6.696563720703125,0.0,6.779989463751007,6.619554306793219,6.7703637460209345,0.0,15240600
2023-12-20,0.0,6.905640125274658,0.147,7.052671740003137,6.8700938174217425,7.002583816787935,0.0,19795200
2023-12-21,0.0,6.941184997558594,0.0,6.975115223948414,6.877848574964262,6.963805148485141,0.0,12970800
2023-12-22,0.0,6.928260803222656,0.0,6.989658191529758,6.8733258761800355,6.8733258761800355,0.0,10634400
2023-12-26,0.0,6.672974586486816,0.0,6.760224282674706,6.588956429011774,6.753761205249013,0.0,16317700
2023-12-27,0.0,6.886250019073486,0.0,6.908870169796099,6.781227802668087,6.7957694161830355,0.0,26937900
2023-12-28,0.0,6.727909088134766,0.0,6.782844010087045,6.682668781710401,6.776380933068436,0.0,17059300
2023-12-29,0.0,6.621270179748535,0.0,6.818389696394035,6.534020497001881,6.773148777736755,0.0,29176400
2024-01-02,0.0,7.073676586151123,0.0,7.274027684468343,7.060751046840381,7.254639067325717,0.0,20878600
2024-01-03,0.0,6.721444129943848,0.0,6.852318629353752,6.611574316789238,6.611574316789238,0.0,33315500
2024-01-04,0.0,6.954111099243164,0.0,7.063980931239511,6.795769427566753,6.811926502009146,0.0,23038500
2024-01-05,0.0,6.918567657470703,0.0,6.98804421574474,6.76992053878876,6.883021339371483,0.0,23948100
2024-01-08,0.0,7.383896350860596,0.0,7.447879331825798,7.028435140047384,7.080138521654441,0.0,35638400
2024-01-09,0.0,7.341886043548584,0.0,7.396820956632454,7.292768268654142,7.348349119523827,0.0,22852700
2024-01-10,0.0,7.225554466247559,0.0,7.335424303188393,7.002583254061405,7.105990014393271,0.0,61860100
2024-01-11,0.0,7.215858459472656,0.0,7.700578017295772,7.105988643724528,7.4808383857995135,0.0,88598800
2024-01-12,0.0,6.805463790893555,0.0,7.159309533887542,6.714983182996065,7.144767919567887,0.0,46108700
2024-01-16,0.0,6.756993770599365,0.0,6.782845467876978,6.553411731582296,6.679438678766525,0.0,24901100
2024-01-17,0.0,6.6826677322387695,0.0,6.71175095790222,6.5857234412429815,6.634195894917301,0.0,17551800
2024-01-18,0.0,6.3724470138549805,0.0,6.695593425403764,6.3304382515489,6.639043049923874,0.0,25175200
2024-01-19,0.0,6.492012023925781,0.0,6.5744140948672545,6.286813960720915,6.404762337268043,0.0,19477800
2024-01-22,0.0,6.265810012817383,0.0,6.369216787187811,6.139783083597549,6.323976477488997,0.0,26299600
2024-01-23,0.0,6.113930702209473,0.0,6.188254235882959,6.013755477851602,6.052532705701715,0.0,18044800
2024-01-24,0.0,6.17533016204834,0.0,6.275505410144141,6.15917246632123,6.23995909589757,0.0,14753200
2024-01-25,0.0,6.210875511169434,0.0,6.259347979275716,6.168866737344095,6.239958745491989,0.0,13602700
2024-01-26,0.0,6.559873104095459,0.0,6.592187874413526,6.406379023702354,6.420920639527835,0.0,18257500
2024-01-29,0.0,6.734372615814209,0.0,6.758608848079395,6.514632913300224,6.540484606751693,0.0,14373200
2024-01-30,0.0,6.792539596557617,0.0,6.81839129197441,6.744067744695259,6.7602248231983655,0.0,16522500
2024-01-31,0.0,6.6309661865234375,0.0,6.831316667093387,6.621271569843077,6.6568178813180445,0.0,18090600
2024-02-01,0.0,6.705287456512451,0.356,6.752971114174791,6.600054989419688,6.609920768422752,0.0,14717100
2024-02-02,0.0,6.692131996154785,0.0,6.780922102715276,6.655300767561333,6.655958109652033,0.0,8942000
2024-02-05,0.0,6.593477249145508,0.0,6.764480307413587,6.585256080951546,6.754615156474804,0.0,7201000
2024-02-06,0.0,6.715150356292725,0.0,6.766122585100968,6.6723999200793065,6.685553659208547,0.0,6601900
2024-02-07,0.0,6.889441967010498,0.0,6.912461480978871,6.683909696243297,6.718438967195855,0.0,9838700
2024-02-08,0.0,7.096621513366699,0.0,7.152526342049127,6.99632161832749,7.020985753159592,0.0,12545400
2024-02-09,0.0,7.412318229675293,0.0,7.524127239829701,7.300508592285993,7.33010529790286,0.0,20880200
2024-02-12,0.0,7.833248138427734,0.0,7.862844844420576,7.5109735923222285,7.517550777483949,0.0,18818700
2024-02-13,0.0,7.7049946784973145,0.0,7.721437010996787,7.547146028457175,7.642512685976717,0.0,15529000
2024-02-14,0.0,8.076597213745117,0.0,8.132502025324454,7.995699603837623,8.066732064618348,0.0,16483000
2024-02-15,0.0,8.076597213745117,0.0,8.257466016965237,8.050289104015711,8.185118244783265,0.0,17783700
2024-02-16,0.0,8.093042373657227,0.0,8.19334226526827,8.053579884721659,8.15881235223653,0.0,13231400
2024-02-20,0.0,8.109482765197754,0.0,8.168676170777053,7.908883030120089,8.155521801877283,0.0,13097100
2024-02-21,0.0,7.925326347351074,0.0,8.006223963462077,7.884219883544517,7.93190353209649,0.0,9819800
2024-02-22,0.0,8.089752197265625,0.0,8.11112773405676,7.935191492024145,7.948345861506339,0.0,11399900
2024-02-23,0.0,7.94176721572876,0.0,7.981229689680623,7.867775469090733,7.954921582790962,0.0,9199800
2024-02-26,0.0,8.484371185302734,0.0,8.556718940064826,7.987805812127497,7.987805812127497,0.0,24040300
2024-02-27,0.0,8.855977058410645,0.0,8.954632325059055,8.74087882916424,8.83624613052794,0.0,23197800
2024-02-28,0.0,9.355830192565918,0.0,9.970782459624694,9.207846691276492,9.345964416735029,0.0,72413900
2024-02-29,0.0,9.612333297729492,0.0,9.877058968591804,9.359117384101653,9.829375330200575,0.0,40650100
2024-03-01,0.0,9.7795991897583,0.726,9.836927900392201,9.48958328382086,9.685175241887604,0.0,27956600
2024-03-04,0.0,10.501267433166504,0.0,10.568713211574666,10.13031758155345,10.13031758155345,0.0,40152400
2024-03-05,0.0,9.597495079040527,0.0,10.783862040098981,9.253523491438553,10.487776184861563,0.0,84052700
2024-03-06,0.0,10.39672565460205,0.0,10.481032544646897,10.123571510955696,10.339396943643134,0.0,23411600
2024-03-07,0.0,10.49114990234375,0.0,10.577142649630424,10.339397238648976,10.457427016721518,0.0,18464400
2024-03-08,0.0,10.723838806152344,0.0,10.929547874517382,10.26858200199009,10.585575523772436,0.0,45556700
2024-03-11,0.0,11.185839653015137,0.0,11.307241803291717,11.04420466863999,11.22967960426419,0.0,24019400
2024-03-12,0.0,11.057692527770996,0.0,11.344335452854136,10.636158057695138,11.20270048839078,0.0,34999700
2024-03-13,0.0,11.34770679473877,0.0,11.39491844267736,11.115018977868676,11.266771622257666,0.0,17407900
2024-03-14,0.0,10.71371841430664,0.0,11.265084840884393,10.585571597112386,11.233049101401498,0.0,42225300
2024-03-15,0.0,10.683367729187012,0.0,10.919427245890105,10.427074741775506,10.491148149430991,0.0,28884900
2024-03-18,0.0,10.325907707214355,0.0,10.599061838467586,10.282067766182179,10.508010246979676,0.0,21446900
2024-03-19,0.0,9.921236991882324,0.0,10.167413009683496,9.605929335021628,9.840302437120734,0.0,24851900
2024-03-20,0.0,10.153923988342285,0.0,10.202821505097164,9.580636768910058,9.789718179294354,0.0,23632200
2024-03-21,0.0,10.049379348754883,0.0,10.447307905867412,10.00048184957884,10.437191492415328,0.0,20993500
2024-03-22,0.0,9.833555221557617,0.0,9.907745050360656,9.651452680600885,9.884139224978348,0.0,14975300
2024-03-25,0.0,10.953152656555176,0.0,10.973386776337254,10.315792677264053,10.319165030561066,0.0,19166000
2024-03-26,0.0,10.693485260009766,0.0,10.936289506716541,10.673251787187702,10.875588445039847,0.0,14632200
2024-03-27,0.0,10.541733741760254,0.0,11.047574445218384,10.504638503843847,11.034086320320565,0.0,24538300
2024-03-28,0.0,10.892448425292969,0.0,11.04420106360376,10.84186507013662,10.959894185255639,0.0,16802000
2024-04-01,0.0,10.712394714355469,1.145,10.778822937505211,10.44318686298997,10.75085326462894,0.0,13986500
2024-04-02,0.0,10.107550621032715,0.0,10.177475140103118,9.89428143803266,9.939732575483312,0.0,16507300
2024-04-03,0.0,10.10055923461914,0.0,10.277118366145862,10.062101344730417,10.083078436201513,0.0,8646400
2024-04-04,0.0,10.499126434326172,0.0,10.649463012485246,10.303338053135981,10.324315808381112,0.0,12002100
2024-04-05,0.0,10.317323684692383,0.0,10.527096578577467,10.247399164447472,10.247399164447472,0.0,11778700
2024-04-08,0.0,11.009573936462402,0.0,11.093482962949057,10.922168617182598,11.083693609868098,0.0,11915100
2024-04-09,0.0,10.565555572509766,0.0,10.883710905973299,10.450180568801558,10.82427525758727,0.0,10678800
2024-04-10,0.0,10.73337173461914,0.0,10.74036365222252,10.324314880016207,10.35578084320486,0.0,17122700
2024-04-11,0.0,10.803297996520996,0.0,10.874970336080912,10.64771662529457,10.859237350965335,0.0,10287300
2024-04-12,0.0,10.236909866333008,0.0,10.77882250672139,9.981685861331462,10.747356542636949,0.0,24996300
2024-04-15,0.0,9.677517890930176,0.0,10.19670574556442,9.537669501406562,10.150205647574905,0.0,14721800
2024-04-16,0.0,9.600601196289062,0.0,9.70548799315467,9.443272001265278,9.677518314027125,0.0,10160000
2024-04-17,0.0,9.313912391662598,0.0,9.635564054847482,9.111132038797113,9.534174211839636,0.0,14154800
2024-04-18,0.0,9.70898151397705,0.0,9.81911171899081,9.45725380686089,9.558644281527025,0.0,9383100
2024-04-19,0.0,9.824357032775879,0.0,9.960709103752986,9.705485757157518,9.89428088106047,0.0,10397400
2024-04-22,0.0,10.149503707885742,0.0,10.215931255962348,10.027136154132203,10.083075492959617,0.0,9818200
2024-04-23,0.0,10.142512321472168,0.0,10.257887304783658,10.086572976039301,10.104053771418473,0.0,5901400
2024-04-24,0.0,9.736953735351562,0.0,10.114544728072191,9.705487763720697,10.062101664303997,0.0,9897900
2024-04-25,0.0,9.866310119628906,0.0,9.887287871964025,9.5656363381703,9.621575677364902,0.0,7936000
2024-04-26,0.0,9.684508323669434,0.0,9.876450303973412,9.628568980298672,9.708981703037944,0.0,7664400
2024-04-29,0.0,9.583118438720703,0.0,9.621576989731244,9.373345554703526,9.50620200354924,0.0,5918800
2024-04-30,0.0,8.9537992477417,0.0,9.34887091484393,8.943310371555976,9.27894707415435,0.0,13204900
2024-05-01,0.0,8.62863826751709,1.681,9.032754871438476,8.583736819134522,8.759602133741614,0.0,20276100
2024-05-02,0.0,9.029009819030762,0.0,9.066428155441855,8.849402660691997,8.924239333514185,0.0,7672900
2024-05-03,0.0,9.436871528625488,0.0,9.470547971950326,9.302166469021799,9.309649567997361,0.0,8522100
2024-05-06,0.0,9.601509094238281,0.0,9.769891262728944,9.528543725790811,9.657636245836684,0.0,7638100
2024-05-07,0.0,9.582798957824707,0.0,9.788598723154577,9.549122528778677,9.676344435464712,0.0,5992900
2024-05-08,0.0,9.436871528625488,0.0,9.549126577606833,9.377002454647036,9.414420804307484,0.0,5703500
2024-05-09,0.0,9.489256858825684,0.0,9.539771520380429,9.238554860940443,9.305907743013435,0.0,7056200
2024-05-10,0.0,9.219844818115234,0.0,9.596646103848025,9.137525029987623,9.541641586270062,0.0,10976400
2024-05-13,0.0,9.608993530273438,0.0,9.653894968996864,9.507964222602476,9.55660828053094,0.0,5842500
2024-05-14,0.0,9.347066879272461,0.0,9.466805013927406,9.27971400010516,9.414419758439763,0.0,4944300
2024-05-15,0.0,10.043045043945312,0.0,10.113765134381248,9.724990197822368,9.76989235232612,0.0,14411500
2024-05-16,0.0,9.912080764770508,0.0,10.102913664068597,9.818535267880984,10.043044603154941,0.0,6815800
2024-05-17,0.0,10.18523120880127,0.0,10.271293589458017,9.998140256087611,10.080460732046642,0.0,9684700
2024-05-20,0.0,10.652958869934082,0.0,10.671668393913269,10.136588140929733,10.177748379988579,0.0,9396700
2024-05-21,0.0,10.518254280090332,0.0,10.838179658935426,10.505157969636702,10.79140691768806,0.0,7868900
2024-05-22,0.0,10.578125,0.0,10.746506466827652,10.510772127790736,10.596833813971237,0.0,6222100
2024-05-23,0.0,10.177752494812012,0.0,10.54070884240561,10.117883421264523,10.518258118249216,0.0,7309300
2024-05-24,0.0,10.503287315368652,0.0,10.533221843086057,10.162781794947382,10.245101567746385,0.0,5637800
2024-05-28,0.0,10.368581771850586,0.0,10.39664570433641,10.18897460228857,10.372323677095059,0.0,4803400
2024-05-29,0.0,10.188977241516113,0.0,10.30123228684113,10.168397114188412,10.282148779259794,0.0,3841900
2024-05-30,0.0,10.428451538085938,0.0,10.555672747872215,10.31619652188094,10.34613105012985,0.0,7507300
2024-05-31,0.0,10.207683563232422,0.0,10.42470905952534,10.061752121561119,10.40225762930181,0.0,10617900
2024-06-03,0.0,10.46695613861084,1.768,10.659010197649298,10.40093788969668,10.578988054627436,0.0,9669700
2024-06-04,0.0,10.671015739440918,0.0,10.781046682421124,10.47095920196595,10.506969439763855,0.0,7516300
2024-06-05,0.0,10.791048049926758,0.0,10.887075084707776,10.647007879332747,10.767041482020263,0.0,6188200
2024-06-06,0.0,10.659010887145996,0.0,10.861068394893246,10.655009665262828,10.767041588526405,0.0,4764000
2024-06-07,0.0,10.46695613861084,0.0,10.867069143185123,10.318914754285151,10.819056010003004,0.0,8724100
2024-06-10,0.0,10.49496841430664,0.0,10.619004048231913,10.446955260594867,10.462959390780352,0.0,4939400
2024-06-11,0.0,10.174877166748047,0.0,10.218889855901129,9.974820598823484,10.138866923469205,0.0,6791000
2024-06-12,0.0,10.198882102966309,0.0,10.590992729956355,10.146867739449311,10.466957891450344,0.0,8419700
2024-06-13,0.0,10.054842948913574,0.0,10.322918785279429,9.982823224216025,10.282908081499208,0.0,7856000
2024-06-14,0.0,9.878791809082031,0.0,10.174875386219293,9.810772557364341,10.163271612785646,0.0,7119500
2024-06-17,0.0,10.066842079162598,0.0,10.161668655942433,9.806768806072604,9.906797046734518,0.0,6331000
2024-06-18,0.0,9.690738677978516,0.0,9.852784752708148,9.646726757419534,9.774762822964115,0.0,6669300
2024-06-20,0.0,9.794766426086426,0.0,9.878389899713111,9.720745731979385,9.846781545414085,0.0,6318600
2024-06-21,0.0,9.68273639678955,0.0,9.70274174460918,9.542696672586851,9.582708131381208,0.0,6004200
2024-06-24,0.0,8.910518646240234,0.0,9.290625621662315,8.874508407294806,9.21460468447099,0.0,16587800
2024-06-25,0.0,9.330635070800781,0.0,9.400655303940706,9.178592466052777,9.230606820448019,0.0,12901100
2024-06-26,0.0,9.174592971801758,0.0,9.330636827521545,9.130580289150483,9.266618796295216,0.0,5496800
2024-06-27,0.0,9.238611221313477,0.0,9.396656073518054,9.226607553991748,9.274221566825997,0.0,5218300
2024-06-28,0.0,9.00654411315918,0.0,9.300627425154735,8.994540447901498,9.238609632722572,0.0,10778500
2024-07-01,0.0,9.49659538269043,1.503,9.608067934185739,9.39369783156177,9.475158699530851,0.0,12910800
2024-07-02,0.0,9.2993745803833,0.0,9.488019667698826,9.269362899117512,9.445146304608832,0.0,5981600
2024-07-03,0.0,9.07214069366455,0.0,9.145026545327777,8.986392344264214,9.042129016701493,0.0,4561700
2024-07-05,0.0,8.471905708312988,0.0,8.572659908172989,8.31112814739101,8.341139827921998,0.0,19552100
2024-07-08,0.0,8.47619342803955,0.0,8.62625265234574,8.2575358413803,8.600527653145605,0.0,13741800
2024-07-09,0.0,8.69485092163086,0.0,8.763449283249658,8.557653380636289,8.596240061266485,0.0,8911700
2024-07-10,0.0,8.613390922546387,0.0,8.718431816518603,8.609103422296512,8.716288475272195,0.0,7173600
2024-07-11,0.0,8.613390922546387,0.0,8.864203553986096,8.585522579800733,8.832048528747626,0.0,7814900
2024-07-12,0.0,8.669127464294434,0.0,8.79989336993278,8.63697243655595,8.651978279718666,0.0,8204500
2024-07-15,0.0,9.522319793701172,0.0,9.608068163903724,9.38512305558274,9.440859741541518,0.0,13611400
2024-07-16,0.0,9.796714782714844,0.0,9.803145624721294,9.470872097688401,9.599493844360126,0.0,10319900
2024-07-17,0.0,9.698101043701172,0.0,9.824579400980276,9.582341024952807,9.732400217653634,0.0,7465800
2024-07-18,0.0,9.526607513427734,0.0,9.758127627653337,9.483734145095955,9.732403443102854,0.0,7094200
2024-07-19,0.0,10.092544555664062,0.0,10.139705420912374,9.620930178881784,9.62521767895109,0.0,11495400
2024-07-22,0.0,10.238313674926758,0.0,10.240457833464149,9.981070257907644,10.139703643885639,0.0,6905700
2024-07-23,0.0,9.826726913452148,0.0,10.101120421563698,9.809576910316597,9.985361171427362,0.0,9498000
2024-07-24,0.0,9.843873977661133,0.0,10.07110656369989,9.826724795978066,10.00679570131367,0.0,6301600
2024-07-25,0.0,9.676666259765625,0.0,9.762414627547278,9.488020341300212,9.6337920758748,0.0,6464400
2024-07-26,0.0,10.186866760253906,0.0,10.22116594189421,10.015370852052392,10.105405897199315,0.0,6837200
2024-07-29,0.0,10.045381546020508,0.0,10.444110004480772,9.931765671338123,10.439822504977693,0.0,11833800
2024-07-30,0.0,9.839585304260254,0.0,10.002506177184504,9.779561136124526,9.946770325797917,0.0,6819200
2024-07-31,0.0,9.72811508178711,0.0,9.98321519891618,9.693386577072467,9.903898493213362,0.0,8494300
2024-08-01,0.0,9.438234329223633,1.447,9.694682947723413,9.280242952783361,9.635150560261895,0.0,9110800
2024-08-02,0.0,9.319169044494629,0.0,9.786272558655597,9.300850848585734,9.671786454603968,0.0,12462600
2024-08-05,0.0,7.972814083099365,0.0,8.28421649878768,7.395803878758049,7.409542528906603,0.0,24236000
2024-08-06,0.0,8.471972465515137,0.0,8.517767085966625,8.110195924754088,8.220103363221554,0.0,10242000
2024-08-07,0.0,8.151411056518555,0.0,8.577299545007467,8.149121718535813,8.53608447364017,0.0,11338200
2024-08-08,0.0,8.884123802185059,0.0,8.94136686904638,8.458235244983248,8.623095557051014,0.0,11706600
2024-08-09,0.0,9.067301750183105,0.0,9.113096379923407,8.879544554361793,9.000900454192577,0.0,9686700
2024-08-12,0.0,8.792534828186035,0.0,9.053563055771901,8.623094977345131,8.870385428822155,0.0,10249100
2024-08-13,0.0,9.067301750183105,0.0,9.186367438123924,8.770095660055047,8.77421751738104,0.0,5557400
2024-08-14,0.0,8.765056610107422,0.0,9.08103852938012,8.74444907464486,9.048982557207186,0.0,5277500
2024-08-15,0.0,8.49945068359375,0.0,8.92075970850572,8.444497826213013,8.806273569925946,0.0,8251000
2024-08-16,0.0,8.90701961517334,0.0,8.929916487552418,8.595617259443602,8.733000240637454,0.0,5604900
2024-08-19,0.0,8.792534828186035,0.0,8.83649693457808,8.651945355325486,8.746740203083643,0.0,4837800
2024-08-20,0.0,8.861227035522461,0.0,9.08790909398756,8.719264472501699,9.012348698985825,0.0,7658100
2024-08-21,0.0,9.172628402709961,0.0,9.181786628634152,8.769636764412581,8.861226011332839,0.0,6895000
2024-08-22,0.0,8.975711822509766,0.0,9.07645929186629,8.943655849235407,9.05356241765882,0.0,4497600
2024-08-23,0.0,9.474870681762695,0.0,9.511047635580177,9.044402664793674,9.090197283357986,0.0,11118100
2024-08-26,0.0,9.424495697021484,0.0,9.511505377405163,9.378701082426938,9.50234627979433,0.0,5369900
2024-08-27,0.0,9.236739158630371,0.0,9.282533776176505,9.126832600595455,9.273374677975342,0.0,6388800
2024-08-28,0.0,8.746740341186523,0.0,8.920758871171417,8.595618687384436,8.888702895131555,0.0,10751500
2024-08-29,0.0,8.797112464904785,0.0,9.085617957531257,8.742159620044319,8.94823497192037,0.0,9660200
2024-08-30,0.0,8.700947761535645,0.0,8.8887049854604,8.563564725211204,8.838330797860085,0.0,8959200
2024-09-03,0.0,8.602643013000488,1.209,8.773815742396689,8.514611270292939,8.773815742396689,0.0,9803200
2024-09-04,0.0,8.617316246032715,0.0,8.685784972331858,8.314095868620274,8.367893258036135,0.0,7811900
2024-09-05,0.0,8.29942512512207,0.0,8.490160935027525,8.260299998211112,8.387456893875878,0.0,8055700
2024-09-06,0.0,7.917952060699463,0.0,8.436360008743879,7.878826950145473,8.416796987058776,0.0,10673700
2024-09-09,0.0,8.480375289916992,0.0,8.495047555169029,8.128249319213504,8.226061622445286,0.0,9166400
2024-09-10,0.0,8.602643013000488,0.0,8.610468409193995,8.377672900212712,8.44614255166099,0.0,5701900
2024-09-11,0.0,8.543954849243164,0.0,8.607533744491366,8.22606317145113,8.421688747568048,0.0,7489800
2024-09-12,0.0,8.656442642211914,0.0,8.690677010409622,8.495051382982309,8.553738604802216,0.0,6228200
2024-09-13,0.0,8.861846923828125,0.0,8.908307703840535,8.551290932419864,8.558626599575437,0.0,8726400
2024-09-16,0.0,8.583080291748047,0.0,8.678448638256842,8.514611570700426,8.671112037561482,0.0,6066400
2024-09-17,0.0,8.891191482543945,0.0,9.106380092833138,8.73469101426685,8.788487467226869,0.0,10714200
2024-09-18,0.0,8.896081924438477,0.0,9.091707502872458,8.768925065252304,8.871628144124017,0.0,8646600
2024-09-19,0.0,9.375365257263184,0.0,9.473178517400175,9.287333509703167,9.375365257263184,0.0,8260500
2024-09-20,0.0,9.311788558959961,0.0,9.419382413506614,9.242341302714294,9.321569140052196,0.0,5758700
2024-09-23,0.0,9.380256652832031,0.0,9.456061048428834,9.336240776052266,9.380256652832031,0.0,4845600
2024-09-24,0.0,9.536757469177246,0.0,9.546538982765178,9.282443712789899,9.404709834189607,0.0,6002100
2024-09-25,0.0,9.355803489685059,0.0,9.482960371828597,9.321569123880357,9.409600883273306,0.0,4234400
2024-09-26,0.0,9.590553283691406,0.0,9.761725079244393,9.502521541511971,9.541646656612128,0.0,8027500
2024-09-27,0.0,9.722599983215332,0.0,9.86931986474096,9.681029956447016,9.722599983215332,0.0,11135500
2024-09-30,0.0,9.385147094726562,0.0,9.48295942543315,9.316677437133896,9.458506575960605,0.0,7937500
2024-10-01,0.0,9.121208190917969,1.091,9.380480735312348,9.01231320796827,9.36492402659203,0.0,11245200
2024-10-02,0.0,8.887863159179688,0.0,9.224918282924836,8.867121868406365,8.991572580185323,0.0,7711100
2024-10-03,0.0,9.012311935424805,0.0,9.022683073107274,8.846377688689813,8.934530380898543,0.0,6171100
2024-10-04,0.0,9.214546203613281,0.0,9.238399031737082,8.970829385810305,9.084909935095524,0.0,5808800
2024-10-07,0.0,9.349366188049316,0.0,9.536041705155101,9.261213503371625,9.318252777659984,0.0,6430700
2024-10-08,0.0,9.188617706298828,0.0,9.34418181094022,9.123799576626455,9.240472407845958,0.0,6843100
2024-10-09,0.0,8.996755599975586,0.0,9.214544531117248,8.963049899345812,9.13157741344862,0.0,5583900
2024-10-10,0.0,8.810079574584961,0.0,9.017497380148793,8.677851032614928,9.012311811378932,0.0,8612900
2024-10-11,0.0,9.323437690734863,0.0,9.372700092532408,9.064165223323688,9.064165223323688,0.0,8007200
2024-10-14,0.0,9.7330904006958,0.0,9.800500819070756,9.5464138743557,9.561970581232758,0.0,9677500
2024-10-15,0.0,9.893839836120605,0.0,10.049402960560016,9.568711659843995,9.733091142327051,0.0,11406900
2024-10-16,0.0,9.992362976074219,0.0,10.096071388756572,9.914581419300912,10.033846538956391,0.0,6649900
2024-10-17,0.0,9.857540130615234,0.0,9.992361943309268,9.831612288339812,9.888652552299687,0.0,6041500
2024-10-18,0.0,10.121997833251953,0.0,10.197187089649777,9.99236159355061,10.002732730097762,0.0,10171100
2024-10-21,0.0,9.992362976074219,0.0,10.018289831983267,9.847170011463534,10.018289831983267,0.0,8824200
2024-10-22,0.0,9.95087718963623,0.0,9.98198960758415,9.816055393133997,9.899022500359074,0.0,6108100
2024-10-23,0.0,9.784947395324707,0.0,9.862728969853622,9.603456395392989,9.80568868697744,0.0,9757100
2024-10-24,0.0,10.059774398803711,0.0,10.06755324758966,9.914063159466183,9.95088040626299,0.0,8008600
2024-10-25,0.0,9.83161449432373,0.0,10.151038857315108,9.70197822099744,10.023476614027002,0.0,15190400
2024-10-28,0.0,10.262007713317871,0.0,10.313861430613333,10.080516735644975,10.163483870173227,0.0,12549900
2024-10-29,0.0,10.702767372131348,0.0,10.879072732947511,10.459051603495354,10.505720727772927,0.0,17098600
2024-10-30,0.0,10.609430313110352,0.0,10.702768572130624,10.536834329003964,10.604245733427986,0.0,11475900
2024-10-31,0.0,10.308672904968262,0.0,10.62498563280556,10.287931621807083,10.61980006475377,0.0,11742000
2024-11-01,0.0,10.196231842041016,0.994,10.561942548704408,10.122543747291552,10.321774059272947,0.0,14770500
2024-11-04,0.0,9.890564918518066,0.0,10.11435796043845,9.874189436999044,10.076148503560734,0.0,11505500
2024-11-05,0.0,10.22352409362793,0.0,10.376358788561985,10.11435734676176,10.196232667186683,0.0,12813300
2024-11-06,0.0,11.2114896774292,0.0,11.274260791807453,10.823944962922818,10.944028698111495,0.0,23669800
2024-11-07,0.0,11.282449722290039,0.0,11.337033625143334,10.982239818248951,11.047739668791822,0.0,12460000
2024-11-08,0.0,11.298826217651367,0.0,11.397076002267116,11.147083599608594,11.227866825254972,0.0,10982500
2024-11-11,0.0,12.832622528076172,0.0,12.89539363140273,12.030242854696366,12.0575342766293,0.0,30678900
2024-11-12,0.0,13.2037935256958,0.0,13.255647650992309,12.559705884281202,12.696165095052054,0.0,23886500
2024-11-13,0.0,13.2037935256958,0.0,13.771463301129938,13.14920963316723,13.236543444772481,0.0,24749200
2024-11-14,0.0,12.870832443237305,0.0,13.509461577642638,12.855003541593726,13.422127767903545,0.0,16020000
2024-11-15,0.0,13.460336685180664,0.0,13.471253672083444,12.900854120177847,13.127375872354081,0.0,13371400
2024-11-18,0.0,13.465794563293457,0.0,13.640462181351563,13.181959163398474,13.285668452033397,0.0,16977100
2024-11-19,0.0,13.618632316589355,0.0,13.864258319386135,13.411213692608404,13.476714584681694,0.0,19092200
2024-11-20,0.0,13.875168800354004,0.0,13.98433655557256,13.70595971675603,13.913377202350238,0.0,15902600
2024-11-21,0.0,14.426469802856445,0.0,14.576574745978489,14.038925052563645,14.300927562507193,0.0,20992500
2024-11-22,0.0,14.568385124206543,0.0,14.661177425931468,14.257258301099771,14.34459210965251,0.0,14760000
2024-11-25,0.0,13.907922744750977,0.0,14.306383397008718,13.838055486076806,14.29000895774681,0.0,12801800
2024-11-26,0.0,13.318419456481934,0.0,13.913381729709597,13.299315249267385,13.520379557023016,0.0,11759800
2024-11-27,0.0,14.186302185058594,0.0,14.292740223578498,13.836966870716065,13.886092279433154,0.0,11259500
2024-11-29,0.0,14.268176078796387,0.0,14.546553019722946,14.251801638277987,14.30092704203569,0.0,10483700
2024-12-02,0.0,14.016223907470703,0.996,14.299953127602976,13.823287951193471,14.061620539398223,0.0,12870900
2024-12-03,0.0,13.999202728271484,0.0,14.118936735618297,13.698449301618549,13.783568951551048,0.0,6279500
2024-12-04,0.0,14.498563766479492,0.0,14.543960401696737,13.851094297281328,14.038922699612241,0.0,9010900
2024-12-05,0.0,14.464513778686523,0.0,15.195400222751319,14.29711351558012,15.066019350212521,0.0,17151700
2024-12-06,0.0,14.822015762329102,0.0,14.935506807304963,14.424794399060744,14.521262382577852,0.0,10001600
2024-12-09,0.0,14.021897315979004,0.0,14.691498437995874,14.021897315979004,14.475864710361472,0.0,10072000
2024-12-10,0.0,14.07864761352539,0.0,14.362376914544758,13.763707916219271,14.322654985576667,0.0,7720500
2024-12-11,0.0,14.8049898147583,0.0,14.864572687286913,14.38507072659221,14.407768499885535,0.0,9415100
2024-12-12,0.0,14.572336196899414,0.0,14.986580691705997,14.481542912622391,14.810668838711932,0.0,6421300
2024-12-13,0.0,14.8049898147583,0.0,14.895783072613618,14.549633100577093,14.663125214066742,0.0,6329900
2024-12-16,0.0,15.429194450378418,0.0,15.74697085649913,15.190861875202627,15.219234362728379,0.0,11282000
2024-12-17,0.0,15.559709548950195,0.0,15.820739896406888,15.417844947330424,15.735621351903228,0.0,7843400
2024-12-18,0.0,14.640430450439453,0.0,15.310031726032033,14.572336029186047,15.241937304778629,0.0,12002000
2024-12-19,0.0,14.027570724487305,0.0,14.98941358504734,13.908404984546271,14.918481287746925,0.0,14276200
2024-12-20,0.0,14.027570724487305,0.0,14.251717043718447,13.817611730589016,13.851658930237747,0.0,12078000
2024-12-23,0.0,13.512391090393066,1.113,13.904571220014661,13.414346624672824,13.880803311167757,0.0,12744000
2024-12-24,0.0,14.409651756286621,0.0,14.445304185556433,14.035298415527878,14.088776492747447,0.0,8575500
2024-12-26,0.0,13.862977027893066,0.0,14.035299190052118,13.809497814352007,13.886746070964806,0.0,6901600
2024-12-27,0.0,13.702542304992676,0.0,13.98776521573514,13.512394453411432,13.98776521573514,0.0,11061200
2024-12-30,0.0,13.660944938659668,0.0,13.744134324152222,13.185575402458827,13.44108695318067,0.0,9958000
2024-12-31,0.0,13.53615951538086,0.0,13.946165274599382,13.494563693397437,13.874860417939752,0.0,6930500
2025-01-02,0.0,14.106605529785156,0.0,14.204651142667991,13.904573175999746,13.999647091502236,0.0,9496000
2025-01-03,0.0,14.261096954345703,0.0,14.37399762257792,14.00558545257445,14.065006916558257,0.0,6321900
2025-01-06,0.0,14.81371784210205,0.0,14.902849490643149,14.320521511246207,14.344289421950979,0.0,8698800
2025-01-07,0.0,13.92834186553955,0.0,14.61762830199906,13.88674717024172,14.605743779522411,0.0,10424000
2025-01-08,0.0,13.571812629699707,0.0,13.886745640413809,13.351953521584145,13.791670604444953,0.0,7174400
2025-01-10,0.0,13.69659423828125,0.0,13.862974104587602,13.328183215319484,13.660941814562072,0.0,7436500
2025-01-13,0.0,13.512391090393066,0.0,13.54804352034858,12.891439029597155,13.138037742434385,0.0,9902700
2025-01-14,0.0,13.92834186553955,0.0,14.059068212671374,13.767904212216102,13.981821083314035,0.0,5864900
2025-01-15,0.0,14.391826629638672,0.0,14.576033324347131,14.252187460039549,14.261100285039163,0.0,6677700
2025-01-16,0.0,14.50472640991211,0.0,14.546321101782222,14.047182532600155,14.37400007355313,0.0,6639300
2025-01-17,0.0,15.14647388458252,0.0,15.348506190513005,14.801830739178198,14.873136725600219,0.0,10435500
2025-01-21,0.0,15.336625099182129,0.0,15.508947277093498,14.830356449200787,15.188071966515276,0.0,11430300
2025-01-22,0.0,15.04546070098877,0.0,15.182129307452831,14.908792094524708,15.09893991801739,0.0,7682400
2025-01-23,0.0,14.873140335083008,0.0,15.43169930856667,14.754297373328347,14.772124157602692,0.0,20562300
2025-01-24,0.0,15.1167631149292,0.0,15.485174152195645,15.104878595437983,15.211837004118614,0.0,9664300
2025-01-27,0.0,14.58791446685791,0.0,14.754294352576197,14.2284162245399,14.51660961110025,0.0,13549400
2025-01-28,0.0,14.58197021484375,0.0,14.968207978635803,14.581970214843748,14.795885869641038,0.0,7463400
2025-01-29,0.0,15.03951644897461,0.0,15.128648087766683,14.611683902750487,14.730526843386771,0.0,7516100
2025-01-30,0.0,15.128647804260254,0.0,15.372275941336143,15.104879896600567,15.134590064517738,0.0,8132600
2025-01-31,0.0,14.611685752868652,0.0,15.298001611871832,14.593858969504915,15.087055308864088,0.0,8918000
2025-02-03,0.0,14.572760581970215,0.937,14.721020827057538,13.59671308477791,13.63995550897825,0.0,14315200
2025-02-04,0.0,14.208292007446289,0.0,14.517167920651644,14.090918830513187,14.27624508539726,0.0,11297800
2025-02-05,0.0,14.022968292236328,0.0,14.27624647139253,13.868530320640193,14.208293386844403,0.0,6903100
2025-02-06,0.0,13.930305480957031,0.0,14.239181444421872,13.744980374185443,14.140341230374586,0.0,8666700
2025-02-07,0.0,13.76351547241211,0.0,14.424509947336727,13.735716584295258,14.356556847880316,0.0,11142500
2025-02-10,0.0,13.998255729675293,0.0,14.094007683097608,13.917948513907067,14.053853486079468,0.0,5097500
2025-02-11,0.0,13.677024841308594,0.0,13.988990168495041,13.615250602268341,13.924126510541928,0.0,5096600
2025-02-12,0.0,13.936480522155762,0.0,14.039644961448756,13.565829200010901,13.602895157013037,0.0,6856500
2025-02-13,0.0,13.825285911560059,0.0,13.856174211081266,13.664671467122378,13.775865810594276,0.0,7133100
2025-02-14,0.0,13.973546981811523,0.0,14.23300279881921,13.822197264278659,13.880883264240973,0.0,5848300
2025-02-18,0.0,13.49787712097168,0.0,13.865439019301553,13.361970970323146,13.837640141056902,0.0,7775900
2025-02-19,0.0,13.788223266601562,0.0,13.877797581688517,13.677027727634076,13.831465714362622,0.0,5396800
2025-02-20,0.0,14.134160041809082,0.0,14.180491896071636,13.880881909247915,14.035319852432432,0.0,5232500
2025-02-21,0.0,13.565829277038574,0.0,14.26080006815575,13.553475136235786,14.214469389042119,0.0,10244200
2025-02-24,0.0,13.473169326782227,0.0,13.732625185733815,13.41757155855915,13.670849756789474,0.0,7418600
2025-02-25,0.0,12.614489555358887,0.0,12.768927477839643,12.280903077231889,12.76274981954827,0.0,20330100
2025-02-26,0.0,12.089402198791504,0.0,12.663911545219465,11.76817098900649,12.268550781341306,0.0,17915100
2025-02-27,0.0,11.941143989562988,0.0,12.379129853455296,11.829948460812195,12.355037803097485,0.0,10656900
2025-02-28,0.0,12.070868492126465,0.0,12.2129510969117,11.613731208287987,11.737282016612088,0.0,11229700
2025-03-03,0.0,12.321008682250977,0.72,13.360053208889303,12.173490384912894,13.34722521172639,0.0,19396800
2025-03-04,0.0,12.430045127868652,0.0,12.731496966696394,11.66038359152653,11.846384670721415,0.0,14177300
2025-03-05,0.0,12.949565887451172,0.0,12.96880665806892,12.532665805017928,12.85335836432735,0.0,9924000
2025-03-06,0.0,12.7443265914917,0.0,13.10029440935399,12.558324265210233,12.866188919042946,0.0,8171500
2025-03-07,0.0,12.436460494995117,0.0,13.043852693125027,12.36590894432684,12.750739143158508,0.0,14626500
2025-03-10,0.0,11.269139289855957,0.0,11.8592138024633,11.051068194543763,11.820731027803898,0.0,13205100
2025-03-11,0.0,11.859211921691895,0.0,11.96183345340562,11.297999884918955,11.647554859614193,0.0,5885900
2025-03-12,0.0,11.852797508239746,0.0,11.981075030065265,11.509656544203363,11.916936269152504,0.0,5895400
2025-03-13,0.0,11.448725700378418,0.0,11.87845381963857,11.410242932139564,11.846383826651905,0.0,5185000
2025-03-14,0.0,12.10293960571289,0.0,12.205561142757333,11.820729767168066,11.923351304212508,0.0,5039100
2025-03-17,0.0,12.077282905578613,0.0,12.115765673890126,11.775832311005658,11.839969850409796,0.0,7013700
2025-03-18,0.0,11.756591796875,0.0,11.775833795128422,11.577003483212291,11.763005796292807,0.0,3797200
2025-03-19,0.0,12.21197509765625,0.0,12.292148249641876,11.94579964585827,11.99390402638773,0.0,7030500
2025-03-20,0.0,12.019558906555176,0.0,12.365907513441384,11.938744720953151,12.160663214909617,0.0,4199200
2025-03-21,0.0,11.9874906539917,0.0,12.058042199551904,11.868833502042426,11.949006658218556,0.0,2645900
2025-03-24,0.0,12.603219985961914,0.0,12.680186754649906,12.45249528327191,12.45570167126732,0.0,3976200
2025-03-25,0.0,12.590392112731934,0.0,12.612841722304625,12.425556120522067,12.500598567822372,0.0,3410900
2025-03-26,0.0,12.353079795837402,0.0,12.551908876519898,12.244044256751145,12.500598106558439,0.0,2903800
2025-03-27,0.0,12.430045127868652,0.0,12.50059789412114,12.23763004961943,12.314596814926258,0.0,4368200
2025-03-28,0.0,11.968247413635254,0.0,12.192732472292816,11.891281876769613,12.154249703859996,0.0,4530300
2025-03-31,0.0,11.750175476074219,0.0,11.968246519816017,11.628311957902024,11.756589474224867,0.0,4605500
2025-04-01,0.0,12.097599029541016,0.361,12.205555489263364,11.744289588861621,11.920943685233247,0.0,6223200
2025-04-02,0.0,12.385480880737305,0.0,12.470536458879394,12.041985231879696,12.071427787378123,0.0,5779300
2025-04-03,0.0,11.665776252746582,0.0,11.788780332432488,11.561091876505975,11.672319182253647,0.0,6826400
2025-04-04,0.0,11.979827880859375,0.0,12.071427634548153,11.64287516503807,11.763916225916473,0.0,12262000
2025-04-07,0.0,11.122723579406738,0.0,11.567632722252764,10.78249879394378,10.932982401689943,0.0,16304400
2025-04-08,0.0,10.91989803314209,0.0,11.44986276004195,10.847927067882305,11.410606437143889,0.0,8147200
2025-04-09,0.0,11.737746238708496,0.0,11.832615588713324,10.913355909441067,10.913355909441067,0.0,15029900
2025-04-10,0.0,11.32554817199707,0.0,11.646144138680087,11.155435797197457,11.63305953133846,0.0,7597200
2025-04-11,0.0,11.953656196594238,0.0,12.005998372827168,11.57417510692153,11.691945315429598,0.0,5920300
2025-04-14,0.0,12.110687255859375,0.0,12.2251854192223,11.920946016073517,12.0845155339842,0.0,4379500
2025-04-15,0.0,11.966743469238281,0.0,12.326595817446355,11.947114682851343,12.228454381383795,0.0,4074100
2025-04-16,0.0,12.005999565124512,0.0,12.1859257357974,11.865329718540826,11.920942740339193,0.0,4757000
2025-04-17,0.0,12.110687255859375,0.0,12.182658243079718,11.920946016073517,12.051802129576618,0.0,3402100
2025-04-21,0.0,12.457452774047852,0.0,12.626910024415391,12.300424967775315,12.424738127767675,0.0,5940300
2025-04-22,0.0,13.033217430114746,0.0,13.079016689110302,12.745334769081822,12.764963557766867,0.0,7837700
2025-04-23,0.0,13.308013916015625,0.0,13.47812633677126,13.085559307945653,13.39306950242535,0.0,7581800
2025-04-24,0.0,13.34072494506836,0.0,13.340724945068361,13.177155482777925,13.203327195753657,0.0,3744200
2025-04-25,0.0,13.576265335083008,0.0,13.66132090616279,13.393067088533376,13.432324657895698,0.0,5001900
2025-04-28,0.0,13.484670639038086,0.0,13.556640373962347,13.2883864806737,13.537012831681325,0.0,5302000
2025-04-29,0.0,13.556639671325684,0.0,13.582811390258987,13.451955291464964,13.497754551661998,0.0,4661200
2025-04-30,0.0,13.366898536682129,0.0,13.451954119935387,13.19351528162579,13.445411190771885,0.0,6443600
2025-05-01,0.0,13.726530075073242,0.545,13.879121283263212,13.63242107285379,13.753417811933517,0.0,4765300
2025-05-02,0.0,13.760139465332031,0.0,13.926175175765474,13.746696238558894,13.780306228700148,0.0,4383500
2025-05-05,0.0,13.370261192321777,0.0,13.471093753497799,13.27951265654692,13.363538936100756,0.0,4439100
2025-05-06,0.0,13.477814674377441,0.0,13.518148211544348,13.242542118266833,13.289596629488955,0.0,3867300
2025-05-07,0.0,13.659309387207031,0.0,13.854250936776555,13.597466692316498,13.733252910442237,0.0,3994600
2025-05-08,0.0,14.385296821594238,0.0,14.445795837110317,14.069358515562895,14.116413020488935,0.0,6815400
2025-05-09,0.0,14.647459030151367,0.0,14.731485294577276,14.51973874922505,14.613847755097575,0.0,5364000
2025-05-12,0.0,14.425627708435059,0.0,14.828954013060294,14.281103720732167,14.7550117760786,0.0,7820300
2025-05-13,0.0,14.876006126403809,0.0,14.902895140728829,14.593677886684963,14.728120394032517,0.0,6333600
2025-05-14,0.0,14.64073657989502,0.0,14.81551136142684,14.549314938679123,14.76845557697906,0.0,6374100
2025-05-15,0.0,14.634015083312988,0.0,14.781900852823847,14.371852256360386,14.55334930221855,0.0,6510900
2025-05-16,0.0,14.768458366394043,0.0,14.84240190235344,14.657544344594214,14.681071600192338,0.0,5290100
2025-05-19,0.0,14.956674575805664,0.0,14.976841340174543,14.513016016802323,14.526460526381577,0.0,6250600
2025-05-20,0.0,15.178504943847656,0.0,15.212114938067158,14.761734091974718,14.822233107281097,0.0,6193500
2025-05-21,0.0,15.393611907958984,0.0,15.575108952981731,15.044062328390533,15.084395859821646,0.0,12289700
2025-05-22,0.0,15.749882698059082,0.0,15.88432394749456,15.660479145381283,15.796937199468449,0.0,12543800
2025-05-23,0.0,15.38688850402832,0.0,15.595274554448299,15.309584497765037,15.393610758764996,0.0,10563900
2025-05-27,0.0,15.575109481811523,0.0,15.689385260468233,15.403023331851957,15.649053009806785,0.0,7258100
2025-05-28,0.0,15.13817024230957,0.0,15.454108496070843,15.131447988126705,15.413776253112546,0.0,6964800
2025-05-29,0.0,14.949954986572266,0.0,15.34991960182567,14.923067244758716,15.346559114901188,0.0,8337700
2025-05-30,0.0,14.795344352722168,0.0,15.003729123284732,14.647458593313091,14.949952366941522,0.0,9787800
2025-06-02,0.0,14.75098991394043,0.997,14.803796946021034,14.631292094395851,14.67353798865489,0.0,5666400
2025-06-03,0.0,15.004461288452148,0.0,15.10303679731046,14.837588923924438,14.898845918863937,0.0,5316800
2025-06-04,0.0,14.828434944152832,0.0,14.917153034743352,14.701695965856885,14.828434944152832,0.0,4840200
2025-06-05,0.0,14.384852409362793,0.0,14.9551765696758,14.344717676212925,14.948135364860516,0.0,10542800
2025-06-06,0.0,14.729864120483398,0.0,14.898849015541963,14.6770557532271,14.687618232461901,0.0,7249800
2025-06-09,0.0,15.34243392944336,0.0,15.370597404176756,15.103038350833577,15.201612526859103,0.0,8418400
2025-06-10,0.0,15.4691743850708,0.0,15.585352264714036,15.286107065706496,15.483256796477134,0.0,5924700
2025-06-11,0.0,15.349475860595703,0.0,15.592392745659446,15.30018876593715,15.490297282168093,0.0,6237600
2025-06-12,0.0,15.067832946777344,0.0,15.307228535207031,15.018545856742845,15.067832946777344,0.0,6131400
2025-06-13,0.0,14.828434944152832,0.0,14.96573505631602,14.68409362842073,14.800271472849435,0.0,8105500
2025-06-16,0.0,15.328351974487305,0.0,15.370597859324581,15.018545685411537,15.039669299316406,0.0,6062200
2025-06-17,0.0,14.765067100524902,0.0,14.912929706006414,14.567918750512767,14.891806092945508,0.0,8460400
2025-06-18,0.0,14.631290435791016,0.0,14.856603636928037,14.585523272131116,14.659453914446837,0.0,5926000
2025-06-20,0.0,14.5538330078125,0.0,14.958693436080384,14.420052841684626,14.941089757742743,0.0,6255100
2025-06-23,0.0,14.546794891357422,0.0,14.567918504060968,14.039840273223776,14.258112232604214,0.0,9184300
2025-06-24,0.0,14.891804695129395,0.0,14.990380203855105,14.765770775054987,14.814354140454114,0.0,5871200
2025-06-25,0.0,15.180489540100098,0.0,15.250900244298176,15.054455601690494,15.201613154251264,0.0,4358100
2025-06-26,0.0,15.166410446166992,0.0,15.187532720092822,15.01150660819008,15.095999732811364,0.0,5441400
2025-06-27,0.0,15.046710014343262,0.0,15.173447664731142,14.979819243973978,15.032627605531578,0.0,5838100
2025-06-30,0.0,15.145284652709961,0.0,15.181898110955284,15.004463246236428,15.16640826657273,0.0,8683900
2025-07-01,0.0,14.807065963745117,0.777,15.073695246707393,14.799760880106149,14.982383791173646,0.0,6630300
2025-07-02,0.0,15.435288429260254,0.0,15.464508764949876,15.102914773953419,15.113873096488174,0.0,11261400
2025-07-03,0.0,15.391458511352539,0.0,15.566776336383489,15.343976164999715,15.39145851135254,0.0,5786300
2025-07-07,0.0,15.186918258666992,0.0,15.281881536267578,15.09925866962638,15.245357520260098,0.0,7635700
2025-07-08,0.0,15.289192199707031,0.0,15.362241651691825,15.18254047353205,15.303802368764472,0.0,6089200
2025-07-09,0.0,15.712876319885254,0.0,15.764010514934022,15.245362087093882,15.406069756290337,0.0,10335900
2025-07-10,0.0,15.939329147338867,0.0,16.01968368259661,15.530254173240362,15.625217484024834,0.0,10927800
2025-07-11,0.0,16.59676742553711,0.0,16.625987756165625,16.395882529023243,16.53832815758213,0.0,12749000
2025-07-14,0.0,16.837831497192383,0.0,17.159248204192743,16.73775477932915,17.09350384609489,0.0,14962700
2025-07-15,0.0,16.3557071685791,0.0,16.65520862575801,16.264395714724504,16.5383300762883,0.0,15607400
2025-07-16,0.0,16.750179290771484,0.0,16.85610094940475,16.593123422674633,16.699045081307897,0.0,14807800
2025-07-17,0.0,16.70634651184082,0.0,16.848792176549672,16.501808325439512,16.552942523714236,0.0,8046500
2025-07-18,0.0,16.46528434753418,0.0,16.757480762374126,16.44336909393278,16.684431310338535,0.0,10283600
2025-07-21,0.0,16.39223289489746,0.0,16.74286854991183,16.370317643970722,16.58216088968914,0.0,8383300
2025-07-22,0.0,16.750179290771484,0.0,16.89627683305277,16.509117022369786,16.750179290771484,0.0,8055400
2025-07-23,0.0,16.625993728637695,0.0,16.66982284702293,16.465286032356794,16.58216461025246,0.0,6632200
2025-07-24,0.0,16.691736221313477,0.0,16.797657855998597,16.54563731876142,16.66982096793995,0.0,7774700
2025-07-25,0.0,16.399539947509766,0.0,16.450674145842548,16.143867562543445,16.31918541109973,0.0,12566600
2025-07-28,0.0,16.560245513916016,0.0,16.72460641137185,16.47039563306802,16.640600040072695,0.0,8615300
2025-07-29,0.0,16.47258758544922,0.0,16.70634610419068,16.388581205575942,16.691735935525145,0.0,9140100
2025-07-30,0.0,16.377622604370117,0.0,16.66981898134996,16.21326170691201,16.48719607157478,0.0,9956200
2025-07-31,0.0,16.363014221191406,0.0,16.669820798795723,16.348404052423966,16.56024731964469,0.0,10744600
2025-08-01,0.0,15.829445838928223,1.209,16.203947833728574,15.814002123663647,16.169200210780154,0.0,14081400
2025-08-04,0.0,16.05337142944336,0.0,16.200082270776967,15.9375450656206,15.945266921395012,0.0,7796800
2025-08-05,0.0,15.906664848327637,0.0,16.0379334982171,15.74450876420822,15.976160102551113,0.0,8389100
2025-08-06,0.0,16.13058853149414,0.0,16.207805623576963,15.891216871551567,15.937546537683849,0.0,8235500
2025-08-07,0.0,16.462623596191406,0.0,16.47806731160547,16.188504275163663,16.292747145017966,0.0,10221200
2025-08-08,0.0,16.28502655029297,0.0,16.424017054211422,16.20008758172194,16.346799943946294,0.0,8846200
2025-08-11,0.0,16.655664443969727,0.0,16.9004412775378,16.59775272444837,16.709715971307126,0.0,9815600
2025-08-12,0.0,16.740604400634766,0.0,16.817821504072608,16.58231000134437,16.67110915482008,0.0,9154500
2025-08-13,0.0,17.19618034362793,0.0,17.21548424753147,16.79851285380637,16.871869750550673,0.0,13270900
2025-08-14,0.0,16.508953094482422,0.0,16.709716974353924,16.38540631806823,16.539840524982843,0.0,19825900
2025-08-15,0.0,16.346797943115234,0.0,16.58616963012379,16.331354228393728,16.578447772763038,0.0,10200000
2025-08-18,0.0,16.254135131835938,0.0,16.331352223168768,16.037929043456238,16.16919765688399,0.0,11319800
2025-08-19,0.0,15.79855728149414,0.0,16.196224820825886,15.729063513348011,16.17692091451898,0.0,15678200
2025-08-20,0.0,15.968435287475586,0.0,15.987739193898273,15.682732464921399,15.837166661890201,0.0,10443400
2025-08-21,0.0,15.6672945022583,0.0,15.922109965892359,15.628685206074925,15.821727268609637,0.0,8481500
2025-08-22,0.0,16.29274559020996,0.0,16.40857049917482,15.620958761743962,15.690454001681603,0.0,13583400
2025-08-25,0.0,15.474251747131348,0.0,15.776940368014648,15.435642452676035,15.597798543800366,0.0,14773500
2025-08-26,0.0,15.520580291748047,0.0,15.528302150073955,15.273486716494542,15.327538251982011,0.0,13203100
2025-08-27,0.0,15.644125938415527,0.0,15.729064901011846,15.497413586511096,15.536022875324775,0.0,8997300
2025-08-28,0.0,15.636402130126953,0.0,15.821722274933967,15.62095841652797,15.76767075013112,0.0,11326500
2025-08-29,0.0,15.088163375854492,0.0,15.424056042335005,15.057275949018155,15.41247252087459,0.0,17422200
2025-09-02,0.0,15.444387435913086,0.861,15.597860881226106,15.210136060411923,15.258601277843326,0.0,18202600
2025-09-03,0.0,15.638249397277832,0.0,15.702870198891318,15.496890334529844,15.53323963173002,0.0,9913000
2025-09-04,0.0,15.298989295959473,0.0,15.45730971542035,15.218212911452717,15.436308687416544,0.0,9932700
2025-09-05,0.0,15.541319847106934,0.0,15.775571252396965,15.335341491318873,15.727104488120744,0.0,12266200
2025-09-08,0.0,15.605938911437988,0.0,15.735180520340379,15.581707072694732,15.63017229086275,0.0,9367600
2025-09-09,0.0,15.500932693481445,0.0,15.743260356449365,15.408040371321018,15.71902697387989,0.0,10914000
2025-09-10,0.0,15.815957069396973,0.0,15.945198679593108,15.759414057521353,15.840190449064318,0.0,9389500
2025-09-11,0.0,15.945195198059082,0.0,15.98558415535265,15.832109198999468,15.848264781916894,0.0,8198500
2025-09-12,0.0,16.268301010131836,0.0,16.284456594893527,15.985585980209077,16.00981781667025,0.0,11914800
2025-09-15,0.0,16.042129516601562,0.0,16.0905947318077,15.912887915597599,16.01789613865779,0.0,10294400
2025-09-16,0.0,16.252147674560547,0.0,16.288496971518306,15.96135329889846,16.066361523064533,0.0,9397400
2025-09-17,0.0,16.08251953125,0.0,16.19560556518469,15.945200115465738,16.179451517966633,0.0,11035600
2025-09-18,0.0,16.349077224731445,0.0,16.421775814728306,16.284456427032165,16.34099943243387,0.0,8400600
2025-09-19,0.0,16.017898559570312,0.0,16.21176099037623,15.993665177963955,16.163295767845163,0.0,8272600
2025-09-22,0.0,15.589786529541016,0.0,15.7796108556818,15.569592812877103,15.694796321284276,0.0,12032000
2025-09-23,0.0,15.517085075378418,0.0,15.751336459690702,15.492853236092005,15.702871240436332,0.0,10415300
2025-09-24,0.0,15.75133228302002,0.0,15.848264236507534,15.678633703074667,15.719021118297137,0.0,9754400
2025-09-25,0.0,15.185900688171387,0.0,15.517082455066989,15.056659098196578,15.500928411831099,0.0,17642500
2025-09-26,0.0,15.13743782043457,0.0,15.319184315934598,15.076856682388907,15.153593406852687,0.0,11971100
2025-09-29,0.0,15.912887573242188,0.0,15.912887573242188,15.565550200261242,15.585743911105892,0.0,15017600
2025-09-30,0.0,15.896737098693848,0.0,15.920968943224802,15.662485663682117,15.743262073709676,0.0,13730300
2025-10-01,0.0,16.313390731811523,0.756,16.439394973680404,16.1789859935206,16.22098687339994,0.0,15594100
2025-10-02,0.0,16.809001922607422,0.0,16.834203401554735,16.473829783090146,16.56539243280736,0.0,17131300
2025-10-03,0.0,17.04421615600586,0.0,17.25422373839786,16.69140335349806,16.79220609579703,0.0,23336400
2025-10-06,0.0,17.430627822875977,0.0,17.56167265825434,17.28782261517765,17.363425466443267,0.0,19745900
2025-10-07,0.0,16.893009185791016,0.0,17.3718261817292,16.758604471219968,17.355025191850174,0.0,24339800
2025-10-08,0.0,17.11981773376465,0.0,17.250023014100865,16.896370636051135,17.002213998125956,0.0,21477100
2025-10-09,0.0,16.792207717895508,0.0,17.145020554484418,16.61580210071648,17.136620058109582,0.0,20966000
2025-10-10,0.0,16.162185668945312,0.0,17.024897300166547,16.069781806713046,16.94341424395757,0.0,34405200
2025-10-13,0.0,16.069778442382812,0.0,16.08237998601412,15.77576912816219,15.859770873807742,0.0,26013900
2025-10-14,0.0,15.60776138305664,0.0,15.74636713806802,15.229747144144229,15.355752958602023,0.0,18864400
2025-10-15,0.0,15.414552688598633,0.0,15.55735786999498,15.246546027345191,15.439752566225463,0.0,23886600
2025-10-16,0.0,14.99454116821289,0.0,15.448156696834136,14.88533633201641,15.389354832219404,0.0,28339400
2025-10-17,0.0,14.734129905700684,0.0,14.883654852513466,14.465318906251236,14.608124098802659,0.0,27571100
2025-10-20,0.0,15.34735107421875,0.0,15.46747508967792,15.205385454732273,15.31374909947838,0.0,24987500
2025-10-21,0.0,15.481757164001465,0.0,15.800967941651898,14.973539266978184,15.05334156083317,0.0,31692400
2025-10-22,0.0,14.918937683105469,0.0,15.103743764409685,14.868536315882604,14.969339050328331,0.0,27321700
2025-10-23,0.0,15.254952430725098,0.0,15.418758107682374,15.039904205541683,15.103746697462725,0.0,24004000
2025-10-24,0.0,15.296951293945312,0.0,15.422957123201154,15.183548611184134,15.39775563690385,0.0,18434300
2025-10-27,0.0,15.901774406433105,0.0,16.027778635512135,15.834572044108912,15.935374786479853,0.0,17397100
2025-10-28,0.0,15.72536563873291,0.0,16.07481852892864,15.700165756763766,15.926972705638782,0.0,19579000
2025-10-29,0.0,15.288552284240723,0.0,15.721167381215066,15.095344095228377,15.708567439277767,0.0,25216100
2025-10-30,0.0,14.734129905700684,0.0,14.998738254833597,14.69212743599121,14.977737821094058,0.0,29321100
2025-10-31,0.0,15.18774700164795,0.0,15.359953140461167,15.019740309143588,15.196147496496225,0.0,23045900
2025-11-03,0.0,14.72793960571289,0.838,14.961368030227904,14.560577858448745,14.877685476493163,0.0,30219700
2025-11-04,0.0,13.899933815002441,0.0,14.490109361905876,13.7413800054364,14.331554712288495,0.0,49482300
2025-11-05,0.0,14.349172592163086,0.0,14.454874574220586,14.111340612379642,14.181809160452213,0.0,31658700
2025-11-06,0.0,13.926360130310059,0.0,14.21704225411261,13.855890743873013,14.21704225411261,0.0,24982500
2025-11-07,0.0,14.322745323181152,0.0,14.349171657024675,13.728166252522739,13.838273456716841,0.0,37730000
2025-11-10,0.0,14.6310453414917,0.0,14.68389632730811,14.446064370980435,14.67508754965495,0.0,24831800
2025-11-11,0.0,14.18181037902832,0.0,14.454875816259918,14.164192820470705,14.437258257702302,0.0,25653900
2025-11-12,0.0,13.99682903289795,0.0,14.481300931667421,13.89993414911324,14.472492153132201,0.0,29535400
2025-11-13,0.0,13.512357711791992,0.0,14.269895897179124,13.485932215107978,14.137765893604875,0.0,39215800
2025-11-14,0.0,12.992650032043457,0.0,13.439244823212393,12.975032476233013,13.151204674132266,0.0,31441400
2025-11-17,0.0,12.657923698425293,0.0,13.23488519518704,12.570718815585556,12.975032134192173,0.0,42627100
2025-11-18,0.0,12.790055274963379,0.0,12.939800323617131,12.547818883210194,12.649117325554458,0.0,28109900
2025-11-19,0.0,12.34081745147705,0.0,12.737203276503106,12.199880343916803,12.552223112817423,0.0,31246300
2025-11-20,0.0,11.918004989624023,0.0,12.631500128804596,11.856345216626822,12.596265852798851,0.0,45681700
2025-11-21,0.0,11.662554740905762,0.0,11.807896215273157,11.354255076516498,11.539235211170574,0.0,37249100
2025-11-24,0.0,12.2879638671875,0.0,12.30558142315076,11.741832233095979,11.83872627074,0.0,27308600
2025-11-25,0.0,12.032515525817871,0.0,12.147027122658393,11.865152939697927,12.00609003117816,0.0,18492000
2025-11-26,0.0,12.393667221069336,0.0,12.47294454624441,11.947072406631001,12.023706930286549,0.0,24250500
2025-11-28,0.0,12.508177757263184,0.0,12.842903746210457,12.446517994053593,12.825287031029688,0.0,15863100
2025-12-01,0.0,11.768346786499023,0.776,11.94538407319575,11.548447298396793,11.880159949983067,0.0,38868100
2025-12-02,0.0,12.541722297668457,0.0,12.728077577035553,12.17832883644357,12.21559989231699,0.0,31627800
2025-12-03,0.0,12.793302536010742,0.0,12.90511659952658,12.634901204689571,12.756031477709502,0.0,38989800
2025-12-04,0.0,12.737397193908691,0.0,12.84921037584424,12.518429823694765,12.783986241868215,0.0,33323600
2025-12-05,0.0,12.308778762817383,0.0,12.597630130752561,12.141058556363918,12.448545009120524,0.0,38426300
2025-12-08,0.0,12.48581600189209,0.0,12.634901122742232,12.332072776320112,12.578994091346914,0.0,37537900
2025-12-09,0.0,12.811938285827637,0.0,13.03556463173154,12.39263866510479,12.429909722755442,0.0,36152000
2025-12-10,0.0,12.728078842163086,0.0,13.026247318787366,12.59763057794604,12.653536723007015,0.0,40469800
2025-12-11,0.0,12.625582695007324,0.0,12.644217779080012,12.280825197847754,12.401956354462536,0.0,61120400
2025-12-12,0.0,12.420592308044434,0.0,12.76534982933891,12.313438123441856,12.690807710605625,0.0,34622900
2025-12-15,0.0,11.805618286132812,0.0,12.37400211076102,11.716167929695196,12.308777985089014,0.0,60155600
2025-12-16,0.0,12.047882080078125,0.0,12.136400293378179,11.940727003610826,11.964021971804662,0.0,46566700
2025-12-17,0.0,11.805618286132812,0.0,12.434568131981083,11.731076174332788,12.0665156774329,0.0,63466700
2025-12-18,0.0,11.647215843200684,0.0,12.29014176675606,11.617399354522496,12.169011503965375,0.0,48670700
2025-12-19,0.0,12.10378646850586,0.0,12.2948007368906,11.94538426224358,12.12242244035415,0.0,44682300
2025-12-22,0.0,12.150376319885254,0.0,12.439227682514398,12.075834204744591,12.364685567373737,0.0,36220000
2025-12-23,0.0,12.03856372833252,0.0,12.141058919445829,11.889479490854196,12.03856372833252,0.0,38245000
2025-12-24,0.0,11.992096900939941,0.743,12.041528650874067,11.8635747282441,11.972323823833408,0.0,24081600
2025-12-26,0.0,12.02175521850586,0.0,12.249140884350352,11.883347454179125,12.219481269567037,0.0,23735000
2025-12-29,0.0,11.96243953704834,0.0,12.110733860244945,11.952552997413283,12.021756889194057,0.0,40065600
2025-12-30,0.0,12.081073760986328,0.0,12.303515219576983,12.061300684045541,12.100845895094915,0.0,51531200
2025-12-31,0.0,12.02175521850586,0.0,12.229367807828142,11.962437874603596,12.229367807828142,0.0,45757200
2026-01-02,0.0,12.328230857849121,0.0,12.525956901742292,12.152254065943302,12.209595231513218,0.0,57156900
2026-01-05,0.0,12.941184043884277,0.0,13.040046609529677,12.694026215522339,12.75334356634312,0.0,60914000
2026-01-06,0.0,12.703912734985352,0.0,12.960956159525546,12.516072257739195,12.960956159525546,0.0,56669900
2026-01-07,0.0,12.48641300201416,0.0,12.635696345799696,12.436981250150504,12.54573034998475,0.0,53548100
2026-01-08,0.0,12.466638565063477,0.0,12.55561552015163,12.239253851244548,12.288685597719315,0.0,54677700
2026-01-09,0.0,12.377663612365723,0.0,12.630752780590011,12.308458784244088,12.427094420239744,0.0,59797000
2026-01-12,0.0,12.545730590820312,0.0,12.67425277100011,12.35294779196675,12.367777600660203,0.0,65129700
2026-01-13,0.0,12.970842361450195,0.0,12.98072890059167,12.624821976988997,12.679196056602573,0.0,55262600
2026-01-14,0.0,13.405841827392578,0.0,13.44538704458355,13.08947914703245,13.12902436422342,0.0,66498400
2026-01-15,0.0,13.059820175170898,0.0,13.31686455252855,13.04004709560539,13.287204933180288,0.0,64250800
2026-01-16,0.0,13.109251976013184,0.0,13.148797192446898,12.921411490828786,13.12408084290562,0.0,51356300
2026-01-20,0.0,12.278800964355469,0.0,12.51607225283763,12.219482670818783,12.446868362738405,0.0,53396600
2026-01-21,0.0,12.348005294799805,0.0,12.412266860325552,11.94266659347983,12.268914862485289,0.0,85113000
2026-01-22,0.0,12.249140739440918,0.0,12.328231158929736,12.114686272044189,12.268912872897037,0.0,59308600
2026-01-23,0.0,12.259026527404785,0.0,12.506184327899495,12.120618762540346,12.27879960400381,0.0,65932900
2026-01-26,0.0,12.001985549926758,0.0,12.170052963556495,11.922895113257749,12.006928820072618,0.0,62722000
2026-01-27,0.0,12.23925495147705,0.0,12.259027086145062,11.94266538879904,12.08107410280404,0.0,60475500
2026-01-28,0.0,12.19970989227295,0.0,12.39743595559337,12.170051218482946,12.328232069139283,0.0,56285400
2026-01-29,0.0,11.52744197845459,0.0,12.021757678682196,11.38903418580358,12.011871138397874,0.0,87709500
2026-01-30,0.0,11.468122482299805,0.0,11.58675811507546,11.201191601430429,11.339600311084794,0.0,58191400
2026-02-02,0.0,10.676536560058594,0.01,10.884328320282549,10.627062151691776,10.686431630461128,0.0,80939600
2026-02-03,0.0,10.458847999572754,0.0,10.735904263144393,9.974000953790929,10.735904263144393,0.0,104882100
2026-02-04,0.0,10.043264389038086,0.0,10.35000491041104,9.855262803687081,10.290635442400065,0.0,67491300
2026-02-05,0.0,8.7074613571167,0.0,9.687050512085333,8.519458826175835,9.578207587192939,0.0,104282900
2026-02-06,0.0,9.588103294372559,0.0,9.78600092667988,9.172520720006384,9.172520720006384,0.0,70076800
2026-02-09,0.0,9.677155494689941,0.0,9.736524963629696,9.36249966842348,9.429784437458071,0.0,82804200
2026-02-10,0.0,9.409996032714844,0.0,9.578208441230773,9.281362958929382,9.469364562987657,0.0,61522500
2026-02-11,0.0,9.24178409576416,0.0,9.330837839363152,8.984517935066142,9.301152629066273,0.0,84996400
2026-02-12,0.0,8.944937705993652,0.0,9.33578444310036,8.895463304080106,9.291257575742742,0.0,61325800
2026-02-13,0.0,9.400100708007812,0.0,9.508943639651223,9.132939498093421,9.202204039726272,0.0,68805800
2026-02-17,0.0,9.26157283782959,0.0,9.329847497057866,9.093360428985134,9.291258046669748,0.0,70300800
2026-02-18,0.0,9.063675880432129,0.0,9.350626284728929,8.994412282595375,9.162624686180989,0.0,76844400
2026-02-19,0.0,9.17251968383789,0.0,9.197256413259012,8.964727948304956,9.024096476373943,0.0,76054400
2026-02-20,0.0,9.26157283782959,0.0,9.311047242250744,9.098307963791827,9.16262497263306,0.0,61141200
2026-02-23,0.0,8.816305160522461,0.0,9.058728706243318,8.727251420534026,9.038939510493547,0.0,73329100
2026-02-24,0.0,8.806408882141113,0.0,8.855883280193837,8.583775506372342,8.613459767745713,0.0,69341300
2026-02-25,0.0,9.44957447052002,0.0,9.5188380638126,9.043886092128014,9.09830708243832,0.0,101186500
2026-02-26,0.0,9.221992492675781,0.0,9.330836359206723,9.08346530784829,9.311046222148125,0.0,103772300
2026-02-27,0.0,8.964728355407715,0.0,9.063676221231322,8.895463811320829,9.033991955848819,0.0,93444100
2026-03-02,0.0,9.444378852844238,0.014,9.583121383685434,8.958781412559306,8.958781412559306,0.0,133364500
2026-03-03,0.0,9.315546989440918,0.0,9.434469702421396,9.033107672601233,9.161939824074917,0.0,107639800
2026-03-04,0.0,9.979527473449707,0.0,10.128180390700367,9.741683939976078,9.80114529589758,0.0,113133100
2026-03-05,0.0,9.721864700317383,0.0,9.949797863937357,9.642582572638428,9.900246888552854,0.0,105372400
2026-03-06,0.0,9.30563735961914,0.0,9.432486675679899,9.236265620955814,9.414648741652684,0.0,105997700
2026-03-09,0.0,9.424558639526367,0.0,9.493929429509762,9.310592071666182,9.37500767020703,0.0,129374000
2026-03-10,0.0,9.563300132751465,0.0,9.81105403199483,9.454288757322587,9.672312453286464,0.0,145313100
2026-03-11,0.0,9.642581939697266,0.0,9.751594267408832,9.513750735302807,9.602941351012928,0.0,136567800
2026-03-12,0.0,9.6128511428833,0.0,9.647536537709275,9.45924398932279,9.563300173800712,0.0,114238000
2026-03-13,0.0,9.711954116821289,0.0,10.108360021546147,9.662403142454124,9.979527866234012,0.0,131081600
2026-03-16,0.0,10.09844970703125,0.0,10.177731833627144,9.95277103222477,10.088540268174716,0.0,121139300
2026-03-17,0.0,10.167820930480957,0.0,10.232236532737316,10.009258575598057,10.058808602669325,0.0,116242700
2026-03-18,0.0,9.692132949829102,0.0,9.900246277514366,9.662402744475832,9.880426455647584,0.0,133484100
2026-03-19,0.0,9.583122253417969,0.0,9.632673229294491,9.37500891082158,9.454290094181513,0.0,180064000
2026-03-20,0.0,9.583122253417969,0.0,9.622762845097936,9.464200478378068,9.622762845097936,0.0,154506200
2026-03-23,0.0,9.632671356201172,0.0,9.801144074357719,9.543479805988168,9.64258079336456,0.0,178351200
2026-03-24,0.0,9.46419906616211,0.0,9.648527837224348,9.387890253362682,9.622761409221837,0.0,140420500
2026-03-25,0.0,9.662402153015137,0.0,9.816009307228224,9.612851183722038,9.77141352937505,0.0,107243200
2026-03-26,0.0,9.335367202758789,0.0,9.516722675358084,9.27590584979648,9.454288963577266,0.0,92743700
2026-03-27,0.0,8.988511085510254,0.0,9.087613022405447,8.919140296747287,9.087613022405447,0.0,116132300
2026-03-30,0.0,9.067793846130371,0.0,9.275907193997607,9.01824381410516,9.246176985761224,0.0,93040000
2026-03-31,0.0,9.22635555267334,0.0,9.345277309982324,9.038062061437861,9.087613029926468,0.0,127136000
2026-04-01,0.0,9.281888961791992,0.006,9.426670477640934,9.247181193707075,9.341388668305958,0.0,111331200
2026-04-02,0.0,9.133139610290527,0.0,9.192639307007747,8.944725637831256,9.004224388832881,0.0,136907600
2026-04-06,0.0,9.500052452087402,0.0,9.594259918363337,9.420720147554722,9.460386299821062,0.0,102665200
2026-04-07,0.0,9.390970230102539,0.0,9.410802832238133,9.212472082304124,9.321553758338926,0.0,107655600
2026-04-08,0.0,9.718216896057129,0.0,9.89671411085256,9.619051041169694,9.866964732672601,0.0,94928700
2026-04-09,0.0,9.817380905151367,0.0,9.896713203501697,9.59921755754576,9.688466629618778,0.0,105567400
2026-04-10,0.0,9.976046562194824,0.0,9.995879164152491,9.787631642161163,9.847131339465374,0.0,80914500
2026-04-13,0.0,9.985962867736816,0.0,10.005796416358315,9.638884278301456,9.68846720413955,0.0,104875200
2026-04-14,0.0,10.104961395263672,0.0,10.372708629292783,10.060337801974478,10.144627547077356,0.0,94054800
2026-04-15,0.0,10.214043617248535,0.0,10.253709767490223,10.015712866040097,10.124794542775833,0.0,97629000
2026-04-16,0.0,10.263626098632812,0.0,10.27354192647868,9.966129511798492,10.204126402979718,0.0,121825300
2026-04-17,0.0,10.541289329528809,0.0,10.67516293788962,10.377666345659682,10.432207655521257,0.0,131006500
2026-04-20,0.0,10.37270736694336,0.0,10.412373513929708,10.164459858836143,10.24379215280884,0.0,107169600
2026-04-21,0.0,10.204127311706543,0.0,10.427250008131333,10.174377934088458,10.342959316783707,0.0,122564300
2026-04-22,0.0,10.729702949523926,0.0,10.828868792247794,10.660287427046557,10.690036801577492,0.0,99528500
2026-04-23,0.0,10.590871810913086,0.0,10.709870253700075,10.466914981462194,10.552196773220869,0.0,111601600
2026-04-24,0.0,10.561121940612793,0.0,10.66028778668212,10.511539963293727,10.630538411147562,0.0,84124900
2026-04-27,0.0,10.452040672302246,0.0,10.65037142642536,10.392540973207495,10.561122350641051,0.0,95040900
2026-04-28,0.0,10.37270736694336,0.0,10.391548857690541,10.273541526619717,10.352873820592414,0.0,92115700
2026-04-29,0.0,10.243792533874512,0.0,10.461956823272839,10.174377010495052,10.461956823272839,0.0,126044500
2026-04-30,0.0,10.382624626159668,0.0,10.422290775002903,10.333041703676725,10.342958477316431,0.0,73976600
2026-05-01,0.0,10.666672706604004,0.016,10.751092409237593,10.620987240180858,10.656740754020491,0.0,96523400
2026-05-04,0.0,10.875238418579102,0.0,10.984487997081398,10.661706184775243,10.726262926101708,0.0,137108100
2026-05-05,0.0,11.103669166564941,0.0,11.113600172001348,11.004351534895818,11.073873308766325,0.0,117330200
2026-05-06,0.0,11.073873519897461,0.0,11.153327247882348,11.01428369749037,11.133464289467701,0.0,164009400
2026-05-07,0.0,10.885169982910156,0.0,10.995412184395162,10.785852360020998,10.99441861035779,0.0,127855000
2026-05-08,0.0,10.885169982910156,0.0,10.92489684263321,10.795784311742525,10.815648215185574,0.0,115183600
2026-05-11,0.0,11.123530387878418,0.0,11.163257244910866,10.905032200618459,11.0093157923055,0.0,148524400
2026-05-12,0.0,10.964624404907227,0.0,10.984488309623044,10.825579913385834,10.93482949499661,0.0,123067000
2026-05-13,0.0,10.805717468261719,0.0,10.881198794300325,10.67660492297546,10.86530729090882,0.0,108069100
2026-05-14,0.0,11.054009437561035,0.0,11.153326113862498,10.785852422504675,10.835511234236932,0.0,165097300
2026-05-15,0.0,10.736194610595703,0.0,10.855375191039862,10.65673994313654,10.855375191039862,0.0,130727200
2026-05-18,0.0,10.418379783630371,0.0,10.477970553161658,10.299199191730946,10.468038600379252,0.0,140126000
2026-05-19,0.0,10.408446311950684,0.0,10.448174117282857,10.314095615775805,10.378651405114566,0.0,109714200
2026-05-20,0.0,10.527627944946289,0.0,10.567354803535546,10.418378373453567,10.477969134918963,0.0,134759400
2026-05-21,0.0,10.527627944946289,0.0,10.597149710686734,10.38858346630238,10.468037183480893,0.0,136044000
2026-05-22,0.0,10.279335021972656,0.0,10.482935294203191,10.249539167136698,10.468037366785211,0.0,102872700
2026-05-26,0.0,10.29919719696045,0.0,10.587217141723862,10.249538389829592,10.398514811222164,0.0,159994400
2026-05-27,0.0,10.140291213989258,0.0,10.219744937833077,10.090632399796096,10.165120147504288,0.0,117147800
2026-05-28,0.0,9.941656112670898,0.0,9.991314922909456,9.812543584915858,9.89199730243234,0.0,128749800
2026-05-29,0.0,9.95158863067627,0.0,10.070769213735717,9.80261219147965,9.872133961473558,0.0,134285300
2026-06-01,0.0,9.687034606933594,0.014,9.741735825840147,9.547796520245395,9.716872152785347,0.0,158490600
2026-06-02,0.0,9.120134353637695,0.0,9.348883176867611,8.982884300909095,9.328992428472462,0.0,241204800
2026-06-03,0.0,8.851602554321289,0.0,9.090298185744574,8.826738880532035,9.040569889677709,0.0,238996600
2026-06-04,0.0,8.602961540222168,0.0,8.737227647529691,8.513451750505455,8.553234195431207,0.0,270508700
2026-06-05,0.0,8.175301551818848,0.0,8.433887003038562,8.006225901893403,8.404050402607137,0.0,278662700
2026-06-08,0.0,8.573125839233398,0.0,8.702419035870657,8.5631799898409,8.602962438922487,0.0,211132700
2026-06-09,0.0,8.39410400390625,0.0,8.463723998343609,8.215083464539072,8.433886451375441,0.0,252401800
2026-06-10,0.0,8.38415813446045,0.0,8.51345131091519,8.31951107198895,8.324483995908931,0.0,349694200
2026-06-11,0.0,8.593016624450684,0.0,8.6526898174847,8.423940996707136,8.493560038076255,0.0,326178700
2026-06-12,0.0,8.602961540222168,0.0,8.722309823487725,8.513451750505455,8.568152019473173,0.0,289728800
2026-06-15,0.0,9.000787734985352,0.0,9.110189231096564,8.961005286536876,9.040570183433829,0.0,210312000
2026-06-16,0.0,8.871493339538574,0.0,8.961004073553351,8.831710896475148,8.921221630489923,0.0,202759000
2026-06-17,0.0,8.682526588439941,0.0,8.990841253604293,8.652689991323495,8.781983176812524,0.0,320143300
2026-06-18,0.0,8.513452529907227,0.0,8.702418923482234,8.413995934243502,8.702418923482234,0.0,322602900
2026-06-22,0.0,8.712364196777344,0.0,8.87149398052862,8.682526650957733,8.772037391439909,0.0,179896700
2026-06-23,0.0,8.423940658569336,0.0,8.49355969714394,8.368244479221389,8.384158215314097,0.0,148301700
2026-06-24,0.0,8.105680465698242,0.0,8.384158527336957,7.966442383367183,8.344376082601185,0.0,251570900
2026-06-25,0.0,8.0161714553833,0.0,8.26978397241356,7.827204113159182,8.254866146993185,0.0,300539100
2026-06-26,0.0,8.075843811035156,0.0,8.185245296147587,7.946550629454125,7.956496477688425,0.0,232611400
2026-06-29,0.0,8.145462989807129,0.0,8.195191283333497,7.9465507641899675,8.085789796366134,0.0,252680100
2026-06-30,0.0,7.936605453491211,0.0,7.9863332731710415,7.837149339887393,7.886877159567224,0.0,186549500
2026-07-01,0.0,8.095934867858887,0.01,8.175599586510915,7.896772596389636,7.926647103303735,0.0,228243400
2026-07-02,0.0,8.305054664611816,0.0,8.41459341102414,8.255263979995917,8.324970368651185,0.0,205888400
2026-07-06,0.0,8.603797912597656,0.0,8.643630270771233,8.27518072024606,8.295096424493686,0.0,361084100
2026-07-07,0.0,8.61375617980957,0.0,8.683463526073869,8.454426730654195,8.514175748926673,0.0,402717100
2026-07-08,0.0,8.404635429382324,0.0,8.42455208391808,8.29509667847074,8.344887365131772,0.0,273172100
2026-07-09,0.0,8.534090995788574,0.0,8.573923355932994,8.434510570266713,8.464384602955434,0.0,326987000
2026-07-10,0.0,8.633672714233398,0.0,8.743211471565836,8.60379868035699,8.663546748109805,0.0,270779400
2026-07-13,0.0,8.404635429382324,0.0,8.504216802704388,8.334929037863894,8.434510411185958,0.0,277275900
2026-07-14,0.0,8.713336944580078,0.0,8.783043336239643,8.573923211582587,8.633672225632472,0.0,407703000
2026-07-15,0.0,8.763128280639648,0.0,8.862708711863316,8.73325424624039,8.812918971090697,0.0,496250000
2026-07-16,0.0,8.683463096618652,0.0,8.763127817256388,8.633672408800471,8.663546441620028,0.0,553007500
2026-07-17,0.0,8.653587341308594,0.0,8.703378024680196,8.424551527348834,8.474342210720437,0.0,639696400
2026-07-20,0.0,8.783042907714844,0.0,8.882624276379955,8.643630131197664,8.70337819265408,0.0,440000000
2026-07-21,0.0,8.972248077392578,0.0,9.041954471549086,8.912499061202432,8.962289749747821,0.0,442967700
2026-07-22,0.0,8.91249942779541,0.0,8.962290118388813,8.842793030771707,8.842793030771707,0.0,363300900
2026-07-23,0.0,8.733253479003906,0.0,8.80295986970445,8.713336824701837,8.773085837929695,0.0,167550100
2026-07-24,0.0,8.663545608520508,0.0,8.693419638467333,8.58388089554345,8.673503935062213,0.0,158756700
2026-07-27,0.0,8.743210792541504,0.0,8.862707868445042,8.683462729428904,8.753169119619717,0.0,130160200
2026-07-28,0.0,8.603797912597656,0.0,8.643630270771233,8.444467530225017,8.534090573535149,0.0,160343700
2026-07-29,0.0,8.573923110961914,0.0,8.73325349666564,8.555002669208024,8.663546156145776,0.0,137093900
2026-07-30,0.0,8.733253479003906,0.0,8.793001542553416,8.703378497550805,8.743210856476592,0.0,56882100
2026-07-31,0.0,8.48430061340332,0.0,8.60379768475964,8.394677572466506,8.59383935806037,0.0,83316000
2026-08-03,0.0,8.60798454284668,0.014,8.64788246275159,8.41846870986728,8.448392863227046,0.0,99674600
2026-08-04,0.0,8.657857894897461,0.0,8.687781099484743,8.568087329894093,8.607985253090975,0.0,72560100
2026-08-05,0.0,8.747627258300781,0.0,8.757601024298834,8.60798407067273,8.637907271149672,0.0,74923200
2026-08-06,0.0,8.67780590057373,0.0,8.767576460608456,8.637907979585128,8.647882697642645,0.0,60246100
2026-08-07,0.0,8.767576217651367,0.0,8.817448855315476,8.687780377885371,8.787525653213589,0.0,57717000
2026-08-10,0.0,8.617959022521973,0.0,8.747627496440591,8.588034869989002,8.7376527789296,0.0,61322400
2026-08-11,0.0,8.548136711120605,0.0,8.657856698177286,8.498265027449087,8.637907263715565,0.0,84406400
2026-08-12,0.0,8.528188705444336,0.0,8.627933029614043,8.508239269865527,8.607984545276679,0.0,55870000
2026-08-13,0.0,8.538163185119629,0.0,8.617959022726609,8.448392630001422,8.558111668900665,0.0,62915900
2026-08-14,0.0,8.478316307067871,0.0,8.518214228110295,8.408495183053995,8.438418386025445,0.0,47850700
2026-08-17,0.0,8.667831420898438,0.0,8.707729342984312,8.528189169218628,8.53816388755047,0.0,76715900
2026-08-18,0.0,8.707728385925293,0.0,8.76757573809708,8.612971425911935,8.6179587845297,0.0,57048700
2026-08-19,0.0,9.226402282714844,0.0,9.395968671037023,8.717703117748307,8.757601035515798,0.0,147103100
2026-08-20,0.0,9.784975051879883,0.0,9.834846740597873,9.575510725043264,9.685229771960927,0.0,134899400
2026-08-21,0.0,10.383442878723145,0.0,10.498149273725497,10.273723842361075,10.393417596003713,0.0,113405800
2026-08-24,0.0,10.602882385253906,0.0,10.772448781775408,10.48318862616369,10.642780304950646,0.0,119500800
2026-08-25,0.0,10.632805824279785,0.0,10.722576383409287,10.513112062520936,10.587920544715034,0.0,76579400
2026-08-26,0.0,10.553009986877441,0.0,10.591911006426805,10.44329094303633,10.493163581597367,0.0,87665900
2026-08-27,0.0,10.7524995803833,0.0,10.882168060030885,10.61784469300133,10.677691098228548,0.0,86144600
2026-08-28,0.0,10.423340797424316,0.0,10.742525091737866,10.333570244374924,10.642779821407121,0.0,103871200
2026-08-31,0.0,10.602882385253906,0.0,10.662728789178296,10.44329070646695,10.488175985030962,0.0,83005400
2026-09-01,0.0,10.364245414733887,0.011,10.543972516564393,10.256409534526318,10.464093064018853,0.0,67068400
2026-09-02,0.0,10.384214401245117,0.0,10.424153650779644,10.28436675352221,10.3143209526164,0.0,65497500
2026-09-03,0.0,10.99328899383545,0.0,11.003274044136733,10.538979679621953,10.538979679621953,0.0,84324800
2026-09-04,0.0,10.723698616027832,0.0,10.733683666577694,10.553956565587526,10.646815821692934,0.0,66108700
2026-09-08,0.0,10.524002075195312,0.0,10.60388057293204,10.40718003411772,10.504032926874533,0.0,75252800
2026-09-09,0.0,10.494048118591309,0.0,10.693744367538082,10.464092967079173,10.686755022630615,0.0,75528000
2026-09-10,0.0,10.354259490966797,0.0,10.404183787512602,10.293352211027083,10.304335194420993,0.0,64115600
2026-09-11,0.0,10.354259490966797,0.0,10.703728614560672,10.309327719298249,10.384213688003578,0.0,84465700
2026-09-14,0.0,10.59389591217041,0.0,10.648812738468623,10.434138910823073,10.444123961463992,0.0,85886300
2026-09-15,0.0,10.214471817016602,0.0,10.369237234045414,10.034745679649538,10.314320411730238,0.0,114028500
2026-09-16,0.0,10.204487800598145,0.0,10.264396196122037,10.049722382336736,10.144578452847474,0.0,84363600
2026-09-17,0.0,10.264396667480469,0.0,10.324306017982279,10.174533117841166,10.234442468342975,0.0,67204700
2026-09-18,0.0,10.903425216674805,0.0,10.933379414722998,10.474077585001282,10.474077585001282,0.0,100885300
2026-09-21,0.0,11.602362632751465,0.0,11.662271981578167,11.32278789342271,11.37770471716162,0.0,99078200
2026-09-22,0.0,11.562423706054688,0.0,11.640305385583426,11.462575105973693,11.482545206880621,0.0,78740200
2026-09-23,0.0,11.332773208618164,0.0,11.532469455665796,11.2029704099805,11.481546269915547,0.0,70174600
2026-09-24,0.0,11.32278823852539,0.0,11.382696636951222,11.163031239754076,11.232924688659821,0.0,65801900
2026-09-25,0.0,11.252894401550293,0.0,11.287841124797986,11.128084131536081,11.262878499459068,0.0,48962200
2026-09-28,0.0,11.153045654296875,0.0,11.291834611739187,11.043212960966638,11.18299985207298,0.0,70835200
2026-09-29,0.0,11.192985534667969,0.0,11.312803284770906,11.083152835130317,11.28284908530188,0.0,62732900
2026-09-30,0.0,11.183000564575195,0.0,11.452591218416895,11.143061314253481,11.402666917458044,0.0,70923100
2026-10-01,0.0,11.329999923706055,0.017,11.420000076293945,11.149999618530273,11.149999618530273,0.0,78716100
2026-10-02,0.0,11.279999732971191,0.0,11.670999526977539,11.220000267028809,11.59000015258789,0.0,89008900
2026-10-05,0.0,11.4399995803833,0.0,11.609999656677246,11.359999656677246,11.510000228881836,0.0,66555700
2026-10-06,0.0,11.449999809265137,0.0,11.600000381469727,11.40999984741211,11.489999771118164,0.0,62823300
2026-10-07,0.0,11.140000343322754,0.0,11.180000305175781,11.050000190734863,11.130000114440918,0.0,69924100
