Date,Capital Gains,Close,Dividends,High,Low,Open,Stock Splits,Volume
2020-01-02,0.0,13.89610481262207,0.0,13.930910301232997,13.852597744401338,13.89610481262207,0.0,3026900
2020-01-03,0.0,14.061429977416992,0.0,14.13974253035765,14.02662532036366,14.122339372002719,0.0,3210100
2020-01-06,0.0,14.08753490447998,0.0,14.183248957406754,14.070131745890912,14.165847458474236,0.0,3232100
2020-01-07,0.0,14.078832626342773,0.0,14.113637282136732,14.026624812823602,14.061429468617561,0.0,1924600
2020-01-08,0.0,13.869999885559082,0.0,14.078833644218802,13.739479512496516,14.070132064727087,0.0,2340200
2020-01-09,0.0,13.809088706970215,0.0,13.826491863708098,13.722075412765365,13.79168638006052,0.0,1077900
2020-01-10,0.0,13.809088706970215,0.0,13.835192612248852,13.756880896412943,13.800387128601274,0.0,1877800
2020-01-13,0.0,13.704673767089844,0.0,13.756882413231772,13.669868279604652,13.756882413231772,0.0,1264500
2020-01-14,0.0,13.765582084655762,0.0,13.782985241949538,13.730776599896423,13.765582084655762,0.0,1201200
2020-01-15,0.0,13.695971488952637,0.0,13.730776974661952,13.62636051753401,13.730776974661952,0.0,669800
2020-01-16,0.0,13.678569793701172,0.0,13.72207686030725,13.643764306381964,13.70467370173351,0.0,1652300
2020-01-17,0.0,13.722075462341309,0.0,13.722075462341309,13.643762916394282,13.687269148739794,0.0,855400
2020-01-21,0.0,13.643763542175293,0.0,13.68726977651625,13.63506196337581,13.652464291146547,0.0,991500
2020-01-22,0.0,13.461034774780273,0.0,13.574152811690993,13.434930037919786,13.574152811690993,0.0,672600
2020-01-23,0.0,13.347916603088379,0.0,13.365318930991407,13.252200895222902,13.32181269631972,0.0,1331600
2020-01-24,0.0,13.147784233093262,0.0,13.217395203275272,13.104277999100672,13.217395203275272,0.0,1368800
2020-01-27,0.0,12.904146194458008,0.0,12.973757166565852,12.851938380291248,12.912847773428549,0.0,2608400
2020-01-28,0.0,12.965055465698242,0.0,13.025965688091112,12.886743745184386,12.91284765202234,0.0,1163300
2020-01-29,0.0,12.904146194458008,0.0,12.973757166565852,12.878042287374628,12.973757166565852,0.0,816700
2020-01-30,0.0,12.791028022766113,0.0,12.808431180524117,12.669209237773025,12.764924115957342,0.0,1849000
2020-01-31,0.0,12.68661117553711,0.0,12.764923723383225,12.617000206302388,12.677909596925717,0.0,1786400
2020-02-03,0.0,12.451674461364746,0.0,12.643104213376402,12.442972882683794,12.582194822266167,0.0,3464900
2020-02-04,0.0,12.469077110290527,0.0,12.59089672547913,12.46037553138529,12.582195146573893,0.0,1563100
2020-02-05,0.0,12.660508155822754,0.0,12.730119129930554,12.617001089548314,12.651806576602214,0.0,2575100
2020-02-06,0.0,12.712716102600098,0.0,12.712716102600098,12.599598061051234,12.643105127774378,0.0,2496500
2020-02-07,0.0,12.643104553222656,0.0,12.686611617968671,12.617000646306343,12.634403804136044,0.0,943000
2020-02-10,0.0,12.529986381530762,0.0,12.590896603448844,12.512584053717188,12.547389539172565,0.0,592900
2020-02-11,0.0,12.573493003845215,0.0,12.625701645107245,12.556090676643338,12.617000066592206,0.0,1181900
2020-02-12,0.0,12.747520446777344,0.0,12.764923603837145,12.695312635254345,12.747520446777344,0.0,1150300
2020-02-13,0.0,12.75622272491455,0.0,12.808431369129105,12.721417238714265,12.764924303921685,0.0,759100
2020-02-14,0.0,12.747520446777344,0.0,12.799729088128545,12.704014213784246,12.773625182367047,0.0,1613600
2020-02-18,0.0,12.843236923217773,0.0,12.86063925149578,12.747521213289854,12.747521213289854,0.0,946600
2020-02-19,0.0,12.965055465698242,0.0,12.973757044586971,12.851938259457706,12.89544449424488,0.0,555600
2020-02-20,0.0,12.912846565246582,0.0,13.01726301363869,12.895443408933813,12.973755952684936,0.0,961300
2020-02-21,0.0,12.860639572143555,0.0,12.869341151413636,12.79973017690953,12.843237243431664,0.0,667800
2020-02-24,0.0,12.6170015335083,0.0,12.643105442260188,12.529987397897616,12.599598374454844,0.0,769600
2020-02-25,0.0,12.382062911987305,0.0,12.599597404438198,12.382062911987305,12.59089665540962,0.0,1375500
2020-02-26,0.0,12.26024341583252,0.0,12.442972412080481,12.23413951060515,12.347256709866482,0.0,1027000
2020-02-27,0.0,12.051410675048828,0.0,12.138423970243013,11.955694971558572,12.025305939645197,0.0,1869500
2020-02-28,0.0,11.842577934265137,0.0,11.89478657962324,11.712057565612277,11.851279513462865,0.0,1348600
2020-03-02,0.0,12.112319946289062,0.0,12.121021524671896,11.89478546568736,11.946993276327984,0.0,3027700
2020-03-03,0.0,12.138423919677734,0.0,12.286347433702653,12.051410624846023,12.147125498109363,0.0,1575800
2020-03-04,0.0,12.147126197814941,0.0,12.251542655524565,12.086216804941389,12.22543874855422,0.0,1332700
2020-03-05,0.0,12.016605377197266,0.0,12.155827315527697,11.973098314011954,12.129722579719584,0.0,1889400
2020-03-06,0.0,11.625043869018555,0.0,11.842578378145738,11.564134472007998,11.816474469402399,0.0,3233600
2020-03-09,0.0,10.720099449157715,0.0,10.928933191152545,10.667891636030177,10.720099449157715,0.0,2698900
2020-03-10,0.0,11.059453964233398,0.0,11.102961030006446,10.911530438501988,11.02464847758061,0.0,4293300
2020-03-11,0.0,10.859320640563965,0.0,11.042049633545963,10.850619892195809,11.007244150588829,0.0,2488200
2020-03-12,0.0,10.4242525100708,0.0,10.667891739796609,10.015288260556936,10.450357246716719,0.0,4191700
2020-03-13,0.0,10.537371635437012,0.0,10.702698331973513,10.389448098463646,10.676594422457132,0.0,4491600
2020-03-16,0.0,9.90217113494873,0.0,10.067496999764534,9.74554601998658,9.884767975584797,0.0,3153200
2020-03-17,0.0,9.74554443359375,0.0,9.980482067793512,9.728142106890903,9.893467944794745,0.0,5784200
2020-03-18,0.0,9.42359447479248,0.0,9.588921159516987,9.058136448360505,9.51060860673467,0.0,3814000
2020-03-19,0.0,9.623725891113281,0.0,9.745544670478791,9.327878861520135,9.380086672725868,0.0,2311100
2020-03-20,0.0,9.519309997558594,0.0,9.849962559461535,9.449699019245166,9.849962559461535,0.0,1956700
2020-03-23,0.0,9.632426261901855,0.0,9.667231744616396,9.414891787478936,9.414891787478936,0.0,2089600
2020-03-24,0.0,9.84126091003418,0.0,9.91957263110771,9.762948359132405,9.832559331083262,0.0,1040400
2020-03-25,0.0,10.006586074829102,0.0,10.102300947241494,9.832558656884668,9.876065718827823,0.0,1486900
2020-03-26,0.0,9.971780776977539,0.0,10.084898808205438,9.85866274574964,9.980482355493885,0.0,1839200
2020-03-27,0.0,9.936976432800293,0.0,9.997885829746393,9.815156809079797,9.815156809079797,0.0,1420300
2020-03-30,0.0,9.910872459411621,0.0,9.91957320904122,9.728143439937417,9.858663812492582,0.0,1668100
2020-03-31,0.0,9.78905200958252,0.0,9.997884919961507,9.7629481032422,9.997884919961507,0.0,1218400
2020-04-01,0.0,9.510608673095703,0.0,9.675934529145522,9.493205514654528,9.667232949924934,0.0,1466400
2020-04-02,0.0,9.693337440490723,0.0,10.006586815992314,9.528010758827032,9.615024889158263,0.0,1624100
2020-04-03,0.0,9.936976432800293,0.0,9.963080341516008,9.762948991648368,9.902170944569908,0.0,961900
2020-04-06,0.0,9.989182472229004,0.0,10.041391110195967,9.876065277985523,9.945676242056042,0.0,1157200
2020-04-07,0.0,10.058794975280762,0.0,10.128405944258908,9.954377691985334,10.119704365679588,0.0,1923500
2020-04-08,0.0,10.032690048217773,0.0,10.111002594281807,9.919572018328411,10.050093205044533,0.0,1357100
2020-04-09,0.0,10.058794975280762,0.0,10.302433366704276,9.980482427723294,10.05009339670144,0.0,1923500
2020-04-13,0.0,10.23282241821289,0.0,10.241523996809631,10.093600479977864,10.137106713305153,0.0,1351800
2020-04-14,0.0,10.145809173583984,0.0,10.224121728103686,10.093601357123037,10.224121728103686,0.0,1098000
2020-04-15,0.0,9.936976432800293,0.0,10.006587409261062,9.876067035854193,9.980483500545347,0.0,1272200
2020-04-16,0.0,9.910872459411621,0.0,9.997885764505634,9.823858324489319,9.963080276502371,0.0,1522400
2020-04-17,0.0,9.954378128051758,0.0,9.980482864933276,9.893468734984705,9.910871892905716,0.0,1055400
2020-04-20,0.0,9.78905200958252,0.0,9.910871622217705,9.7629481032422,9.771648852136826,0.0,2004200
2020-04-21,0.0,9.327878952026367,0.0,9.484503216991452,9.119045215692578,9.484503216991452,0.0,3327800
2020-04-22,0.0,9.458399772644043,0.0,9.562816230991682,9.362684893282434,9.475802930616107,0.0,1321600
2020-04-23,0.0,9.432295799255371,0.0,9.649830293408574,9.353983248587701,9.571517742740904,0.0,1132000
2020-04-24,0.0,9.310476303100586,0.0,9.423594341089192,9.249566909502201,9.423594341089192,0.0,941300
2020-04-27,0.0,9.13644790649414,0.0,9.19735729365909,9.101642423853004,9.179954967252602,0.0,971200
2020-04-28,0.0,9.145150184631348,0.0,9.214761155242027,9.136448605847956,9.179955669936687,0.0,956800
2020-04-29,0.0,9.310476303100586,0.0,9.362684947490807,9.266969237746776,9.32787946117341,0.0,802900
2020-04-30,0.0,9.484503746032715,0.0,9.536712390485388,9.275670827878526,9.406192024096082,0.0,1439600
2020-05-01,0.0,9.36268424987793,0.0,9.423593638937959,9.31047560937777,9.406191311990032,0.0,1999800
2020-05-04,0.0,9.475802421569824,0.0,9.475802421569824,9.275670264783558,9.345281233275772,0.0,840900
2020-05-05,0.0,9.719441413879395,0.0,9.736843742167258,9.597621796551337,9.606323375609394,0.0,931900
2020-05-06,0.0,9.528010368347168,0.0,9.667232307308904,9.449697820224138,9.667232307308904,0.0,880900
2020-05-07,0.0,9.588920593261719,0.0,9.754246438394963,9.571517435969685,9.710739374993095,0.0,530500
2020-05-08,0.0,9.78905200958252,0.0,9.78905200958252,9.632426911884169,9.67593397567018,0.0,981600
2020-05-11,0.0,9.65853214263916,0.0,9.780350931684126,9.606323497456845,9.762948603175529,0.0,1083100
2020-05-12,0.0,9.580219268798828,0.0,9.667232568082996,9.57151768992194,9.658531819034344,0.0,1232000
2020-05-13,0.0,9.484503746032715,0.0,9.59762178415663,9.458399838720505,9.5628162977976,0.0,571700
2020-05-14,0.0,9.64983081817627,0.0,9.675934726542303,9.493205708323494,9.493205708323494,0.0,490600
2020-05-15,0.0,9.74554443359375,0.0,9.771648338562109,9.658531140423163,9.754246011859262,0.0,830200
2020-05-18,0.0,10.0239896774292,0.0,10.067495911479433,9.945677128413625,9.963079456068073,0.0,1097800
2020-05-19,0.0,9.997884750366211,0.0,10.06749571931172,9.963079265893455,10.041391813414206,0.0,411200
2020-05-20,0.0,10.171913146972656,0.0,10.189316305789971,10.102302171359966,10.14580923857497,0.0,863500
2020-05-21,0.0,10.128405570983887,0.0,10.215418864085656,10.067495353001654,10.198016537396573,0.0,570000
2020-05-22,0.0,10.050094604492188,0.0,10.084900093164082,9.936976558851454,10.015289115820293,0.0,768900
2020-05-26,0.0,10.154510498046875,0.0,10.206718313197346,10.06749636635841,10.154510498046875,0.0,842300
2020-05-27,0.0,10.0239896774292,0.0,10.084899068962104,9.954377877326737,10.076197490220768,0.0,467100
2020-05-28,0.0,10.07619857788086,0.0,10.171913464882683,10.006587600092567,10.0326915093061,0.0,678300
2020-05-29,0.0,10.250224113464355,0.0,10.302432751996976,10.015287314637952,10.050092797050315,0.0,1109300
2020-06-01,0.0,10.311136245727539,0.0,10.311136245727539,10.198018199414513,10.206718949262967,0.0,970900
2020-06-02,0.0,10.4242525100708,0.0,10.4242525100708,10.345940789617758,10.380746275317412,0.0,706400
2020-06-03,0.0,10.4242525100708,0.0,10.476461153534398,10.328537631853814,10.398148603253121,0.0,862800
2020-06-04,0.0,10.511266708374023,0.0,10.563475352181035,10.43295415757763,10.43295415757763,0.0,1091400
2020-06-05,0.0,10.720099449157715,0.0,10.737502606752379,10.667891636030177,10.693995542593946,0.0,1500400
2020-06-08,0.0,10.650487899780273,0.0,10.728800445044982,10.624383994634766,10.711398118224038,0.0,1581200
2020-06-09,0.0,10.685294151306152,0.0,10.728801216228062,10.57217611444048,10.598280851290573,0.0,646100
2020-06-10,0.0,10.754905700683594,0.0,10.824516676364786,10.650489237161807,10.693996304419624,0.0,1292000
2020-06-11,0.0,10.40684986114502,0.0,10.572175705661984,10.36334279790533,10.519967893636926,0.0,1122900
2020-06-12,0.0,10.450357437133789,0.0,10.563475475175856,10.398148792718892,10.51126683076096,0.0,693900
2020-06-15,0.0,10.546072959899902,0.0,10.572176868784313,10.27633063182829,10.319836870026208,0.0,652100
2020-06-16,0.0,10.633086204528809,0.0,10.754904988995595,10.563475233454007,10.685294017920794,0.0,891900
2020-06-17,0.0,10.580877304077148,0.0,10.65048827345964,10.554773398015767,10.598280461336877,0.0,540400
2020-06-18,0.0,10.641786575317383,0.0,10.659189732381666,10.563474858012718,10.563474858012718,0.0,951700
2020-06-19,0.0,10.728801727294922,0.0,10.798412702554604,10.61568368504087,10.789711123190074,0.0,1605400
2020-06-22,0.0,10.8419189453125,0.0,10.85062052401551,10.746204069064051,10.77230797534486,0.0,939800
2020-06-23,0.0,10.78971004486084,0.0,10.894127327143126,10.772307717699258,10.859321013163564,0.0,745900
2020-06-24,0.0,10.519968032836914,0.0,10.772308007172212,10.493864126478979,10.754904849714775,0.0,1372500
2020-06-25,0.0,10.615682601928711,0.0,10.615682601928711,10.49386382256751,10.502564571216027,0.0,618900
2020-06-26,0.0,10.485162734985352,0.0,10.563475285285818,10.441655670393068,10.563475285285818,0.0,738000
2020-06-29,0.0,10.65919017791748,0.0,10.6852940847768,10.54607214175611,10.57217604861543,0.0,790600
2020-06-30,0.0,10.71139907836914,0.0,10.781010051549051,10.624384946980122,10.633086526084675,0.0,1118200
2020-07-01,0.0,10.798412322998047,0.0,10.807113902056724,10.67659353548959,10.77230841565027,0.0,1117600
2020-07-02,0.0,10.8419189453125,0.0,10.90282833657713,10.78971030292266,10.85062052401551,0.0,1422000
2020-07-06,0.0,10.928933143615723,0.0,10.972439377756691,10.894127658406013,10.928933143615723,0.0,1475500
2020-07-07,0.0,10.937634468078613,0.0,10.989843113554477,10.876725073213663,10.885426652431018,0.0,1142000
2020-07-08,0.0,11.076855659484863,0.0,11.076855659484863,10.989842362740765,11.0072446901583,0.0,819900
2020-07-09,0.0,10.94633674621582,0.0,11.11166344258855,10.937635166442872,11.102961862815603,0.0,747400
2020-07-10,0.0,11.015946388244629,0.0,11.068155030719838,10.981140903203896,10.981140903203896,0.0,661700
2020-07-13,0.0,10.902828216552734,0.0,11.059453312169815,10.902828216552734,11.033349406176372,0.0,805100
2020-07-14,0.0,10.955037117004395,0.0,10.998544181239428,10.833217503111946,10.85062066073725,0.0,653700
2020-07-15,0.0,11.08555793762207,0.0,11.10296109596598,10.946335990183844,10.9811414770434,0.0,1464200
2020-07-16,0.0,10.998543739318848,0.0,11.059453128903623,10.9811405823928,11.024647644879725,0.0,1093600
2020-07-17,0.0,11.015946388244629,0.0,11.033349545679105,10.928933090556907,10.998544060638373,0.0,1712300
2020-07-20,0.0,11.007244110107422,0.0,11.033348844600395,10.902827661620032,10.972438627278292,0.0,783200
2020-07-21,0.0,11.163870811462402,0.0,11.233481787182756,11.155169232040286,11.163870811462402,0.0,2112400
2020-07-22,0.0,11.233481407165527,0.0,11.25958531472052,11.137766526245048,11.15516885467229,0.0,1469200
2020-07-23,0.0,11.207377433776855,0.0,11.285689985810071,11.155168789145293,11.233481341178509,0.0,1032100
2020-07-24,0.0,11.22477912902832,0.0,11.22477912902832,11.14646741124011,11.198675223098917,0.0,702700
2020-07-27,0.0,11.32919692993164,0.0,11.34659925807013,11.207377313649234,11.303092192981538,0.0,1721900
2020-07-28,0.0,11.268285751342773,0.0,11.303091234496545,11.233480268189002,11.27698732958826,0.0,907100
2020-07-29,0.0,11.32919692993164,0.0,11.355300837053496,11.294390613998171,11.311793771964906,0.0,815200
2020-07-30,0.0,11.198676109313965,0.0,11.242183175858072,11.01594709369134,11.189974530039489,0.0,1394600
2020-07-31,0.0,11.259584426879883,0.0,11.27698758376311,11.198675037444975,11.250883678266463,0.0,1297300
2020-08-03,0.0,11.372703552246094,0.0,11.407509039535874,11.285690248935781,11.311794156946046,0.0,1288100
2020-08-04,0.0,11.433612823486328,0.0,11.485820635151248,11.294390056114068,11.311793213221177,0.0,860800
2020-08-05,0.0,11.529328346252441,0.0,11.685953449708835,11.520626767209697,11.668550291623347,0.0,1278600
2020-08-06,0.0,11.616342544555664,0.0,11.651148031100734,11.572835478917261,11.642446452007402,0.0,1158700
2020-08-07,0.0,11.459716796875,0.0,11.538029344662244,11.390105827692608,11.538029344662244,0.0,1172900
2020-08-10,0.0,11.520626068115234,0.0,11.58153628789004,11.494522162399289,11.538029225144665,0.0,774900
2020-08-11,0.0,11.337897300720215,0.0,11.538029461517656,11.337897300720215,11.511924725438718,0.0,1284600
2020-08-12,0.0,11.459716796875,0.0,11.52062618745254,11.442313639665297,11.442313639665297,0.0,574400
2020-08-13,0.0,11.520626068115234,0.0,11.555431552345896,11.47711900536986,11.494522162399289,0.0,862100
2020-08-14,0.0,11.520626068115234,0.0,11.572834709375325,11.485820583884575,11.52932764662995,0.0,790300
2020-08-17,0.0,11.712057113647461,0.0,11.712057113647461,11.60764065678892,11.60764065678892,0.0,649700
2020-08-18,0.0,11.738161087036133,0.0,11.77296657285322,11.659848536490632,11.72075875904171,0.0,3484400
2020-08-19,0.0,11.70335578918457,0.0,11.77296676193675,11.685953460910651,11.73816127556066,0.0,824600
2020-08-20,0.0,11.685952186584473,0.0,11.703354512960708,11.546730256261943,11.590236487116613,0.0,1992400
2020-08-21,0.0,11.572835922241211,0.0,11.572835922241211,11.485821787631133,11.55543276338788,0.0,828300
2020-08-24,0.0,11.633744239807129,0.0,11.677251303077881,11.607640333775961,11.659848145838296,0.0,1174200
2020-08-25,0.0,11.729459762573242,0.0,11.738161341673338,11.685953526729278,11.738161341673338,0.0,798000
2020-08-26,0.0,11.755563735961914,0.0,11.772966063202993,11.703355094582273,11.729459000357993,0.0,816100
2020-08-27,0.0,11.712057113647461,0.0,11.790369663748425,11.633744563546497,11.781668084886489,0.0,687600
2020-08-28,0.0,11.790369987487793,0.0,11.807772315861264,11.738161342710862,11.764266080013456,0.0,893100
2020-08-31,0.0,11.781667709350586,0.0,11.833876351029843,11.75556380342506,11.833876351029843,0.0,1722200
2020-09-01,0.0,11.799071311950684,0.0,11.886084611596706,11.781668154124535,11.825175218861666,0.0,1436500
2020-09-02,0.0,11.64244556427002,0.0,11.781667499834617,11.616341658808706,11.781667499834617,0.0,1417600
2020-09-03,0.0,11.538029670715332,0.0,11.581536735140844,11.424911635140292,11.572835156290095,0.0,970400
2020-09-04,0.0,11.433612823486328,0.0,11.546730855197925,11.39010576054676,11.503223792258357,0.0,2013400
2020-09-08,0.0,11.155168533325195,0.0,11.189974019005296,11.050752076284894,11.12906462652218,0.0,2071400
2020-09-09,0.0,11.259584426879883,0.0,11.303091489259758,11.14646722645168,11.189973459003362,0.0,1337600
2020-09-10,0.0,11.146467208862305,0.0,11.303091471423226,11.137765630434423,11.250883660512317,0.0,1267700
2020-09-11,0.0,11.22477912902832,0.0,11.259584613543593,11.172571317169513,11.189973644513046,0.0,863000
2020-09-14,0.0,11.233481407165527,0.0,11.25958531472052,11.181273592055543,11.207377499610535,0.0,948500
2020-09-15,0.0,11.294389724731445,0.0,11.32919603792443,11.216078009531769,11.250883492896573,0.0,1055700
2020-09-16,0.0,11.50322437286377,0.0,11.529328280013779,11.372703177457232,11.372703177457232,0.0,745900
2020-09-17,0.0,11.633744239807129,0.0,11.642445818426921,11.416209753281578,11.442313659312745,0.0,669800
2020-09-18,0.0,11.685952186584473,0.0,11.69465293485851,11.60763964332101,11.633743547799444,0.0,538700
2020-09-21,0.0,11.398808479309082,0.0,11.538030430779338,11.276988856858464,11.529328851355375,0.0,1056400
2020-09-22,0.0,11.346599578857422,0.0,11.451016040125122,11.285690183908333,11.416210553035889,0.0,518600
2020-09-23,0.0,11.21607780456543,0.0,11.355299735480461,11.207376226426199,11.311792674612473,0.0,1531100
2020-09-24,0.0,11.268285751342773,0.0,11.303091234496545,11.146466975218662,11.181272458372433,0.0,1222800
2020-09-25,0.0,11.268285751342773,0.0,11.303091234496545,11.224778689943516,11.24218184643449,0.0,622400
2020-09-28,0.0,11.364002227783203,0.0,11.390106134472628,11.26828652020826,11.303092005736904,0.0,799600
2020-09-29,0.0,11.233481407165527,0.0,11.320495538786513,11.16387043380004,11.294390801403262,0.0,583300
2020-09-30,0.0,11.364002227783203,0.0,11.398807713311847,11.233481034679617,11.259584941369042,0.0,1374000
2020-10-01,0.0,11.22477912902832,0.0,11.294390098058868,11.120362675482498,11.294390098058868,0.0,2113900
2020-10-02,0.0,11.08555793762207,0.0,11.155168911341184,10.99854463538731,11.033350122246867,0.0,1360500
2020-10-05,0.0,11.372703552246094,0.0,11.39010671080512,11.285690248935781,11.285690248935781,0.0,1451400
2020-10-06,0.0,11.416210174560547,0.0,11.55543211830193,11.398807846506994,11.485821146431238,0.0,777200
2020-10-07,0.0,11.459716796875,0.0,11.477119124256493,11.381404249087756,11.451015218270149,0.0,715500
2020-10-08,0.0,11.572835922241211,0.0,11.59893983069292,11.51192569608284,11.564134342814546,0.0,1335200
2020-10-09,0.0,11.607641220092773,0.0,11.677252194709931,11.572835732784196,11.59893964080856,0.0,1132400
2020-10-12,0.0,11.485820770263672,0.0,11.598938803305922,11.459716864124141,11.598938803305922,0.0,984300
2020-10-13,0.0,11.511924743652344,0.0,11.52062632235909,11.451015352361555,11.503223994773817,0.0,1044500
2020-10-14,0.0,11.590237617492676,0.0,11.607640775394373,11.546731382394917,11.555432131517524,0.0,564600
2020-10-15,0.0,11.625043869018555,0.0,11.625043869018555,11.40750935989137,11.433614098463005,0.0,574200
2020-10-16,0.0,11.546730995178223,0.0,11.581536479986182,11.50322393171122,11.529327837860135,0.0,621800
2020-10-19,0.0,11.555431365966797,0.0,11.642445490054087,11.546730617420618,11.625042333305354,0.0,478900
2020-10-20,0.0,11.685952186584473,0.0,11.720757669165105,11.572834160740378,11.572834160740378,0.0,1144800
2020-10-21,0.0,11.590237617492676,0.0,11.720758812270676,11.564133710468372,11.659848589442978,0.0,558000
2020-10-22,0.0,11.625043869018555,0.0,11.67725251633353,11.572836051531876,11.598939960275215,0.0,575500
2020-10-23,0.0,11.538029670715332,0.0,11.642446127439623,11.503224185140569,11.625042969738125,0.0,1042500
2020-10-26,0.0,11.372703552246094,0.0,11.45971768538468,11.35530122351534,11.45971768538468,0.0,583000
2020-10-27,0.0,11.45101547241211,0.0,11.503224115371717,11.398807659280727,11.433613144644392,0.0,651300
2020-10-28,0.0,11.146467208862305,0.0,11.198675019773214,11.120362473578657,11.189973441345332,0.0,1743800
2020-10-29,0.0,11.007244110107422,0.0,11.042049592936552,10.859320600626576,10.894126913283875,0.0,1007700
2020-10-30,0.0,11.007244110107422,0.0,11.033348844600395,10.937633144449162,11.02464726643607,0.0,2362800
2020-11-02,0.0,11.207377433776855,0.0,11.216079012853491,10.989842935830476,10.989842935830476,0.0,5856300
2020-11-03,0.0,11.27698802947998,0.0,11.329196672364988,11.242182544166052,11.31179351479391,0.0,877000
2020-11-04,0.0,11.398808479309082,0.0,11.433613967176646,11.250884948414864,11.355301412017555,0.0,796000
2020-11-05,0.0,11.45101547241211,0.0,11.56413350730107,11.433613144644392,11.494522536573745,0.0,970700
2020-11-06,0.0,11.407508850097656,0.0,11.468419074214475,11.364002614079121,11.44231433680944,0.0,855300
2020-11-09,0.0,11.546730995178223,0.0,11.712056840558972,11.546730995178223,11.694653683240887,0.0,1278500
2020-11-10,0.0,11.772966384887695,0.0,11.7903695424325,11.642446022614555,11.67725150787594,0.0,2037200
2020-11-11,0.0,11.764266014099121,0.0,11.91218870884373,11.7468628559949,11.877383222463543,0.0,1591900
2020-11-12,0.0,11.668549537658691,0.0,11.833876209475228,11.659847959178201,11.807771474033757,0.0,1013500
2020-11-13,0.0,11.616342544555664,0.0,11.694654266910879,11.598939386369,11.66855035945914,0.0,785100
2020-11-16,0.0,11.720759391784668,0.0,11.799071946557858,11.703356233022499,11.78166878779569,0.0,1073600
2020-11-17,0.0,11.755563735961914,0.0,11.781667641737634,11.659848031737273,11.659848031737273,0.0,840300
2020-11-18,0.0,11.772966384887695,0.0,11.868682091727676,11.772966384887695,11.799071121204904,0.0,1260000
2020-11-19,0.0,11.772966384887695,0.0,11.7903695424325,11.69465383559252,11.729459320853907,0.0,632400
2020-11-20,0.0,11.833876609802246,0.0,11.842577358748876,11.781667966981336,11.799071124531048,0.0,879600
2020-11-23,0.0,11.868681907653809,0.0,11.912188141184625,11.842577171741464,11.886084235100492,0.0,1069100
2020-11-24,0.0,12.12102222442627,0.0,12.164528459195703,12.007904188403625,12.02530651634575,0.0,1376500
2020-11-25,0.0,12.225439071655273,0.0,12.268946137641175,12.147126518846306,12.208035913329608,0.0,2317000
2020-11-27,0.0,12.199336051940918,0.0,12.234141541297351,12.155828982788293,12.17323131255235,0.0,803400
2020-11-30,0.0,12.12972354888916,0.0,12.208036102914283,12.077515732757929,12.208036102914283,0.0,2898600
2020-12-01,0.0,12.094917297363281,0.0,12.173229846440583,12.025306327034174,12.164528267692388,0.0,7662200
2020-12-02,0.0,12.147126197814941,0.0,12.234140327487081,12.042709740105318,12.060112068142802,0.0,1188100
2020-12-03,0.0,12.164527893066406,0.0,12.190632628507052,12.068813019268633,12.121021660321727,0.0,1626700
2020-12-04,0.0,12.216737747192383,0.0,12.268946393429585,12.17323068029943,12.190633838987923,0.0,2366700
2020-12-07,0.0,12.216737747192383,0.0,12.303751880978293,12.129723613406474,12.155828351439215,0.0,3676900
2020-12-08,0.0,12.234140396118164,0.0,12.234140396118164,12.147126265957892,12.208035659173134,0.0,1360100
2020-12-09,0.0,12.242841720581055,0.0,12.303751946486805,12.164529165722435,12.286348787705654,0.0,1498800
2020-12-10,0.0,12.425570487976074,0.0,12.529986949071708,12.35595951391232,12.35595951391232,0.0,1009000
2020-12-11,0.0,12.390764236450195,0.0,12.408167393806515,12.321153266681346,12.37336190892209,0.0,1309500
2020-12-14,0.0,12.425570487976074,0.0,12.451675225621184,12.286348539848564,12.434272067191111,0.0,1335300
2020-12-15,0.0,12.521286010742188,0.0,12.529986759997664,12.451675037728842,12.451675037728842,0.0,1110200
2020-12-16,0.0,12.590897560119629,0.0,12.60829988925545,12.495181845473581,12.556092072019691,0.0,964300
2020-12-17,0.0,12.738821029663086,0.0,12.747521779274273,12.669210053803857,12.704015541733472,0.0,1279500
2020-12-18,0.0,12.782326698303223,0.0,12.825833763735952,12.74752121192269,12.764924370027083,0.0,1134900
2020-12-21,0.0,12.651805877685547,0.0,12.677909784076862,12.512583937160912,12.52998626481238,0.0,1503000
2020-12-22,0.0,12.51258373260498,0.0,12.599597029096271,12.503882154007389,12.564791544534113,0.0,1534200
2020-12-23,0.0,12.669208526611328,0.0,12.747520242641764,12.582194402362148,12.590895980752704,0.0,1786400
2020-12-24,0.0,12.70401382446289,0.0,12.70401382446289,12.62570127975012,12.643103606448415,0.0,1268000
2020-12-28,0.0,12.625701904296875,0.0,12.704014452883479,12.590896419350408,12.695312874189808,0.0,2050300
2020-12-29,0.0,12.660508155822754,0.0,12.686612063656112,12.617001089548314,12.643104997381672,0.0,1315000
2020-12-30,0.0,12.738821029663086,0.0,12.782327267203886,12.64310531548543,12.651806894924906,0.0,2086800
2020-12-31,0.0,12.791028022766113,0.0,12.791028022766113,12.67790998682379,12.704014723460798,0.0,3678300
2021-01-04,0.0,12.721416473388672,0.0,12.947652534994203,12.704014146249584,12.91284705088783,0.0,5740000
2021-01-05,0.0,13.078173637390137,0.0,13.121680702456723,12.956354850997586,12.956354850997586,0.0,2395800
2021-01-06,0.0,13.095577239990234,0.0,13.18259054324958,13.025966265451448,13.095577239990234,0.0,3370800
2021-01-07,0.0,13.156485557556152,0.0,13.191291041974493,13.130381651699448,13.147783978994516,0.0,2627200
2021-01-08,0.0,13.260903358459473,0.0,13.278306517351353,13.147785315147113,13.243501029395881,0.0,2920300
2021-01-11,0.0,13.16518783569336,0.0,13.208694900985227,13.07817370510962,13.12168077040149,0.0,2247800
2021-01-12,0.0,13.417527198791504,0.0,13.426228777413574,13.269603681529185,13.304409166189247,0.0,1635300
2021-01-13,0.0,13.382721900939941,0.0,13.426228964829384,13.330513258306965,13.391423479683475,0.0,1579700
2021-01-14,0.0,13.504542350769043,0.0,13.521944679506346,13.365319571729257,13.365319571729257,0.0,1371400
2021-01-15,0.0,13.3131103515625,0.0,13.426228380823424,13.2696032895655,13.391422897191463,0.0,1409600
2021-01-19,0.0,13.35661792755127,0.0,13.400124161394297,13.321812442579917,13.38272183382273,0.0,1516700
2021-01-20,0.0,13.36531925201416,0.0,13.417527896633718,13.339215344618507,13.400124738484447,0.0,1511900
2021-01-21,0.0,13.35661792755127,0.0,13.400124161394297,13.321812442579917,13.391423412522624,0.0,2822900
2021-01-22,0.0,13.13038158416748,0.0,13.252200364091037,13.112978427133715,13.139083162684363,0.0,2413700
2021-01-25,0.0,13.269604682922363,0.0,13.287007841479832,13.112979575218231,13.139084313054436,0.0,1596000
2021-01-26,0.0,13.295708656311035,0.0,13.347917302411902,13.26960474817474,13.313111814954082,0.0,704100
2021-01-27,0.0,13.260903358459473,0.0,13.35661907270824,13.165188474038995,13.278306517351353,0.0,1166200
2021-01-28,0.0,13.199993133544922,0.0,13.443631533942154,13.199993133544922,13.400124469271303,0.0,2234400
2021-01-29,0.0,13.217394828796387,0.0,13.365318343699203,13.191290923174773,13.347916016560859,0.0,3890600
2021-02-01,0.0,13.469735145568848,0.0,13.478436724277936,13.278305392938254,13.408825754261679,0.0,6799100
2021-02-02,0.0,13.574151992797852,0.0,13.600255898255316,13.521943352054729,13.574151992797852,0.0,2792800
2021-02-03,0.0,13.669867515563965,0.0,13.704673001103798,13.591554965642283,13.6002565444843,0.0,3059400
2021-02-04,0.0,13.73947811126709,0.0,13.73947811126709,13.556749109718252,13.669867142089267,0.0,3079800
2021-02-05,0.0,13.809088706970215,0.0,13.86999809589643,13.774283223322637,13.843894190617792,0.0,2757400
2021-02-08,0.0,14.02662467956543,0.0,14.02662467956543,13.913505815082683,13.922207393862621,0.0,2896800
2021-02-09,0.0,14.078832626342773,0.0,14.096235784067987,13.939610683854005,14.017923233960996,0.0,2420300
2021-02-10,0.0,14.052728652954102,0.0,14.096236549630035,14.017923995269914,14.096236549630035,0.0,2043300
2021-02-11,0.0,14.02662467956543,0.0,14.122338726831847,14.009221522005554,14.104935569271971,0.0,1515800
2021-02-12,0.0,14.200652122497559,0.0,14.218055281094594,14.035325435138816,14.044027014437333,0.0,2500100
2021-02-16,0.0,14.392082214355469,0.0,14.392082214355469,14.270261775119176,14.31376966758085,0.0,4066300
2021-02-17,0.0,14.435588836669922,0.0,14.444290415397049,14.27896373889454,14.322469972873726,0.0,2987500
2021-02-18,0.0,14.383381843566895,0.0,14.505200633375331,14.348575526675035,14.505200633375331,0.0,1672900
2021-02-19,0.0,14.374678611755371,0.0,14.531303700449225,14.339872298865028,14.452991156102298,0.0,1918000
2021-02-22,0.0,14.696630477905273,0.0,14.74013837425869,14.513902292190561,14.53130545073193,0.0,3947900
2021-02-23,0.0,14.766240119934082,0.0,14.792344855390485,14.566108793737511,14.66182449742126,0.0,3308200
2021-02-24,0.0,14.992476463317871,0.0,14.992476463317871,14.80104671200952,14.818449869307486,0.0,4457800
2021-02-25,0.0,14.870657920837402,0.0,14.975073546992562,14.870657920837402,14.931567312703988,0.0,3457100
2021-02-26,0.0,14.55740737915039,0.0,14.774941864767067,14.548705800566955,14.757538707600194,0.0,5138100
2021-03-01,0.0,14.435588836669922,0.0,14.653123325878743,14.365977866509358,14.61831701097024,0.0,6419900
2021-03-02,0.0,14.496500015258789,0.0,14.653125132343206,14.461695355715944,14.505201595058661,0.0,4257900
2021-03-03,0.0,14.583512306213379,0.0,14.653123276137645,14.496498178893939,14.557407570120617,0.0,4502700
2021-03-04,0.0,14.809748649597168,0.0,14.93156743432256,14.574810999349799,14.627018812852613,0.0,4591800
2021-03-05,0.0,15.114297866821289,0.0,15.122997786367623,14.94897118127988,15.018582155246284,0.0,5416000
2021-03-08,0.0,14.905462265014648,0.0,15.027282705859873,14.905462265014648,15.018581127252613,0.0,4591600
2021-03-09,0.0,14.905462265014648,0.0,15.009879548645353,14.879359188849286,14.983774812823572,0.0,2144700
2021-03-10,0.0,15.001178741455078,0.0,15.009880320509806,14.861956795892436,14.940269347728485,0.0,1408000
2021-03-11,0.0,15.227415084838867,0.0,15.227415084838867,15.044686900455936,15.08819313683572,0.0,3588700
2021-03-12,0.0,15.157804489135742,0.0,15.210012306025757,15.105596672245726,15.140401330286878,0.0,1264900
2021-03-15,0.0,15.105596542358398,0.0,15.140401200100278,15.00117924981964,15.079491804309567,0.0,2926800
2021-03-16,0.0,15.044684410095215,0.0,15.096892217040255,14.957670292082643,15.02728125456145,0.0,1620800
2021-03-17,0.0,15.044684410095215,0.0,15.062085905972722,14.92286398101511,15.018579676794566,0.0,2061200
2021-03-18,0.0,14.331172943115234,0.0,14.861957679412443,14.226757307564158,14.835852940696373,0.0,5431200
2021-03-19,0.0,14.64442253112793,0.0,14.670527268706802,14.322470739614634,14.42688803027359,0.0,2894400
2021-03-22,0.0,14.618316650390625,0.0,14.705330775859126,14.592213574509556,14.661824542953076,0.0,2651300
2021-03-23,0.0,14.209352493286133,0.0,14.496497947089214,14.191949336169241,14.339872852350005,0.0,4158000
2021-03-24,0.0,14.583512306213379,0.0,14.644421697440057,14.426887208969672,14.426887208969672,0.0,1831500
2021-03-25,0.0,14.252860069274902,0.0,14.41818675814904,14.174549174183538,14.392083679670774,0.0,2188400
2021-03-26,0.0,14.592214584350586,0.0,14.62701924115277,14.513902031975025,14.531305190204375,0.0,2163600
2021-03-29,0.0,14.609618186950684,0.0,14.609618186950684,14.409485180538876,14.513902473434452,0.0,1683700
2021-03-30,0.0,14.374678611755371,0.0,14.487795809336296,14.3572754553102,14.435587999657127,0.0,2385700
2021-03-31,0.0,14.45299243927002,0.0,14.618317461208024,14.357276729980075,14.357276729980075,0.0,3731200
2021-04-01,0.0,14.696630477905273,0.0,14.74013837425869,14.43558973841096,14.635721082667036,0.0,4793200
2021-04-05,0.0,14.479096412658691,0.0,14.64442310448467,14.331172879899993,14.600916866473062,0.0,1756700
2021-04-06,0.0,14.531305313110352,0.0,14.731436655471047,14.522603733922079,14.644422523244845,0.0,1831300
2021-04-07,0.0,14.574810981750488,0.0,14.592214139449235,14.418185881774702,14.531304747160087,0.0,2050700
2021-04-08,0.0,14.653121948242188,0.0,14.653121948242188,14.513900021010228,14.583510984626207,0.0,1903100
2021-04-09,0.0,14.60091495513916,0.0,14.64442118745558,14.57481021995548,14.60961653353372,0.0,1550300
2021-04-12,0.0,14.609618186950684,0.0,14.705332240810348,14.566110290053958,14.679229162328879,0.0,1461500
2021-04-13,0.0,14.766240119934082,0.0,14.766240119934082,14.687927573221268,14.696629151706736,0.0,1825100
2021-04-14,0.0,15.105596542358398,0.0,15.157804358799497,14.89676361693744,14.905463536630489,0.0,3684800
2021-04-15,0.0,15.201309204101562,0.0,15.218712361207398,15.088192002226448,15.157802970993382,0.0,1568800
2021-04-16,0.0,15.175206184387207,0.0,15.23611557482715,15.15780302721682,15.21871241765676,0.0,1226900
2021-04-19,0.0,15.192607879638672,0.0,15.27092042826827,15.175206381898214,15.210011037035569,0.0,1981600
2021-04-20,0.0,15.166505813598633,0.0,15.305727762735954,15.044687023017616,15.27092144562335,0.0,2692100
2021-04-21,0.0,15.105596542358398,0.0,15.218713754590206,14.983776091120419,15.00117924981964,0.0,1869800
2021-04-22,0.0,15.227415084838867,0.0,15.253519822460657,15.105596295250246,15.183908848459083,0.0,1663700
2021-04-23,0.0,15.349233627319336,0.0,15.349233627319336,15.192608523423177,15.21001168155753,0.0,5932200
2021-04-26,0.0,15.453648567199707,0.0,15.471051722688426,15.270918753880673,15.288321909369392,0.0,2750200
2021-04-27,0.0,15.584171295166016,0.0,15.601574453313772,15.453650928370864,15.531963480379257,0.0,2426600
2021-04-28,0.0,15.610276222229004,0.0,15.723393432252053,15.540665248447928,15.566768326330502,0.0,5241800
2021-04-29,0.0,15.714692115783691,0.0,15.79300467005366,15.601574903869597,15.79300467005366,0.0,3353900
2021-04-30,0.0,15.584171295166016,0.0,15.601574453313772,15.462352507444743,15.514560322231501,0.0,4693900
2021-05-03,0.0,15.758198738098145,0.0,15.801704971549237,15.697289347404046,15.732094002233636,0.0,6074800
2021-05-04,0.0,16.001834869384766,0.0,16.010536447227842,15.871314521051136,15.949627061982568,0.0,3464200
2021-05-05,0.0,16.062746047973633,0.0,16.14105859764836,16.010538234742636,16.08885078441736,0.0,6495800
2021-05-06,0.0,16.14105796813965,0.0,16.16716270356528,16.03664234574991,16.132358049320832,0.0,4525900
2021-05-07,0.0,16.297683715820312,0.0,16.297683715820312,16.10625396064793,16.167163352763847,0.0,6180400
2021-05-10,0.0,16.184566497802734,0.0,16.41080256809735,16.11495552691643,16.4021009892795,0.0,3358800
2021-05-11,0.0,16.358592987060547,0.0,16.393399302101862,16.141058497021675,16.141058497021675,0.0,7764600
2021-05-12,0.0,16.341190338134766,0.0,16.506515343966292,16.315085603692577,16.36729341292062,0.0,8831300
2021-05-13,0.0,15.888718605041504,0.0,16.114954663210646,15.819107637886104,16.036642117703774,0.0,5844100
2021-05-14,0.0,16.01923942565918,0.0,16.12365670924922,15.98443477090011,16.088850394833734,0.0,4489200
2021-05-17,0.0,16.219369888305664,0.0,16.219369888305664,16.097551113670615,16.114954269948857,0.0,5056200
2021-05-18,0.0,16.14105796813965,0.0,16.29768306138065,15.993134453373857,16.24547525018578,0.0,3729300
2021-05-19,0.0,15.810406684875488,0.0,15.888719233479815,15.627676851579913,15.862614497392894,0.0,5161000
2021-05-20,0.0,15.645079612731934,0.0,15.836511019874813,15.610274958487299,15.784301549023267,0.0,2828400
2021-05-21,0.0,15.793004035949707,0.0,15.819108772877085,15.732094642775644,15.801705614925499,0.0,3046300
2021-05-24,0.0,16.01053810119629,0.0,16.02794125868028,15.819108347841738,15.845211424411277,0.0,2823500
2021-05-25,0.0,15.958330154418945,0.0,16.036642702782963,15.92352383974319,16.001836388107208,0.0,1694600
2021-05-26,0.0,15.984435081481934,0.0,16.02794131569021,15.827809982881814,15.923524030071315,0.0,1948600
2021-05-27,0.0,16.236774444580078,0.0,16.236774444580078,16.045344687982585,16.06274618610492,0.0,1361800
2021-05-28,0.0,16.184566497802734,0.0,16.26287904750689,16.13235868455212,16.245475889871194,0.0,2356100
2021-06-01,0.0,16.471712112426758,0.0,16.628337213282872,16.358593246405576,16.49781518946513,0.0,5825900
2021-06-02,0.0,16.558725357055664,0.0,16.56742693548904,16.454308075511555,16.541322200188915,0.0,4525400
2021-06-03,0.0,16.419504165649414,0.0,16.54132294992533,16.332490037028137,16.54132294992533,0.0,3802100
2021-06-04,0.0,16.602231979370117,0.0,16.654439791539765,16.53262100992511,16.593530400732437,0.0,2921400
2021-06-07,0.0,16.628337860107422,0.0,16.69794883434499,16.60223312239713,16.689247255108228,0.0,2377800
2021-06-08,0.0,16.793663024902344,0.0,16.793663024902344,16.576128521161866,16.619636417703894,0.0,2150600
2021-06-09,0.0,16.715351104736328,0.0,16.811066821102386,16.66314328656239,16.78496374184373,0.0,2003400
2021-06-10,0.0,16.776260375976562,0.0,16.828468188591742,16.5674274658594,16.81106503116787,0.0,2445900
2021-06-11,0.0,16.724048614501953,0.0,16.73275019202281,16.637036158605806,16.715347036981097,0.0,1722800
2021-06-14,0.0,16.628337860107422,0.0,16.689247255108228,16.567428465106616,16.584829963923603,0.0,3407400
2021-06-15,0.0,16.558725357055664,0.0,16.593530011132778,16.497814308022043,16.55002377862229,0.0,2385600
2021-06-16,0.0,16.463010787963867,0.0,16.66314212674794,16.436906050865577,16.51521860250395,0.0,4255900
2021-06-17,0.0,16.03664207458496,0.0,16.402100066082273,15.967031107616728,16.36729375276997,0.0,7251100
2021-06-18,0.0,16.201967239379883,0.0,16.271578199885713,16.097549968793032,16.10625154631329,0.0,4187000
2021-06-21,0.0,16.402101516723633,0.0,16.445607752555436,16.141059122763266,16.158462280958595,0.0,3340200
2021-06-22,0.0,16.428205490112305,0.0,16.497816467032656,16.39340083148043,16.428205490112305,0.0,3515400
2021-06-23,0.0,16.532621383666992,0.0,16.6718433257043,16.532621383666992,16.593530775851256,0.0,2234300
2021-06-24,0.0,16.593530654907227,0.0,16.593530654907227,16.419504058457235,16.454308713884654,0.0,2091300
2021-06-25,0.0,16.5239200592041,0.0,16.63703892613607,16.33249030087002,16.62833734716773,0.0,4566600
2021-06-28,0.0,16.515220642089844,0.0,16.558728542626774,16.480415981317005,16.532623802304617,0.0,3188400
2021-06-29,0.0,16.593530654907227,0.0,16.66314162541851,16.52391968439594,16.58482907613626,0.0,1575100
2021-06-30,0.0,16.75015640258789,0.0,16.82846895490498,16.48911566796861,16.567428220285695,0.0,2906700
2021-07-01,0.0,16.811065673828125,0.0,17.04600332906239,16.784962596350876,17.037301750017807,0.0,4725900
2021-07-02,0.0,16.967689514160156,0.0,16.976391092556952,16.75885661160618,16.854572314314563,0.0,1730200
2021-07-06,0.0,16.506515502929688,0.0,16.90677980328292,16.393398305236847,16.845870415320903,0.0,3977200
2021-07-07,0.0,16.306385040283203,0.0,16.576127341013073,16.193267836640494,16.523919528536165,0.0,3163300
2021-07-08,0.0,16.445606231689453,0.0,16.454307809982406,16.22807175333468,16.297682720021953,0.0,4342400
2021-07-09,0.0,16.63703727722168,0.0,16.663140351883115,16.532619999606958,16.532619999606958,0.0,2181600
2021-07-12,0.0,16.663143157958984,0.0,16.663143157958984,16.471713386360904,16.523921204131906,0.0,2063700
2021-07-13,0.0,16.8023624420166,0.0,16.854571911148515,16.64573735393354,16.6892452448768,0.0,2406200
2021-07-14,0.0,16.63703727722168,0.0,16.889376403668077,16.54132157771288,16.854571750900718,0.0,1751100
2021-07-15,0.0,16.550024032592773,0.0,16.680544391783535,16.541322454025867,16.55872561115968,0.0,2706400
2021-07-16,0.0,16.550024032592773,0.0,16.68924597035044,16.48041306371394,16.67184281321663,0.0,2345400
2021-07-19,0.0,15.888718605041504,0.0,16.315085986325375,15.819107637886104,16.315085986325375,0.0,4636800
2021-07-20,0.0,16.123659133911133,0.0,16.13236071382354,15.827812055515944,15.940929275063906,0.0,6219100
2021-07-21,0.0,16.445606231689453,0.0,16.489114123154224,16.22807175333468,16.288981141729,0.0,2844600
2021-07-22,0.0,16.576128005981445,0.0,16.628337480209225,16.39339982515372,16.480413955876852,0.0,2426000
2021-07-23,0.0,16.663143157958984,0.0,16.67184473753025,16.576129021902908,16.619636919759248,0.0,2245300
2021-07-26,0.0,16.784961700439453,0.0,16.784961700439453,16.619635026729807,16.62833660530994,0.0,1425900
2021-07-27,0.0,16.689245223999023,0.0,16.84587031188615,16.628335836410994,16.79366084281955,0.0,2214200
2021-07-28,0.0,16.767559051513672,0.0,16.82846844376437,16.732752736138153,16.758857472669792,0.0,1190700
2021-07-29,0.0,17.063405990600586,0.0,17.063405990600586,16.88937773408619,16.915482470460283,0.0,1740300
2021-07-30,0.0,16.967689514160156,0.0,17.037300481678148,16.924183281832555,17.002495827747342,0.0,4256400
2021-08-02,0.0,16.784961700439453,0.0,17.002496185973467,16.663141259974044,16.932883557332424,0.0,4450600
2021-08-03,0.0,16.706649780273438,0.0,16.706649780273438,16.506516784727513,16.558726258168956,0.0,2634300
2021-08-04,0.0,16.436904907226562,0.0,16.60223157803306,16.419503410028288,16.506515874988814,0.0,2168900
2021-08-05,0.0,16.680545806884766,0.0,16.680545806884766,16.50651754009571,16.50651754009571,0.0,2162400
2021-08-06,0.0,16.541322708129883,0.0,16.74145403927385,16.523919550728728,16.71534930317212,0.0,1488200
2021-08-09,0.0,16.306385040283203,0.0,16.332489776349878,16.175864679262713,16.306385040283203,0.0,2152000
2021-08-10,0.0,16.602231979370117,0.0,16.645738212902085,16.402100649672775,16.410802228310455,0.0,2366600
2021-08-11,0.0,16.75015640258789,0.0,16.75015640258789,16.445607772427717,16.49781558742027,0.0,1448800
2021-08-12,0.0,16.689245223999023,0.0,16.750154611587053,16.55002329246743,16.654438911287954,0.0,2008900
2021-08-13,0.0,16.593530654907227,0.0,16.76755891101367,16.593530654907227,16.715349438387864,0.0,1434400
2021-08-16,0.0,16.550024032592773,0.0,16.584828687203984,16.349892704523178,16.454308328013223,0.0,1929200
2021-08-17,0.0,16.367294311523438,0.0,16.550024143338383,16.34119123530446,16.44560685949321,0.0,2169600
2021-08-18,0.0,16.175865173339844,0.0,16.436905903354077,16.167163594385173,16.41950440510122,0.0,3905400
2021-08-19,0.0,15.949627876281738,0.0,15.967031032856404,15.775599629847804,15.906121644501434,0.0,5361400
2021-08-20,0.0,15.575469970703125,0.0,15.819109209784934,15.566768391487004,15.749498235712494,0.0,3023100
2021-08-23,0.0,16.14105796813965,0.0,16.14105796813965,15.98443453455504,15.98443453455504,0.0,4885800
2021-08-24,0.0,16.48041343688965,0.0,16.49781493476108,16.262878946760477,16.28028044463191,0.0,4642200
2021-08-25,0.0,16.628337860107422,0.0,16.663142517397937,16.45430959468523,16.515218989686037,0.0,2171600
2021-08-26,0.0,16.49781608581543,0.0,16.602233378611473,16.419505190789103,16.51521924455753,0.0,1958000
2021-08-27,0.0,16.706649780273438,0.0,16.71534969952387,16.593530914140114,16.593530914140114,0.0,2471300
2021-08-30,0.0,16.767559051513672,0.0,16.78496220920143,16.6370386881684,16.732752736138153,0.0,2648900
2021-08-31,0.0,16.689245223999023,0.0,16.75885618976482,16.628335836410994,16.680543645821256,0.0,2700500
2021-09-01,0.0,16.61093521118164,0.0,16.680546187554558,16.497816337290285,16.541324234808727,0.0,7318700
2021-09-02,0.0,16.8023624420166,0.0,16.932882795533704,16.8023624420166,16.828467176582556,0.0,1881600
2021-09-03,0.0,16.819765090942383,0.0,16.924182366399606,16.811063513016258,16.854571402646886,0.0,3186600
2021-09-07,0.0,16.628337860107422,0.0,16.758858229345794,16.619636280870658,16.689247255108228,0.0,3736200
2021-09-08,0.0,16.75015640258789,0.0,16.863273611681176,16.706650166703515,16.845872113121334,0.0,3000900
2021-09-09,0.0,16.628337860107422,0.0,16.828469203583364,16.567428465106616,16.637039439344186,0.0,1693000
2021-09-10,0.0,16.84587287902832,0.0,16.90678227589833,16.811066561013117,16.87197595788313,0.0,2815100
2021-09-13,0.0,16.976390838623047,0.0,17.00249557342296,16.889376715613025,16.96768926035641,0.0,1456200
2021-09-14,0.0,16.967689514160156,0.0,17.046002060074944,16.898078546642164,17.028598903281353,0.0,1092200
2021-09-15,0.0,17.246135711669922,0.0,17.341851427295538,17.20262947347097,17.220032632613194,0.0,2364100
2021-09-16,0.0,17.12431526184082,0.0,17.159119917104626,16.993794900202783,17.141718419300943,0.0,1259400
2021-09-17,0.0,16.985092163085938,0.0,17.07210628479573,16.950285850539487,17.07210628479573,0.0,1424600
2021-09-20,0.0,16.784961700439453,0.0,16.85457266942408,16.654439681393914,16.79366161936317,0.0,3369700
2021-09-21,0.0,16.8023624420166,0.0,16.811064020205254,16.602231122646618,16.776259367106984,0.0,1375600
2021-09-22,0.0,16.99379539489746,0.0,17.072107946091275,16.889378106753544,16.985093815914095,0.0,1149600
2021-09-23,0.0,17.25483512878418,0.0,17.263536707264766,17.04600222421925,17.054703802699837,0.0,1654100
2021-09-24,0.0,17.333148956298828,0.0,17.3679536131367,17.176523851387106,17.202628588757896,0.0,2758100
2021-09-27,0.0,17.568086624145508,0.0,17.61159286013293,17.524578728501567,17.524578728501567,0.0,3089100
2021-09-28,0.0,17.428865432739258,0.0,17.71601091780765,17.411462273727455,17.69860775879585,0.0,2147400
2021-09-29,0.0,17.446266174316406,0.0,17.550683464195274,17.385356780077284,17.428864675717026,0.0,2426900
2021-09-30,0.0,17.559385299682617,0.0,17.672502510684378,17.289642981404157,17.341850797277544,0.0,4267200
2021-10-01,0.0,17.794321060180664,0.0,17.80302097884997,17.55068184603107,17.620292812980043,0.0,8733700
2021-10-04,0.0,18.08146858215332,0.0,18.177182635411427,17.95094655194003,17.95094655194003,0.0,3955800
2021-10-05,0.0,18.30770492553711,0.0,18.333808004225105,18.177182893470814,18.194586052367196,0.0,2653400
2021-10-06,0.0,18.003154754638672,0.0,18.107570379836776,17.933543784621122,18.107570379836776,0.0,3903400
2021-10-07,0.0,18.22939109802246,0.0,18.22939109802246,17.890036161851178,18.011856605968045,0.0,4295600
2021-10-08,0.0,18.290300369262695,0.0,18.394715995350488,18.229390977435408,18.316403445956418,0.0,2336300
2021-10-11,0.0,18.412120819091797,0.0,18.533939613770162,18.412120819091797,18.473030216430978,0.0,4404100
2021-10-12,0.0,18.412120819091797,0.0,18.542641193340987,18.368614580894267,18.473030216430978,0.0,4446800
2021-10-13,0.0,18.51653480529785,0.0,18.52523638331367,18.325103408262517,18.403415950748553,0.0,4128200
2021-10-14,0.0,18.707963943481445,0.0,18.725367098955672,18.560040441263016,18.690560788007218,0.0,3869900
2021-10-15,0.0,18.864591598510742,0.0,18.925500991328605,18.81238378461779,18.881994756360555,0.0,2904700
2021-10-18,0.0,18.751474380493164,0.0,19.00381521252803,18.751474380493164,18.96030897373556,0.0,6736000
2021-10-19,0.0,18.794981002807617,0.0,18.855890396844117,18.638355898338606,18.70796687147411,0.0,4928600
2021-10-20,0.0,19.003812789916992,0.0,19.01251436849753,18.69056259964324,18.716667335384855,0.0,3467000
2021-10-21,0.0,18.7166690826416,0.0,18.82978629543561,18.533939234704732,18.786280058127893,0.0,3270900
2021-10-22,0.0,18.803682327270508,0.0,18.855890141501018,18.62965406696015,18.803682327270508,0.0,2690800
2021-10-25,0.0,18.899394989013672,0.0,18.995110691121845,18.88199349198558,18.942902880724827,0.0,1764100
2021-10-26,0.0,18.925500869750977,0.0,18.977708683308546,18.847188319586387,18.899396133143956,0.0,1605300
2021-10-27,0.0,18.57744598388672,0.0,18.83848671091812,18.57744598388672,18.725369505112905,0.0,4256900
2021-10-28,0.0,18.673158645629883,0.0,18.681860223839095,18.481728903996274,18.60354767961254,0.0,4941600
2021-10-29,0.0,18.57744598388672,0.0,18.655758533927433,18.438224041515777,18.57744598388672,0.0,2848900
2021-11-01,0.0,18.7166690826416,0.0,18.760175319949322,18.66446126594103,18.7166690826416,0.0,3896300
2021-11-02,0.0,18.768875122070312,0.0,18.81238301491473,18.629653184281008,18.655757919987657,0.0,3542900
2021-11-03,0.0,18.290300369262695,0.0,18.55134109413863,18.272897211695913,18.473028544744558,0.0,3420100
2021-11-04,0.0,18.177181243896484,0.0,18.690562767154496,18.09886869562618,18.673159609837445,0.0,4825300
2021-11-05,0.0,18.429521560668945,0.0,18.473027793159375,18.15107768955487,18.255493311394456,0.0,6198600
2021-11-08,0.0,18.542638778686523,0.0,18.551340357124218,18.42081999987161,18.438223156746997,0.0,1272300
2021-11-09,0.0,18.690563201904297,0.0,18.690563201904297,18.43822405356326,18.533938101720533,0.0,2392600
2021-11-10,0.0,18.455625534057617,0.0,18.734071078372803,18.39471614174558,18.664460107208125,0.0,3514600
2021-11-11,0.0,18.586149215698242,0.0,18.690564851934404,18.507836658692813,18.586149215698242,0.0,1683700
2021-11-12,0.0,18.560043334960938,0.0,18.62965430805465,18.499133940961006,18.499133940961006,0.0,4009100
2021-11-15,0.0,18.568744659423828,0.0,18.577446238398284,18.38601482027327,18.42952271514554,0.0,2165300
2021-11-16,0.0,18.542638778686523,0.0,18.629652903407056,18.481729389279067,18.551340357124218,0.0,1567400
2021-11-17,0.0,18.3773136138916,0.0,18.59484809404836,18.307702646627696,18.525237126784454,0.0,2240100
2021-11-18,0.0,18.438222885131836,0.0,18.464325960404,18.316402448455083,18.429521306822327,0.0,1305500
2021-11-19,0.0,18.142377853393555,0.0,18.342509197518975,18.11627311559855,18.316404459723966,0.0,2124100
2021-11-22,0.0,18.27289581298828,0.0,18.35120835638788,18.16847853523671,18.16847853523671,0.0,3914700
2021-11-23,0.0,18.60354995727539,0.0,18.612251536549948,18.368613955488474,18.368613955488474,0.0,1886500
2021-11-24,0.0,18.533939361572266,0.0,18.63835665534474,18.516537862324004,18.56874567938195,0.0,3841000
2021-11-26,0.0,17.428865432739258,0.0,17.924843846979517,17.246135582428504,17.924843846979517,0.0,7161900
2021-11-29,0.0,17.428865432739258,0.0,17.837829711577093,17.350552876842734,17.811724973059388,0.0,4303700
2021-11-30,0.0,16.950288772583008,0.0,17.23743426196662,16.715351101362796,17.150420125256545,0.0,12056800
2021-12-01,0.0,16.8023624420166,0.0,17.22872981532252,16.750154632541026,17.1852235840356,0.0,10483200
2021-12-02,0.0,16.950288772583008,0.0,17.072109227839757,16.706651181382743,16.776262158819478,0.0,6338000
2021-12-03,0.0,16.967689514160156,0.0,17.25483496262892,16.880675389848573,17.202627151904522,0.0,3766900
2021-12-06,0.0,17.263538360595703,0.0,17.307044597508845,16.967691302547983,17.00249761980374,0.0,3801500
2021-12-07,0.0,17.524578094482422,0.0,17.61159222296571,17.40275931039969,17.43756562565559,0.0,2440200
2021-12-08,0.0,17.7595157623291,0.0,17.7595157623291,17.58548750517792,17.594189084001123,0.0,2916900
2021-12-09,0.0,17.48977279663086,0.0,17.66379938755045,17.48977279663086,17.628994733229092,0.0,3384400
2021-12-10,0.0,17.689903259277344,0.0,17.698604837346906,17.576786063685677,17.585485982098923,0.0,2684600
2021-12-13,0.0,17.602890014648438,0.0,17.733410372877557,17.568085360293658,17.689904140019983,0.0,4733600
2021-12-14,0.0,17.446266174316406,0.0,17.507177228212047,17.359253702349957,17.446266174316406,0.0,3595500
2021-12-15,0.0,17.533281326293945,0.0,17.533281326293945,17.28964373515889,17.402760951092077,0.0,2233000
2021-12-16,0.0,17.637697219848633,0.0,17.750814426787695,17.559384669022943,17.60289090407878,0.0,3215400
2021-12-17,0.0,17.428865432739258,0.0,17.568087385520503,17.420163853233355,17.5506842265087,0.0,3608500
2021-12-20,0.0,17.30704116821289,0.0,17.32444432339243,17.03729890155495,17.220028711627652,0.0,3943100
2021-12-21,0.0,17.672502517700195,0.0,17.672502517700195,17.463669594467206,17.498475911500975,0.0,2507200
2021-12-22,0.0,17.881336212158203,0.0,17.89873937142569,17.707309598453186,17.7334126776978,0.0,2203800
2021-12-23,0.0,17.97705078125,0.0,18.011857097563773,17.82912725622948,17.88133507104363,0.0,2437900
2021-12-27,0.0,18.20328712463379,0.0,18.25549494021174,17.942246387087497,17.977051044253955,0.0,2160500
2021-12-28,0.0,18.168481826782227,0.0,18.272899123450863,18.15978190674508,18.255495964063318,0.0,2404800
2021-12-29,0.0,18.2554931640625,0.0,18.35120886635663,18.116271229629064,18.14237596470647,0.0,3236600
2021-12-30,0.0,18.168481826782227,0.0,18.325106941956864,18.15108032705131,18.246794384369547,0.0,1705900
2021-12-31,0.0,18.08146858215332,0.0,18.22069053203471,18.02925910620538,18.185884214736085,0.0,3864400
2022-01-03,0.0,18.151079177856445,0.0,18.185883834771328,17.994454072598174,18.029258729513057,0.0,5301200
2022-01-04,0.0,18.36861228942871,0.0,18.394715365228254,18.25549342877603,18.272896585746658,0.0,2987400
2022-01-05,0.0,18.290300369262695,0.0,18.499133281094732,18.290300369262695,18.446925468050836,0.0,7094300
2022-01-06,0.0,18.44692611694336,0.0,18.49043235273425,18.35991198570507,18.44692611694336,0.0,4148100
2022-01-07,0.0,18.48172950744629,0.0,18.49043108593962,18.377313884839154,18.446924853129378,0.0,2781600
2022-01-10,0.0,18.403419494628906,0.0,18.47303047250386,18.307705437336235,18.455627313120967,0.0,3425400
2022-01-11,0.0,18.76017189025879,0.0,18.7775750458629,18.429520232062007,18.52523592822835,0.0,3553900
2022-01-12,0.0,18.908098220825195,0.0,18.934202958134687,18.803682590900255,18.855890405862723,0.0,3003600
2022-01-13,0.0,18.707963943481445,0.0,18.890692096992076,18.69926236574433,18.890692096992076,0.0,2371900
2022-01-14,0.0,18.95160484313965,0.0,18.960306421658224,18.794979749118067,18.821082825017395,0.0,1703400
2022-01-18,0.0,19.09952735900879,0.0,19.14303358966824,19.003811659970427,19.021214816096734,0.0,4818300
2022-01-19,0.0,19.20394515991211,0.0,19.325763947334217,19.17784208241109,19.238751476122143,0.0,3655200
2022-01-20,0.0,19.134334564208984,0.0,19.38667538273483,19.134334564208984,19.2474534344642,0.0,4042200
2022-01-21,0.0,19.151735305786133,0.0,19.247451005514456,19.064721184183682,19.19524153675919,0.0,4165300
2022-01-24,0.0,19.10822868347168,0.0,19.116930262175128,18.821083224883655,19.021216215750076,0.0,5620600
2022-01-25,0.0,19.282257080078125,0.0,19.299660237613047,19.056021011093485,19.09082732616333,0.0,5789900
2022-01-26,0.0,19.325763702392578,0.0,19.51719511980848,19.30836220416462,19.430180990042754,0.0,8802300
2022-01-27,0.0,19.421480178833008,0.0,19.517195891324608,19.29966138813937,19.49109115346602,0.0,3957400
2022-01-28,0.0,19.43888282775879,0.0,19.57810477337471,19.35186869683471,19.552000036200536,0.0,4511200
2022-01-31,0.0,19.50849151611328,0.0,19.534596250230578,19.325761696604815,19.51719309415238,0.0,3132000
2022-02-01,0.0,19.58680534362793,0.0,19.604208500847708,19.412777090742978,19.447583405182538,0.0,6246100
2022-02-02,0.0,19.665119171142578,0.0,19.682522329494844,19.534598802813633,19.682522329494844,0.0,6241600
2022-02-03,0.0,19.70862579345703,0.0,19.752133690190014,19.447585051685373,19.473688130068602,0.0,3387700
2022-02-04,0.0,19.865249633789062,0.0,19.943562183250837,19.81304182070003,19.830444978281857,0.0,5460400
2022-02-07,0.0,19.908756256103516,0.0,19.91745783506402,19.80434062789042,19.847846863036462,0.0,3394100
2022-02-08,0.0,19.73472785949707,0.0,19.78693566885137,19.630310581132136,19.760830934346053,0.0,3238600
2022-02-09,0.0,19.93486213684082,0.0,19.94356371630062,19.769535446417795,19.769535446417795,0.0,4822700
2022-02-10,0.0,19.8304443359375,0.0,20.126289706963345,19.795638021901283,19.926158380224297,0.0,4868300
2022-02-11,0.0,20.12628936767578,0.0,20.195900334918317,19.86524865543036,19.882651812155085,0.0,6965000
2022-02-14,0.0,20.2307071685791,0.0,20.32642287336996,19.978366368550994,20.013172682895455,0.0,5164900
2022-02-15,0.0,19.900054931640625,0.0,19.934859585368578,19.752131419069997,19.934859585368578,0.0,4104400
2022-02-16,0.0,19.926156997680664,0.0,20.213302429930742,19.917455419775354,20.065378924853047,0.0,3950600
2022-02-17,0.0,20.09148597717285,0.0,20.11759071390133,19.93486087611495,19.978367111005934,0.0,3057600
2022-02-18,0.0,20.169797897338867,0.0,20.24811044542033,19.952263410369564,20.004471222538395,0.0,3306300
2022-02-22,0.0,20.456945419311523,0.0,20.622272110805202,20.378632863322757,20.57876421322445,0.0,4654800
2022-02-23,0.0,20.648372650146484,0.0,20.752789931841384,20.50915071432421,20.535255449662035,0.0,4004400
2022-02-24,0.0,20.735389709472656,0.0,21.51851362421666,20.54395993553952,21.51851362421666,0.0,13349400
2022-02-25,0.0,20.422136306762695,0.0,20.517852008686404,20.21330340592072,20.439539463413617,0.0,8694300
2022-02-28,0.0,20.77019500732422,0.0,20.874610639007845,20.665777715984053,20.787596506167127,0.0,10291900
2022-03-01,0.0,21.605525970458984,0.0,21.640332286283538,21.266172689452016,21.300977345620083,0.0,11819800
2022-03-02,0.0,22.31033706665039,0.0,22.44085909015018,21.77085245352295,22.031893181209586,0.0,11672700
2022-03-03,0.0,22.55397605895996,0.0,22.893329333313712,22.284233755234066,22.37124622377655,0.0,15822800
2022-03-04,0.0,23.502426147460938,0.0,23.65034966483614,22.928135235217553,23.1717727981957,0.0,17301000
2022-03-07,0.0,24.015810012817383,0.0,24.172435124107345,23.554636258425447,23.71126136971541,0.0,18127300
2022-03-08,0.0,24.424772262573242,0.0,24.720619301635754,23.62424527328464,24.43347384132878,0.0,19913800
2022-03-09,0.0,22.484363555908203,0.0,23.371904615665294,21.57941933976615,23.27618891520433,0.0,16680700
2022-03-10,0.0,22.21462059020996,0.0,22.936834961503653,22.066697084780827,22.884625493947755,0.0,8655500
2022-03-11,0.0,22.597482681274414,0.0,22.736704624920844,22.284234137898185,22.388649765804765,0.0,7746400
2022-03-14,0.0,21.936176300048828,0.0,22.21462183025455,21.77955286760711,22.07539989497988,0.0,8335900
2022-03-15,0.0,21.396692276000977,0.0,21.666434575201237,21.179157788981573,21.34448446382012,0.0,12507400
2022-03-16,0.0,21.21396255493164,0.0,21.796955049581676,21.11824850870844,21.69253942467338,0.0,8001000
2022-03-17,0.0,22.232025146484375,0.0,22.327740857188477,21.97098441139966,21.988387569647045,0.0,6045000
2022-03-18,0.0,22.336441040039062,0.0,22.362545775778308,22.110204975934842,22.223323837815162,0.0,3562600
2022-03-21,0.0,23.171772003173828,0.0,23.189175159834146,22.815015589919177,22.841120324909653,0.0,4170600
2022-03-22,0.0,23.119564056396484,0.0,23.241382832986986,22.90202957839553,23.15437036951169,0.0,4452500
2022-03-23,0.0,23.69385528564453,0.0,23.833077220791004,23.56333492890176,23.59814124251657,0.0,3406900
2022-03-24,0.0,23.458919525146484,0.0,23.728663498279897,23.380608632558655,23.711260340079708,0.0,4595200
2022-03-25,0.0,23.632949829101562,0.0,23.780873367266864,23.302298093020884,23.389310572224403,0.0,4694700
2022-03-28,0.0,22.606184005737305,0.0,23.189176510565314,22.54527461353469,23.04125298964906,0.0,5249700
2022-03-29,0.0,22.693199157714844,0.0,22.70190073694422,22.023192493961776,22.11020662659899,0.0,5106800
2022-03-30,0.0,23.102163314819336,0.0,23.23268534298909,22.98904610468295,23.08476181609903,0.0,3669100
2022-03-31,0.0,22.67579460144043,0.0,23.14566989292271,22.58878047416707,22.962940059683014,0.0,4881900
2022-04-01,0.0,22.82371711730957,0.0,22.919432819071318,22.675793605339763,22.710599918582712,0.0,5282100
2022-04-04,0.0,23.258787155151367,0.0,23.354502861358583,23.058655823678496,23.284891891296,0.0,4628700
2022-04-05,0.0,23.06735610961914,0.0,23.572036029202977,23.01514829991222,23.467618750132786,0.0,6250400
2022-04-06,0.0,22.884628295898438,0.0,23.476322390060872,22.728004853022934,23.371906761477202,0.0,3825000
2022-04-07,0.0,22.962942123413086,0.0,22.989046861838116,22.571381004977162,22.910734306219613,0.0,3891900
2022-04-08,0.0,23.25008773803711,0.0,23.28489405613262,22.91073443488881,22.95424067285161,0.0,6044100
2022-04-11,0.0,23.058656692504883,0.0,23.13696924423308,22.867226932534013,23.00644887790492,0.0,3558800
2022-04-12,0.0,23.746065139770508,0.0,23.780869794291334,23.49372434095481,23.53723057401994,0.0,4192300
2022-04-13,0.0,24.268150329589844,0.0,24.27685190948033,23.719964073742386,23.95490175181558,0.0,6133800
2022-04-14,0.0,24.450878143310547,0.0,24.563995353114322,24.050613800102877,24.146329511237507,0.0,5547100
2022-04-18,0.0,24.72932243347168,0.0,25.016467911812306,24.616205221858454,24.71191927486763,0.0,7531200
2022-04-19,0.0,24.0941219329834,0.0,24.250747040142397,23.954899984321298,24.250747040142397,0.0,5921200
2022-04-20,0.0,24.120223999023438,0.0,24.19853654931706,23.806975457505427,24.172433472323497,0.0,4145300
2022-04-21,0.0,24.085418701171875,0.0,24.276848452533635,23.902688868805097,24.146328092075326,0.0,4061200
2022-04-22,0.0,23.62424659729004,0.0,23.954899969905956,23.615545018046827,23.86788583713037,0.0,4307600
2022-04-25,0.0,23.450218200683594,0.0,23.48502285534214,22.849822556001822,22.94553826071155,0.0,6128600
2022-04-26,0.0,23.77216911315918,0.0,23.876586399976272,23.33710012745815,23.589440935799853,0.0,5365400
2022-04-27,0.0,23.9374942779541,0.0,24.015806823198133,23.59814102166754,23.641647253622505,0.0,3375100
2022-04-28,0.0,24.137624740600586,0.0,24.17243105264983,23.780868340377367,23.885285616868792,0.0,4675300
2022-04-29,0.0,23.954896926879883,0.0,24.416068950591,23.91138903619069,24.285548597836087,0.0,4323400
2022-05-02,0.0,24.320356369018555,0.0,24.32905628802185,23.572037200846776,23.71996071874919,0.0,5788200
2022-05-03,0.0,23.981000900268555,0.0,24.311654243271544,23.876585278014428,24.12892441484223,0.0,2453000
2022-05-04,0.0,24.72932243347168,0.0,24.772828670325257,24.294253426309727,24.485683191984627,0.0,5276000
2022-05-05,0.0,24.59880256652832,0.0,24.95555902692758,24.407371137280318,24.92945428848742,0.0,4150300
2022-05-06,0.0,24.624902725219727,0.0,24.738021585389873,24.355160431951237,24.624902725219727,0.0,6719000
2022-05-09,0.0,23.511127471923828,0.0,24.18983400106175,23.458918000715986,24.14632776804495,0.0,9241900
2022-05-10,0.0,23.371904373168945,0.0,23.78957016413653,23.34579963886235,23.6590498119162,0.0,4717900
2022-05-11,0.0,23.946197509765625,0.0,24.111522530335314,23.91139119407318,23.92009277299629,0.0,4105400
2022-05-12,0.0,24.059314727783203,0.0,24.085419464564833,23.68515513219559,23.798273998592837,0.0,4377500
2022-05-13,0.0,24.38996696472168,0.0,24.424771619170553,24.102821511978753,24.242043449087056,0.0,3611100
2022-05-16,0.0,24.790231704711914,0.0,24.82503802174561,24.407370515623978,24.45957999117452,0.0,7230300
2022-05-17,0.0,24.52048683166504,0.0,24.903347980864666,24.51178525331319,24.79022912194696,0.0,4522600
2022-05-18,0.0,23.989702224731445,0.0,24.67711197919452,23.9200912574136,24.59009785513312,0.0,3436700
2022-05-19,0.0,24.294252395629883,0.0,24.389968104234885,23.806975592984973,23.815677171917834,0.0,3482800
2022-05-20,0.0,24.329055786132812,0.0,24.46827938215986,24.155029195497697,24.33775736461303,0.0,2389600
2022-05-23,0.0,24.51178741455078,0.0,24.563995229608754,24.25944659906696,24.398670205315753,0.0,2386600
2022-05-24,0.0,24.494382858276367,0.0,24.598800142089132,24.363862498252725,24.494382858276367,0.0,2591300
2022-05-25,0.0,24.668411254882812,0.0,24.668411254882812,24.372564218625165,24.503084579407908,0.0,2312600
2022-05-26,0.0,24.938154220581055,0.0,25.033869928882183,24.581397783748724,24.63360559752367,0.0,3468200
2022-05-27,0.0,25.2340030670166,0.0,25.25140622607006,24.859843445650267,24.90335134328391,0.0,2431600
2022-05-31,0.0,25.059972763061523,0.0,25.695174739735663,24.868543007971066,25.616862190004007,0.0,3508300
2022-06-01,0.0,25.181795120239258,0.0,25.39062804883888,25.146988802311025,25.286210754710776,0.0,3099400
2022-06-02,0.0,25.756084442138672,0.0,25.76478602106441,25.286209138087614,25.42543108158649,0.0,3133500
2022-06-03,0.0,25.999723434448242,0.0,25.999723434448242,25.57335600172277,25.642966977276796,0.0,2228600
2022-06-06,0.0,26.11284065246582,0.0,26.182451623609204,25.921410896735633,26.025826523622474,0.0,3154800
2022-06-07,0.0,26.286867141723633,0.0,26.29556872053761,25.97361860270283,26.025826415930222,0.0,3388300
2022-06-08,0.0,26.521806716918945,0.0,26.62622401061365,26.304272209740166,26.33037694807799,0.0,5112500
2022-06-09,0.0,26.565311431884766,0.0,26.66102547501135,26.330373793957335,26.330373793957335,0.0,3821700
2022-06-10,0.0,26.304269790649414,0.0,26.443491729667663,26.069332146184962,26.408687074741312,0.0,3215800
2022-06-13,0.0,26.0084228515625,0.0,26.26946523292999,25.56465229692856,26.095436978684997,0.0,6268600
2022-06-14,0.0,25.72127914428711,0.0,26.182452887662155,25.538550958585038,26.06933401680764,0.0,5818200
2022-06-15,0.0,25.73868179321289,0.0,26.034528843911836,25.660369240989255,25.75608495140848,0.0,5532800
2022-06-16,0.0,25.85179901123047,0.0,25.982321038086607,25.512445724580143,25.71257706493,0.0,4229000
2022-06-17,0.0,24.929452896118164,0.0,25.616862699739634,24.711918400236407,25.582056383763437,0.0,6746300
2022-06-21,0.0,24.86854362487793,0.0,25.277507881666608,24.78152949416684,25.086078121827406,0.0,4766800
2022-06-22,0.0,24.424772262573242,0.0,24.659709910003432,24.041911095611795,24.10282214690056,0.0,8211800
2022-06-23,0.0,23.8765869140625,0.0,24.511787248544934,23.867885335002352,24.450877854780387,0.0,8788400
2022-06-24,0.0,24.102821350097656,0.0,24.242043286270906,23.84177897503052,24.0071056466074,0.0,3507100
2022-06-27,0.0,24.050613403320312,0.0,24.215940085373553,23.815677408425866,24.024510325918985,0.0,6080400
2022-06-28,0.0,24.337757110595703,0.0,24.372563424153284,24.041910083981776,24.111521051440562,0.0,2065800
2022-06-29,0.0,23.92009162902832,0.0,24.57269508014292,23.91139005052136,24.47697937622273,0.0,1902000
2022-06-30,0.0,23.18047523498535,0.0,23.728663091293413,23.128267420936744,23.69385677549002,0.0,5156300
2022-07-01,0.0,23.293596267700195,0.0,23.54593544211322,23.14567273109372,23.493727623209946,0.0,7726200
2022-07-05,0.0,21.727346420288086,0.0,22.68449860322225,21.605527624886932,22.68449860322225,0.0,10118900
2022-07-06,0.0,21.4053955078125,0.0,21.744748802681496,21.170457845369402,21.65773466922221,0.0,8203400
2022-07-07,0.0,22.29293441772461,0.0,22.475662585740984,21.988385811374265,21.997087389802147,0.0,4708300
2022-07-08,0.0,22.684494018554688,0.0,22.719300330009954,22.266828239029163,22.501765862383373,0.0,3934600
2022-07-11,0.0,22.6409912109375,0.0,22.762810000130532,22.46696294667043,22.701900605534014,0.0,3606800
2022-07-12,0.0,21.614227294921875,0.0,22.171115064305862,21.588122558360826,22.057997858520917,0.0,6427300
2022-07-13,0.0,21.736045837402344,0.0,22.023191297748976,21.60552547536414,21.675136445761613,0.0,2853400
2022-07-14,0.0,21.53591537475586,0.0,21.640332664397484,21.039936983185314,21.29227613869642,0.0,4524900
2022-07-15,0.0,21.81435775756836,0.0,21.901371882970377,21.570720198030397,21.736045210672188,0.0,3972800
2022-07-18,0.0,22.223325729370117,0.0,22.510471208316766,22.17981783276817,22.362547679183248,0.0,1735000
2022-07-19,0.0,22.31033706665039,0.0,22.362546539912895,21.979685367603555,21.979685367603555,0.0,3203200
2022-07-20,0.0,22.29293441772461,0.0,22.379946882690664,22.145010903763378,22.249426525585196,0.0,1915200
2022-07-21,0.0,21.91877555847168,0.0,22.066699077257322,21.75344888226268,21.823059852299664,0.0,6044500
2022-07-22,0.0,21.657733917236328,0.0,22.101504488779458,21.649032338226874,21.857866915140757,0.0,1279800
2022-07-25,0.0,22.049293518066406,0.0,22.075398251357925,21.788252823776258,21.91877317092133,0.0,5301100
2022-07-26,0.0,22.092802047729492,0.0,22.449558474914284,22.049295814036295,22.388649083881237,0.0,6002000
2022-07-27,0.0,22.597482681274414,0.0,22.649692154884185,22.162413692465197,22.301635636111627,0.0,2638200
2022-07-28,0.0,22.614887237548828,0.0,22.788915507696245,22.466963705820497,22.771512348750186,0.0,2202400
2022-07-29,0.0,22.719303131103516,0.0,23.154372119996918,22.701899973230223,22.92813604661357,0.0,2209000
2022-08-01,0.0,22.258129119873047,0.0,22.319038511991742,22.00578997257325,22.14501191446068,0.0,4076300
2022-08-02,0.0,22.14501190185547,0.0,22.484365177555862,22.12760874421533,22.284233843663653,0.0,2800000
2022-08-03,0.0,21.95357894897461,0.0,22.3886479015567,21.814357016920848,22.319036935529816,0.0,3368500
2022-08-04,0.0,21.71864128112793,0.0,21.97968364804869,21.614225662084696,21.831760138023828,0.0,5345100
2022-08-05,0.0,21.64033317565918,0.0,21.95358173267164,21.414097092471174,21.44020017075589,0.0,3481600
2022-08-08,0.0,21.901371002197266,0.0,21.91007258035317,21.596822405365966,21.596822405365966,0.0,2992600
2022-08-09,0.0,22.0841007232666,0.0,22.28423371566573,21.997088254878623,22.127608617117044,0.0,2038500
2022-08-10,0.0,22.388648986816406,0.0,22.449558377585383,21.901372201008154,22.118906687843893,0.0,2280800
2022-08-11,0.0,22.82371711730957,0.0,22.902029662449845,22.536571671680694,22.658392108374652,0.0,5550100
2022-08-12,0.0,22.7018985748291,0.0,22.788912699179146,22.536571904529655,22.675793839627175,0.0,2575200
2022-08-15,0.0,22.4234561920166,0.0,22.449559269293605,21.997088780041793,22.03189343629663,0.0,3170400
2022-08-16,0.0,22.17111587524414,0.0,22.614886455074686,22.101504901525026,22.49306766598037,0.0,2842600
2022-08-17,0.0,22.258129119873047,0.0,22.388649482935456,22.075400943516968,22.197219727754355,0.0,2840700
2022-08-18,0.0,22.597482681274414,0.0,22.667093653097627,22.362546688656362,22.44955915869302,0.0,4864500
2022-08-19,0.0,22.58877944946289,0.0,22.780210852711587,22.4060512841688,22.53657163932977,0.0,3590800
2022-08-22,0.0,22.78891372680664,0.0,22.806315224736238,22.2668306168203,22.46696195009052,0.0,3868200
2022-08-23,0.0,23.163074493408203,0.0,23.28489328338657,22.989046228019223,22.989046228019223,0.0,4384600
2022-08-24,0.0,23.40671157836914,0.0,23.40671157836914,23.076059872710413,23.241384895711523,0.0,3093500
2022-08-25,0.0,23.076059341430664,0.0,23.47632201062633,23.015149949131885,23.47632201062633,0.0,2066000
2022-08-26,0.0,23.171772003173828,0.0,23.24138297015873,22.928134448554868,23.067356382524665,0.0,3105500
2022-08-29,0.0,23.511127471923828,0.0,23.52853062899311,23.136967893216305,23.206578861837027,0.0,6205300
2022-08-30,0.0,22.8585262298584,0.0,23.163074869404454,22.67579638226814,23.084762314673853,0.0,4292100
2022-08-31,0.0,22.37994956970215,0.0,22.728006109980736,22.37994956970215,22.519171521950952,0.0,4977600
2022-09-01,0.0,21.901371002197266,0.0,22.179814864560857,21.85786477107408,22.057996089690867,0.0,8110700
2022-09-02,0.0,22.049293518066406,0.0,22.292932716485133,22.031890362538725,22.214620176266838,0.0,4586500
2022-09-06,0.0,21.91877555847168,0.0,22.188517859907932,21.91877555847168,22.12760846858263,0.0,3453700
2022-09-07,0.0,21.396692276000977,0.0,21.831761250039783,21.38799069736143,21.640331498939023,0.0,7838800
2022-09-08,0.0,21.483707427978516,0.0,21.622929373542323,21.300977587140704,21.501108926431613,0.0,5282300
2022-09-09,0.0,22.092802047729492,0.0,22.110205205069345,21.796955011577747,21.805656590247672,0.0,1327900
2022-09-12,0.0,22.39735221862793,0.0,22.501769510265095,22.25813026954941,22.32774124408867,0.0,1868500
2022-09-13,0.0,22.28423500061035,0.0,22.440860108190293,22.00579110253781,22.336442816584817,0.0,3863300
2022-09-14,0.0,22.37994956970215,0.0,22.493068443189667,22.266832355871216,22.371247990229527,0.0,1561600
2022-09-15,0.0,21.727346420288086,0.0,21.962284091124552,21.622930784131842,21.962284091124552,0.0,2106300
2022-09-16,0.0,21.649032592773438,0.0,21.805657697472178,21.588123198647597,21.736046724234573,0.0,2035500
2022-09-19,0.0,21.71864128112793,0.0,21.744746015716906,21.22266294153172,21.29227390744599,0.0,2213800
2022-09-20,0.0,21.69253921508789,0.0,21.75344860563865,21.50980938377919,21.657732900683786,0.0,1815900
2022-09-21,0.0,21.56201934814453,0.0,21.910074201857604,21.457602062202383,21.866566307858182,0.0,1647700
2022-09-22,0.0,21.622928619384766,0.0,21.96228189240363,21.570720806533352,21.901372500800907,0.0,1770300
2022-09-23,0.0,20.892011642456055,0.0,20.987727344673235,20.77889278353459,20.952921031264673,0.0,3885200
2022-09-26,0.0,20.404735565185547,0.0,20.98772805732389,20.37863082924272,20.804998225036968,0.0,5110900
2022-09-27,0.0,20.622272491455078,0.0,20.89201482280834,20.561361433717714,20.709284968909493,0.0,2834800
2022-09-28,0.0,21.19655990600586,0.0,21.20526148421836,20.72668464046874,20.778892450087415,0.0,2314300
2022-09-29,0.0,21.0660400390625,0.0,21.231366722633837,20.944221250987045,21.187860486794467,0.0,2066100
2022-09-30,0.0,20.80499839782715,0.0,21.1008454356772,20.74408900644445,20.900714104089353,0.0,3947600
2022-10-03,0.0,21.274873733520508,0.0,21.361886201581274,21.118248635560814,21.274873733520508,0.0,6326900
2022-10-04,0.0,21.849164962768555,0.0,21.927477512858914,21.657733547144797,21.683838283727074,0.0,2239800
2022-10-05,0.0,22.240724563598633,0.0,22.24942614187645,21.78825411074665,21.927476043879008,0.0,2753700
2022-10-06,0.0,22.37994956970215,0.0,22.397352728647395,22.1537134823837,22.197221379746818,0.0,2810600
2022-10-07,0.0,22.614887237548828,0.0,22.73670603085807,22.362548071457315,22.388651150219818,0.0,2382200
2022-10-10,0.0,22.362548828125,0.0,22.832422517971313,22.35384724835754,22.701902140772706,0.0,2467600
2022-10-11,0.0,22.04059600830078,0.0,22.292936831057496,21.997089771107966,22.136311721712854,0.0,2530300
2022-10-12,0.0,22.04059600830078,0.0,22.110206983603227,21.910075637065766,22.04059600830078,0.0,2338200
2022-10-13,0.0,22.345142364501953,0.0,22.42345491117268,21.892670241439184,21.892670241439184,0.0,2166400
2022-10-14,0.0,21.901371002197266,0.0,22.223322755340373,21.86656468957365,22.16241170824905,0.0,1559100
2022-10-17,0.0,21.849164962768555,0.0,22.118907268826206,21.81435864732552,22.05799787645736,0.0,2200900
2022-10-18,0.0,21.614227294921875,0.0,21.814358629587186,21.45760219486851,21.736046079560506,0.0,1673600
2022-10-19,0.0,21.605525970458984,0.0,21.701241679320024,21.440199289605328,21.47500560542988,0.0,2062600
2022-10-20,0.0,21.622928619384766,0.0,21.97098347115494,21.56201922778204,21.805656794192938,0.0,1564100
2022-10-21,0.0,21.649032592773438,0.0,21.709943646555793,21.457602831284152,21.535915383633522,0.0,1142900
2022-10-24,0.0,21.709941864013672,0.0,21.857865377455067,21.622927739697023,21.640330896491626,0.0,1166800
2022-10-25,0.0,21.831762313842773,0.0,21.910074865758233,21.68383878907541,21.71864344567311,0.0,892300
2022-10-26,0.0,22.240724563598633,0.0,22.266829298432086,21.91877446560119,21.944877540778283,0.0,4190100
2022-10-27,0.0,22.27553367614746,0.0,22.35384623083325,22.188519542090305,22.27553367614746,0.0,1699500
2022-10-28,0.0,22.014488220214844,0.0,22.127607076694723,21.85786479222601,22.03189137654349,0.0,2783500
2022-10-31,0.0,21.857866287231445,0.0,22.049296040970734,21.718642686736157,21.823059972193512,0.0,3264300
2022-11-01,0.0,22.188518524169922,0.0,22.27553265423522,22.07540131684458,22.27553265423522,0.0,4248500
2022-11-02,0.0,22.388648986816406,0.0,22.562677240147565,22.08410037331509,22.16241292134847,0.0,2158500
2022-11-03,0.0,22.371246337890625,0.0,22.475663624193263,22.14501192693842,22.188518161431585,0.0,2088500
2022-11-04,0.0,23.12826919555664,0.0,23.136970775175158,22.849825286390573,23.032553479409575,0.0,2063000
2022-11-07,0.0,22.92813491821289,0.0,23.223981948872908,22.90203018268769,23.119564666428502,0.0,2093800
2022-11-08,0.0,22.649690628051758,0.0,23.03255011744236,22.54527334752754,22.92813449657451,0.0,1958000
2022-11-09,0.0,22.127609252929688,0.0,22.41475472196761,22.110206094889453,22.371246826867015,0.0,1693200
2022-11-10,0.0,22.327741622924805,0.0,22.414755757489388,22.162414933217747,22.240727488360218,0.0,2431800
2022-11-11,0.0,22.754108428955078,0.0,22.87592887784749,22.606184902173,22.788914745683346,0.0,2817700
2022-11-14,0.0,22.41475486755371,0.0,22.884628520096506,22.41475486755371,22.640990944576725,0.0,1623100
2022-11-15,0.0,22.67579460144043,0.0,22.89332908979561,22.319038173310446,22.423455457969766,0.0,3209900
2022-11-16,0.0,22.4234561920166,0.0,22.493067164182765,22.30163574598345,22.388649876105273,0.0,2226900
2022-11-17,0.0,22.049293518066406,0.0,22.232021672138256,21.95357782232043,22.171112287447638,0.0,2043300
2022-11-18,0.0,21.89267349243164,0.0,21.910076651977537,21.64033431764271,21.666437397304914,0.0,3200500
2022-11-21,0.0,21.81435775756836,0.0,21.875267147452853,21.266171588951543,21.51851072699535,0.0,4164200
2022-11-22,0.0,22.04059600830078,0.0,22.153713220796043,21.970985032998335,22.023192849561028,0.0,3397700
2022-11-23,0.0,21.736045837402344,0.0,21.831761544070037,21.5968238966074,21.753448994915825,0.0,2169000
2022-11-25,0.0,21.54461669921875,0.0,21.910074719160146,21.535915120213417,21.840463746774,0.0,1243200
2022-11-28,0.0,21.414094924926758,0.0,21.60552467148313,21.222663518714,21.248768254012937,0.0,3559600
2022-11-29,0.0,21.69253921508789,0.0,21.81435799618941,21.54461569818329,21.683837636486864,0.0,5141700
2022-11-30,0.0,22.17981719970703,0.0,22.197220357851087,21.918776466172233,22.084101489571236,0.0,2939800
2022-12-01,0.0,22.06669807434082,0.0,22.43215606533927,22.049294917708426,22.36254509846606,0.0,3382400
2022-12-02,0.0,21.831762313842773,0.0,22.0579983905256,21.77955449911797,21.944879522355933,0.0,3957200
2022-12-05,0.0,21.266172409057617,0.0,22.031893090880434,21.222664514850578,21.988386856329857,0.0,4078100
2022-12-06,0.0,20.92681884765625,0.0,21.30968004354796,20.82240321401269,21.240069067900066,0.0,3352600
2022-12-07,0.0,20.822402954101562,0.0,21.057340616351865,20.744090400018127,20.97032648296399,0.0,5676500
2022-12-08,0.0,20.787595748901367,0.0,20.987728745041384,20.69188169995421,20.95292242931043,0.0,3554700
2022-12-09,0.0,20.81369972229004,0.0,20.935518503567316,20.657074626558444,20.822401300903618,0.0,2957900
2022-12-12,0.0,21.039936065673828,0.0,21.100845457118417,20.85720623168362,20.874609389141057,0.0,2660100
2022-12-13,0.0,21.387990951538086,0.0,21.5098097346266,21.344484717479745,21.353186296222702,0.0,2779000
2022-12-14,0.0,21.55331802368164,0.0,21.631630574148254,21.39669292274841,21.4314975787022,0.0,2342400
2022-12-15,0.0,21.29227638244629,0.0,21.501109304463697,21.196562330473643,21.501109304463697,0.0,2802500
2022-12-16,0.0,21.022533416748047,0.0,21.153053781523212,20.952922444890863,20.987728760647695,0.0,3403500
2022-12-19,0.0,20.98314094543457,0.145,21.07943457819261,20.88684898235389,21.03566565585388,0.0,3123500
2022-12-20,0.0,21.079435348510742,0.0,21.123204272448945,20.869341508188,20.913110432126206,0.0,2614500
2022-12-21,0.0,21.350805282592773,0.0,21.368313519163543,21.23700508423745,21.245759202522834,0.0,1882500
2022-12-22,0.0,21.079435348510742,0.0,21.33329978244911,20.965635144464958,21.28077507011036,0.0,2017200
2022-12-23,0.0,21.4646053314209,0.0,21.490866014374024,21.1669720136527,21.1669720136527,0.0,2913300
2022-12-27,0.0,21.65719223022461,0.0,21.770994095558212,20.8343234973653,21.018156637643695,0.0,6148300
2022-12-28,0.0,21.412080764770508,0.0,21.47335958797128,21.21949518659971,21.44709723517095,0.0,2873300
2022-12-29,0.0,21.385822296142578,0.0,21.40333053315577,21.193235028352216,21.2370056208852,0.0,1759900
2022-12-30,0.0,21.578405380249023,0.0,21.595913615222408,21.27201794692354,21.27201794692354,0.0,1848300
2023-01-03,0.0,21.061925888061523,0.0,21.473361095770493,21.00064873023525,21.324544425473544,0.0,3228300
2023-01-04,0.0,20.68550682067871,0.0,20.82557104018656,20.58921486121852,20.790554567890272,0.0,1983700
2023-01-05,0.0,20.580461502075195,0.0,20.70301582027695,20.501676106180536,20.6154763059854,0.0,1700700
2023-01-06,0.0,20.69426155090332,0.0,20.825571656221342,20.615476155583448,20.74678626090147,0.0,1674600
2023-01-09,0.0,20.93937110900879,0.0,21.16697316852465,20.921862872966656,21.00940238350003,0.0,1189300
2023-01-10,0.0,20.93937110900879,0.0,21.070679539970207,20.84307748045435,20.983140029436832,0.0,1469400
2023-01-11,0.0,21.31578826904297,0.0,21.31578826904297,21.044417309041968,21.184479847731335,0.0,1923200
2023-01-12,0.0,21.490867614746094,0.0,21.587161245217494,21.368313299365997,21.490867614746094,0.0,2452100
2023-01-13,0.0,21.70096206665039,0.0,21.727222750293993,21.4558517780209,21.4558517780209,0.0,1514800
2023-01-17,0.0,21.849777221679688,0.0,21.867285457356655,21.665945756103284,21.770993500487837,0.0,1160700
2023-01-18,0.0,21.613422393798828,0.0,22.033610025665148,21.613422393798828,21.963578753687425,0.0,1469600
2023-01-19,0.0,21.832271575927734,0.0,21.911056970117706,21.69220902396275,21.735977945322812,0.0,1241200
2023-01-20,0.0,21.963579177856445,0.0,21.99859397968291,21.797254277568268,21.902302022402186,0.0,1144000
2023-01-23,0.0,22.016103744506836,0.0,22.07738090421694,21.92856422934495,21.998595507538983,0.0,2664600
2023-01-24,0.0,21.8935489654541,0.0,22.05987387380213,21.867286610553673,22.042365637201843,0.0,915600
2023-01-25,0.0,21.832271575927734,0.0,21.90230285191023,21.74473206353029,21.86728637908032,0.0,1151200
2023-01-26,0.0,21.928564071655273,0.0,21.99859534934571,21.823517989958304,21.972334663760147,0.0,1637600
2023-01-27,0.0,21.683454513549805,0.0,21.998594414932175,21.657192159402403,21.989841966560334,0.0,2379200
2023-01-30,0.0,21.403329849243164,0.0,21.70971563879702,21.403329849243164,21.534638283291578,0.0,2528300
2023-01-31,0.0,21.770994186401367,0.0,21.770994186401367,21.40332957398773,21.420836140539002,0.0,1571800
2023-02-01,0.0,21.359560012817383,0.0,21.622178559870775,21.16697441405347,21.604670322798405,0.0,3090900
2023-02-02,0.0,21.201988220214844,0.0,21.53463803021735,21.14946518114819,21.53463803021735,0.0,3591100
2023-02-03,0.0,20.668001174926758,0.0,21.25451375459916,20.659247056462707,21.044419920494065,0.0,2625600
2023-02-06,0.0,20.729276657104492,0.0,20.764291458449957,20.41413509660912,20.694260186081788,0.0,1375700
2023-02-07,0.0,21.12320327758789,0.0,21.131957395898713,20.76429277523084,20.77304689354166,0.0,1057300
2023-02-08,0.0,21.16697120666504,0.0,21.201986005826672,20.974383967406098,21.149462972245658,0.0,822500
2023-02-09,0.0,21.000646591186523,0.0,21.140709129002417,20.9131070876323,21.07067786009447,0.0,2054000
2023-02-10,0.0,21.298280715942383,0.0,21.298280715942383,21.12320170213866,21.12320170213866,0.0,783100
2023-02-13,0.0,21.254512786865234,0.0,21.33329817977716,21.114450237172324,21.140710921691436,0.0,853800
2023-02-14,0.0,21.32454490661621,0.0,21.39457618423739,21.07068048169108,21.114451073752672,0.0,926500
2023-02-15,0.0,21.096942901611328,0.0,21.158220061008066,20.94812622750038,21.114451138489645,0.0,924700
2023-02-16,0.0,21.035663604736328,0.0,21.14946379352717,21.01815536963706,21.035663604736328,0.0,831900
2023-02-17,0.0,20.878093719482422,0.0,20.91310852149854,20.641737544583872,20.685506464523336,0.0,1207900
2023-02-21,0.0,20.904354095458984,0.0,21.079433111990827,20.85183105837033,20.991893603724904,0.0,1014100
2023-02-22,0.0,20.632984161376953,0.0,20.89560269939708,20.632984161376953,20.85183210822173,0.0,1219400
2023-02-23,0.0,20.79055404663086,0.0,20.860585319790314,20.650491500311947,20.79055404663086,0.0,2070200
2023-02-24,0.0,20.720523834228516,0.0,20.72927795253126,20.43164460894735,20.580461280739307,0.0,1637800
2023-02-27,0.0,20.73802947998047,0.0,20.808060747975894,20.65924409477597,20.79930663076682,0.0,1076800
2023-02-28,0.0,20.79930877685547,0.0,20.92186309107343,20.781800540630815,20.869340052076776,0.0,1222300
2023-03-01,0.0,21.158218383789062,0.0,21.16697250153428,20.886847412396303,20.913108095954716,0.0,1238200
2023-03-02,0.0,21.079435348510742,0.0,21.158220747341446,20.97438759351066,21.140712509895195,0.0,828700
2023-03-03,0.0,21.412080764770508,0.0,21.42958899997073,21.026909608428905,21.026909608428905,0.0,1507900
2023-03-06,0.0,21.307035446166992,0.0,21.32454368198616,21.114449861187932,21.14071054523942,0.0,1046000
2023-03-07,0.0,20.869338989257812,0.0,21.245757700531332,20.843076636258303,21.184480546543035,0.0,1498500
2023-03-08,0.0,20.755537033081055,0.0,20.860584774915036,20.70301399700267,20.755537033081055,0.0,1518300
2023-03-09,0.0,20.50167465209961,0.0,20.904354051732405,20.475412298771595,20.834322779201607,0.0,1290800
2023-03-10,0.0,20.720523834228516,0.0,20.755538637762147,20.527938240600186,20.53669068922559,0.0,2418300
2023-03-13,0.0,20.589214324951172,0.0,20.80806226207095,20.352858152139273,20.396627071692325,0.0,1865900
2023-03-14,0.0,20.326597213745117,0.0,20.641738799434574,20.265320054233804,20.457907320900638,0.0,1300600
2023-03-15,0.0,19.853885650634766,0.0,20.02896300318012,19.573760550820364,19.915162807509507,0.0,2929200
2023-03-16,0.0,19.915163040161133,0.0,19.993948434113978,19.573760779483685,19.652546173436527,0.0,1536600
2023-03-17,0.0,19.853885650634766,0.0,20.037717121258982,19.72257721880643,19.985194082463106,0.0,1916800
2023-03-20,0.0,19.93267059326172,0.0,19.958931277227613,19.748837457114163,19.86263931989057,0.0,1108900
2023-03-21,0.0,20.002702713012695,0.0,20.072733989347096,19.871394278595357,19.99394859476123,0.0,1300500
2023-03-22,0.0,20.055225372314453,0.0,20.195287922325697,19.958931743052734,20.072733608485184,0.0,1414200
2023-03-23,0.0,20.002702713012695,0.0,20.30033605485324,20.002702713012695,20.204042423764434,0.0,1482800
2023-03-24,0.0,20.0989933013916,0.0,20.142763889658813,19.941424192661295,19.985193111251288,0.0,2175900
2023-03-27,0.0,20.475412368774414,0.0,20.501674722192217,20.1340101227292,20.16902659395294,0.0,2176200
2023-03-28,0.0,20.57170867919922,0.0,20.650494080055456,20.431646115383124,20.431646115383124,0.0,1037900
2023-03-29,0.0,20.440399169921875,0.0,20.676755360182618,20.431645051429545,20.615476530736316,0.0,514700
2023-03-30,0.0,20.589214324951172,0.0,20.606722560643295,20.449151778768694,20.554197853566926,0.0,793900
2023-03-31,0.0,20.781801223754883,0.0,20.799309460555055,20.59796974638517,20.59796974638517,0.0,1026200
2023-04-03,0.0,21.12320327758789,0.0,21.28077406782803,21.070680237400293,21.158219750831186,0.0,1164800
2023-04-04,0.0,21.096942901611328,0.0,21.166974179447227,20.94812622750038,21.14946594256891,0.0,1313100
2023-04-05,0.0,21.17572784423828,0.0,21.1844819624899,21.026911173315437,21.09694244965105,0.0,1099700
2023-04-06,0.0,21.114450454711914,0.0,21.140711139501587,21.035665060988276,21.12320290319026,0.0,2418800
2023-04-10,0.0,21.114450454711914,0.0,21.16697349396857,21.053171627622284,21.053171627622284,0.0,989900
2023-04-11,0.0,21.228252410888672,0.0,21.28077545449871,21.1056980859061,21.114452204787348,0.0,1526000
2023-04-12,0.0,21.394575119018555,0.0,21.420835803270645,21.28077325500189,21.315789726907717,0.0,1151500
2023-04-13,0.0,21.394575119018555,0.0,21.52588354931085,21.359558647112724,21.47336051112939,0.0,888700
2023-04-14,0.0,21.420835494995117,0.0,21.48211431994843,21.25451226486789,21.385820693270478,0.0,1244600
2023-04-17,0.0,21.333297729492188,0.0,21.42083556894461,21.21949586672042,21.350804295576314,0.0,937300
2023-04-18,0.0,21.37706756591797,0.0,21.455852960545464,21.254513249687346,21.3420510928936,0.0,844800
2023-04-19,0.0,21.079435348510742,0.0,21.210743790002777,21.035666424572536,21.105697704680118,0.0,397300
2023-04-20,0.0,20.895601272583008,0.0,20.956878426366984,20.834322449121817,20.895601272583008,0.0,1066100
2023-04-21,0.0,20.851831436157227,0.0,20.965633299867925,20.773046044258212,20.939370946009163,0.0,735700
2023-04-24,0.0,21.018156051635742,0.0,21.053170853293242,20.78179987915793,20.799308114825305,0.0,1753800
2023-04-25,0.0,20.720523834228516,0.0,20.84307815111224,20.597969517344794,20.84307815111224,0.0,1221000
2023-04-26,0.0,20.40538215637207,0.0,20.720523735053092,20.379121471266874,20.67675481342621,0.0,2206400
2023-04-27,0.0,20.431644439697266,0.0,20.492921597631526,20.317842572381647,20.405382085006586,0.0,990400
2023-04-28,0.0,20.62422752380371,0.0,20.63298164096943,20.344102453209256,20.387873039037842,0.0,854500
2023-05-01,0.0,20.44915199279785,0.0,20.615475224582067,20.326596011347522,20.475412676933637,0.0,1138800
2023-05-02,0.0,19.985193252563477,0.0,20.30908892932219,19.95017845137934,20.291580693891504,0.0,1658800
2023-05-03,0.0,19.731332778930664,0.0,19.827624745480957,19.705070422774718,19.766347584127836,0.0,869700
2023-05-04,0.0,19.81011390686035,0.0,19.950178118290065,19.670051365107838,19.731330188092116,0.0,782900
2023-05-05,0.0,20.25656509399414,0.0,20.265319212085878,20.02896303264083,20.05522538691605,0.0,702400
2023-05-08,0.0,20.35285758972168,0.0,20.49292013203376,20.344103472117524,20.457905331294345,0.0,742600
2023-05-09,0.0,20.414134979248047,0.0,20.44915145006944,20.151518126796514,20.282826553022282,0.0,787200
2023-05-10,0.0,20.35285758972168,0.0,20.414134743273564,20.23905740022207,20.344103472117524,0.0,489800
2023-05-11,0.0,20.002702713012695,0.0,20.107748792675633,19.923917318426824,20.055225752844162,0.0,742700
2023-05-12,0.0,19.84513282775879,0.0,20.072734903631883,19.82762459045838,20.01145774275786,0.0,769800
2023-05-15,0.0,20.07273292541504,0.0,20.142764198037515,19.95893106385524,19.967685181642704,0.0,703200
2023-05-16,0.0,19.853885650634766,0.0,20.107748396212582,19.853885650634766,20.02896300318012,0.0,1020700
2023-05-17,0.0,20.090242385864258,0.0,20.13401130779287,19.897655122152738,20.02896355761592,0.0,816400
2023-05-18,0.0,19.906408309936523,0.0,19.958931347731106,19.818868800494045,19.89765419202455,0.0,1005200
2023-05-19,0.0,19.88014793395996,0.0,20.09024344539399,19.836379009723043,20.063981089045377,0.0,777800
2023-05-22,0.0,19.897655487060547,0.0,19.94142607946922,19.801363523116212,19.818870090402307,0.0,606600
2023-05-23,0.0,19.9764404296875,0.0,20.046471706272314,19.923917389668226,19.941425626233766,0.0,753500
2023-05-24,0.0,19.985193252563477,0.0,20.107747561223796,19.862638943903153,20.055224524608978,0.0,692600
2023-05-25,0.0,19.670053482055664,0.0,19.801363590048165,19.556253280763194,19.740084760468886,0.0,1809500
2023-05-26,0.0,19.985193252563477,0.0,20.00270148799416,19.871393061618498,19.90640786280263,0.0,837300
2023-05-30,0.0,19.521236419677734,0.0,19.661298973727217,19.459959260990757,19.661298973727217,0.0,774500
2023-05-31,0.0,19.30238914489746,0.0,19.50373053434829,19.30238914489746,19.398682780301012,0.0,762500
2023-06-01,0.0,19.617530822753906,0.0,19.722578577258435,19.39868286474043,19.39868286474043,0.0,561000
2023-06-02,0.0,19.87139320373535,0.0,19.88889976961401,19.713822423086746,19.810114379289708,0.0,1195900
2023-06-05,0.0,19.81886863708496,0.0,19.967685301006984,19.810114519245165,19.967685301006984,0.0,1099300
2023-06-06,0.0,19.84513282775879,0.0,19.897655869982607,19.705070268710333,19.740085073633743,0.0,764300
2023-06-07,0.0,19.92391586303711,0.0,20.011455369479915,19.897653510201106,19.91516174542511,0.0,2155500
2023-06-08,0.0,19.95893096923828,0.0,20.01145567571407,19.661297644584405,19.967685086984247,0.0,893800
2023-06-09,0.0,19.836376190185547,0.0,20.037715884540898,19.81886795510842,19.93266981343254,0.0,641300
2023-06-12,0.0,19.565006256103516,0.0,19.67880645074671,19.494974981782175,19.60877517642537,0.0,686700
2023-06-13,0.0,19.82762336730957,0.0,19.941425233064482,19.81011513108923,19.871393957860423,0.0,701600
2023-06-14,0.0,19.87139320373535,0.0,20.01145574882806,19.77509957785515,19.958931042160362,0.0,763800
2023-06-15,0.0,20.291582107543945,0.0,20.317842792842242,19.985194644870838,19.985194644870838,0.0,1215100
2023-06-16,0.0,20.54544448852539,0.0,20.580460961192674,20.37912125238774,20.37912125238774,0.0,1252300
2023-06-20,0.0,20.36161231994629,0.0,20.387874673548914,20.195287419817518,20.344104084211207,0.0,1911200
2023-06-21,0.0,20.65924644470215,0.0,20.65924644470215,20.33535074983295,20.33535074983295,0.0,930200
2023-06-22,0.0,20.27407455444336,0.0,20.387876426830676,20.19528915653749,20.326597596488135,0.0,1056000
2023-06-23,0.0,20.055225372314453,0.0,20.055225372314453,19.897654586132475,19.897654586132475,0.0,1002200
2023-06-26,0.0,20.081485748291016,0.0,20.204040050058385,20.028961044953167,20.028961044953167,0.0,729000
2023-06-27,0.0,19.757591247558594,0.0,20.00270153513411,19.73133056402791,19.950178498395513,0.0,560800
2023-06-28,0.0,19.69631576538086,0.0,19.792609398975035,19.556253209067897,19.63503860570361,0.0,1101500
2023-06-29,0.0,19.705068588256836,0.0,19.792608097616082,19.617529078897594,19.661297998738583,0.0,635300
2023-06-30,0.0,19.87139320373535,0.0,20.02020986660601,19.79260781341105,19.79260781341105,0.0,972200
2023-07-03,0.0,19.87139320373535,0.0,20.01145574882806,19.8626390859574,19.958931042160362,0.0,902200
2023-07-05,0.0,19.993947982788086,0.0,20.107748177219303,19.915162590613676,20.055225138995457,0.0,2849100
2023-07-06,0.0,19.950178146362305,0.0,19.9851929470111,19.740082663760706,19.9764388294296,0.0,629100
2023-07-07,0.0,20.11650276184082,0.0,20.160273352773764,19.950179525327595,19.95893197383686,0.0,807800
2023-07-10,0.0,20.160274505615234,0.0,20.2215516667481,20.098995674804954,20.11650391217932,0.0,632400
2023-07-11,0.0,20.39662742614746,0.0,20.414135662143845,20.23905831121186,20.291581349523728,0.0,457800
2023-07-12,0.0,20.54544448852539,0.0,20.650492236849924,20.48416733103496,20.589215079359494,0.0,599600
2023-07-13,0.0,20.83432388305664,0.0,20.843078001296462,20.589215251050984,20.615475936093116,0.0,582900
2023-07-14,0.0,20.69426155090332,0.0,20.860586459876092,20.668000865581597,20.860586459876092,0.0,669800
2023-07-17,0.0,20.527936935424805,0.0,20.615474773531858,20.51918281767865,20.59796820771679,0.0,696100
2023-07-18,0.0,20.79930877685547,0.0,20.83432357962747,20.545444360629922,20.545444360629922,0.0,554700
2023-07-19,0.0,20.913108825683594,0.0,21.053171375139836,20.85183166900615,20.97438598236104,0.0,1371500
2023-07-20,0.0,20.97438621520996,0.0,21.088188081454845,20.860586018642387,21.044419160392852,0.0,1138600
2023-07-21,0.0,21.08818817138672,0.0,21.123202974450177,20.98314042284171,20.98314042284171,0.0,710500
2023-07-24,0.0,21.4646053314209,0.0,21.517128367004347,21.201986814149265,21.23700328432303,0.0,781300
2023-07-25,0.0,21.543392181396484,0.0,21.578406984268874,21.37706727614003,21.403329630552303,0.0,510700
2023-07-26,0.0,21.438344955444336,0.0,21.490867995870502,21.377067796667582,21.438344955444336,0.0,893700
2023-07-27,0.0,21.385822296142578,0.0,21.508376615880167,21.350805822116193,21.420837100491582,0.0,1273100
2023-07-28,0.0,21.51712989807129,0.0,21.543392252570328,21.307036071110925,21.368313228598034,0.0,2657200
2023-07-31,0.0,21.60466957092285,0.0,21.61342368915438,21.48211525503611,21.543392412979482,0.0,2012200
2023-08-01,0.0,21.490867614746094,0.0,21.543392323918123,21.40332977214735,21.464606929837398,0.0,1688900
2023-08-02,0.0,21.16697120666504,0.0,21.44709627866663,21.105694055874334,21.44709627866663,0.0,1143800
2023-08-03,0.0,21.36831283569336,0.0,21.37706695369874,21.131956658579895,21.166973130601423,0.0,1111700
2023-08-04,0.0,21.403329849243164,0.0,21.48211524360768,21.31579033665178,21.394575731016293,0.0,529400
2023-08-07,0.0,21.412080764770508,0.0,21.45585135277106,21.289526457723383,21.44709723517095,0.0,1137700
2023-08-08,0.0,21.385822296142578,0.0,21.438345337504774,21.04442002277222,21.131957868483422,0.0,993600
2023-08-09,0.0,21.534639358520508,0.0,21.587162400826895,21.42083748556636,21.490868765200677,0.0,671900
2023-08-10,0.0,21.420835494995117,0.0,21.56089804124818,21.385820693270478,21.49962088597212,0.0,576600
2023-08-11,0.0,21.385822296142578,0.0,21.508376615880167,21.359559940622788,21.37706817763598,0.0,566200
2023-08-14,0.0,21.280771255493164,0.0,21.34204840589358,21.184479306154138,21.245756456554552,0.0,697600
2023-08-15,0.0,21.02691078186035,0.0,21.210742252689975,20.98314019141713,21.158219213835412,0.0,3808700
2023-08-16,0.0,20.93937110900879,0.0,21.16697316852465,20.913108754945593,21.08818777601234,0.0,2205400
2023-08-17,0.0,20.99189567565918,0.0,21.16697470947161,20.983141557000817,21.149466472154884,0.0,857500
2023-08-18,0.0,21.140710830688477,0.0,21.184481420827407,21.03566475370963,21.044418871737413,0.0,601800
2023-08-21,0.0,21.08818817138672,0.0,21.272019644243834,21.079434053201524,21.272019644243834,0.0,507800
2023-08-22,0.0,21.096942901611328,0.0,21.20198898352649,21.061926427854697,21.175728297886383,0.0,623500
2023-08-23,0.0,21.140710830688477,0.0,21.228250341289044,20.965633479164634,21.00940239962627,0.0,910700
2023-08-24,0.0,21.158218383789062,0.0,21.201987302837907,21.000647603729643,21.044418192455723,0.0,599500
2023-08-25,0.0,21.36831283569336,0.0,21.403329307714888,21.131956658579895,21.298281561327588,0.0,793800
2023-08-28,0.0,21.333297729492188,0.0,21.447097922586693,21.28077302220802,21.385820767099094,0.0,590200
2023-08-29,0.0,21.412080764770508,0.0,21.44709723517095,21.27201822252316,21.33329704572393,0.0,417500
2023-08-30,0.0,21.438344955444336,0.0,21.578407509699012,21.412082600392576,21.517130350922262,0.0,527300
2023-08-31,0.0,21.525882720947266,0.0,21.578405757107525,21.42083497894953,21.525882720947266,0.0,1197700
2023-09-01,0.0,21.779747009277344,0.0,21.797255245806927,21.66594681118973,21.744732205895513,0.0,1716100
2023-09-05,0.0,21.884794235229492,0.0,22.02485678476078,21.849777763008024,21.919810707450964,0.0,1039100
2023-09-06,0.0,21.93731689453125,0.0,21.963579248243207,21.797254347422008,21.849777385168657,0.0,843800
2023-09-07,0.0,21.8935489654541,0.0,21.937317887277473,21.832271807030445,21.876040728853816,0.0,388800
2023-09-08,0.0,21.93731689453125,0.0,21.989841601955163,21.858531503072644,21.902302092592574,0.0,611500
2023-09-11,0.0,22.06862449645996,0.0,22.147409884965175,22.01610146068222,22.103640966763255,0.0,553900
2023-09-12,0.0,22.147411346435547,0.0,22.217442621986184,22.112396543498885,22.138658897959367,0.0,1075100
2023-09-13,0.0,22.21744155883789,0.0,22.26121214751085,22.12990372084644,22.19118087531135,0.0,813800
2023-09-14,0.0,22.401275634765625,0.0,22.43629043750051,22.33124435961855,22.366259162353437,0.0,679600
2023-09-15,0.0,22.348752975463867,0.0,22.410030133548812,22.296228265953346,22.322490620708606,0.0,573300
2023-09-18,0.0,22.339998245239258,0.0,22.436290204016103,22.278721088832913,22.410029519657545,0.0,868100
2023-09-19,0.0,22.357507705688477,0.0,22.427538983942082,22.287474757757497,22.39252250997659,0.0,844700
2023-09-20,0.0,22.173673629760742,0.0,22.401275691989465,22.164919511635333,22.234950786961303,0.0,663600
2023-09-21,0.0,22.103641510009766,0.0,22.25245817310187,22.09488739221879,22.226195819728943,0.0,1172600
2023-09-22,0.0,22.12114906311035,0.0,22.278719839132062,22.042363675099494,22.226195134006698,0.0,727700
2023-09-25,0.0,22.016103744506836,0.0,22.05112021844254,21.884795306602694,22.05112021844254,0.0,639900
2023-09-26,0.0,21.98984146118164,0.0,22.007348027200273,21.89354783453151,21.9110560702274,0.0,986300
2023-09-27,0.0,22.112396240234375,0.0,22.191181632857987,22.10364212220094,22.129904476301242,0.0,944200
2023-09-28,0.0,22.08613395690918,0.0,22.199935822031208,22.042365036279044,22.12990454721661,0.0,865500
2023-09-29,0.0,21.849777221679688,0.0,22.173672902994575,21.814762420003003,22.147410549479122,0.0,2044200
2023-10-02,0.0,21.683454513549805,0.0,21.902302455746284,21.648438041353266,21.858531865500613,0.0,3616100
2023-10-03,0.0,21.587160110473633,0.0,21.657191382677777,21.51712883826949,21.63092902947226,0.0,2573900
2023-10-04,0.0,20.98314094543457,0.0,21.34205145157972,20.913109667886182,21.34205145157972,0.0,1225500
2023-10-05,0.0,20.860586166381836,0.0,20.939371560593255,20.738031850798443,20.8080631268,0.0,2068100
2023-10-06,0.0,20.93937110900879,0.0,21.000648265478965,20.81681679606844,20.9918941474579,0.0,2218500
2023-10-09,0.0,21.37706756591797,0.0,21.37706756591797,21.17572785505985,21.237005013175164,0.0,2702800
2023-10-10,0.0,21.32454490661621,0.0,21.368313829000435,21.21074303693344,21.342051473763483,0.0,1359500
2023-10-11,0.0,21.201988220214844,0.0,21.29828184990146,21.07067978770956,21.245758810834808,0.0,2163300
2023-10-12,0.0,21.193233489990234,0.0,21.35080427231655,21.08818741489086,21.28952711689571,0.0,979300
2023-10-13,0.0,21.75348663330078,0.0,21.762240751689976,21.51713044582455,21.56089936809317,0.0,954000
2023-10-16,0.0,21.683454513549805,0.0,21.735977552167316,21.604669120784887,21.709715198019914,0.0,820400
2023-10-17,0.0,21.744731903076172,0.0,21.753486021219054,21.560898761430305,21.639684155038918,0.0,921900
2023-10-18,0.0,21.93731689453125,0.0,22.00734816808587,21.86728562097663,21.902302092592574,0.0,1110100
2023-10-19,0.0,22.164918899536133,0.0,22.164918899536133,21.797254296808777,21.84977733443347,0.0,937400
2023-10-20,0.0,21.998594284057617,0.0,22.23495046094623,21.972333599743738,22.121150266339093,0.0,1243400
2023-10-23,0.0,21.858530044555664,0.0,22.016100816958918,21.80600701031363,21.963577782716886,0.0,1179500
2023-10-24,0.0,21.62217903137207,0.0,21.753487472923435,21.525885395051606,21.744733354196356,0.0,1119700
2023-10-25,0.0,21.779747009277344,0.0,21.832271718866092,21.41208239054279,21.692209165984103,0.0,2212000
2023-10-26,0.0,21.595914840698242,0.0,21.709715035128543,21.54339180247482,21.587160722714792,0.0,1862600
2023-10-27,0.0,21.884794235229492,0.0,21.911056589395596,21.61342325422229,21.727223449587473,0.0,1051400
2023-10-30,0.0,21.534639358520508,0.0,21.788502121065882,21.455853960222225,21.72722496009553,0.0,975900
2023-10-31,0.0,21.455852508544922,0.0,21.692208687448197,21.39457535172051,21.543392019584353,0.0,2199500
2023-11-01,0.0,21.490867614746094,0.0,21.727223796988266,21.40332977214735,21.66594663929822,0.0,2495700
2023-11-02,0.0,21.718469619750977,0.0,21.727223737922515,21.49086755632288,21.49086755632288,0.0,1936100
2023-11-03,0.0,21.60466957092285,0.0,21.779746926521433,21.543392412979482,21.61342368915438,0.0,1407100
2023-11-06,0.0,21.69220733642578,0.0,21.814761642441745,21.674699101372873,21.77974517233593,0.0,1210900
2023-11-07,0.0,21.228252410888672,0.0,21.394577330277485,21.18448348615988,21.36831497363374,0.0,1861600
2023-11-08,0.0,20.99189567565918,0.0,21.228251870402737,20.904356158752964,21.14071235349652,0.0,1269100
2023-11-09,0.0,20.93937110900879,0.0,21.158219050503583,20.930616990987723,21.000648265478965,0.0,1254300
2023-11-10,0.0,21.044418334960938,0.0,21.096941372110667,20.98313951032947,21.01815598154745,0.0,874200
2023-11-13,0.0,21.350805282592773,0.0,21.359559400878158,21.026911254420234,21.026911254420234,0.0,913200
2023-11-14,0.0,21.31578826904297,0.0,21.517127959699287,21.263265234453748,21.394573655765385,0.0,1573100
2023-11-15,0.0,21.17572784423828,0.0,21.32454451516113,21.166973725986665,21.1844819624899,0.0,1314500
2023-11-16,0.0,20.668001174926758,0.0,20.930618050138783,20.624230582606504,20.91310981321068,0.0,3465600
2023-11-17,0.0,20.965635299682617,0.0,21.000650105156925,20.755539788127024,20.76429390691496,0.0,1241100
2023-11-20,0.0,21.228252410888672,0.0,21.298283692261208,21.13195877287239,21.14946701063489,0.0,777600
2023-11-21,0.0,21.350805282592773,0.0,21.359559400878158,21.19323449281053,21.245759202522834,0.0,642500
2023-11-22,0.0,21.16697120666504,0.0,21.184479441084424,20.790552515033976,20.869337900244066,0.0,850600
2023-11-24,0.0,21.02691078186035,0.0,21.210742252689975,21.02691078186035,21.10569617498085,0.0,391300
2023-11-27,0.0,20.8868465423584,0.0,21.044417315854236,20.843075955455575,20.956877811725754,0.0,1032500
2023-11-28,0.0,21.140710830688477,0.0,21.210742105233475,20.94812524310906,20.9918941635707,0.0,1112800
2023-11-29,0.0,21.289527893066406,0.0,21.34205093253097,21.009402789685634,21.219496617221214,0.0,972200
2023-11-30,0.0,20.930618286132812,0.0,21.46460783071905,20.904355930444552,21.359560077643394,0.0,1769700
2023-12-01,0.0,20.83432388305664,0.0,21.184481933940145,20.799309079774687,20.96563398697662,0.0,1399700
2023-12-04,0.0,20.69426155090332,0.0,20.83432410487702,20.580461351928697,20.67675498391462,0.0,5278400
2023-12-05,0.0,20.51042938232422,0.0,20.790554480812055,20.492921146249405,20.69426085207788,0.0,1557500
2023-12-06,0.0,20.011457443237305,0.0,20.361613835617497,20.002703324718127,20.326597361540784,0.0,1913900
2023-12-07,0.0,20.046470642089844,0.0,20.11650191495699,19.9589311335866,20.10774779713894,0.0,1502200
2023-12-08,0.0,20.134010314941406,0.0,20.239058059938227,20.072733159392122,20.169026786499433,0.0,1366100
2023-12-11,0.0,20.063980102539062,0.0,20.081488339243958,19.9239175482546,20.011457062101726,0.0,3260700
2023-12-12,0.0,19.757591247558594,0.0,19.880145556507735,19.73133056402791,19.84513075524108,0.0,1983200
2023-12-13,0.0,19.985193252563477,0.0,19.985193252563477,19.757591200996288,19.78385355414231,0.0,1613700
2023-12-14,0.0,20.317840576171875,0.0,20.335348810912162,20.221548624454638,20.23905685919492,0.0,1872100
2023-12-15,0.0,20.35285758972168,0.0,20.44915121369019,20.23030328261791,20.317841119305054,0.0,1734500
2023-12-18,0.0,20.498884201049805,1.089,20.71011780530878,20.434595865121054,20.60909402816036,0.0,1844200
2023-12-19,0.0,20.655014038085938,0.0,20.664198336442563,20.452964729417566,20.452964729417566,0.0,1829600
2023-12-20,0.0,20.416229248046875,0.0,20.72848841145426,20.416229248046875,20.71930411232746,0.0,1439100
2023-12-21,0.0,20.452964782714844,0.0,20.462149081095404,20.36112355063506,20.36112355063506,0.0,1352700
2023-12-22,0.0,20.416229248046875,0.0,20.609096026257763,20.407044948920078,20.56317453062377,0.0,1397800
2023-12-26,0.0,20.61827850341797,0.0,20.71930228143374,20.379492002399775,20.397858847304413,0.0,1252200
2023-12-27,0.0,20.526437759399414,0.0,20.728487071954486,20.526437759399414,20.65501443541393,0.0,1372600
2023-12-28,0.0,20.351940155029297,0.0,20.590726668338547,20.34275585624134,20.480516834608938,0.0,1145200
2023-12-29,0.0,20.241731643676758,0.0,20.407043763175903,20.214178747897314,20.38867691771545,0.0,1781200
2024-01-02,0.0,20.076417922973633,0.0,20.351939875930427,20.039680728325603,20.33357127860641,0.0,2421600
2024-01-03,0.0,20.33357048034668,0.0,20.361123375251022,20.168256614372186,20.195809509276533,0.0,857700
2024-01-04,0.0,20.223363876342773,0.0,20.31520511431706,20.0856028952443,20.29683651637702,0.0,734000
2024-01-05,0.0,20.324386596679688,0.0,20.41622782984202,20.260098258983803,20.333570895168503,0.0,800800
2024-01-08,0.0,20.03049659729004,0.0,20.05804949350664,19.856000176429184,19.929472814614247,0.0,760800
2024-01-09,0.0,20.177440643310547,0.0,20.269281873373185,20.06723256861599,20.168256345131706,0.0,736200
2024-01-10,0.0,20.03968048095703,0.0,20.29683558514136,20.012129337036956,20.278466988044087,0.0,754000
2024-01-11,0.0,20.18662452697754,0.0,20.333569791370085,20.140704788752018,20.269281457164062,0.0,1491100
2024-01-12,0.0,20.260099411010742,0.0,20.544807425175577,20.177442471637196,20.480517332098216,0.0,673700
2024-01-16,0.0,20.085601806640625,0.0,20.351939455432525,20.085601806640625,20.351939455432525,0.0,709000
2024-01-17,0.0,20.058048248291016,0.0,20.076416844628415,19.938654123823678,19.957022720161078,0.0,570700
2024-01-18,0.0,20.18662452697754,0.0,20.22336171893854,19.993759524359472,20.058047858565494,0.0,408300
2024-01-19,0.0,20.149890899658203,0.0,20.324387321995477,20.103969405575327,20.260098982005335,0.0,559900
2024-01-22,0.0,20.232547760009766,0.0,20.315204697317377,20.076418184176045,20.103969328794662,0.0,575900
2024-01-23,0.0,20.342754364013672,0.0,20.39785840097342,20.250913134596924,20.250913134596924,0.0,442400
2024-01-24,0.0,20.517253875732422,0.0,20.5631736176016,20.37949289839903,20.471334133863248,0.0,866700
2024-01-25,0.0,20.673383712768555,0.0,20.691752310439597,20.553989579632667,20.62746221859095,0.0,1600400
2024-01-26,0.0,20.76522445678711,0.0,20.76522445678711,20.462149609308266,20.581541987885934,0.0,517800
2024-01-29,0.0,20.59072494506836,0.0,20.6641975774971,20.508068014620314,20.6641975774971,0.0,1579300
2024-01-30,0.0,20.728487014770508,0.0,20.75603991029439,20.526437702772828,20.590726040602735,0.0,941200
2024-01-31,0.0,20.50806999206543,0.0,20.71930361170007,20.48970139425566,20.682568167806433,0.0,1305300
2024-02-01,0.0,20.260099411010742,0.0,20.572358570482812,20.214179667681403,20.49888593012032,0.0,2388400
2024-02-02,0.0,20.03049659729004,0.0,20.131522131691703,20.00294545279931,20.05804949350664,0.0,1235500
2024-02-05,0.0,20.1131534576416,0.0,20.131522055049402,19.929472738741165,20.012129675350415,0.0,837900
2024-02-06,0.0,20.18662452697754,0.0,20.25091286118356,20.122336192771517,20.15907338473252,0.0,790900
2024-02-07,0.0,20.278467178344727,0.0,20.28765147697955,20.177441645087494,20.177441645087494,0.0,809900
2024-02-08,0.0,20.3886775970459,0.0,20.4345973398158,20.287652060881037,20.287652060881037,0.0,1125100
2024-02-09,0.0,20.44378089904785,0.0,20.52643783442382,20.37949256080562,20.42541230191412,0.0,601700
2024-02-12,0.0,20.452964782714844,0.0,20.480515926130717,20.39785899243149,20.40704329081205,0.0,569000
2024-02-13,0.0,20.33357048034668,0.0,20.434596009936822,20.31520363546957,20.38867627015537,0.0,1222200
2024-02-14,0.0,20.14070701599121,0.0,20.42541327827,20.113154118973554,20.361124936954717,0.0,696000
2024-02-15,0.0,20.18662452697754,0.0,20.287650053144564,20.15907338473252,20.15907338473252,0.0,791200
2024-02-16,0.0,20.232547760009766,0.0,20.27846750219138,20.149890822702154,20.159075121483653,0.0,595800
2024-02-20,0.0,20.122337341308594,0.0,20.223362873241925,20.04886470491867,20.223362873241925,0.0,1053100
2024-02-21,0.0,20.204994201660156,0.0,20.2325470971019,20.140705864021914,20.204994201660156,0.0,1689900
2024-02-22,0.0,20.260099411010742,0.0,20.278468009032846,20.103969831274707,20.13152272830786,0.0,507400
2024-02-23,0.0,19.966209411621094,0.0,20.09478609794348,19.9570251123515,20.04886635332148,0.0,668800
2024-02-26,0.0,20.149890899658203,0.0,20.21417923964834,20.012129920861344,20.03049676676861,0.0,879100
2024-02-27,0.0,20.306018829345703,0.0,20.324385673763484,20.232546196497342,20.232546196497342,0.0,2544500
2024-02-28,0.0,20.223363876342773,0.0,20.324387661561165,20.17744238149267,20.287652217406997,0.0,5225300
2024-02-29,0.0,20.195810317993164,0.0,20.30602015029797,20.131521979034467,20.14989057637291,0.0,720300
2024-03-01,0.0,20.29683494567871,0.0,20.37949187828646,20.223362311330245,20.260097752641588,0.0,863200
2024-03-04,0.0,20.36112403869629,0.0,20.434596675776113,20.296835700217173,20.434596675776113,0.0,538500
2024-03-05,0.0,20.204994201660156,0.0,20.34275517541722,20.195809903179576,20.315204031701303,0.0,1237800
2024-03-06,0.0,20.37030792236328,0.0,20.48051599987521,20.342755027122397,20.37949222077691,0.0,1466500
2024-03-07,0.0,20.425413131713867,0.0,20.508070070447843,20.333571894039906,20.35194049191988,0.0,961000
2024-03-08,0.0,20.36112403869629,0.0,20.388676934498413,20.241731660338765,20.388676934498413,0.0,933200
2024-03-11,0.0,20.53562355041504,0.0,20.56317469629146,20.28765272717152,20.342756770650315,0.0,691600
2024-03-12,0.0,20.48051643371582,0.0,20.5631733694636,20.4162280951844,20.471333886833484,0.0,497700
2024-03-13,0.0,20.76522445678711,0.0,20.774408755404753,20.61827918235651,20.61827918235651,0.0,1070000
2024-03-14,0.0,20.829513549804688,0.0,20.875433292830213,20.746856610978007,20.77440950782887,0.0,1168500
2024-03-15,0.0,20.902984619140625,0.0,20.939720060455755,20.783590493483445,20.801959090003898,0.0,1043100
2024-03-18,0.0,21.095849990844727,0.0,21.123402886100063,20.97645761485656,21.040745952059865,0.0,1384300
2024-03-19,0.0,21.086666107177734,0.0,21.114219002975002,21.040746365908127,21.077483560304486,0.0,1889600
2024-03-20,0.0,21.03156089782715,0.0,21.040745195915537,20.85706273759928,20.93971966866902,0.0,1247400
2024-03-21,0.0,21.004011154174805,0.0,21.03156229854915,20.875432724099678,21.03156229854915,0.0,813800
2024-03-22,0.0,20.857065200805664,0.0,20.96727503915628,20.83869835418552,20.96727503915628,0.0,1443900
2024-03-25,0.0,21.03156089782715,0.0,21.11421782889689,20.93053712230638,20.93971966866902,0.0,1370900
2024-03-26,0.0,20.866249084472656,0.0,21.03156296284374,20.84788223821825,21.03156296284374,0.0,742000
2024-03-27,0.0,20.847881317138672,0.0,20.866248162581613,20.746855784436214,20.765224381604995,0.0,2497800
2024-03-28,0.0,21.095849990844727,0.0,21.105034289263173,20.9213535760717,20.930537874490145,0.0,3686300
2024-04-01,0.0,21.196874618530273,0.0,21.25197865496717,21.095849091957852,21.178506022476064,0.0,2345900
2024-04-02,0.0,21.38974380493164,0.0,21.417294950418846,21.288718266876064,21.343822309576407,0.0,1852700
2024-04-03,0.0,21.646896362304688,0.0,21.665264959759696,21.536688281026386,21.555055126755523,0.0,1771500
2024-04-04,0.0,21.70199966430664,0.0,21.821393791974685,21.564238691534584,21.619344482024054,0.0,1261200
2024-04-05,0.0,21.812210083007812,0.0,21.940786760839586,21.757106042755034,21.803025784344708,0.0,1313700
2024-04-08,0.0,21.80302619934082,0.0,21.8856831371562,21.665265220223816,21.86731453948036,0.0,1263500
2024-04-09,0.0,21.68363380432129,0.0,21.85813022695481,21.64689660899262,21.84894767984853,0.0,769400
2024-04-10,0.0,21.793840408325195,0.0,21.812209004743373,21.591791102902533,21.711183476169158,0.0,1349900
2024-04-11,0.0,21.757104873657227,0.0,21.766289171826823,21.600975308225614,21.766289171826823,0.0,933800
2024-04-12,0.0,21.784656524658203,0.0,22.12446855795775,21.747921082848574,22.005074430693394,0.0,1579300
2024-04-15,0.0,21.812210083007812,0.0,21.839762978997133,21.555054975618415,21.747921744091926,0.0,1660100
2024-04-16,0.0,21.77547264099121,0.0,21.81220983522631,21.610160522110778,21.729552899923174,0.0,1263700
2024-04-17,0.0,21.4356632232666,0.0,21.766290977903136,21.408110326471586,21.65608114244899,0.0,2084600
2024-04-18,0.0,21.42647933959961,0.0,21.518320578970382,21.380559595777193,21.463216536038296,0.0,1734500
2024-04-19,0.0,21.527503967285156,0.0,21.61934520277027,21.44484703052114,21.481582473679666,0.0,1968800
2024-04-22,0.0,21.527503967285156,0.0,21.527503967285156,21.316268600151634,21.362190093757125,0.0,941800
2024-04-23,0.0,21.61934471130371,0.0,21.628527258090198,21.325452414087145,21.334636712599462,0.0,1524700
2024-04-24,0.0,21.591793060302734,0.0,21.67444999995202,21.54587156509428,21.573424462219354,0.0,1670400
2024-04-25,0.0,21.711185455322266,0.0,21.72036975436858,21.509136131481146,21.573424473079413,0.0,1088600
2024-04-26,0.0,21.72955322265625,0.0,21.839763055272574,21.683633480906202,21.839763055272574,0.0,707700
2024-04-29,0.0,21.711185455322266,0.0,21.83057959119842,21.70200115627595,21.81221099310579,0.0,875800
2024-04-30,0.0,21.4356632232666,0.0,21.54587130699484,21.334637686744124,21.536688759789076,0.0,1875400
2024-05-01,0.0,21.123403549194336,0.0,21.435662698320495,21.095850653074073,21.325452865565317,0.0,1463900
2024-05-02,0.0,21.196874618530273,0.0,21.242794356940067,21.049929353548062,21.14177058209338,0.0,1004400
2024-05-03,0.0,21.224428176879883,0.0,21.288716513355936,21.187690983621685,21.25197932009774,0.0,503400
2024-05-06,0.0,21.463214874267578,0.0,21.51831891293328,21.307085304943246,21.307085304943246,0.0,1293800
2024-05-07,0.0,21.444847106933594,0.0,21.499951147730663,21.362190169875056,21.362190169875056,0.0,486300
2024-05-08,0.0,21.334636688232422,0.0,21.37137388223972,21.215244311160358,21.22442860966218,0.0,415800
2024-05-09,0.0,21.417293548583984,0.0,21.43566214552379,21.325452315610775,21.343820912550584,0.0,347200
2024-05-10,0.0,21.380558013916016,0.0,21.490766091626337,21.35300511862553,21.454030649631502,0.0,747700
2024-05-13,0.0,21.518320083618164,0.0,21.545871228587007,21.41729454746333,21.41729454746333,0.0,531400
2024-05-14,0.0,21.42647933959961,0.0,21.472399083422026,21.34382239933851,21.389743894886866,0.0,443700
2024-05-15,0.0,21.499950408935547,0.0,21.509134707373775,21.30708539691022,21.426477773155543,0.0,512100
2024-05-16,0.0,21.555055618286133,0.0,21.582608515096943,21.48158297851654,21.555055618286133,0.0,519200
2024-05-17,0.0,21.77547264099121,0.0,21.81220983522631,21.637711666061264,21.66526456173759,0.0,2083900
2024-05-20,0.0,21.968339920043945,0.0,21.98670851759024,21.80302604557903,21.812210344352177,0.0,1314900
2024-05-21,0.0,21.87649917602539,0.0,21.99589331103553,21.793842236934037,21.87649917602539,0.0,514000
2024-05-22,0.0,21.564239501953125,0.0,21.72955337618268,21.54587090443298,21.70200047990246,0.0,889400
2024-05-23,0.0,21.454030990600586,0.0,21.793841279288134,21.408109497719945,21.738737239557206,0.0,1255100
2024-05-24,0.0,21.600975036621094,0.0,21.619343632729326,21.499949509751563,21.52750240391391,0.0,1375300
2024-05-28,0.0,21.98670768737793,0.0,21.98670768737793,21.830578117581574,21.904050753266578,0.0,1845700
2024-05-29,0.0,21.757104873657227,0.0,21.894865842749645,21.757104873657227,21.876497246410455,0.0,940900
2024-05-30,0.0,21.472396850585938,0.0,21.701999049274402,21.472396850585938,21.610159571179622,0.0,1041600
2024-05-31,0.0,21.371374130249023,0.0,21.61934493749844,21.307085791716027,21.582607743064816,0.0,873400
2024-06-03,0.0,21.06829833984375,0.0,21.362188875251817,21.04074544525208,21.353004577054595,0.0,1790900
2024-06-04,0.0,20.857065200805664,0.0,20.930539594190044,20.774410011700144,20.884618098324808,0.0,1087200
2024-06-05,0.0,20.930538177490234,0.0,20.930538177490234,20.78359115239365,20.875432386181828,0.0,966900
2024-06-06,0.0,21.2060604095459,0.0,21.224429006893327,21.031562238197022,21.031562238197022,0.0,1049000
2024-06-07,0.0,20.902984619140625,0.0,21.04992988785271,20.902984619140625,21.0131926948118,0.0,747000
2024-06-10,0.0,21.2060604095459,0.0,21.215244708219615,21.004011093901735,21.04074653687074,0.0,457100
2024-06-11,0.0,21.17850685119629,0.0,21.261163784948888,21.12340281260316,21.19687544796927,0.0,572500
2024-06-12,0.0,21.25197982788086,0.0,21.463215190711058,21.233612982538702,21.435662295109076,0.0,761000
2024-06-13,0.0,21.270349502563477,0.0,21.39892618510178,21.251980904564885,21.35300644183122,0.0,553000
2024-06-14,0.0,21.18769073486328,0.0,21.389741791959565,21.18769073486328,21.34382030092597,0.0,914700
2024-06-17,0.0,21.261165618896484,0.0,21.279534217253904,21.150957532203883,21.160141831382592,0.0,1114300
2024-06-18,0.0,21.4356632232666,0.0,21.4356632232666,21.24279644915332,21.24279644915332,0.0,832400
2024-06-20,0.0,21.481582641601562,0.0,21.5734238778046,21.444847198155873,21.50913553798024,0.0,910700
2024-06-21,0.0,21.307085037231445,0.0,21.481581449434692,21.288716440665066,21.45403030631091,0.0,723100
2024-06-24,0.0,21.481582641601562,0.0,21.481582641601562,21.334637364367055,21.35300596195284,0.0,610400
2024-06-25,0.0,21.27953338623047,0.0,21.417294365079258,21.261164788590392,21.40811006625922,0.0,726400
2024-06-26,0.0,21.316267013549805,0.0,21.417292540236534,21.251978679013064,21.343819907662294,0.0,1212400
2024-06-27,0.0,21.42647933959961,0.0,21.49076768164137,21.34382239933851,21.49076768164137,0.0,675400
2024-06-28,0.0,21.334636688232422,0.0,21.536687751820903,21.307085544452775,21.536687751820903,0.0,855300
2024-07-01,0.0,21.61016082763672,0.0,21.628527673288104,21.389742914287353,21.47239809903324,0.0,1233600
2024-07-02,0.0,21.637710571289062,0.0,21.711183204316033,21.57342223635618,21.6928163598536,0.0,844800
2024-07-03,0.0,21.757104873657227,0.0,21.784656016440252,21.665263643687027,21.67444794185662,0.0,707500
2024-07-05,0.0,21.839763641357422,0.0,21.94997172520539,21.793842146649176,21.84894794029907,0.0,860600
2024-07-08,0.0,21.54587173461914,0.0,21.674450170488548,21.527504888117175,21.637712974032734,0.0,769100
2024-07-09,0.0,21.39892578125,0.0,21.55505535783963,21.371374636497993,21.52750421308762,0.0,621500
2024-07-10,0.0,21.39892578125,0.0,21.463215873031753,21.307086296442126,21.35300603884606,0.0,678200
2024-07-11,0.0,21.472396850585938,0.0,21.509134043204455,21.35300447802727,21.380557372491158,0.0,1759500
2024-07-12,0.0,21.38974380493164,0.0,21.43566354856094,21.3621909077185,21.398926352276753,0.0,1263200
2024-07-15,0.0,21.233613967895508,0.0,21.343822051966036,21.233613967895508,21.29790230889097,0.0,863300
2024-07-16,0.0,21.17850685119629,0.0,21.206059746355756,21.049930177237048,21.059114475623538,0.0,1485400
2024-07-17,0.0,21.17850685119629,0.0,21.261163784948888,21.150955707762627,21.224428343128736,0.0,1296400
2024-07-18,0.0,21.022377014160156,0.0,21.178506581289085,21.022377014160156,21.178506581289085,0.0,1410300
2024-07-19,0.0,20.7376708984375,0.0,21.04993003455839,20.71930230178903,20.948904504717575,0.0,1803800
2024-07-22,0.0,20.792776107788086,0.0,20.792776107788086,20.618279684976635,20.664199427458406,0.0,1959900
2024-07-23,0.0,20.599910736083984,0.0,20.71011881685165,20.563173541344188,20.664199075152766,0.0,981700
2024-07-24,0.0,20.59072494506836,0.0,20.756038805964454,20.59072494506836,20.618277839126286,0.0,991900
2024-07-25,0.0,20.636646270751953,0.0,20.68256776438065,20.407044057786074,20.471334148866248,0.0,676400
2024-07-26,0.0,20.425413131713867,0.0,20.56317411236186,20.379493388739842,20.544807266207794,0.0,584200
2024-07-29,0.0,20.33357048034668,0.0,20.517252942924067,20.26009784566088,20.471333203142613,0.0,709100
2024-07-30,0.0,20.269283294677734,0.0,20.269283294677734,20.159075212255267,20.18662635699794,0.0,1183600
2024-07-31,0.0,20.7376708984375,0.0,20.7376708984375,20.489700098860478,20.5448058888059,0.0,1495200
2024-08-01,0.0,20.489700317382812,0.0,20.746855418026627,20.407043383308935,20.719302522760064,0.0,2002300
2024-08-02,0.0,20.1131534576416,0.0,20.278467330860096,20.012129675350415,20.260098733452292,0.0,2740400
2024-08-05,0.0,20.076417922973633,0.0,20.08560222163564,19.754974476706803,19.76415877536881,0.0,2372700
2024-08-06,0.0,19.911104202270508,0.0,20.048865179798913,19.837631564140302,19.837631564140302,0.0,1634200
2024-08-07,0.0,20.094785690307617,0.0,20.19581122849782,19.99376190384335,20.030497348450556,0.0,1050600
2024-08-08,0.0,20.278467178344727,0.0,20.324386919793003,20.140706202274043,20.140706202274043,0.0,568700
2024-08-09,0.0,20.397859573364258,0.0,20.42541246929064,20.324386935953083,20.42541246929064,0.0,465100
2024-08-12,0.0,20.682567596435547,0.0,20.746855935267824,20.48970082821286,20.53562232146867,0.0,550900
2024-08-13,0.0,20.489700317382812,0.0,20.609094445145438,20.47133347226425,20.59991014672325,0.0,374900
2024-08-14,0.0,20.36112403869629,0.0,20.553989054133634,20.33357114289416,20.49888501425523,0.0,510000
2024-08-15,0.0,20.526437759399414,0.0,20.627461539814036,20.48051626673292,20.48970056526622,0.0,556600
2024-08-16,0.0,20.397859573364258,0.0,20.4437810665749,20.315204389036808,20.407043872006387,0.0,570100
2024-08-19,0.0,20.28765296936035,0.0,20.48051799970149,20.25091577211862,20.416229656254444,0.0,557600
2024-08-20,0.0,20.204994201660156,0.0,20.388676667820125,20.177441306218416,20.34275517541722,0.0,539300
2024-08-21,0.0,20.10396957397461,0.0,20.30602064617996,20.030496934552456,20.269283450605933,0.0,545400
2024-08-22,0.0,20.085601806640625,0.0,20.195809884855958,20.039680314279387,20.085601806640625,0.0,473500
2024-08-23,0.0,20.44378089904785,0.0,20.45296519761472,20.29683562542965,20.29683562542965,0.0,727700
2024-08-26,0.0,20.655014038085938,0.0,20.737670971569774,20.62746114301606,20.682566933155815,0.0,417200
2024-08-27,0.0,20.55398941040039,0.0,20.636646347513633,20.53562256460646,20.618279501719705,0.0,556000
2024-08-28,0.0,20.306018829345703,0.0,20.44377979697066,20.28765023320218,20.34275426990701,0.0,500700
2024-08-29,0.0,20.53562355041504,0.0,20.53562355041504,20.416229412530697,20.416229412530697,0.0,458700
2024-08-30,0.0,20.306018829345703,0.0,20.41622690275537,20.278465935130413,20.388675760265826,0.0,388900
2024-09-03,0.0,19.901918411254883,0.0,19.975391043875973,19.846814374720502,19.975391043875973,0.0,540700
2024-09-04,0.0,19.754974365234375,0.0,19.95702367948085,19.745790066624192,19.810078405169623,0.0,456400
2024-09-05,0.0,19.800893783569336,0.0,19.984576249325087,19.73660544607257,19.89273501644721,0.0,593800
2024-09-06,0.0,19.534557342529297,0.0,19.920289143077333,19.433531804946785,19.85600080160698,0.0,1176000
2024-09-09,0.0,19.58966064453125,0.0,19.653948983571663,19.433531070407735,19.525372305490837,0.0,2390300
2024-09-10,0.0,19.304954528808594,0.0,19.589660783025742,19.194744695584543,19.57129218553409,0.0,957600
2024-09-11,0.0,19.479450225830078,0.0,19.543740314661466,19.22229687740775,19.461083380746917,0.0,1107600
2024-09-12,0.0,19.856000900268555,0.0,19.883552045763647,19.617214379530807,19.672318422246924,0.0,1058600
2024-09-13,0.0,19.89273452758789,0.0,20.02131119942168,19.819261893436327,19.938654267035453,0.0,939100
2024-09-16,0.0,20.03968048095703,0.0,20.085601973700214,19.957023545745134,20.021311883859756,0.0,586200
2024-09-17,0.0,20.177440643310547,0.0,20.204993537847066,20.01212853126871,20.01212853126871,0.0,889900
2024-09-18,0.0,20.048864364624023,0.0,20.296835165128325,20.048864364624023,20.131521298125456,0.0,1002000
2024-09-19,0.0,20.40704345703125,0.0,20.452964949308083,20.250913886741653,20.296835379018486,0.0,726700
2024-09-20,0.0,20.40704345703125,0.0,20.43459635239735,20.296835379018486,20.351939418024866,0.0,617700
2024-09-23,0.0,20.416229248046875,0.0,20.581543128877367,20.26928396546998,20.44378214542727,0.0,658200
2024-09-24,0.0,20.756040573120117,0.0,20.765224871921372,20.645830739230952,20.756040573120117,0.0,775400
2024-09-25,0.0,20.58154296875,0.0,20.71011965207295,20.498886028977836,20.664199908522164,0.0,813700
2024-09-26,0.0,20.397859573364258,0.0,20.57235774411299,20.35193983187947,20.4437810665749,0.0,887700
2024-09-27,0.0,20.498884201049805,0.0,20.526437095758887,20.31520349149991,20.370307529192303,0.0,649900
2024-09-30,0.0,20.452964782714844,0.0,20.553988561449383,20.379492147396178,20.42541188757317,0.0,1042600
2024-10-01,0.0,20.81114387512207,0.0,20.985642042697066,20.370308058672858,20.370308058672858,0.0,1154100
2024-10-02,0.0,20.98564338684082,0.0,21.14177296746584,20.811145208089105,21.04993172855831,0.0,1089900
2024-10-03,0.0,21.28871726989746,0.0,21.325452712735345,20.976458123009124,21.013193565847004,0.0,1126800
2024-10-04,0.0,21.343820571899414,0.0,21.46321469837678,21.28871653368529,21.343820571899414,0.0,1060700
2024-10-07,0.0,21.637710571289062,0.0,21.674447763665423,21.40810837411406,21.42647697030224,0.0,1330600
2024-10-08,0.0,21.132587432861328,0.0,21.279532705831677,20.9397206672591,21.279532705831677,0.0,1115900
2024-10-09,0.0,20.94890594482422,0.0,20.967274542735417,20.700936879926658,20.811144963942038,0.0,872400
2024-10-10,0.0,21.36219024658203,0.0,21.380558844155637,21.040746795947467,21.06829969230787,0.0,961200
2024-10-11,0.0,21.380558013916016,0.0,21.454030649631502,21.31626792490488,21.334636521765205,0.0,726700
2024-10-14,0.0,21.049930572509766,0.0,21.196875846001305,21.00401083144085,21.068299169627668,0.0,842500
2024-10-15,0.0,20.645830154418945,0.0,20.673383050042247,20.489700582671905,20.599910413439275,0.0,1113700
2024-10-16,0.0,20.59072494506836,0.0,20.65501327947779,20.47133257426881,20.59072494506836,0.0,683800
2024-10-17,0.0,20.61827850341797,0.0,20.61827850341797,20.434596040565268,20.498884377045975,0.0,620600
2024-10-18,0.0,20.50806999206543,0.0,20.563174033768835,20.388677609753735,20.544807187684967,0.0,538400
2024-10-21,0.0,20.572359085083008,0.0,20.7193043694837,20.508070742123447,20.645831727283355,0.0,640000
2024-10-22,0.0,20.930538177490234,0.0,20.985642217072805,20.74685570991388,20.74685570991388,0.0,897300
2024-10-23,0.0,20.81114387512207,0.0,20.90298510814711,20.737671239047202,20.83869677054733,0.0,692400
2024-10-24,0.0,20.801959991455078,0.0,20.96727386385148,20.65501471637513,20.930538420944423,0.0,912500
2024-10-25,0.0,20.94890594482422,0.0,20.967274542735417,20.83869786080884,20.86624900594973,0.0,739800
2024-10-28,0.0,20.3886775970459,0.0,20.4345973398158,20.30602065867936,20.361124700348416,0.0,1002200
2024-10-29,0.0,20.351940155029297,0.0,20.41622849481912,20.232547774237613,20.351940155029297,0.0,569300
2024-10-30,0.0,20.609094619750977,0.0,20.609094619750977,20.407043556202645,20.434596451702642,0.0,807900
2024-10-31,0.0,20.746854782104492,0.0,20.774407676526515,20.508068285624216,20.599909515305207,0.0,1172500
2024-11-01,0.0,20.526437759399414,0.0,20.857063747969004,20.526437759399414,20.82032830556164,0.0,672100
2024-11-04,0.0,20.87543296813965,0.0,20.884617266947085,20.756040587094727,20.792776030598592,0.0,616600
2024-11-05,0.0,21.004011154174805,0.0,21.059115194649365,20.893801321499822,20.994826855474734,0.0,509300
2024-11-06,0.0,20.7744083404541,0.0,20.88461641821282,20.50806894103988,20.535621836342465,0.0,818600
2024-11-07,0.0,20.98564338684082,0.0,21.031563130431618,20.756041165434958,20.829513806215797,0.0,1471800
2024-11-08,0.0,20.664199829101562,0.0,20.811145109970433,20.599911487687173,20.7835922129103,0.0,453300
2024-11-11,0.0,20.33357048034668,0.0,20.407043115032476,20.26928214396233,20.407043115032476,0.0,1303700
2024-11-12,0.0,20.223363876342773,0.0,20.42541319850547,20.214179577372754,20.40704460056543,0.0,612000
2024-11-13,0.0,20.159074783325195,0.0,20.2600985647753,20.002945210110468,20.14989048469776,0.0,652100
2024-11-14,0.0,20.14070701599121,0.0,20.31520519365121,20.103969819967666,20.31520519365121,0.0,625800
2024-11-15,0.0,20.03968048095703,0.0,20.278466988044087,20.021311883859756,20.186625754283554,0.0,458000
2024-11-18,0.0,20.498884201049805,0.0,20.53562139399525,20.22336226086208,20.22336226086208,0.0,651400
2024-11-19,0.0,20.563173294067383,0.0,20.60909478693991,20.44378091605049,20.553988995492876,0.0,794800
2024-11-20,0.0,20.55398941040039,0.0,20.655014945033436,20.508069668326755,20.62746204875373,0.0,521500
2024-11-21,0.0,20.700937271118164,0.0,20.728488416779697,20.572358835035892,20.728488416779697,0.0,619800
2024-11-22,0.0,20.719303131103516,0.0,20.7835914702206,20.5631735567938,20.581542154177498,0.0,534800
2024-11-25,0.0,20.425413131713867,0.0,20.62746245321586,20.379493388739842,20.55398981342187,0.0,609800
2024-11-26,0.0,20.425413131713867,0.0,20.65501535003582,20.31520504788584,20.535622967267805,0.0,1010500
2024-11-27,0.0,20.315204620361328,0.0,20.462149896856907,20.24173198211354,20.351940063622287,0.0,560700
2024-11-29,0.0,20.33357048034668,0.0,20.462148904841165,20.306019337168124,20.407043115032476,0.0,419000
2024-12-02,0.0,20.18662452697754,0.0,20.287650053144564,20.140704788752018,20.269281457164062,0.0,563000
2024-12-03,0.0,20.416229248046875,0.0,20.47133504280767,20.296836862850377,20.361125205012026,0.0,482300
2024-12-04,0.0,20.306018829345703,0.0,20.462148393114184,20.241730494569104,20.45296409504242,0.0,875600
2024-12-05,0.0,20.278467178344727,0.0,20.361124114332306,20.22336313826162,20.306020074249204,0.0,407000
2024-12-06,0.0,20.122337341308594,0.0,20.195809977698516,20.076417600462076,20.149890236852,0.0,437900
2024-12-09,0.0,20.315204620361328,0.0,20.4529655981102,20.315204620361328,20.351940063622287,0.0,698400
2024-12-10,0.0,20.36112403869629,0.0,20.44378097437682,20.324386844293453,20.324386844293453,0.0,864200
2024-12-11,0.0,20.61827850341797,0.0,20.655013944953033,20.489700078730763,20.498884377045975,0.0,539800
2024-12-12,0.0,20.53562355041504,0.0,20.57235899549225,20.379493967453485,20.480517755210283,0.0,360700
2024-12-13,0.0,20.526437759399414,0.0,20.590726097406673,20.498884863799518,20.526437759399414,0.0,1165700
2024-12-16,0.0,20.416229248046875,0.0,20.517254786715718,20.416229248046875,20.50807048758892,0.0,832900
2024-12-17,0.0,20.278467178344727,0.0,20.29683577561438,20.140706202274043,20.25091428244025,0.0,386300
2024-12-18,0.0,20.094785690307617,0.0,20.37949370671166,20.08560314295027,20.296836766688028,0.0,1348900
2024-12-19,0.0,20.094785690307617,0.0,20.250915271271598,20.076418843866982,20.22336412574768,0.0,2166500
2024-12-20,0.0,20.223363876342773,0.0,20.269283619466957,20.03049710142418,20.0856028952443,0.0,1507300
2024-12-23,0.0,20.238842010498047,1.116,20.238842010498047,20.10340102013822,20.190470755439566,0.0,1414200
2024-12-24,0.0,20.354934692382812,0.0,20.412980564896714,20.31623621387687,20.33558545312984,0.0,549500
2024-12-26,0.0,20.296886444091797,0.0,20.412980031330093,20.28721182471819,20.364606934462063,0.0,1139700
2024-12-27,0.0,20.393630981445312,0.0,20.47102609190593,20.354934348837496,20.44200223351633,0.0,1418400
2024-12-30,0.0,20.57744598388672,0.0,20.722561591854827,20.548422124195067,20.65484109781938,0.0,938700
2024-12-31,0.0,20.683862686157227,0.0,20.693537305855138,20.577445559970286,20.577445559970286,0.0,778400
2025-01-02,0.0,20.887025833129883,0.0,21.003117578035436,20.84832735466469,20.84832735466469,0.0,1027300
2025-01-03,0.0,20.780607223510742,0.0,20.84832771675598,20.76125798394209,20.84832771675598,0.0,760000
2025-01-06,0.0,20.819305419921875,0.0,21.01279227724571,20.79028156096304,20.916049771206303,0.0,678700
2025-01-07,0.0,20.91604995727539,0.0,20.993445069942435,20.906375337536378,20.925722731769362,0.0,787100
2025-01-08,0.0,20.877351760864258,0.0,20.97409611431862,20.799956647149784,20.954746874578735,0.0,425600
2025-01-10,0.0,21.438467025756836,0.0,21.573908014893604,21.26432755672666,21.525536760271926,0.0,1089400
2025-01-13,0.0,21.5932559967041,0.0,21.651301867917077,21.496511647852493,21.525535506081468,0.0,1281800
2025-01-14,0.0,21.583581924438477,0.0,21.583581924438477,21.486837573134398,21.50618681244422,0.0,476300
2025-01-15,0.0,21.931861877441406,0.0,21.951211117656765,21.690001910484728,21.699676530592406,0.0,936700
2025-01-16,0.0,21.83511734008789,0.0,21.854466580142397,21.66097787008754,21.82544272006064,0.0,743300
2025-01-17,0.0,21.738372802734375,0.0,21.83511715695038,21.64163029376345,21.69000154824891,0.0,699600
2025-01-21,0.0,21.631956100463867,0.0,21.660978115629515,21.525537124202852,21.564235604750536,0.0,661300
2025-01-22,0.0,21.612606048583984,0.0,21.67065192198063,21.573907569489524,21.612606048583984,0.0,686100
2025-01-23,0.0,21.53521156311035,0.0,21.728698428485135,21.486838462832832,21.612606678309284,0.0,920300
2025-01-24,0.0,21.544885635375977,0.0,21.612606128797577,21.44814128252581,21.58358226936901,0.0,532200
2025-01-27,0.0,21.21595573425293,0.0,21.390095198622205,21.080514748741283,21.37074595919339,0.0,957900
2025-01-28,0.0,21.235305786132812,0.0,21.26432780114137,21.13856143053238,21.24497856097226,0.0,414700
2025-01-29,0.0,21.274002075195312,0.0,21.351397189367773,21.206281580950044,21.215956200877237,0.0,1188300
2025-01-30,0.0,21.293350219726562,0.0,21.409441962390993,21.264326361437966,21.28367560029703,0.0,862300
2025-01-31,0.0,21.25465202331543,0.0,21.29335050154574,21.099861800884206,21.20628077077255,0.0,1622200
2025-02-03,0.0,21.419116973876953,0.0,21.46749007191004,21.274001370267722,21.351396481875646,0.0,1027100
2025-02-04,0.0,21.47716522216797,0.0,21.554560335688148,21.119211668858977,21.138560908550286,0.0,1188200
2025-02-05,0.0,21.34172248840332,0.0,21.399770207746055,21.264327374524736,21.312700473977017,0.0,629800
2025-02-06,0.0,21.351396560668945,0.0,21.390095039238222,21.23530481545115,21.361071180311264,0.0,1111400
2025-02-07,0.0,21.36107063293457,0.0,21.47716422042249,21.341721394145754,21.457814981633675,0.0,562700
2025-02-10,0.0,21.670652389526367,0.0,21.680327009508712,21.535211400263698,21.535211400263698,0.0,1099800
2025-02-11,0.0,21.83511734008789,0.0,21.883490440224154,21.786746085196725,21.806095325251228,0.0,693700
2025-02-12,0.0,21.5932559967041,0.0,21.767395455588,21.5932559967041,21.719024203784688,0.0,801600
2025-02-13,0.0,21.699676513671875,0.0,21.70935113377201,21.544886282559908,21.544886282559908,0.0,717100
2025-02-14,0.0,21.7093505859375,0.0,21.87381543299934,21.699675966081504,21.82544233371935,0.0,1174400
2025-02-18,0.0,22.02860450744629,0.0,22.047953746145737,21.825441191592013,21.84479043029146,0.0,877300
2025-02-19,0.0,22.20274543762207,0.0,22.26079131232475,22.086651842971623,22.212418212368277,0.0,787400
2025-02-20,0.0,22.231767654418945,0.0,22.289815374894317,22.193071019347133,22.222093034339714,0.0,666700
2025-02-21,0.0,21.92218589782715,0.0,22.15437123027715,21.92218589782715,22.15437123027715,0.0,809600
2025-02-24,0.0,21.844791412353516,0.0,21.873815271707493,21.777070919105945,21.844791412353516,0.0,1058100
2025-02-25,0.0,21.60293197631836,0.0,21.815768080996907,21.49651300135654,21.815768080996907,0.0,1015600
2025-02-26,0.0,21.419116973876953,0.0,21.506186705091494,21.361071101482263,21.477164691516656,0.0,1308500
2025-02-27,0.0,21.44814109802246,0.0,21.5448854500404,21.41911723884357,21.496512351408914,0.0,1174400
2025-02-28,0.0,21.283676147460938,0.0,21.322374626173932,21.20628103527997,21.322374626173932,0.0,1814800
2025-03-03,0.0,21.148235321044922,0.0,21.380420659328966,21.080514828034374,21.370746039578165,0.0,3041000
2025-03-04,0.0,21.21595573425293,0.0,21.25465236786553,21.022467030454834,21.157909861211515,0.0,3014800
2025-03-05,0.0,21.157909393310547,0.0,21.157909393310547,20.90637482203365,20.993444552292768,0.0,2521500
2025-03-06,0.0,21.051490783691406,0.0,21.148235135103747,21.003117685362724,21.080514642688616,0.0,1985800
2025-03-07,0.0,21.235305786132812,0.0,21.33204829648814,21.099862950194165,21.186932685710044,0.0,1133900
2025-03-10,0.0,21.099863052368164,0.0,21.341723019917875,21.080515657350475,21.30302638463738,0.0,1741300
2025-03-11,0.0,21.21595573425293,0.0,21.332047480335756,21.186931875109703,21.28367622700875,0.0,2474400
2025-03-12,0.0,21.21595573425293,0.0,21.28367622700875,21.167582635680887,21.235304973681746,0.0,1231800
2025-03-13,0.0,21.138561248779297,0.0,21.332048113071423,21.138561248779297,21.157910488782036,0.0,1719400
2025-03-14,0.0,21.25465202331543,0.0,21.274001262430584,21.11921103999936,21.167582292542242,0.0,1467800
2025-03-17,0.0,21.399770736694336,0.0,21.448141992097163,21.341723015916806,21.361072256175984,0.0,1707800
2025-03-18,0.0,21.351396560668945,0.0,21.544885263025296,21.351396560668945,21.535210643382975,0.0,1660100
2025-03-19,0.0,21.48683738708496,0.0,21.52553586536952,21.380420262292436,21.399769501434715,0.0,1297400
2025-03-20,0.0,21.525535583496094,0.0,21.535210202940547,21.361070743430368,21.409441995407647,0.0,1301700
2025-03-21,0.0,21.399770736694336,0.0,21.448141992097163,21.380421496435158,21.438467371967576,0.0,1352900
2025-03-24,0.0,21.47716522216797,0.0,21.515861856305527,21.39977010864779,21.448141362631002,0.0,1766200
2025-03-25,0.0,21.506187438964844,0.0,21.573907933277034,21.39977031015072,21.535211298775103,0.0,1124200
2025-03-26,0.0,21.47716522216797,0.0,21.593256969825706,21.467490602322314,21.554560335688148,0.0,1089100
2025-03-27,0.0,21.53521156311035,0.0,21.564235423276866,21.380421332712487,21.42879258774491,0.0,875200
2025-03-28,0.0,21.467491149902344,0.0,21.515862405119385,21.36107217413073,21.515862405119385,0.0,2163300
2025-03-31,0.0,21.767396926879883,0.0,21.815768181952688,21.544886201152824,21.63195593647995,0.0,3256000
2025-04-01,0.0,21.777070999145508,0.0,21.844791492641978,21.72869790004442,21.815767633181324,0.0,3490500
2025-04-02,0.0,21.912511825561523,0.0,21.922186445310846,21.728697740814503,21.728697740814503,0.0,1848300
2025-04-03,0.0,21.032142639160156,0.0,21.119212375439062,20.983771383558597,20.993446003727932,0.0,3423800
2025-04-04,0.0,20.267866134643555,0.0,20.383957886393897,19.938936429275714,20.190471018394952,0.0,5190200
2025-04-07,0.0,19.948610305786133,0.0,20.567771212692882,19.900237206655884,20.026005419149477,0.0,5327500
2025-04-08,0.0,19.50358772277832,0.0,20.180796373042963,19.43586722680088,20.132423272169707,0.0,3650800
2025-04-09,0.0,20.20981788635254,0.0,20.267865605958665,19.194006781431302,19.358471629825175,0.0,3430100
2025-04-10,0.0,19.958282470703125,0.0,20.006655568355725,19.76479561582772,19.909911218295523,0.0,2439800
2025-04-11,0.0,20.248516082763672,0.0,20.287212716714553,19.958283024529333,19.958283024529333,0.0,1307900
2025-04-14,0.0,20.258190155029297,0.0,20.345259885621793,20.1324219462868,20.335585266084294,0.0,1178200
2025-04-15,0.0,20.20981788635254,0.0,20.277538380647943,20.122748152188425,20.20981788635254,0.0,816600
2025-04-16,0.0,20.46135139465332,0.0,20.500049872359,20.31623579374698,20.31623579374698,0.0,888200
2025-04-17,0.0,20.674190521240234,0.0,20.77093303058152,20.538747686721283,20.558096926687572,0.0,1411100
2025-04-21,0.0,20.500049591064453,0.0,20.59679393875618,20.412979862666393,20.567770080875174,0.0,1429400
2025-04-22,0.0,20.59679412841797,0.0,20.741909728669356,20.558095650886948,20.59679412841797,0.0,793700
2025-04-23,0.0,20.44200325012207,0.0,20.63549195851854,20.30656226139159,20.538747604320307,0.0,1443100
2025-04-24,0.0,20.625816345214844,0.0,20.635490964693236,20.432329491381967,20.558095854111087,0.0,1256400
2025-04-25,0.0,20.65484046936035,0.0,20.664515088963203,20.509724865807637,20.519397640165472,0.0,903200
2025-04-28,0.0,20.538747787475586,0.0,20.606468282444727,20.451678052445235,20.596795507659216,0.0,1274000
2025-04-29,0.0,20.277538299560547,0.0,20.451677767192415,20.277538299560547,20.393631893063482,0.0,1139000
2025-04-30,0.0,19.900236129760742,0.0,20.200141947158755,19.880886891155722,20.142096076588647,0.0,2553900
2025-05-01,0.0,19.996980667114258,0.0,20.08405039641733,19.822841208508112,19.900236318416958,0.0,3638200
2025-05-02,0.0,20.08405113220215,0.0,20.161446244946383,19.967957540463274,20.142097005449067,0.0,1948100
2025-05-05,0.0,19.967958450317383,0.0,20.093726667535634,19.909912574425565,20.055028186777673,0.0,1284200
2025-05-06,0.0,20.267866134643555,0.0,20.383957886393897,20.238842274083407,20.29688814995858,0.0,1388200
2025-05-07,0.0,20.01633071899414,0.0,20.219492198790697,19.98730685963247,20.219492198790697,0.0,1300700
2025-05-08,0.0,20.277538299560547,0.0,20.277538299560547,20.13242269161568,20.13242269161568,0.0,520000
2025-05-09,0.0,20.432329177856445,0.0,20.461351190601302,20.35493406846189,20.36460684254687,0.0,656600
2025-05-12,0.0,20.567771911621094,0.0,20.76125877898194,20.548422671311474,20.74191138391744,0.0,1209900
2025-05-13,0.0,20.887025833129883,0.0,20.91604969197878,20.65484049807376,20.69353713129394,0.0,445300
2025-05-14,0.0,20.780607223510742,0.0,20.867676956324633,20.76125798394209,20.80963108286372,0.0,449600
2025-05-15,0.0,20.57744598388672,0.0,20.616142618230516,20.442003150570756,20.5677713639895,0.0,490900
2025-05-16,0.0,20.500049591064453,0.0,20.55809546158151,20.46135111388978,20.509724210358122,0.0,626800
2025-05-19,0.0,20.471027374267578,0.0,20.587120969853423,20.42265611916645,20.49037661440607,0.0,683700
2025-05-20,0.0,20.732234954833984,0.0,20.732234954833984,20.52907163979961,20.558095497731653,0.0,680000
2025-05-21,0.0,20.70321273803711,0.0,20.848328348710655,20.693538117959527,20.838655573878174,0.0,921900
2025-05-22,0.0,20.59679412841797,0.0,20.645165380086773,20.51939717335593,20.558095650886948,0.0,634000
2025-05-23,0.0,20.712886810302734,0.0,20.732236049946156,20.55809658364548,20.59679506293232,0.0,444100
2025-05-27,0.0,20.529071807861328,0.0,20.58711952420062,20.451676697987246,20.58711952420062,0.0,624700
2025-05-28,0.0,20.46135139465332,0.0,20.64516547326534,20.46135139465332,20.61614161498608,0.0,590600
2025-05-29,0.0,20.354934692382812,0.0,20.4226551845232,20.31623621387687,20.412980564896714,0.0,358800
2025-05-30,0.0,20.20014190673828,0.0,20.287211635041697,20.103399404396665,20.287211635041697,0.0,419100
2025-06-02,0.0,20.625816345214844,0.0,20.6935368363186,20.51939737619752,20.674189442606806,0.0,1477700
2025-06-03,0.0,20.76125717163086,0.0,20.79028102984824,20.587119558061488,20.62581619043969,0.0,566700
2025-06-04,0.0,20.683862686157227,0.0,20.819305516682928,20.577445559970286,20.79995627728711,0.0,871500
2025-06-05,0.0,20.780607223510742,0.0,20.90637543546194,20.77093260372642,20.8386549422167,0.0,460200
2025-06-06,0.0,20.945072174072266,0.0,20.964421413737657,20.790281947239244,20.790281947239244,0.0,1122800
2025-06-09,0.0,20.964420318603516,0.0,21.003116950667817,20.848326731920686,20.93539646062157,0.0,737900
2025-06-10,0.0,20.91604995727539,0.0,21.05149094313146,20.877351478319348,20.983770450203423,0.0,463600
2025-06-11,0.0,21.25465202331543,0.0,21.312699740660893,21.041815928783752,21.041815928783752,0.0,829400
2025-06-12,0.0,21.25465202331543,0.0,21.303025121103314,21.167582292542242,21.225630009887702,0.0,796900
2025-06-13,0.0,21.912511825561523,0.0,22.028605417308338,21.719024966310222,21.738372360563822,0.0,1622600
2025-06-16,0.0,21.8641414642334,0.0,21.931861959996965,21.51586252002636,21.8641414642334,0.0,2231300
2025-06-17,0.0,22.328510284423828,0.0,22.367208761750135,22.01892984679323,22.12534881419561,0.0,1641600
2025-06-18,0.0,22.38655662536621,0.0,22.512324834073326,22.173720531336095,22.4349297230401,0.0,1790200
2025-06-20,0.0,22.50265121459961,0.0,22.56069708914295,22.41558148016206,22.44460534005627,0.0,989900
2025-06-23,0.0,21.670652389526367,0.0,22.522000495521933,21.670652389526367,22.492976635574895,0.0,3334200
2025-06-24,0.0,21.148235321044922,0.0,21.264327067564423,21.061165588532777,21.186931954803075,0.0,1732000
2025-06-25,0.0,21.119211196899414,0.0,21.235304787207824,21.051490704738267,21.080514563626622,0.0,1541900
2025-06-26,0.0,21.196605682373047,0.0,21.303024649907535,21.128885192212902,21.148234430900075,0.0,1288300
2025-06-27,0.0,21.090187072753906,0.0,21.196606042094402,21.022466581444498,21.157909409308306,0.0,873200
2025-06-30,0.0,21.099863052368164,0.0,21.157910773156576,21.051491796956267,21.099863052368164,0.0,1184000
2025-07-01,0.0,21.21595573425293,0.0,21.225630353967336,21.070840129026877,21.128886002068292,0.0,585700
2025-07-02,0.0,21.564233779907227,0.0,21.602930411935144,21.25465149745908,21.312699213368397,0.0,325600
2025-07-03,0.0,21.5545597076416,0.0,21.64162943847044,21.506186609822798,21.602930960215396,0.0,202000
2025-07-07,0.0,21.53521156311035,0.0,21.583582818142773,21.39009595276799,21.419117967689402,0.0,413100
2025-07-08,0.0,21.60293197631836,0.0,21.69967633126137,21.50618762137535,21.53521148143178,0.0,557200
2025-07-09,0.0,21.564233779907227,0.0,21.622279650571585,21.47716405128821,21.51586068331613,0.0,577300
2025-07-10,0.0,21.496511459350586,0.0,21.51586069800023,21.41911634999697,21.448140207971434,0.0,347400
2025-07-11,0.0,21.777070999145508,0.0,21.777070999145508,21.593256913051476,21.593256913051476,0.0,329700
2025-07-14,0.0,21.5932559967041,0.0,21.786744694407318,21.583581377294443,21.786744694407318,0.0,562500
2025-07-15,0.0,21.5545597076416,0.0,21.680326071480476,21.53521046851408,21.573907101524117,0.0,494700
2025-07-16,0.0,21.583581924438477,0.0,21.612605783403207,21.399769686730252,21.4674901790696,0.0,313600
2025-07-17,0.0,21.757720947265625,0.0,21.757720947265625,21.554559474360456,21.554559474360456,0.0,203300
2025-07-18,0.0,21.796419143676758,0.0,22.06730110405282,21.78674452434262,21.980231375290526,0.0,762500
2025-07-21,0.0,21.748046875,0.0,21.815767367672276,21.680326382327724,21.738372255297527,0.0,500600
2025-07-22,0.0,21.7093505859375,0.0,21.738372600260433,21.622280852478582,21.651302866801515,0.0,334000
2025-07-23,0.0,21.651302337646484,0.0,21.68032619650514,21.58358184555464,21.641629563271948,0.0,438200
2025-07-24,0.0,21.670652389526367,0.0,21.699676249473406,21.535211400263698,21.651303149561677,0.0,347300
2025-07-25,0.0,21.44814109802246,0.0,21.631955182332046,21.44814109802246,21.61260594287945,0.0,381900
2025-07-28,0.0,21.670652389526367,0.0,21.670652389526367,21.544886020246043,21.63195575484207,0.0,373300
2025-07-29,0.0,21.951210021972656,0.0,21.989906655226743,21.651302349339645,21.66097696896442,0.0,480300
2025-07-30,0.0,21.9028377532959,0.0,22.009256727953442,21.709350889208196,21.854466498585246,0.0,1038500
2025-07-31,0.0,21.719024658203125,0.0,21.78674515024265,21.63195492693945,21.719024658203125,0.0,656700
2025-08-01,0.0,21.370746612548828,0.0,21.71902555193511,21.341722752518272,21.71902555193511,0.0,505900
2025-08-04,0.0,21.293350219726562,0.0,21.39976918820644,21.196605870676215,21.225629728964815,0.0,558300
2025-08-05,0.0,21.10953712463379,0.0,21.244978112468026,21.10953712463379,21.225630717952466,0.0,225300
2025-08-06,0.0,21.06116485595703,0.0,21.39976915447706,21.012791758885612,21.322374044407766,0.0,530000
2025-08-07,0.0,21.12888526916504,0.0,21.24497701122096,21.11921064978622,21.17725652081418,0.0,332800
2025-08-08,0.0,21.12888526916504,0.0,21.28367548873625,21.051490159379433,21.196605759571824,0.0,536700
2025-08-11,0.0,21.157909393310547,0.0,21.19660602606738,21.080514282551885,21.128885534809175,0.0,220800
2025-08-12,0.0,21.07084083557129,0.0,21.11921209052027,21.051491595493655,21.109537470481456,0.0,201100
2025-08-13,0.0,21.04181671142578,0.0,21.109537205602653,20.91605034298946,21.099862585685234,0.0,527100
2025-08-14,0.0,21.12888526916504,0.0,21.13855988854386,21.022466301242968,21.0805140175159,0.0,394300
2025-08-15,0.0,21.06116485595703,0.0,21.119210727197757,21.00311713947133,21.00311713947133,0.0,192700
2025-08-18,0.0,21.080514907836914,0.0,21.148235401103825,20.906375442153397,20.94507207605804,0.0,658700
2025-08-19,0.0,20.91604995727539,0.0,21.003117844436407,20.88702609805836,20.993445069942435,0.0,379700
2025-08-20,0.0,21.148235321044922,0.0,21.157909940795722,21.04181634903118,21.061165588532777,0.0,443800
2025-08-21,0.0,21.274002075195312,0.0,21.303025934976887,21.11921184685039,21.14823570663197,0.0,546000
2025-08-22,0.0,21.36107063293457,0.0,21.399769110512203,21.254651664841056,21.254651664841056,0.0,252200
2025-08-25,0.0,21.467491149902344,0.0,21.535211645304244,21.390096034408018,21.409443429347768,0.0,162400
2025-08-26,0.0,21.30302619934082,0.0,21.39977055456823,21.27400233919907,21.332048214237478,0.0,236300
2025-08-27,0.0,21.32237434387207,0.0,21.380420215928027,21.26432662657111,21.28367586567143,0.0,565600
2025-08-28,0.0,21.457815170288086,0.0,21.525535661399356,21.274001090668214,21.341721581779485,0.0,147000
2025-08-29,0.0,21.48683738708496,0.0,21.50618662622724,21.42879151490313,21.50618662622724,0.0,447500
2025-09-02,0.0,21.83511734008789,0.0,21.854466580142397,21.61260661519637,21.68032711014204,0.0,630100
2025-09-03,0.0,21.641630172729492,0.0,21.78674578061938,21.612606313053487,21.767396540835378,0.0,820100
2025-09-04,0.0,21.48683738708496,0.0,21.52553586536952,21.41911689533199,21.477164612758827,0.0,414400
2025-09-05,0.0,21.312700271606445,0.0,21.419117398900863,21.25465255281489,21.419117398900863,0.0,419100
2025-09-08,0.0,21.457815170288086,0.0,21.486837183481494,21.361070820738416,21.477164409247017,0.0,316400
2025-09-09,0.0,21.51586151123047,0.0,21.651302496407293,21.506186891539976,21.593256623509372,0.0,252700
2025-09-10,0.0,21.66097640991211,0.0,21.690000268037355,21.544884667901062,21.554559287276145,0.0,282100
2025-09-11,0.0,21.496511459350586,0.0,21.554559175299516,21.42879096932179,21.457814827296257,0.0,251100
2025-09-12,0.0,21.62228012084961,0.0,21.728697245174647,21.60293088179233,21.66097675371917,0.0,300700
2025-09-15,0.0,21.815767288208008,0.0,21.835116527542475,21.748046795782404,21.76739603511687,0.0,267000
2025-09-16,0.0,22.038280487060547,0.0,22.047955107007418,21.93186151289007,21.95121075278381,0.0,195800
2025-09-17,0.0,21.806095123291016,0.0,21.999581986308772,21.76739664354042,21.970558126495828,0.0,448000
2025-09-18,0.0,21.7093505859375,0.0,21.844791573431348,21.66097748665751,21.81576771386335,0.0,190700
2025-09-19,0.0,21.53521156311035,0.0,21.680327173452714,21.52553694305485,21.62228129836479,0.0,205000
2025-09-22,0.0,21.53521156311035,0.0,21.544886183165858,21.43846720780041,21.448141827855917,0.0,325700
2025-09-23,0.0,21.757720947265625,0.0,21.76739556672468,21.61260534586979,21.61260534586979,0.0,318500
2025-09-24,0.0,21.9028377532959,0.0,21.922186993278196,21.786746003892294,21.8254426386118,0.0,309300
2025-09-25,0.0,22.057626724243164,0.0,22.057626724243164,21.844790632315785,21.91251112314518,0.0,1415100
2025-09-26,0.0,22.067302703857422,0.0,22.222092933935496,22.01893144892493,22.038280688995965,0.0,407600
2025-09-29,0.0,21.88348960876465,0.0,21.960884720796958,21.85446574978565,21.93186086181796,0.0,192200
2025-09-30,0.0,21.796419143676758,0.0,21.844790395102493,21.73837142767192,21.76739528567434,0.0,377300
2025-10-01,0.0,21.757720947265625,0.0,21.786744805642787,21.57390686803358,21.61260534586979,0.0,565700
2025-10-02,0.0,21.612606048583984,0.0,21.786745514018968,21.55456017518734,21.719025020848704,0.0,303300
2025-10-03,0.0,21.680326461791992,0.0,21.757721574450414,21.660977222316127,21.680326461791992,0.0,356900
2025-10-06,0.0,21.9028377532959,0.0,21.922186993278196,21.815768018620652,21.815768018620652,0.0,179600
2025-10-07,0.0,21.989906311035156,0.0,21.989906311035156,21.835116089951587,21.883489187318318,0.0,241800
2025-10-08,0.0,22.018930435180664,0.0,22.09632554665646,21.989906576410363,22.018930435180664,0.0,292500
2025-10-09,0.0,21.815767288208008,0.0,22.106000342489914,21.786745274451334,22.106000342489914,0.0,168400
2025-10-10,0.0,21.351396560668945,0.0,21.68032624752773,21.322374546987007,21.631954994561152,0.0,464200
2025-10-13,0.0,21.62228012084961,0.0,21.65130213419053,21.506186531750934,21.573907023206413,0.0,282700
2025-10-14,0.0,21.380420684814453,0.0,21.477165037192716,21.30302557196085,21.34172220576513,0.0,205300
2025-10-15,0.0,21.457815170288086,0.0,21.506186422440425,21.380420059697347,21.486837183481494,0.0,164500
2025-10-16,0.0,21.419116973876953,0.0,21.593256436306035,21.37074572108888,21.496512085484877,0.0,279200
2025-10-17,0.0,21.399770736694336,0.0,21.438467371967576,21.322375620902744,21.40944351157881,0.0,1650600
2025-10-20,0.0,21.612606048583984,0.0,21.612606048583984,21.438466583149005,21.438466583149005,0.0,185200
2025-10-21,0.0,21.390094757080078,0.0,21.486837261737097,21.26432654863396,21.44814062892329,0.0,534200
2025-10-22,0.0,21.728696823120117,0.0,21.786744539164445,21.515860733359137,21.5448845913813,0.0,397200
2025-10-23,0.0,22.096324920654297,0.0,22.21241666195653,22.04795366931919,22.04795366931919,0.0,472300
2025-10-24,0.0,22.106000900268555,0.0,22.21241802880318,22.09632628035721,22.1156755201799,0.0,268900
2025-10-27,0.0,22.057626724243164,0.0,22.14469645395095,22.03827933060975,22.105999821439145,0.0,294900
2025-10-28,0.0,21.85446548461914,0.0,21.96088445433924,21.84479086507686,21.893162117543266,0.0,181200
2025-10-29,0.0,21.970558166503906,0.0,22.10600100063256,21.95121077183845,21.980232786459172,0.0,191000
2025-10-30,0.0,21.98023223876953,0.0,22.047954576768934,21.815767394118186,21.89316250658676,0.0,183000
2025-10-31,0.0,22.13502311706543,0.0,22.15437235706496,22.018931367558412,22.086651862311687,0.0,611000
2025-11-03,0.0,22.299488067626953,0.0,22.318837307714173,22.096326582446455,22.21241833247957,0.0,786100
2025-11-04,0.0,22.144697189331055,0.0,22.22209230216978,22.02860544269549,22.086651316013274,0.0,480200
2025-11-05,0.0,22.076976776123047,0.0,22.241441622155968,22.057627536532106,22.13502264965083,0.0,375600
2025-11-06,0.0,22.106000900268555,0.0,22.13502291475751,21.989907306577514,22.09632628035721,0.0,556000
2025-11-07,0.0,22.15437126159668,0.0,22.19306973968222,22.067301531149216,22.183395120160835,0.0,305600
2025-11-10,0.0,22.39623260498047,0.0,22.40590722510277,22.20274573826983,22.280140854003108,0.0,254400
2025-11-11,0.0,22.54134750366211,0.0,22.560696743294965,22.444604995987937,22.444604995987937,0.0,268300
2025-11-12,0.0,22.289813995361328,0.0,22.376881880195484,22.25111551743949,22.357534486479555,0.0,808900
2025-11-13,0.0,22.173721313476562,0.0,22.38655741501411,22.173721313476562,22.338186160879005,0.0,291100
2025-11-14,0.0,22.222091674804688,0.0,22.34785988289513,22.13502194466361,22.202744281074995,0.0,787700
2025-11-17,0.0,22.193069458007812,0.0,22.299486580902403,22.173720219210626,22.202744077406408,0.0,353400
2025-11-18,0.0,22.376882553100586,0.0,22.396231792643363,22.14469721432238,22.22209232724845,0.0,352200
2025-11-19,0.0,22.15437126159668,0.0,22.222091753001376,22.05762691162783,22.19306973968222,0.0,965000
2025-11-20,0.0,21.94153594970703,0.0,22.241441784576555,21.93186132984091,22.241441784576555,0.0,287000
2025-11-21,0.0,21.796419143676758,0.0,21.864139633770773,21.680325556912045,21.777069905008478,0.0,528600
2025-11-24,0.0,21.9028377532959,0.0,21.922186993278196,21.670652409243605,21.719025509199344,0.0,516300
2025-11-25,0.0,21.786745071411133,0.0,21.825441704474407,21.64162946824509,21.73837197352578,0.0,224600
2025-11-26,0.0,22.018930435180664,0.0,22.047954293950966,21.835116353458776,21.835116353458776,0.0,983400
2025-11-28,0.0,22.309162139892578,0.0,22.338185999310756,22.173721153097855,22.193070392709974,0.0,236100
2025-12-01,0.0,22.367210388183594,0.0,22.40590702307877,22.318837288008258,22.357535768148527,0.0,679600
2025-12-02,0.0,22.270465850830078,0.0,22.36721020514396,22.231767371006494,22.318837105364477,0.0,525000
2025-12-03,0.0,22.376882553100586,0.0,22.44460489150031,22.318836679717297,22.396231792643363,0.0,140800
2025-12-04,0.0,22.4349308013916,0.0,22.463952816145902,22.29948796663955,22.36721030663812,0.0,195700
2025-12-05,0.0,22.570371627807617,0.0,22.676790601791307,22.541347768017953,22.541347768017953,0.0,502700
2025-12-08,0.0,22.289813995361328,0.0,22.434929597078238,22.289813995361328,22.41558035811732,0.0,784600
2025-12-09,0.0,22.24144172668457,0.0,22.28981482588927,22.20274509256587,22.28014020604833,0.0,294700
2025-12-10,0.0,22.376882553100586,0.0,22.405906412414755,22.183395693407938,22.23176694701984,0.0,387200
2025-12-11,0.0,22.357534408569336,0.0,22.36720902801608,22.202744187911367,22.202744187911367,0.0,534800
2025-12-12,0.0,22.173721313476562,0.0,22.36721002050711,22.115675439465424,22.36721002050711,0.0,425800
2025-12-15,0.0,22.067302703857422,0.0,22.154372438931976,21.989907588818383,22.135023198860942,0.0,252700
2025-12-16,0.0,21.844791412353516,0.0,21.941535764955063,21.825442172784197,21.912511905601086,0.0,392500
2025-12-17,0.0,22.106000900268555,0.0,22.1156755201799,21.970558066754826,21.999581926488855,0.0,504000
2025-12-18,0.0,21.951210021972656,0.0,22.096325625854266,21.931860782723103,22.0479543729754,0.0,211500
2025-12-19,0.0,22.106000900268555,0.0,22.13502291475751,21.98023268666617,22.028605786222883,0.0,282700
2025-12-22,0.0,22.389999389648438,0.744,22.40999984741211,22.34000015258789,22.3799991607666,0.0,511600
2025-12-23,0.0,22.639999389648438,0.0,22.649999618530273,22.420000076293945,22.479999542236328,0.0,642400
2025-12-24,0.0,22.6299991607666,0.0,22.670000076293945,22.559999465942383,22.670000076293945,0.0,362800
2025-12-26,0.0,22.700000762939453,0.0,22.760000228881836,22.6299991607666,22.709999084472656,0.0,686500
2025-12-29,0.0,22.489999771118164,0.0,22.610000610351562,22.469999313354492,22.59000015258789,0.0,539300
2025-12-30,0.0,22.639999389648438,0.0,22.729999542236328,22.6200008392334,22.719999313354492,0.0,597600
2025-12-31,0.0,22.360000610351562,0.0,22.559999465942383,22.350000381469727,22.520000457763672,0.0,931400
2026-01-02,0.0,22.389999389648438,0.0,22.420000076293945,22.290000915527344,22.389999389648438,0.0,825300
2026-01-05,0.0,22.809999465942383,0.0,22.81999969482422,22.6299991607666,22.6299991607666,0.0,860000
2026-01-06,0.0,22.799999237060547,0.0,22.979999542236328,22.780000686645508,22.940000534057617,0.0,581700
2026-01-07,0.0,22.59000015258789,0.0,22.709999084472656,22.510000228881836,22.709999084472656,0.0,660000
2026-01-08,0.0,22.8799991607666,0.0,22.899999618530273,22.600000381469727,22.610000610351562,0.0,776600
2026-01-09,0.0,22.899999618530273,0.0,23.059999465942383,22.889999389648438,22.969999313354492,0.0,220500
2026-01-12,0.0,23.190000534057617,0.0,23.25,23.059999465942383,23.059999465942383,0.0,320900
2026-01-13,0.0,23.3700008392334,0.0,23.469999313354492,23.299999237060547,23.350000381469727,0.0,826200
2026-01-14,0.0,23.389999389648438,0.0,23.649999618530273,23.260000228881836,23.56999969482422,0.0,1316500
2026-01-15,0.0,23.200000762939453,0.0,23.309999465942383,23.1200008392334,23.18000030517578,0.0,490100
2026-01-16,0.0,23.15999984741211,0.0,23.239999771118164,23.09000015258789,23.200000762939453,0.0,506600
2026-01-20,0.0,23.479999542236328,0.0,23.59000015258789,23.450000762939453,23.510000228881836,0.0,427900
2026-01-21,0.0,23.75,0.0,23.790000915527344,23.649999618530273,23.780000686645508,0.0,693400
2026-01-22,0.0,23.739999771118164,0.0,23.760000228881836,23.649999618530273,23.719999313354492,0.0,409300
2026-01-23,0.0,24.18000030517578,0.0,24.200000762939453,24.049999237060547,24.049999237060547,0.0,890600
2026-01-26,0.0,24.290000915527344,0.0,24.5,24.190000534057617,24.350000381469727,0.0,749000
2026-01-27,0.0,24.6200008392334,0.0,24.6299991607666,24.229999542236328,24.299999237060547,0.0,928600
2026-01-28,0.0,24.940000534057617,0.0,24.969999313354492,24.709999084472656,24.770000457763672,0.0,557400
2026-01-29,0.0,25.299999237060547,0.0,25.690000534057617,24.770000457763672,25.670000076293945,0.0,1001600
2026-01-30,0.0,24.43000030517578,0.0,24.860000610351562,23.950000762939453,24.790000915527344,0.0,2266600
2026-02-02,0.0,23.540000915527344,0.0,23.760000228881836,23.389999389648438,23.65999984741211,0.0,3064300
2026-02-03,0.0,24.149999618530273,0.0,24.170000076293945,23.8700008392334,23.969999313354492,0.0,1165100
2026-02-04,0.0,24.190000534057617,0.0,24.270000457763672,23.93000030517578,24.18000030517578,0.0,1310400
2026-02-05,0.0,23.760000228881836,0.0,24.010000228881836,23.639999389648438,23.860000610351562,0.0,916100
2026-02-06,0.0,24.010000228881836,0.0,24.149999618530273,23.829999923706055,23.84000015258789,0.0,913000
2026-02-09,0.0,24.25,0.0,24.290000915527344,23.969999313354492,23.979999542236328,0.0,630400
2026-02-10,0.0,24.139999389648438,0.0,24.229999542236328,24.030000686645508,24.229999542236328,0.0,383500
2026-02-11,0.0,24.3700008392334,0.0,24.43000030517578,24.25,24.43000030517578,0.0,1026000
2026-02-12,0.0,23.799999237060547,0.0,24.299999237060547,23.770000457763672,24.280000686645508,0.0,1756500
2026-02-13,0.0,23.8799991607666,0.0,23.950000762939453,23.739999771118164,23.850000381469727,0.0,250700
2026-02-17,0.0,23.59000015258789,0.0,23.690000534057617,23.520000457763672,23.65999984741211,0.0,387600
2026-02-18,0.0,24.209999084472656,0.0,24.239999771118164,23.969999313354492,23.969999313354492,0.0,408500
2026-02-19,0.0,24.43000030517578,0.0,24.43000030517578,24.209999084472656,24.290000915527344,0.0,278800
2026-02-20,0.0,24.600000381469727,0.0,24.639999389648438,24.40999984741211,24.450000762939453,0.0,350500
2026-02-23,0.0,24.75,0.0,24.850000381469727,24.639999389648438,24.739999771118164,0.0,747300
2026-02-24,0.0,24.719999313354492,0.0,24.75,24.6200008392334,24.690000534057617,0.0,778600
2026-02-25,0.0,24.75,0.0,24.93000030517578,24.68000030517578,24.760000228881836,0.0,785400
2026-02-26,0.0,24.760000228881836,0.0,24.8700008392334,24.510000228881836,24.59000015258789,0.0,386400
2026-02-27,0.0,25.100000381469727,0.0,25.110000610351562,24.940000534057617,25.100000381469727,0.0,467900
2026-03-02,0.0,25.809999465942383,0.0,25.950000762939453,25.510000228881836,25.889999389648438,0.0,1707300
2026-03-03,0.0,25.90999984741211,0.0,26.389999389648438,25.579999923706055,26.3700008392334,0.0,1299200
2026-03-04,0.0,26.139999389648438,0.0,26.190000534057617,25.920000076293945,26.040000915527344,0.0,539700
2026-03-05,0.0,26.520000457763672,0.0,26.739999771118164,26.31999969482422,26.350000381469727,0.0,1300900
2026-03-06,0.0,27.510000228881836,0.0,27.65999984741211,27.25,27.309999465942383,0.0,4462900
2026-03-09,0.0,27.139999389648438,0.0,28.610000610351562,26.690000534057617,28.3799991607666,0.0,5116100
2026-03-10,0.0,27.600000381469727,0.0,27.639999389648438,26.600000381469727,27.56999969482422,0.0,2497600
2026-03-11,0.0,28.1299991607666,0.0,28.149999618530273,27.350000381469727,27.670000076293945,0.0,1225700
2026-03-12,0.0,28.860000610351562,0.0,28.93000030517578,28.489999771118164,28.719999313354492,0.0,1770100
2026-03-13,0.0,28.709999084472656,0.0,28.790000915527344,28.219999313354492,28.520000457763672,0.0,1135600
2026-03-16,0.0,28.309999465942383,0.0,28.700000762939453,28.200000762939453,28.6200008392334,0.0,1232000
2026-03-17,0.0,28.760000228881836,0.0,28.770000457763672,28.540000915527344,28.690000534057617,0.0,449800
2026-03-18,0.0,29.270000457763672,0.0,29.299999237060547,28.889999389648438,28.969999313354492,0.0,873400
2026-03-19,0.0,28.84000015258789,0.0,29.25,28.540000915527344,29.049999237060547,0.0,1052100
2026-03-20,0.0,28.940000534057617,0.0,29.139999389648438,28.739999771118164,28.920000076293945,0.0,1959900
2026-03-23,0.0,27.75,0.0,28.1299991607666,27.40999984741211,28.110000610351562,0.0,2131000
2026-03-24,0.0,28.239999771118164,0.0,28.399999618530273,28.059999465942383,28.18000030517578,0.0,1491900
2026-03-25,0.0,28.170000076293945,0.0,28.239999771118164,27.780000686645508,27.780000686645508,0.0,910100
2026-03-26,0.0,28.440000534057617,0.0,28.65999984741211,28.399999618530273,28.440000534057617,0.0,569700
2026-03-27,0.0,29.100000381469727,0.0,29.219999313354492,28.799999237060547,28.850000381469727,0.0,595300
2026-03-30,0.0,29.260000228881836,0.0,29.440000534057617,29.139999389648438,29.389999389648438,0.0,1067800
2026-03-31,0.0,28.950000762939453,0.0,29.3799991607666,28.829999923706055,29.280000686645508,0.0,6393700
2026-04-01,0.0,28.68000030517578,0.0,28.799999237060547,28.510000228881836,28.719999313354492,0.0,7866900
2026-04-02,0.0,29.329999923706055,0.0,29.479999542236328,29.030000686645508,29.469999313354492,0.0,1765000
2026-04-06,0.0,29.479999542236328,0.0,29.610000610351562,29.270000457763672,29.389999389648438,0.0,1310900
2026-04-07,0.0,29.3700008392334,0.0,29.760000228881836,29.110000610351562,29.610000610351562,0.0,2210100
2026-04-08,0.0,28.559999465942383,0.0,28.639999389648438,28.0,28.030000686645508,0.0,3558100
2026-04-09,0.0,28.709999084472656,0.0,28.950000762939453,28.450000762939453,28.799999237060547,0.0,948000
2026-04-10,0.0,28.5,0.0,28.780000686645508,28.469999313354492,28.6299991607666,0.0,496600
2026-04-13,0.0,28.959999084472656,0.0,29.34000015258789,28.8799991607666,29.209999084472656,0.0,1206800
2026-04-14,0.0,28.84000015258789,0.0,29.06999969482422,28.729999542236328,29.040000915527344,0.0,958000
2026-04-15,0.0,28.889999389648438,0.0,29.040000915527344,28.799999237060547,28.84000015258789,0.0,770300
2026-04-16,0.0,29.110000610351562,0.0,29.270000457763672,29.049999237060547,29.049999237060547,0.0,556700
2026-04-17,0.0,28.290000915527344,0.0,28.350000381469727,27.84000015258789,28.079999923706055,0.0,4703400
2026-04-20,0.0,28.670000076293945,0.0,28.81999969482422,28.520000457763672,28.540000915527344,0.0,1226200
2026-04-21,0.0,29.209999084472656,0.0,29.280000686645508,28.729999542236328,28.770000457763672,0.0,804300
2026-04-22,0.0,29.510000228881836,0.0,29.579999923706055,29.329999923706055,29.329999923706055,0.0,1232600
2026-04-23,0.0,29.889999389648438,0.0,30.040000915527344,29.5,29.520000457763672,0.0,1074300
2026-04-24,0.0,29.860000610351562,0.0,29.899999618530273,29.579999923706055,29.739999771118164,0.0,974000
2026-04-27,0.0,30.09000015258789,0.0,30.25,29.969999313354492,30.0,0.0,1478500
2026-04-28,0.0,30.34000015258789,0.0,30.350000381469727,30.110000610351562,30.190000534057617,0.0,1564500
2026-04-29,0.0,31.079999923706055,0.0,31.110000610351562,30.829999923706055,30.829999923706055,0.0,1886200
2026-04-30,0.0,31.100000381469727,0.0,31.110000610351562,30.790000915527344,30.790000915527344,0.0,2145400
2026-05-01,0.0,30.809999465942383,0.0,30.90999984741211,30.59000015258789,30.8799991607666,0.0,1626300
2026-05-04,0.0,31.329999923706055,0.0,31.459999084472656,30.8700008392334,30.889999389648438,0.0,2479300
2026-05-05,0.0,31.200000762939453,0.0,31.270000457763672,31.059999465942383,31.190000534057617,0.0,699700
2026-05-06,0.0,30.209999084472656,0.0,30.43000030517578,30.1200008392334,30.3700008392334,0.0,1739900
2026-05-07,0.0,30.25,0.0,30.3700008392334,29.56999969482422,29.739999771118164,0.0,5368300
2026-05-08,0.0,30.299999237060547,0.0,30.420000076293945,30.1299991607666,30.1299991607666,0.0,1309900
2026-05-11,0.0,31.059999465942383,0.0,31.170000076293945,30.739999771118164,30.739999771118164,0.0,3213600
2026-05-12,0.0,31.690000534057617,0.0,31.700000762939453,31.3700008392334,31.479999542236328,0.0,1301900
2026-05-13,0.0,31.3700008392334,0.0,31.719999313354492,31.309999465942383,31.600000381469727,0.0,777700
2026-05-14,0.0,31.149999618530273,0.0,31.190000534057617,30.959999084472656,31.049999237060547,0.0,679000
2026-05-15,0.0,31.190000534057617,0.0,31.239999771118164,30.989999771118164,31.030000686645508,0.0,832200
2026-05-18,0.0,31.3799991607666,0.0,31.790000915527344,31.190000534057617,31.239999771118164,0.0,1514300
2026-05-19,0.0,31.610000610351562,0.0,31.690000534057617,31.40999984741211,31.6200008392334,0.0,960000
2026-05-20,0.0,30.8799991607666,0.0,31.40999984741211,30.670000076293945,31.360000610351562,0.0,1344200
2026-05-21,0.0,30.700000762939453,0.0,31.290000915527344,30.43000030517578,31.290000915527344,0.0,751900
2026-05-22,0.0,30.540000915527344,0.0,30.780000686645508,30.31999969482422,30.600000381469727,0.0,863100
2026-05-26,0.0,30.030000686645508,0.0,30.309999465942383,29.989999771118164,30.1299991607666,0.0,1488800
2026-05-27,0.0,29.489999771118164,0.0,29.68000030517578,29.399999618530273,29.420000076293945,0.0,936800
2026-05-28,0.0,29.719999313354492,0.0,29.729999542236328,29.270000457763672,29.68000030517578,0.0,918700
2026-05-29,0.0,29.479999542236328,0.0,29.59000015258789,29.290000915527344,29.530000686645508,0.0,1035300
2026-06-01,0.0,29.989999771118164,0.0,30.309999465942383,29.84000015258789,30.040000915527344,0.0,1643000
2026-06-02,0.0,30.1200008392334,0.0,30.149999618530273,29.950000762939453,30.0,0.0,715900
2026-06-03,0.0,30.290000915527344,0.0,30.3700008392334,30.170000076293945,30.299999237060547,0.0,507500
2026-06-04,0.0,29.8799991607666,0.0,29.969999313354492,29.75,29.959999084472656,0.0,781200
2026-06-05,0.0,29.229999542236328,0.0,29.6200008392334,29.200000762939453,29.610000610351562,0.0,1126100
2026-06-08,0.0,29.469999313354492,0.0,29.579999923706055,29.40999984741211,29.479999542236328,0.0,654200
2026-06-09,0.0,29.06999969482422,0.0,29.329999923706055,28.81999969482422,29.270000457763672,0.0,2689200
2026-06-10,0.0,29.170000076293945,0.0,29.389999389648438,29.1200008392334,29.1200008392334,0.0,930800
2026-06-11,0.0,28.850000381469727,0.0,29.31999969482422,28.770000457763672,29.170000076293945,0.0,1377400
2026-06-12,0.0,28.549999237060547,0.0,28.8799991607666,28.510000228881836,28.6299991607666,0.0,1080700
2026-06-15,0.0,28.219999313354492,0.0,28.25,28.100000381469727,28.18000030517578,0.0,1070000
2026-06-16,0.0,27.899999618530273,0.0,28.040000915527344,27.760000228881836,27.899999618530273,0.0,463800
2026-06-17,0.0,27.709999084472656,0.0,28.350000381469727,27.68000030517578,27.969999313354492,0.0,1454800
2026-06-18,0.0,27.6299991607666,0.0,27.700000762939453,27.280000686645508,27.530000686645508,0.0,1121200
2026-06-22,0.0,27.40999984741211,0.0,27.540000915527344,27.31999969482422,27.510000228881836,0.0,585400
2026-06-23,0.0,27.1200008392334,0.0,27.18000030517578,27.030000686645508,27.09000015258789,0.0,572900
2026-06-24,0.0,26.450000762939453,0.0,26.65999984741211,26.40999984741211,26.530000686645508,0.0,1050800
2026-06-25,0.0,26.93000030517578,0.0,27.0,26.530000686645508,26.549999237060547,0.0,529600
2026-06-26,0.0,26.56999969482422,0.0,26.639999389648438,26.489999771118164,26.610000610351562,0.0,522300
2026-06-29,0.0,26.559999465942383,0.0,26.649999618530273,26.5,26.6200008392334,0.0,728700
2026-06-30,0.0,26.65999984741211,0.0,26.790000915527344,26.56999969482422,26.760000228881836,0.0,1480300
2026-07-01,0.0,26.450000762939453,0.0,26.709999084472656,26.440000534057617,26.579999923706055,0.0,1940200
2026-07-02,0.0,26.56999969482422,0.0,26.600000381469727,26.43000030517578,26.469999313354492,0.0,830200
2026-07-06,0.0,27.0,0.0,27.020000457763672,26.75,26.75,0.0,774900
2026-07-07,0.0,27.350000381469727,0.0,27.389999389648438,27.059999465942383,27.09000015258789,0.0,781000
2026-07-08,0.0,27.799999237060547,0.0,27.959999084472656,27.559999465942383,27.670000076293945,0.0,1394400
2026-07-09,0.0,27.579999923706055,0.0,27.760000228881836,27.510000228881836,27.75,0.0,448800
2026-07-10,0.0,27.520000457763672,0.0,27.670000076293945,27.420000076293945,27.5,0.0,509700
2026-07-13,0.0,28.329999923706055,0.0,28.389999389648438,27.790000915527344,27.850000381469727,0.0,770500
2026-07-14,0.0,28.6299991607666,0.0,28.719999313354492,28.399999618530273,28.65999984741211,0.0,867800
2026-07-15,0.0,28.790000915527344,0.0,28.81999969482422,28.469999313354492,28.75,0.0,609200
2026-07-16,0.0,28.459999084472656,0.0,28.729999542236328,28.420000076293945,28.719999313354492,0.0,521700
2026-07-17,0.0,28.979999542236328,0.0,29.020000457763672,28.719999313354492,28.739999771118164,0.0,4318800
2026-07-20,0.0,29.139999389648438,0.0,29.219999313354492,28.93000030517578,28.989999771118164,0.0,809000
2026-07-21,0.0,29.56999969482422,0.0,29.600000381469727,29.43000030517578,29.450000762939453,0.0,924700
2026-07-22,0.0,29.860000610351562,0.0,29.959999084472656,29.790000915527344,29.860000610351562,0.0,1198400
2026-07-23,0.0,30.309999465942383,0.0,30.56999969482422,30.280000686645508,30.280000686645508,0.0,1268000
2026-07-24,0.0,30.100000381469727,0.0,30.149999618530273,29.8700008392334,30.079999923706055,0.0,817400
2026-07-27,0.0,29.010000228881836,0.0,29.43000030517578,29.010000228881836,29.43000030517578,0.0,820900
2026-07-28,0.0,28.600000381469727,0.0,28.920000076293945,28.459999084472656,28.8799991607666,0.0,533000
2026-07-29,0.0,29.420000076293945,0.0,29.5,29.219999313354492,29.25,0.0,1143500
2026-07-30,0.0,29.31999969482422,0.0,29.399999618530273,29.239999771118164,29.299999237060547,0.0,640900
2026-07-31,0.0,29.450000762939453,0.0,29.559999465942383,29.290000915527344,29.540000915527344,0.0,1294100
2026-08-03,0.0,28.8799991607666,0.0,29.350000381469727,28.600000381469727,29.350000381469727,0.0,1391100
2026-08-04,0.0,28.309999465942383,0.0,28.479999542236328,28.200000762939453,28.43000030517578,0.0,1680600
2026-08-05,0.0,28.479999542236328,0.0,28.559999465942383,28.31999969482422,28.489999771118164,0.0,632200
2026-08-06,0.0,28.860000610351562,0.0,28.93000030517578,28.610000610351562,28.649999618530273,0.0,788800
2026-08-07,0.0,28.90999984741211,0.0,29.149999618530273,28.8700008392334,28.8700008392334,0.0,1114500
2026-08-10,0.0,29.93000030517578,0.0,29.969999313354492,29.40999984741211,29.489999771118164,0.0,1199800
2026-08-11,0.0,29.969999313354492,0.0,30.0,29.709999084472656,29.709999084472656,0.0,314800
2026-08-12,0.0,30.110000610351562,0.0,30.1299991607666,29.93000030517578,29.959999084472656,0.0,1078900
2026-08-13,0.0,29.780000686645508,0.0,29.969999313354492,29.639999389648438,29.860000610351562,0.0,317800
2026-08-14,0.0,30.0,0.0,30.030000686645508,29.739999771118164,29.809999465942383,0.0,166400
2026-08-17,0.0,30.559999465942383,0.0,30.600000381469727,30.139999389648438,30.139999389648438,0.0,660400
2026-08-18,0.0,30.479999542236328,0.0,30.639999389648438,30.479999542236328,30.56999969482422,0.0,535500
2026-08-19,0.0,30.760000228881836,0.0,30.90999984741211,30.649999618530273,30.649999618530273,0.0,352900
2026-08-20,0.0,31.110000610351562,0.0,31.1299991607666,30.950000762939453,31.0,0.0,408600
2026-08-21,0.0,31.260000228881836,0.0,31.3700008392334,31.190000534057617,31.31999969482422,0.0,466900
2026-08-24,0.0,30.940000534057617,0.0,31.229999542236328,30.889999389648438,31.18000030517578,0.0,2852600
2026-08-25,0.0,30.43000030517578,0.0,30.649999618530273,30.420000076293945,30.420000076293945,0.0,540000
2026-08-26,0.0,30.5,0.0,30.719999313354492,30.270000457763672,30.329999923706055,0.0,918100
2026-08-27,0.0,30.860000610351562,0.0,30.950000762939453,30.540000915527344,30.59000015258789,0.0,307600
2026-08-28,0.0,30.790000915527344,0.0,30.940000534057617,30.690000534057617,30.940000534057617,0.0,939800
