Date,Capital Gains,Close,Dividends,High,Low,Open,Stock Splits,Volume
2020-01-02,0.0,143.9499969482422,0.0,144.2100067138672,143.39999389648438,143.86000061035156,0.0,7733800
2020-01-03,0.0,145.86000061035156,0.0,146.32000732421875,145.39999389648438,145.75,0.0,12272800
2020-01-06,0.0,147.38999938964844,0.0,148.47999572753906,146.9499969482422,148.44000244140625,0.0,14403300
2020-01-07,0.0,147.97000122070312,0.0,148.13999938964844,147.42999267578125,147.57000732421875,0.0,7978500
2020-01-08,0.0,146.86000061035156,0.0,148.61000061035156,146.13999938964844,148.49000549316406,0.0,22248500
2020-01-09,0.0,146.02999877929688,0.0,146.41000366210938,145.44000244140625,146.07000732421875,0.0,10292300
2020-01-10,0.0,146.91000366210938,0.0,146.99000549316406,146.1699981689453,146.22000122070312,0.0,6183300
2020-01-13,0.0,145.82000732421875,0.0,146.3800048828125,145.77999877929688,146.35000610351562,0.0,7593800
2020-01-14,0.0,145.69000244140625,0.0,145.80999755859375,145.0800018310547,145.4199981689453,0.0,6589700
2020-01-15,0.0,146.5399932861328,0.0,146.72999572753906,145.82000732421875,146.2100067138672,0.0,6510000
2020-01-16,0.0,146.30999755859375,0.0,146.47000122070312,145.75999450683594,146.27000427246094,0.0,6069100
2020-01-17,0.0,146.5800018310547,0.0,146.99000549316406,146.30999755859375,146.50999450683594,0.0,11121100
2020-01-21,0.0,146.74000549316406,0.0,146.86000061035156,145.5500030517578,145.77000427246094,0.0,6086100
2020-01-22,0.0,146.7899932861328,0.0,146.80999755859375,146.3800048828125,146.67999267578125,0.0,4778200
2020-01-23,0.0,147.1199951171875,0.0,147.6199951171875,146.6199951171875,147.0,0.0,8419800
2020-01-24,0.0,147.97999572753906,0.0,148.3800048828125,146.88999938964844,146.89999389648438,0.0,9919900
2020-01-27,0.0,148.99000549316406,0.0,149.32000732421875,148.4600067138672,149.24000549316406,0.0,9988100
2020-01-28,0.0,147.66000366210938,0.0,148.55999755859375,147.52999877929688,148.36000061035156,0.0,7543100
2020-01-29,0.0,148.4600067138672,0.0,148.55999755859375,147.61000061035156,147.6999969482422,0.0,5013100
2020-01-30,0.0,148.47000122070312,0.0,149.30999755859375,148.00999450683594,148.69000244140625,0.0,9119500
2020-01-31,0.0,149.3300018310547,0.0,149.67999267578125,148.80999755859375,148.8800048828125,0.0,14788300
2020-02-03,0.0,148.36000061035156,0.0,148.77999877929688,147.67999267578125,148.66000366210938,0.0,9105300
2020-02-04,0.0,146.42999267578125,0.0,147.02999877929688,145.8000030517578,146.97000122070312,0.0,10525600
2020-02-05,0.0,146.61000061035156,0.0,146.80999755859375,146.16000366210938,146.3800048828125,0.0,6160700
2020-02-06,0.0,147.39999389648438,0.0,147.6300048828125,147.0,147.27999877929688,0.0,4819800
2020-02-07,0.0,147.7899932861328,0.0,148.17999267578125,147.33999633789062,147.8300018310547,0.0,6379300
2020-02-10,0.0,148.1699981689453,0.0,148.4499969482422,147.91000366210938,148.2100067138672,0.0,5793600
2020-02-11,0.0,147.66000366210938,0.0,148.16000366210938,147.00999450683594,148.02999877929688,0.0,5179400
2020-02-12,0.0,147.5399932861328,0.0,147.80999755859375,147.16000366210938,147.4199981689453,0.0,5040600
2020-02-13,0.0,148.3800048828125,0.0,148.5800018310547,147.9499969482422,148.24000549316406,0.0,7082100
2020-02-14,0.0,149.0,0.0,149.1300048828125,148.6300048828125,148.74000549316406,0.0,5345400
2020-02-18,0.0,150.91000366210938,0.0,151.08999633789062,149.47000122070312,149.8800048828125,0.0,11524900
2020-02-19,0.0,151.7899932861328,0.0,151.82000732421875,150.82000732421875,151.0,0.0,9269800
2020-02-20,0.0,152.41000366210938,0.0,152.8300018310547,151.9499969482422,152.0,0.0,8457300
2020-02-21,0.0,154.6999969482422,0.0,155.22000122070312,154.17999267578125,154.42999267578125,0.0,16344500
2020-02-24,0.0,156.08999633789062,0.0,158.52999877929688,155.36000061035156,158.5,0.0,27171000
2020-02-25,0.0,153.3000030517578,0.0,156.0800018310547,152.91000366210938,155.1199951171875,0.0,28091500
2020-02-26,0.0,153.97000122070312,0.0,155.27999877929688,152.89999389648438,153.82000732421875,0.0,17912500
2020-02-27,0.0,154.0,0.0,156.27000427246094,153.89999389648438,155.5800018310547,0.0,27878500
2020-02-28,0.0,148.3800048828125,0.0,152.77000427246094,147.0500030517578,152.7100067138672,0.0,42699600
2020-03-02,0.0,149.1999969482422,0.0,150.72999572753906,149.0399932861328,150.0,0.0,16295400
2020-03-03,0.0,153.88999938964844,0.0,155.24000549316406,150.74000549316406,150.83999633789062,0.0,28687700
2020-03-04,0.0,154.16000366210938,0.0,154.9600067138672,153.6999969482422,154.39999389648438,0.0,12315500
2020-03-05,0.0,157.49000549316406,0.0,157.6199951171875,155.72000122070312,156.05999755859375,0.0,17973500
2020-03-06,0.0,157.5500030517578,0.0,159.25,154.5399932861328,158.3300018310547,0.0,26973400
2020-03-09,0.0,157.80999755859375,0.0,159.3699951171875,156.3300018310547,158.60000610351562,0.0,24868700
2020-03-10,0.0,154.47999572753906,0.0,156.41000366210938,154.38999938964844,156.17999267578125,0.0,18811500
2020-03-11,0.0,153.92999267578125,0.0,156.5,153.61000061035156,156.25,0.0,18159900
2020-03-12,0.0,147.7899932861328,0.0,151.5500030517578,146.85000610351562,151.52999877929688,0.0,32893400
2020-03-13,0.0,143.27999877929688,0.0,149.60000610351562,141.5800018310547,149.4199981689453,0.0,35177200
2020-03-16,0.0,141.63999938964844,0.0,142.9600067138672,136.1199951171875,137.55999755859375,0.0,24496000
2020-03-17,0.0,143.55999755859375,0.0,146.1999969482422,139.92999267578125,140.17999267578125,0.0,24490300
2020-03-18,0.0,140.6999969482422,0.0,142.8800048828125,138.5,141.75,0.0,21953400
2020-03-19,0.0,138.0399932861328,0.0,140.5,137.85000610351562,139.0800018310547,0.0,20828900
2020-03-20,0.0,140.11000061035156,0.0,141.1699981689453,139.13999938964844,140.7100067138672,0.0,20056000
2020-03-23,0.0,146.3000030517578,0.0,146.92999267578125,142.27999877929688,142.67999267578125,0.0,28275200
2020-03-24,0.0,153.39999389648438,0.0,155.66000366210938,152.0500030517578,153.5,0.0,20743500
2020-03-25,0.0,151.3000030517578,0.0,152.8800048828125,151.00999450683594,152.5800018310547,0.0,16457200
2020-03-26,0.0,153.24000549316406,0.0,154.80999755859375,152.0800018310547,153.30999755859375,0.0,12778200
2020-03-27,0.0,152.25,0.0,153.5500030517578,152.0,153.0,0.0,9824600
2020-03-30,0.0,152.9199981689453,0.0,153.0800018310547,151.57000732421875,152.41000366210938,0.0,12080900
2020-03-31,0.0,148.0500030517578,0.0,151.8000030517578,147.97000122070312,151.36000061035156,0.0,13319500
2020-04-01,0.0,149.4499969482422,0.0,150.0800018310547,147.85000610351562,148.1999969482422,0.0,11827400
2020-04-02,0.0,151.89999389648438,0.0,152.5,150.6999969482422,151.1999969482422,0.0,9188300
2020-04-03,0.0,152.64999389648438,0.0,153.08999633789062,151.66000366210938,152.22999572753906,0.0,8469100
2020-04-06,0.0,156.8800048828125,0.0,157.22000122070312,153.9600067138672,154.16000366210938,0.0,14739300
2020-04-07,0.0,156.0399932861328,0.0,156.13999938964844,154.3800048828125,155.3300018310547,0.0,9195400
2020-04-08,0.0,154.64999389648438,0.0,155.94000244140625,154.58999633789062,155.91000366210938,0.0,7600800
2020-04-09,0.0,158.69000244140625,0.0,159.0800018310547,157.2100067138672,158.0800018310547,0.0,18123000
2020-04-13,0.0,161.41000366210938,0.0,162.3800048828125,158.6300048828125,159.1699981689453,0.0,20549200
2020-04-14,0.0,162.67999267578125,0.0,164.4199981689453,161.77999877929688,162.72999572753906,0.0,17095100
2020-04-15,0.0,161.85000610351562,0.0,162.5399932861328,160.80999755859375,161.8000030517578,0.0,12141900
2020-04-16,0.0,161.7100067138672,0.0,163.14999389648438,160.64999389648438,161.8800048828125,0.0,9233200
2020-04-17,0.0,158.57000732421875,0.0,160.07000732421875,158.1199951171875,159.72000122070312,0.0,14652700
2020-04-20,0.0,159.6999969482422,0.0,160.22000122070312,158.4600067138672,158.6199951171875,0.0,10688700
2020-04-21,0.0,158.61000061035156,0.0,159.2100067138672,157.0399932861328,157.60000610351562,0.0,12478100
2020-04-22,0.0,161.72999572753906,0.0,161.74000549316406,160.4199981689453,160.5,0.0,12902100
2020-04-23,0.0,163.33999633789062,0.0,163.60000610351562,161.83999633789062,162.38999938964844,0.0,14928500
2020-04-24,0.0,162.63999938964844,0.0,163.30999755859375,160.88999938964844,163.1300048828125,0.0,11199300
2020-04-27,0.0,161.55999755859375,0.0,162.0,160.41000366210938,161.8800048828125,0.0,9033500
2020-04-28,0.0,160.83999633789062,0.0,160.97999572753906,159.16000366210938,160.88999938964844,0.0,10383000
2020-04-29,0.0,161.72999572753906,0.0,161.85000610351562,159.75999450683594,160.10000610351562,0.0,12232300
2020-04-30,0.0,158.8000030517578,0.0,160.82000732421875,158.1300048828125,160.22000122070312,0.0,13633500
2020-05-01,0.0,159.77999877929688,0.0,160.4499969482422,157.8000030517578,158.0,0.0,10914300
2020-05-04,0.0,160.33999633789062,0.0,160.9499969482422,159.91000366210938,160.3300018310547,0.0,7986200
2020-05-05,0.0,161.02000427246094,0.0,161.10000610351562,159.3300018310547,160.16000366210938,0.0,10563100
2020-05-06,0.0,158.9499969482422,0.0,159.80999755859375,158.10000610351562,158.99000549316406,0.0,13352000
2020-05-07,0.0,161.38999938964844,0.0,161.9600067138672,159.36000061035156,159.5,0.0,13691700
2020-05-08,0.0,160.4199981689453,0.0,162.0,160.0,161.0800018310547,0.0,12240900
2020-05-11,0.0,159.4199981689453,0.0,160.7100067138672,158.88999938964844,160.33999633789062,0.0,11209800
2020-05-12,0.0,160.0399932861328,0.0,160.9499969482422,159.72000122070312,160.3000030517578,0.0,10406000
2020-05-13,0.0,161.5800018310547,0.0,161.6199951171875,160.5399932861328,160.94000244140625,0.0,10950400
2020-05-14,0.0,163.00999450683594,0.0,163.33999633789062,161.50999450683594,161.52999877929688,0.0,17084400
2020-05-15,0.0,163.92999267578125,0.0,164.8000030517578,163.0800018310547,164.02000427246094,0.0,13918800
2020-05-18,0.0,162.69000244140625,0.0,164.5,162.41000366210938,164.3300018310547,0.0,14133800
2020-05-19,0.0,164.25999450683594,0.0,164.42999267578125,163.0399932861328,163.60000610351562,0.0,8535800
2020-05-20,0.0,164.64999389648438,0.0,164.9600067138672,163.88999938964844,164.5399932861328,0.0,10666100
2020-05-21,0.0,162.25,0.0,163.5800018310547,161.3699951171875,163.4600067138672,0.0,11791000
2020-05-22,0.0,163.2100067138672,0.0,163.47000122070312,162.74000549316406,162.8800048828125,0.0,8540900
2020-05-26,0.0,160.88999938964844,0.0,162.5800018310547,160.69000244140625,162.5800018310547,0.0,13972000
2020-05-27,0.0,161.17999267578125,0.0,161.33999633789062,159.1999969482422,159.4199981689453,0.0,13063500
2020-05-28,0.0,161.72000122070312,0.0,162.4600067138672,160.89999389648438,162.1199951171875,0.0,9758500
2020-05-29,0.0,162.91000366210938,0.0,163.39999389648438,162.32000732421875,162.5800018310547,0.0,12581800
2020-06-01,0.0,163.66000366210938,0.0,163.74000549316406,162.38999938964844,162.9199981689453,0.0,8140200
2020-06-02,0.0,162.60000610351562,0.0,164.0800018310547,161.86000061035156,163.88999938964844,0.0,10388900
2020-06-03,0.0,159.60000610351562,0.0,160.89999389648438,158.82000732421875,160.33999633789062,0.0,17000500
2020-06-04,0.0,161.27999877929688,0.0,161.8699951171875,159.83999633789062,161.13999938964844,0.0,10094000
2020-06-05,0.0,158.00999450683594,0.0,158.72000122070312,157.0399932861328,158.72000122070312,0.0,16021200
2020-06-08,0.0,159.72000122070312,0.0,159.86000061035156,158.47000122070312,158.89999389648438,0.0,9244400
2020-06-09,0.0,161.25999450683594,0.0,161.77999877929688,160.8699951171875,161.10000610351562,0.0,9045600
2020-06-10,0.0,163.57000732421875,0.0,163.6300048828125,160.52000427246094,162.10000610351562,0.0,13009300
2020-06-11,0.0,162.38999938964844,0.0,164.05999755859375,161.97000122070312,163.35000610351562,0.0,11673900
2020-06-12,0.0,162.6199951171875,0.0,163.8800048828125,162.55999755859375,163.41000366210938,0.0,6895400
2020-06-15,0.0,162.3300018310547,0.0,162.55999755859375,160.16000366210938,160.52000427246094,0.0,8532500
2020-06-16,0.0,162.25,0.0,162.69000244140625,161.36000061035156,161.85000610351562,0.0,7964000
2020-06-17,0.0,162.55999755859375,0.0,162.6199951171875,161.77000427246094,162.0,0.0,4758200
2020-06-18,0.0,162.24000549316406,0.0,162.32000732421875,161.44000244140625,162.1999969482422,0.0,5397600
2020-06-19,0.0,164.02999877929688,0.0,164.08999633789062,162.77999877929688,162.8699951171875,0.0,12187400
2020-06-22,0.0,165.08999633789062,0.0,165.72999572753906,164.41000366210938,165.05999755859375,0.0,12385600
2020-06-23,0.0,166.47999572753906,0.0,166.52000427246094,165.52000427246094,165.6300048828125,0.0,12137300
2020-06-24,0.0,165.89999389648438,0.0,166.99000549316406,165.4499969482422,166.00999450683594,0.0,10901400
2020-06-25,0.0,165.8000030517578,0.0,165.91000366210938,165.16000366210938,165.88999938964844,0.0,7093800
2020-06-26,0.0,166.5399932861328,0.0,166.55999755859375,164.22000122070312,164.8699951171875,0.0,9753500
2020-06-29,0.0,166.6300048828125,0.0,166.8000030517578,166.17999267578125,166.55999755859375,0.0,6735700
2020-06-30,0.0,167.3699951171875,0.0,167.99000549316406,166.19000244140625,166.30999755859375,0.0,12762300
2020-07-01,0.0,166.6199951171875,0.0,167.05999755859375,165.33999633789062,167.0500030517578,0.0,13214800
2020-07-02,0.0,166.97999572753906,0.0,167.24000549316406,166.02000427246094,166.1999969482422,0.0,8753500
2020-07-06,0.0,167.97999572753906,0.0,168.0,167.19000244140625,167.75,0.0,7265700
2020-07-07,0.0,169.0399932861328,0.0,169.0399932861328,167.3800048828125,167.41000366210938,0.0,11633100
2020-07-08,0.0,170.08999633789062,0.0,170.86000061035156,169.77999877929688,170.32000732421875,0.0,11662700
2020-07-09,0.0,169.6300048828125,0.0,170.63999938964844,168.77999877929688,170.47999572753906,0.0,13327400
2020-07-10,0.0,169.19000244140625,0.0,170.14999389648438,168.57000732421875,169.9499969482422,0.0,8218000
2020-07-13,0.0,169.39999389648438,0.0,170.4199981689453,169.16000366210938,170.2899932861328,0.0,11095900
2020-07-14,0.0,170.19000244140625,0.0,170.1999969482422,168.80999755859375,168.97000122070312,0.0,9812700
2020-07-15,0.0,170.33999633789062,0.0,170.42999267578125,169.38999938964844,169.6199951171875,0.0,7533800
2020-07-16,0.0,168.72999572753906,0.0,170.0,168.64999389648438,169.8000030517578,0.0,10242400
2020-07-17,0.0,170.1199951171875,0.0,170.27000427246094,169.61000061035156,169.94000244140625,0.0,10296000
2020-07-20,0.0,170.94000244140625,0.0,171.07000732421875,170.27000427246094,170.75999450683594,0.0,10095500
2020-07-21,0.0,173.0,0.0,173.25,172.30999755859375,172.52999877929688,0.0,12826100
2020-07-22,0.0,175.6300048828125,0.0,175.77000427246094,173.75999450683594,174.0500030517578,0.0,18712500
2020-07-23,0.0,177.17999267578125,0.0,178.41000366210938,175.64999389648438,176.1699981689453,0.0,23006800
2020-07-24,0.0,178.6999969482422,0.0,179.16000366210938,178.1999969482422,179.13999938964844,0.0,15601300
2020-07-27,0.0,182.22999572753906,0.0,182.8300018310547,181.52999877929688,181.85000610351562,0.0,21115600
2020-07-28,0.0,183.75,0.0,184.25999450683594,181.4199981689453,182.02000427246094,0.0,21164600
2020-07-29,0.0,185.1300048828125,0.0,186.13999938964844,182.38999938964844,184.00999450683594,0.0,25640100
2020-07-30,0.0,183.75999450683594,0.0,184.3300018310547,182.1300048828125,183.44000244140625,0.0,18061200
2020-07-31,0.0,185.42999267578125,0.0,185.75,184.1699981689453,184.50999450683594,0.0,15876700
2020-08-03,0.0,185.63999938964844,0.0,185.82000732421875,184.1999969482422,185.0500030517578,0.0,12897000
2020-08-04,0.0,189.58999633789062,0.0,189.60000610351562,185.2100067138672,185.61000061035156,0.0,20773200
2020-08-05,0.0,191.35000610351562,0.0,193.1300048828125,190.6199951171875,191.64999389648438,0.0,27078100
2020-08-06,0.0,193.88999938964844,0.0,194.4499969482422,192.52000427246094,193.74000549316406,0.0,20640100
2020-08-07,0.0,190.80999755859375,0.0,192.9600067138672,189.3300018310547,192.7100067138672,0.0,24570200
2020-08-10,0.0,190.14999389648438,0.0,192.61000061035156,189.66000366210938,191.1999969482422,0.0,19047200
2020-08-11,0.0,179.94000244140625,0.0,183.97999572753906,179.42999267578125,183.57000732421875,0.0,45355000
2020-08-12,0.0,179.10000610351562,0.0,183.10000610351562,179.0399932861328,182.61000061035156,0.0,28660500
2020-08-13,0.0,183.3300018310547,0.0,184.6999969482422,181.36000061035156,181.55999755859375,0.0,18596800
2020-08-14,0.0,182.5399932861328,0.0,183.72000122070312,181.49000549316406,183.44000244140625,0.0,11792000
2020-08-17,0.0,186.5,0.0,187.00999450683594,184.66000366210938,184.69000244140625,0.0,15709800
2020-08-18,0.0,188.17999267578125,0.0,189.39999389648438,185.6300048828125,189.17999267578125,0.0,16291600
2020-08-19,0.0,182.24000549316406,0.0,187.4600067138672,181.7100067138672,187.2100067138672,0.0,24646900
2020-08-20,0.0,183.5,0.0,183.7100067138672,180.92999267578125,181.19000244140625,0.0,16692200
2020-08-21,0.0,182.02999877929688,0.0,182.80999755859375,180.47000122070312,182.13999938964844,0.0,12713700
2020-08-24,0.0,181.0,0.0,182.92999267578125,180.69000244140625,182.91000366210938,0.0,11605800
2020-08-25,0.0,181.22000122070312,0.0,181.25,179.72999572753906,181.05999755859375,0.0,10056100
2020-08-26,0.0,183.36000061035156,0.0,183.5800018310547,180.1999969482422,180.25999450683594,0.0,12715800
2020-08-27,0.0,181.24000549316406,0.0,185.1699981689453,179.3699951171875,185.0,0.0,16299200
2020-08-28,0.0,184.38999938964844,0.0,185.39999389648438,183.39999389648438,183.97999572753906,0.0,13200800
2020-08-31,0.0,184.8300018310547,0.0,185.52999877929688,184.27999877929688,184.7899932861328,0.0,10251200
2020-09-01,0.0,185.0500030517578,0.0,186.99000549316406,184.3300018310547,186.99000549316406,0.0,10662100
2020-09-02,0.0,182.6199951171875,0.0,183.86000061035156,181.5,183.75,0.0,11536900
2020-09-03,0.0,181.13999938964844,0.0,182.82000732421875,180.49000549316406,182.3000030517578,0.0,12148100
2020-09-04,0.0,181.63999938964844,0.0,182.10000610351562,180.0500030517578,180.9499969482422,0.0,11567900
2020-09-08,0.0,181.2899932861328,0.0,182.27000427246094,179.02000427246094,179.5,0.0,13229200
2020-09-09,0.0,183.0500030517578,0.0,183.22000122070312,182.19000244140625,182.5,0.0,8424100
2020-09-10,0.0,182.4600067138672,0.0,184.67999267578125,182.27999877929688,184.22999572753906,0.0,9143600
2020-09-11,0.0,182.4499969482422,0.0,183.5500030517578,182.00999450683594,183.13999938964844,0.0,7662300
2020-09-14,0.0,183.88999938964844,0.0,184.3000030517578,183.38999938964844,183.57000732421875,0.0,9709500
2020-09-15,0.0,183.4499969482422,0.0,184.6699981689453,182.9199981689453,184.4600067138672,0.0,7993700
2020-09-16,0.0,183.97000122070312,0.0,185.00999450683594,183.3300018310547,184.97999572753906,0.0,12702400
2020-09-17,0.0,182.9600067138672,0.0,183.08999633789062,181.47999572753906,181.9199981689453,0.0,8836200
2020-09-18,0.0,183.1999969482422,0.0,184.08999633789062,182.63999938964844,183.07000732421875,0.0,9959700
2020-09-21,0.0,179.52000427246094,0.0,180.2899932861328,176.75,179.83999633789062,0.0,17436100
2020-09-22,0.0,178.64999389648438,0.0,180.02000427246094,178.11000061035156,179.6300048828125,0.0,7977900
2020-09-23,0.0,174.7899932861328,0.0,177.25999450683594,174.10000610351562,176.97999572753906,0.0,18134000
2020-09-24,0.0,175.44000244140625,0.0,176.24000549316406,173.77000427246094,174.36000061035156,0.0,11759200
2020-09-25,0.0,174.94000244140625,0.0,175.3000030517578,173.88999938964844,174.41000366210938,0.0,6779200
2020-09-28,0.0,176.6999969482422,0.0,176.80999755859375,175.08999633789062,175.8300018310547,0.0,7109700
2020-09-29,0.0,178.19000244140625,0.0,178.3300018310547,176.9499969482422,177.19000244140625,0.0,8718500
2020-09-30,0.0,177.1199951171875,0.0,178.61000061035156,176.66000366210938,177.7100067138672,0.0,8371800
2020-10-01,0.0,178.6999969482422,0.0,179.5,178.0399932861328,178.7100067138672,0.0,10402800
2020-10-02,0.0,178.5399932861328,0.0,179.2899932861328,178.16000366210938,178.69000244140625,0.0,7488500
2020-10-05,0.0,179.41000366210938,0.0,180.13999938964844,178.89999389648438,179.02000427246094,0.0,6969600
2020-10-06,0.0,177.3000030517578,0.0,180.3699951171875,177.0500030517578,180.16000366210938,0.0,8632800
2020-10-07,0.0,177.22000122070312,0.0,177.4199981689453,176.42999267578125,177.08999633789062,0.0,6410900
2020-10-08,0.0,177.85000610351562,0.0,178.4499969482422,176.6699981689453,178.17999267578125,0.0,6530800
2020-10-09,0.0,181.0800018310547,0.0,181.1699981689453,179.92999267578125,180.1300048828125,0.0,15979800
2020-10-12,0.0,180.55999755859375,0.0,180.8300018310547,180.19000244140625,180.57000732421875,0.0,4843000
2020-10-13,0.0,177.72000122070312,0.0,178.60000610351562,177.10000610351562,178.55999755859375,0.0,8384300
2020-10-14,0.0,178.27000427246094,0.0,179.58999633789062,178.27000427246094,179.08999633789062,0.0,9076600
2020-10-15,0.0,178.9199981689453,0.0,179.14999389648438,177.58999633789062,177.7100067138672,0.0,6815400
2020-10-16,0.0,178.3000030517578,0.0,179.32000732421875,178.1300048828125,179.22000122070312,0.0,7260700
2020-10-19,0.0,178.38999938964844,0.0,179.47999572753906,178.3699951171875,179.41000366210938,0.0,6084400
2020-10-20,0.0,179.25,0.0,179.6699981689453,178.0800018310547,178.5399932861328,0.0,7121400
2020-10-21,0.0,180.60000610351562,0.0,181.30999755859375,180.22999572753906,180.47000122070312,0.0,7548100
2020-10-22,0.0,178.8300018310547,0.0,179.02999877929688,177.72000122070312,178.8800048828125,0.0,8377000
2020-10-23,0.0,178.63999938964844,0.0,179.1999969482422,177.75999450683594,179.08999633789062,0.0,5919300
2020-10-26,0.0,178.5500030517578,0.0,179.13999938964844,178.22000122070312,178.75,0.0,5105100
2020-10-27,0.0,179.02000427246094,0.0,179.42999267578125,178.50999450683594,178.7100067138672,0.0,5826900
2020-10-28,0.0,176.1300048828125,0.0,176.85000610351562,175.44000244140625,176.4499969482422,0.0,11734100
2020-10-29,0.0,175.39999389648438,0.0,176.13999938964844,174.8300018310547,175.02000427246094,0.0,8474500
2020-10-30,0.0,176.1999969482422,0.0,177.36000061035156,175.9499969482422,177.17999267578125,0.0,7303000
2020-11-02,0.0,177.91000366210938,0.0,177.92999267578125,177.1300048828125,177.4499969482422,0.0,6498400
2020-11-03,0.0,178.9199981689453,0.0,179.38999938964844,178.3000030517578,178.9499969482422,0.0,7577200
2020-11-04,0.0,178.82000732421875,0.0,179.19000244140625,177.66000366210938,178.92999267578125,0.0,11117300
2020-11-05,0.0,182.92999267578125,0.0,183.2899932861328,180.97000122070312,181.0,0.0,16102800
2020-11-06,0.0,183.19000244140625,0.0,183.52999877929688,182.19000244140625,183.39999389648438,0.0,10378300
2020-11-09,0.0,175.0800018310547,0.0,176.4499969482422,173.63999938964844,176.4199981689453,0.0,29800700
2020-11-10,0.0,175.66000366210938,0.0,176.91000366210938,175.66000366210938,176.75,0.0,11728500
2020-11-11,0.0,174.89999389648438,0.0,175.27999877929688,174.44000244140625,174.6999969482422,0.0,9008500
2020-11-12,0.0,175.9600067138672,0.0,176.77000427246094,175.83999633789062,176.0399932861328,0.0,7167900
2020-11-13,0.0,177.16000366210938,0.0,177.8000030517578,176.83999633789062,177.64999389648438,0.0,6469800
2020-11-16,0.0,177.14999389648438,0.0,177.91000366210938,176.8699951171875,177.22999572753906,0.0,8358500
2020-11-17,0.0,176.5,0.0,177.44000244140625,176.08999633789062,177.25,0.0,8229100
2020-11-18,0.0,175.49000549316406,0.0,176.86000061035156,175.35000610351562,176.25999450683594,0.0,7384700
2020-11-19,0.0,175.16000366210938,0.0,175.22000122070312,174.1699981689453,174.3000030517578,0.0,6965100
2020-11-20,0.0,175.69000244140625,0.0,176.3800048828125,175.5800018310547,176.1199951171875,0.0,6379400
2020-11-23,0.0,172.22999572753906,0.0,175.24000549316406,171.77999877929688,175.10000610351562,0.0,15510600
2020-11-24,0.0,169.58999633789062,0.0,169.69000244140625,168.86000061035156,169.3000030517578,0.0,19504000
2020-11-25,0.0,169.50999450683594,0.0,170.52000427246094,169.24000549316406,169.97999572753906,0.0,10286600
2020-11-27,0.0,167.7899932861328,0.0,167.8300018310547,166.77999877929688,166.89999389648438,0.0,10569100
2020-11-30,0.0,166.6699981689453,0.0,167.42999267578125,166.02999877929688,166.67999267578125,0.0,13210000
2020-12-01,0.0,170.17999267578125,0.0,170.47999572753906,169.3000030517578,169.75999450683594,0.0,13533300
2020-12-02,0.0,171.4600067138672,0.0,171.75999450683594,170.14999389648438,170.57000732421875,0.0,9199700
2020-12-03,0.0,172.80999755859375,0.0,172.85000610351562,171.0800018310547,172.63999938964844,0.0,10457300
2020-12-04,0.0,172.32000732421875,0.0,173.32000732421875,171.58999633789062,172.77999877929688,0.0,10098600
2020-12-07,0.0,174.88999938964844,0.0,175.2899932861328,172.50999450683594,172.55999755859375,0.0,10555100
2020-12-08,0.0,175.5,0.0,175.92999267578125,174.72000122070312,175.50999450683594,0.0,6348400
2020-12-09,0.0,172.5,0.0,174.0399932861328,171.24000549316406,173.9199981689453,0.0,10743200
2020-12-10,0.0,172.1699981689453,0.0,173.5800018310547,171.6999969482422,172.89999389648438,0.0,6564000
2020-12-11,0.0,172.49000549316406,0.0,173.32000732421875,172.11000061035156,172.25,0.0,6084800
2020-12-14,0.0,171.5399932861328,0.0,172.52000427246094,170.91000366210938,171.91000366210938,0.0,7644400
2020-12-15,0.0,173.94000244140625,0.0,173.97999572753906,173.05999755859375,173.42999267578125,0.0,6840500
2020-12-16,0.0,174.89999389648438,0.0,175.02000427246094,173.02000427246094,174.1300048828125,0.0,8174700
2020-12-17,0.0,176.74000549316406,0.0,177.8699951171875,176.5800018310547,177.14999389648438,0.0,9475800
2020-12-18,0.0,176.44000244140625,0.0,176.97999572753906,176.10000610351562,176.64999389648438,0.0,6789900
2020-12-21,0.0,175.8800048828125,0.0,176.94000244140625,175.75999450683594,176.2899932861328,0.0,8168900
2020-12-22,0.0,174.49000549316406,0.0,176.33999633789062,174.33999633789062,176.1999969482422,0.0,9442400
2020-12-23,0.0,175.64999389648438,0.0,176.2100067138672,175.05999755859375,175.10000610351562,0.0,6542800
2020-12-24,0.0,176.35000610351562,0.0,176.3699951171875,175.50999450683594,175.5500030517578,0.0,3695400
2020-12-28,0.0,175.7100067138672,0.0,177.91000366210938,175.6300048828125,177.25999450683594,0.0,7778700
2020-12-29,0.0,176.35000610351562,0.0,176.97000122070312,175.57000732421875,176.25,0.0,5983700
2020-12-30,0.0,177.6999969482422,0.0,177.72000122070312,176.44000244140625,176.44000244140625,0.0,5914000
2020-12-31,0.0,178.36000061035156,0.0,178.39999389648438,177.32000732421875,178.07000732421875,0.0,7540800
2021-01-04,0.0,182.3300018310547,0.0,182.39999389648438,180.9600067138672,181.97000122070312,0.0,14331400
2021-01-05,0.0,182.8699951171875,0.0,183.2100067138672,181.82000732421875,182.8699951171875,0.0,12718800
2021-01-06,0.0,179.89999389648438,0.0,181.5800018310547,178.24000549316406,181.49000549316406,0.0,18453500
2021-01-07,0.0,179.47999572753906,0.0,179.9199981689453,178.83999633789062,179.69000244140625,0.0,7110200
2021-01-08,0.0,173.33999633789062,0.0,176.99000549316406,171.47999572753906,176.8300018310547,0.0,24399900
2021-01-11,0.0,173.0,0.0,173.67999267578125,172.02999877929688,172.13999938964844,0.0,8571400
2021-01-12,0.0,174.1199951171875,0.0,174.17999267578125,172.32000732421875,173.1300048828125,0.0,9798500
2021-01-13,0.0,173.3699951171875,0.0,174.4600067138672,173.0500030517578,173.67999267578125,0.0,14110300
2021-01-14,0.0,173.27999877929688,0.0,174.22000122070312,172.66000366210938,173.44000244140625,0.0,13522700
2021-01-15,0.0,171.1300048828125,0.0,173.07000732421875,170.97999572753906,172.83999633789062,0.0,16172500
2021-01-19,0.0,172.5800018310547,0.0,172.85000610351562,171.9199981689453,172.7100067138672,0.0,7485700
2021-01-20,0.0,175.38999938964844,0.0,175.47000122070312,173.82000732421875,174.3699951171875,0.0,9456000
2021-01-21,0.0,175.27999877929688,0.0,175.50999450683594,174.50999450683594,175.11000061035156,0.0,7246800
2021-01-22,0.0,173.89999389648438,0.0,174.2899932861328,172.35000610351562,172.88999938964844,0.0,7269600
2021-01-25,0.0,174.0500030517578,0.0,174.9600067138672,173.19000244140625,174.82000732421875,0.0,5936800
2021-01-26,0.0,173.6199951171875,0.0,174.25999450683594,173.4199981689453,173.97999572753906,0.0,4685600
2021-01-27,0.0,172.52000427246094,0.0,173.52000427246094,171.66000366210938,172.92999267578125,0.0,9036500
2021-01-28,0.0,172.67999267578125,0.0,174.72999572753906,172.0399932861328,174.27999877929688,0.0,9392400
2021-01-29,0.0,172.61000061035156,0.0,175.16000366210938,172.61000061035156,174.8699951171875,0.0,11252800
2021-02-01,0.0,174.22999572753906,0.0,175.25999450683594,174.05999755859375,175.02000427246094,0.0,9105500
2021-02-02,0.0,172.11000061035156,0.0,172.52999877929688,171.50999450683594,172.49000549316406,0.0,7221700
2021-02-03,0.0,171.85000610351562,0.0,172.58999633789062,171.5,172.36000061035156,0.0,4658100
2021-02-04,0.0,168.14999389648438,0.0,168.39999389648438,167.33999633789062,168.2899932861328,0.0,13736600
2021-02-05,0.0,169.80999755859375,0.0,170.17999267578125,168.6699981689453,168.99000549316406,0.0,6538500
2021-02-08,0.0,171.52000427246094,0.0,172.39999389648438,171.49000549316406,171.97999572753906,0.0,6887500
2021-02-09,0.0,172.0800018310547,0.0,173.02999877929688,171.75,172.57000732421875,0.0,5131800
2021-02-10,0.0,172.7100067138672,0.0,173.22000122070312,172.00999450683594,173.14999389648438,0.0,6112800
2021-02-11,0.0,171.2100067138672,0.0,172.8699951171875,170.7100067138672,172.6999969482422,0.0,5994500
2021-02-12,0.0,170.69000244140625,0.0,171.64999389648438,169.8800048828125,170.2899932861328,0.0,6018900
2021-02-16,0.0,168.24000549316406,0.0,170.07000732421875,167.72999572753906,168.13999938964844,0.0,14761100
2021-02-17,0.0,166.3300018310547,0.0,167.33999633789062,165.85000610351562,166.9199981689453,0.0,11400700
2021-02-18,0.0,166.32000732421875,0.0,167.3000030517578,165.72999572753906,166.97999572753906,0.0,7498200
2021-02-19,0.0,167.00999450683594,0.0,167.94000244140625,166.60000610351562,166.75999450683594,0.0,8273500
2021-02-22,0.0,169.50999450683594,0.0,169.88999938964844,168.3000030517578,168.5399932861328,0.0,10072000
2021-02-23,0.0,169.1199951171875,0.0,169.74000549316406,168.27999877929688,169.47999572753906,0.0,8616800
2021-02-24,0.0,169.0,0.0,169.13999938964844,167.14999389648438,167.64999389648438,0.0,8890600
2021-02-25,0.0,165.82000732421875,0.0,167.66000366210938,165.4499969482422,166.9199981689453,0.0,16359400
2021-02-26,0.0,161.80999755859375,0.0,165.10000610351562,160.9499969482422,165.0,0.0,23730400
2021-03-01,0.0,161.52999877929688,0.0,163.35000610351562,161.16000366210938,163.02999877929688,0.0,13828300
2021-03-02,0.0,162.41000366210938,0.0,162.92999267578125,161.22000122070312,161.92999267578125,0.0,11424600
2021-03-03,0.0,160.6199951171875,0.0,161.69000244140625,159.49000549316406,160.61000061035156,0.0,13059900
2021-03-04,0.0,159.0399932861328,0.0,161.4600067138672,158.42999267578125,160.60000610351562,0.0,13870100
2021-03-05,0.0,159.13999938964844,0.0,159.82000732421875,158.5500030517578,159.66000366210938,0.0,12821600
2021-03-08,0.0,157.49000549316406,0.0,158.74000549316406,157.1300048828125,158.5800018310547,0.0,12134900
2021-03-09,0.0,160.83999633789062,0.0,161.25,160.4199981689453,160.75,0.0,10382600
2021-03-10,0.0,161.66000366210938,0.0,161.77999877929688,160.66000366210938,161.05999755859375,0.0,7962000
2021-03-11,0.0,161.52000427246094,0.0,161.97999572753906,161.1199951171875,161.47000122070312,0.0,6749200
2021-03-12,0.0,161.49000549316406,0.0,161.69000244140625,159.35000610351562,159.5399932861328,0.0,8608500
2021-03-15,0.0,162.1999969482422,0.0,162.5500030517578,161.42999267578125,162.30999755859375,0.0,8104500
2021-03-16,0.0,162.35000610351562,0.0,163.1999969482422,161.80999755859375,162.36000061035156,0.0,7547400
2021-03-17,0.0,163.50999450683594,0.0,164.14999389648438,161.47999572753906,162.27000427246094,0.0,12626700
2021-03-18,0.0,162.55999755859375,0.0,162.82000732421875,161.11000061035156,161.14999389648438,0.0,8711100
2021-03-19,0.0,163.24000549316406,0.0,163.42999267578125,162.42999267578125,162.55999755859375,0.0,6868900
2021-03-22,0.0,163.0,0.0,163.1300048828125,162.16000366210938,162.27000427246094,0.0,5240000
2021-03-23,0.0,161.80999755859375,0.0,162.49000549316406,161.58999633789062,162.4499969482422,0.0,6048300
2021-03-24,0.0,162.3699951171875,0.0,162.88999938964844,161.94000244140625,162.2100067138672,0.0,6183700
2021-03-25,0.0,161.77999877929688,0.0,163.5800018310547,161.32000732421875,163.05999755859375,0.0,8398600
2021-03-26,0.0,162.24000549316406,0.0,162.72999572753906,161.64999389648438,161.7100067138672,0.0,6153900
2021-03-29,0.0,160.30999755859375,0.0,161.52000427246094,159.8300018310547,161.4600067138672,0.0,8409300
2021-03-30,0.0,157.57000732421875,0.0,158.1999969482422,157.5500030517578,157.94000244140625,0.0,8353200
2021-03-31,0.0,159.9600067138672,0.0,160.67999267578125,158.0500030517578,158.05999755859375,0.0,10623800
2021-04-01,0.0,161.97999572753906,0.0,162.11000061035156,161.27999877929688,161.55999755859375,0.0,7105200
2021-04-05,0.0,161.9199981689453,0.0,162.39999389648438,161.36000061035156,161.52000427246094,0.0,6163800
2021-04-06,0.0,163.22000122070312,0.0,163.52999877929688,162.75,162.7899932861328,0.0,6761200
2021-04-07,0.0,162.75999450683594,0.0,163.30999755859375,162.5,162.82000732421875,0.0,5436000
2021-04-08,0.0,164.50999450683594,0.0,164.77000427246094,164.13999938964844,164.1699981689453,0.0,6574500
2021-04-09,0.0,163.27000427246094,0.0,163.66000366210938,162.47999572753906,162.75,0.0,6657900
2021-04-12,0.0,162.27999877929688,0.0,162.8000030517578,161.80999755859375,162.72999572753906,0.0,4896700
2021-04-13,0.0,163.42999267578125,0.0,163.85000610351562,163.02999877929688,163.17999267578125,0.0,6995900
2021-04-14,0.0,162.72000122070312,0.0,163.0500030517578,162.3000030517578,162.77000427246094,0.0,6312300
2021-04-15,0.0,165.35000610351562,0.0,165.7899932861328,164.02999877929688,164.07000732421875,0.0,8250600
2021-04-16,0.0,166.35000610351562,0.0,166.80999755859375,165.94000244140625,166.24000549316406,0.0,10057600
2021-04-19,0.0,165.88999938964844,0.0,166.44000244140625,165.72000122070312,165.91000366210938,0.0,5721700
2021-04-20,0.0,166.47999572753906,0.0,166.80999755859375,165.6199951171875,165.64999389648438,0.0,6532000
2021-04-21,0.0,168.1300048828125,0.0,168.38999938964844,167.14999389648438,167.17999267578125,0.0,8380200
2021-04-22,0.0,167.0399932861328,0.0,167.52999877929688,166.49000549316406,167.11000061035156,0.0,7680100
2021-04-23,0.0,166.39999389648438,0.0,167.52999877929688,165.77999877929688,167.3699951171875,0.0,7106400
2021-04-26,0.0,166.83999633789062,0.0,166.8699951171875,166.0500030517578,166.6300048828125,0.0,4786600
2021-04-27,0.0,166.4199981689453,0.0,167.14999389648438,166.27999877929688,166.9199981689453,0.0,5363500
2021-04-28,0.0,166.91000366210938,0.0,166.9600067138672,165.49000549316406,165.75,0.0,6932200
2021-04-29,0.0,166.22000122070312,0.0,166.25999450683594,164.47000122070312,165.5800018310547,0.0,9067600
2021-04-30,0.0,165.66000366210938,0.0,166.0,165.24000549316406,165.86000061035156,0.0,6248700
2021-05-03,0.0,167.80999755859375,0.0,168.42999267578125,167.41000366210938,167.61000061035156,0.0,9014700
2021-05-04,0.0,166.5800018310547,0.0,168.5500030517578,165.5,167.69000244140625,0.0,10267400
2021-05-05,0.0,167.27000427246094,0.0,167.30999755859375,166.61000061035156,166.6300048828125,0.0,5950000
2021-05-06,0.0,170.05999755859375,0.0,170.2899932861328,167.9199981689453,167.9499969482422,0.0,13574100
2021-05-07,0.0,171.58999633789062,0.0,172.5500030517578,171.0,171.52999877929688,0.0,14748600
2021-05-10,0.0,172.11000061035156,0.0,172.83999633789062,171.77999877929688,172.74000549316406,0.0,8276600
2021-05-11,0.0,172.13999938964844,0.0,172.1699981689453,170.27000427246094,170.55999755859375,0.0,8348200
2021-05-12,0.0,170.42999267578125,0.0,171.83999633789062,170.35000610351562,171.42999267578125,0.0,12666300
2021-05-13,0.0,171.1300048828125,0.0,171.27000427246094,170.22999572753906,170.35000610351562,0.0,8078300
2021-05-14,0.0,172.69000244140625,0.0,172.6999969482422,171.82000732421875,172.0500030517578,0.0,9686800
2021-05-17,0.0,174.6999969482422,0.0,175.0,173.27999877929688,173.3000030517578,0.0,11956800
2021-05-18,0.0,175.0399932861328,0.0,175.2100067138672,174.4600067138672,175.17999267578125,0.0,7294000
2021-05-19,0.0,175.16000366210938,0.0,177.0,174.35000610351562,175.13999938964844,0.0,20741100
2021-05-20,0.0,175.9600067138672,0.0,176.4600067138672,175.11000061035156,175.32000732421875,0.0,9802800
2021-05-21,0.0,176.0399932861328,0.0,176.86000061035156,175.14999389648438,176.5800018310547,0.0,7677200
2021-05-24,0.0,176.35000610351562,0.0,176.58999633789062,175.8699951171875,176.14999389648438,0.0,5557300
2021-05-25,0.0,177.9499969482422,0.0,177.9499969482422,176.0399932861328,176.14999389648438,0.0,8986900
2021-05-26,0.0,177.63999938964844,0.0,178.61000061035156,177.0399932861328,178.3699951171875,0.0,8495400
2021-05-27,0.0,177.7100067138672,0.0,177.82000732421875,176.80999755859375,177.38999938964844,0.0,7993000
2021-05-28,0.0,178.3800048828125,0.0,178.42999267578125,177.24000549316406,177.4600067138672,0.0,9967000
2021-06-01,0.0,177.89999389648438,0.0,178.85000610351562,177.19000244140625,178.75999450683594,0.0,9143300
2021-06-02,0.0,178.77000427246094,0.0,178.77999877929688,177.97000122070312,178.33999633789062,0.0,6613100
2021-06-03,0.0,175.27000427246094,0.0,175.8300018310547,174.66000366210938,175.8300018310547,0.0,10153900
2021-06-04,0.0,177.16000366210938,0.0,177.57000732421875,176.61000061035156,176.64999389648438,0.0,8375300
2021-06-07,0.0,177.8699951171875,0.0,177.89999389648438,176.6300048828125,176.9600067138672,0.0,7709100
2021-06-08,0.0,177.32000732421875,0.0,177.5399932861328,176.3699951171875,177.22999572753906,0.0,5905800
2021-06-09,0.0,176.97999572753906,0.0,177.8000030517578,176.77999877929688,177.3800048828125,0.0,6346100
2021-06-10,0.0,177.74000549316406,0.0,177.85000610351562,176.47999572753906,176.6999969482422,0.0,9896600
2021-06-11,0.0,175.74000549316406,0.0,176.57000732421875,175.47999572753906,176.3300018310547,0.0,7836900
2021-06-14,0.0,174.7100067138672,0.0,175.05999755859375,172.9499969482422,173.16000366210938,0.0,7733600
2021-06-15,0.0,174.0500030517578,0.0,174.9199981689453,173.33999633789062,174.77999877929688,0.0,7550200
2021-06-16,0.0,171.11000061035156,0.0,174.47000122070312,171.02999877929688,173.91000366210938,0.0,16919700
2021-06-17,0.0,165.85000610351562,0.0,167.6199951171875,165.44000244140625,167.02000427246094,0.0,27232200
2021-06-18,0.0,164.92999267578125,0.0,166.72000122070312,164.8699951171875,166.13999938964844,0.0,15744300
2021-06-21,0.0,166.9499969482422,0.0,167.22000122070312,166.0,166.52000427246094,0.0,8371000
2021-06-22,0.0,166.25,0.0,166.9199981689453,166.00999450683594,166.35000610351562,0.0,7223900
2021-06-23,0.0,166.13999938964844,0.0,168.02999877929688,165.97000122070312,166.97000122070312,0.0,8474300
2021-06-24,0.0,166.0399932861328,0.0,167.22999572753906,166.00999450683594,167.0,0.0,6903400
2021-06-25,0.0,166.58999633789062,0.0,167.52999877929688,166.2899932861328,167.4499969482422,0.0,7473700
2021-06-28,0.0,166.5800018310547,0.0,166.91000366210938,166.36000061035156,166.67999267578125,0.0,6508900
2021-06-29,0.0,164.8300018310547,0.0,165.27999877929688,164.00999450683594,164.33999633789062,0.0,7451400
2021-06-30,0.0,165.6300048828125,0.0,166.10000610351562,164.2899932861328,164.57000732421875,0.0,7955800
2021-07-01,0.0,166.1999969482422,0.0,166.8800048828125,165.5,166.64999389648438,0.0,7430500
2021-07-02,0.0,167.2899932861328,0.0,167.72000122070312,166.39999389648438,167.35000610351562,0.0,7873600
2021-07-06,0.0,168.1199951171875,0.0,169.64999389648438,167.5399932861328,169.27000427246094,0.0,7932100
2021-07-07,0.0,168.75999450683594,0.0,169.22999572753906,168.19000244140625,168.72000122070312,0.0,7108900
2021-07-08,0.0,168.64999389648438,0.0,169.86000061035156,167.91000366210938,169.82000732421875,0.0,7244300
2021-07-09,0.0,169.2100067138672,0.0,169.6199951171875,168.66000366210938,168.83999633789062,0.0,4997400
2021-07-12,0.0,169.0,0.0,169.16000366210938,167.63999938964844,168.6999969482422,0.0,7315400
2021-07-13,0.0,169.22000122070312,0.0,169.89999389648438,168.92999267578125,169.50999450683594,0.0,7040300
2021-07-14,0.0,171.0399932861328,0.0,171.0399932861328,170.27999877929688,170.91000366210938,0.0,8830300
2021-07-15,0.0,171.07000732421875,0.0,171.3000030517578,170.33999633789062,170.88999938964844,0.0,6520100
2021-07-16,0.0,169.41000366210938,0.0,170.9499969482422,169.27999877929688,170.64999389648438,0.0,9460300
2021-07-19,0.0,169.61000061035156,0.0,169.91000366210938,168.88999938964844,169.50999450683594,0.0,6707400
2021-07-20,0.0,169.38999938964844,0.0,170.8000030517578,168.9199981689453,170.50999450683594,0.0,6540100
2021-07-21,0.0,168.75999450683594,0.0,169.0,168.13999938964844,168.3300018310547,0.0,4622600
2021-07-22,0.0,169.08999633789062,0.0,169.19000244140625,168.05999755859375,168.49000549316406,0.0,4793600
2021-07-23,0.0,168.55999755859375,0.0,168.8800048828125,167.9499969482422,168.5,0.0,5831500
2021-07-26,0.0,168.16000366210938,0.0,168.86000061035156,168.0800018310547,168.5800018310547,0.0,5229800
2021-07-27,0.0,168.44000244140625,0.0,168.91000366210938,167.92999267578125,168.72999572753906,0.0,6300200
2021-07-28,0.0,169.2899932861328,0.0,169.3800048828125,167.72000122070312,168.25999450683594,0.0,7905800
2021-07-29,0.0,171.1699981689453,0.0,171.52000427246094,170.6699981689453,170.6999969482422,0.0,8119600
2021-07-30,0.0,169.82000732421875,0.0,170.99000549316406,169.3800048828125,170.72000122070312,0.0,7391700
2021-08-02,0.0,169.61000061035156,0.0,170.25,169.10000610351562,169.3000030517578,0.0,10783200
2021-08-03,0.0,169.49000549316406,0.0,169.8300018310547,169.2100067138672,169.4199981689453,0.0,5402300
2021-08-04,0.0,169.52999877929688,0.0,171.39999389648438,168.99000549316406,171.27999877929688,0.0,9796300
2021-08-05,0.0,168.86000061035156,0.0,169.44000244140625,168.1999969482422,169.3699951171875,0.0,8015000
2021-08-06,0.0,164.63999938964844,0.0,165.92999267578125,164.5500030517578,165.83999633789062,0.0,13547600
2021-08-09,0.0,161.72000122070312,0.0,163.2899932861328,161.25999450683594,163.00999450683594,0.0,11547000
2021-08-10,0.0,161.77000427246094,0.0,162.11000061035156,160.67999267578125,161.38999938964844,0.0,6870800
2021-08-11,0.0,164.0,0.0,164.1699981689453,162.67999267578125,163.14999389648438,0.0,7382400
2021-08-12,0.0,164.0399932861328,0.0,164.10000610351562,162.92999267578125,163.64999389648438,0.0,5211700
2021-08-13,0.0,166.38999938964844,0.0,166.4600067138672,164.88999938964844,165.02000427246094,0.0,7466900
2021-08-16,0.0,167.22000122070312,0.0,167.38999938964844,166.58999633789062,166.72999572753906,0.0,7776500
2021-08-17,0.0,166.97000122070312,0.0,167.72999572753906,166.55999755859375,167.2899932861328,0.0,7107000
2021-08-18,0.0,167.10000610351562,0.0,167.50999450683594,166.25999450683594,167.24000549316406,0.0,7697900
2021-08-19,0.0,166.61000061035156,0.0,167.2899932861328,166.16000366210938,167.24000549316406,0.0,6934300
2021-08-20,0.0,166.6999969482422,0.0,167.13999938964844,166.36000061035156,166.8000030517578,0.0,7154000
2021-08-23,0.0,168.72999572753906,0.0,168.91000366210938,167.9600067138672,168.82000732421875,0.0,8190500
2021-08-24,0.0,168.64999389648438,0.0,169.27000427246094,168.52000427246094,169.0399932861328,0.0,4519200
2021-08-25,0.0,167.47999572753906,0.0,167.9199981689453,166.74000549316406,167.8800048828125,0.0,5588800
2021-08-26,0.0,167.6699981689453,0.0,168.2100067138672,166.8300018310547,167.2100067138672,0.0,4371900
2021-08-27,0.0,170.19000244140625,0.0,170.19000244140625,166.8699951171875,167.5800018310547,0.0,10036400
2021-08-30,0.0,169.35000610351562,0.0,169.83999633789062,169.08999633789062,169.66000366210938,0.0,3768600
2021-08-31,0.0,169.69000244140625,0.0,169.9199981689453,168.75,169.22999572753906,0.0,6336000
2021-09-01,0.0,169.6999969482422,0.0,170.0,169.16000366210938,169.94000244140625,0.0,4764900
2021-09-02,0.0,169.25,0.0,169.6300048828125,168.82000732421875,169.5,0.0,4599800
2021-09-03,0.0,171.05999755859375,0.0,171.5500030517578,170.14999389648438,170.58999633789062,0.0,8353300
2021-09-07,0.0,167.7100067138672,0.0,169.77999877929688,167.6300048828125,169.55999755859375,0.0,10004600
2021-09-08,0.0,167.2899932861328,0.0,168.0800018310547,166.6999969482422,168.02000427246094,0.0,6576000
2021-09-09,0.0,168.02999877929688,0.0,168.27999877929688,166.8300018310547,168.1699981689453,0.0,6641400
2021-09-10,0.0,167.17999267578125,0.0,168.0800018310547,167.14999389648438,167.80999755859375,0.0,7426300
2021-09-13,0.0,167.74000549316406,0.0,168.22000122070312,167.39999389648438,167.4499969482422,0.0,5474300
2021-09-14,0.0,168.82000732421875,0.0,169.16000366210938,167.47999572753906,168.22000122070312,0.0,7922900
2021-09-15,0.0,167.8300018310547,0.0,168.36000061035156,167.4499969482422,168.1300048828125,0.0,5624900
2021-09-16,0.0,164.02999877929688,0.0,164.44000244140625,163.22999572753906,164.3800048828125,0.0,11780400
2021-09-17,0.0,163.77000427246094,0.0,164.32000732421875,163.39999389648438,163.86000061035156,0.0,8369700
2021-09-20,0.0,164.94000244140625,0.0,165.27999877929688,164.07000732421875,164.2899932861328,0.0,7566600
2021-09-21,0.0,166.0399932861328,0.0,166.6300048828125,165.49000549316406,165.80999755859375,0.0,7181500
2021-09-22,0.0,165.4199981689453,0.0,167.14999389648438,165.02999877929688,165.88999938964844,0.0,9777800
2021-09-23,0.0,163.50999450683594,0.0,164.1999969482422,163.27000427246094,164.10000610351562,0.0,8451900
2021-09-24,0.0,163.3000030517578,0.0,164.0,162.74000549316406,163.0,0.0,6937500
2021-09-27,0.0,163.63999938964844,0.0,164.36000061035156,163.50999450683594,163.85000610351562,0.0,4943000
2021-09-28,0.0,162.0500030517578,0.0,162.82000732421875,161.72999572753906,162.72999572753906,0.0,9282800
2021-09-29,0.0,161.32000732421875,0.0,162.74000549316406,160.97000122070312,162.35000610351562,0.0,8360700
2021-09-30,0.0,164.22000122070312,0.0,164.9499969482422,162.33999633789062,162.66000366210938,0.0,10572900
2021-10-01,0.0,164.58999633789062,0.0,164.9600067138672,163.88999938964844,164.27000427246094,0.0,6654700
2021-10-04,0.0,165.36000061035156,0.0,165.5399932861328,163.47000122070312,163.69000244140625,0.0,7651700
2021-10-05,0.0,164.58999633789062,0.0,164.85000610351562,163.49000549316406,163.94000244140625,0.0,5617300
2021-10-06,0.0,165.02999877929688,0.0,165.05999755859375,164.14999389648438,164.22999572753906,0.0,6067200
2021-10-07,0.0,164.16000366210938,0.0,164.85000610351562,163.9600067138672,164.02000427246094,0.0,4791500
2021-10-08,0.0,164.22999572753906,0.0,166.4199981689453,164.13999938964844,166.32000732421875,0.0,8536100
2021-10-11,0.0,163.9199981689453,0.0,164.5800018310547,163.91000366210938,164.0399932861328,0.0,3820100
2021-10-12,0.0,164.66000366210938,0.0,165.44000244140625,164.30999755859375,164.57000732421875,0.0,5453000
2021-10-13,0.0,167.58999633789062,0.0,167.9199981689453,165.27999877929688,165.27999877929688,0.0,11113800
2021-10-14,0.0,168.0,0.0,168.22000122070312,167.7100067138672,168.19000244140625,0.0,5081400
2021-10-15,0.0,165.3300018310547,0.0,166.08999633789062,165.10000610351562,165.38999938964844,0.0,8699200
2021-10-18,0.0,164.9199981689453,0.0,165.58999633789062,164.80999755859375,165.4199981689453,0.0,4029600
2021-10-19,0.0,165.4499969482422,0.0,166.5,165.1999969482422,166.5,0.0,6588500
2021-10-20,0.0,166.89999389648438,0.0,167.11000061035156,165.92999267578125,166.2100067138672,0.0,5022000
2021-10-21,0.0,166.75,0.0,166.94000244140625,166.24000549316406,166.6999969482422,0.0,4412400
2021-10-22,0.0,167.77000427246094,0.0,169.5399932861328,166.6699981689453,168.6699981689453,0.0,10703900
2021-10-25,0.0,168.92999267578125,0.0,169.2100067138672,168.52999877929688,168.66000366210938,0.0,4881300
2021-10-26,0.0,167.67999267578125,0.0,167.91000366210938,166.6300048828125,167.8800048828125,0.0,6658900
2021-10-27,0.0,168.1199951171875,0.0,168.1999969482422,166.86000061035156,167.72999572753906,0.0,5823100
2021-10-28,0.0,168.0800018310547,0.0,169.25,167.52999877929688,168.97999572753906,0.0,7000700
2021-10-29,0.0,166.64999389648438,0.0,166.72999572753906,165.63999938964844,166.2899932861328,0.0,7531900
2021-11-01,0.0,167.52000427246094,0.0,167.83999633789062,166.91000366210938,167.3800048828125,0.0,4975600
2021-11-02,0.0,167.16000366210938,0.0,167.6300048828125,166.9600067138672,167.42999267578125,0.0,3760700
2021-11-03,0.0,165.77000427246094,0.0,165.9499969482422,164.3800048828125,165.33999633789062,0.0,9055200
2021-11-04,0.0,167.64999389648438,0.0,168.13999938964844,167.3699951171875,167.50999450683594,0.0,6656100
2021-11-05,0.0,169.83999633789062,0.0,169.94000244140625,167.85000610351562,168.4199981689453,0.0,9368900
2021-11-08,0.0,170.4499969482422,0.0,170.6999969482422,170.05999755859375,170.42999267578125,0.0,4966100
2021-11-09,0.0,171.2899932861328,0.0,171.30999755859375,170.1199951171875,170.72999572753906,0.0,5781200
2021-11-10,0.0,173.14999389648438,0.0,174.64999389648438,172.11000061035156,173.6699981689453,0.0,11461800
2021-11-11,0.0,174.1199951171875,0.0,174.27000427246094,173.74000549316406,173.97999572753906,0.0,5959600
2021-11-12,0.0,174.4499969482422,0.0,174.6699981689453,173.39999389648438,173.50999450683594,0.0,7894800
2021-11-15,0.0,174.17999267578125,0.0,174.58999633789062,173.69000244140625,174.10000610351562,0.0,5630800
2021-11-16,0.0,172.9199981689453,0.0,174.47999572753906,172.86000061035156,173.97000122070312,0.0,8667300
2021-11-17,0.0,174.5,0.0,174.61000061035156,173.88999938964844,174.24000549316406,0.0,6523100
2021-11-18,0.0,173.94000244140625,0.0,174.36000061035156,173.52999877929688,173.9600067138672,0.0,6252000
2021-11-19,0.0,172.61000061035156,0.0,174.10000610351562,172.24000549316406,173.69000244140625,0.0,8785600
2021-11-22,0.0,168.74000549316406,0.0,170.44000244140625,168.4199981689453,169.89999389648438,0.0,13091900
2021-11-23,0.0,167.27999877929688,0.0,167.60000610351562,166.52999877929688,167.27999877929688,0.0,8047800
2021-11-24,0.0,167.1199951171875,0.0,167.44000244140625,166.32000732421875,166.5800018310547,0.0,5359500
2021-11-26,0.0,166.85000610351562,0.0,168.63999938964844,166.3699951171875,168.60000610351562,0.0,9605200
2021-11-29,0.0,166.6199951171875,0.0,167.25999450683594,166.3800048828125,166.83999633789062,0.0,7394900
2021-11-30,0.0,165.5,0.0,169.00999450683594,165.3699951171875,167.77000427246094,0.0,12925300
2021-12-01,0.0,166.16000366210938,0.0,167.47000122070312,166.05999755859375,166.83999633789062,0.0,7808600
2021-12-02,0.0,165.24000549316406,0.0,165.94000244140625,164.6300048828125,165.88999938964844,0.0,9604100
2021-12-03,0.0,166.6300048828125,0.0,166.92999267578125,165.0,165.49000549316406,0.0,9507900
2021-12-06,0.0,166.22000122070312,0.0,166.8000030517578,165.92999267578125,166.13999938964844,0.0,4813600
2021-12-07,0.0,166.80999755859375,0.0,167.0800018310547,166.17999267578125,166.1999969482422,0.0,4900700
2021-12-08,0.0,166.89999389648438,0.0,166.9600067138672,166.27999877929688,166.50999450683594,0.0,4288900
2021-12-09,0.0,165.8800048828125,0.0,166.5800018310547,165.64999389648438,166.5399932861328,0.0,4913800
2021-12-10,0.0,166.5800018310547,0.0,166.9199981689453,166.17999267578125,166.72000122070312,0.0,6450600
2021-12-13,0.0,167.0,0.0,167.25999450683594,166.6699981689453,166.89999389648438,0.0,6610700
2021-12-14,0.0,165.44000244140625,0.0,166.13999938964844,165.16000366210938,165.33999633789062,0.0,8637900
2021-12-15,0.0,166.14999389648438,0.0,166.39999389648438,163.8000030517578,165.27000427246094,0.0,14231200
2021-12-16,0.0,168.16000366210938,0.0,168.17999267578125,166.94000244140625,167.00999450683594,0.0,11186200
2021-12-17,0.0,167.8000030517578,0.0,169.1300048828125,167.77999877929688,168.72999572753906,0.0,9856900
2021-12-20,0.0,167.08999633789062,0.0,168.0,167.05999755859375,167.8800048828125,0.0,6973000
2021-12-21,0.0,167.02000427246094,0.0,167.77999877929688,166.74000549316406,167.69000244140625,0.0,4548500
2021-12-22,0.0,168.58999633789062,0.0,168.63999938964844,167.11000061035156,167.5800018310547,0.0,4672900
2021-12-23,0.0,168.97000122070312,0.0,169.16000366210938,168.00999450683594,168.69000244140625,0.0,4551100
2021-12-27,0.0,169.3699951171875,0.0,169.4199981689453,168.77999877929688,168.9600067138672,0.0,4760300
2021-12-28,0.0,168.63999938964844,0.0,169.64999389648438,168.6199951171875,169.3300018310547,0.0,4541900
2021-12-29,0.0,168.58999633789062,0.0,168.69000244140625,167.27999877929688,167.36000061035156,0.0,5889700
2021-12-30,0.0,169.8000030517578,0.0,169.80999755859375,168.3699951171875,168.42999267578125,0.0,5426300
2021-12-31,0.0,170.9600067138672,0.0,171.0399932861328,170.0399932861328,170.52999877929688,0.0,7039300
2022-01-03,0.0,168.3300018310547,0.0,169.00999450683594,168.0,168.86000061035156,0.0,9014400
2022-01-04,0.0,169.57000732421875,0.0,169.72000122070312,168.72999572753906,168.89999389648438,0.0,6965600
2022-01-05,0.0,169.05999755859375,0.0,170.92999267578125,168.89999389648438,170.6199951171875,0.0,8715600
2022-01-06,0.0,166.99000549316406,0.0,167.75,166.86000061035156,167.16000366210938,0.0,10902700
2022-01-07,0.0,167.75,0.0,168.00999450683594,166.86000061035156,167.3699951171875,0.0,8191900
2022-01-10,0.0,168.25999450683594,0.0,168.3000030517578,167.30999755859375,167.36000061035156,0.0,7026500
2022-01-11,0.0,170.2899932861328,0.0,170.30999755859375,168.3699951171875,168.44000244140625,0.0,8369000
2022-01-12,0.0,170.74000549316406,0.0,170.75,170.00999450683594,170.19000244140625,0.0,6280700
2022-01-13,0.0,170.16000366210938,0.0,170.22000122070312,169.27000427246094,170.08999633789062,0.0,7034200
2022-01-14,0.0,169.6699981689453,0.0,170.55999755859375,169.47999572753906,170.22000122070312,0.0,7865900
2022-01-18,0.0,169.38999938964844,0.0,170.00999450683594,169.08999633789062,169.63999938964844,0.0,9322800
2022-01-19,0.0,172.0800018310547,0.0,172.19000244140625,170.1999969482422,170.38999938964844,0.0,15784500
2022-01-20,0.0,171.64999389648438,0.0,172.60000610351562,171.58999633789062,172.30999755859375,0.0,9570500
2022-01-21,0.0,171.08999633789062,0.0,172.1199951171875,170.74000549316406,172.0399932861328,0.0,10982500
2022-01-24,0.0,172.02999877929688,0.0,172.13999938964844,170.85000610351562,171.77999877929688,0.0,15727700
2022-01-25,0.0,172.5800018310547,0.0,173.14999389648438,171.77999877929688,171.9499969482422,0.0,17382100
2022-01-26,0.0,169.7899932861328,0.0,171.72999572753906,169.47999572753906,171.38999938964844,0.0,17799400
2022-01-27,0.0,167.60000610351562,0.0,169.08999633789062,167.3300018310547,168.02000427246094,0.0,15867300
2022-01-28,0.0,167.10000610351562,0.0,167.4600067138672,166.3699951171875,166.55999755859375,0.0,9782500
2022-01-31,0.0,168.08999633789062,0.0,168.13999938964844,167.4600067138672,167.7899932861328,0.0,8539300
2022-02-01,0.0,168.22999572753906,0.0,168.85000610351562,167.8699951171875,168.57000732421875,0.0,9763900
2022-02-02,0.0,168.83999633789062,0.0,169.1199951171875,168.16000366210938,168.33999633789062,0.0,9085300
2022-02-03,0.0,168.60000610351562,0.0,168.82000732421875,167.02999877929688,168.30999755859375,0.0,10650800
2022-02-04,0.0,168.86000061035156,0.0,169.10000610351562,167.99000549316406,168.0399932861328,0.0,9619600
2022-02-07,0.0,170.11000061035156,0.0,170.3000030517578,169.19000244140625,169.4499969482422,0.0,7796900
2022-02-08,0.0,170.6300048828125,0.0,170.77999877929688,169.9499969482422,170.10000610351562,0.0,5802000
2022-02-09,0.0,171.2100067138672,0.0,171.4199981689453,170.5500030517578,170.67999267578125,0.0,8002800
2022-02-10,0.0,170.55999755859375,0.0,171.99000549316406,170.4600067138672,170.52000427246094,0.0,10693500
2022-02-11,0.0,173.80999755859375,0.0,174.1999969482422,170.7100067138672,170.75,0.0,25741500
2022-02-14,0.0,174.74000549316406,0.0,175.0,173.67999267578125,173.77999877929688,0.0,13650700
2022-02-15,0.0,173.0800018310547,0.0,173.33999633789062,172.38999938964844,173.10000610351562,0.0,12603600
2022-02-16,0.0,174.86000061035156,0.0,174.86000061035156,173.47999572753906,173.49000549316406,0.0,12772100
2022-02-17,0.0,177.25,0.0,177.52999877929688,176.38999938964844,176.6999969482422,0.0,18612500
2022-02-18,0.0,177.1199951171875,0.0,177.25,176.50999450683594,177.07000732421875,0.0,12760700
2022-02-22,0.0,177.49000549316406,0.0,178.07000732421875,176.82000732421875,177.6699981689453,0.0,14960500
2022-02-23,0.0,178.2899932861328,0.0,178.38999938964844,177.36000061035156,177.38999938964844,0.0,11772200
2022-02-24,0.0,177.13999938964844,0.0,182.60000610351562,175.27000427246094,182.58999633789062,0.0,32726000
2022-02-25,0.0,176.5500030517578,0.0,176.7899932861328,175.7899932861328,176.4199981689453,0.0,11530900
2022-02-28,0.0,178.3800048828125,0.0,178.99000549316406,176.5,178.86000061035156,0.0,16055800
2022-03-01,0.0,181.6199951171875,0.0,181.75999450683594,179.02999877929688,179.0500030517578,0.0,21942100
2022-03-02,0.0,179.72999572753906,0.0,180.7100067138672,178.7899932861328,180.1300048828125,0.0,19727200
2022-03-03,0.0,180.8000030517578,0.0,181.3000030517578,179.5,179.9600067138672,0.0,15164400
2022-03-04,0.0,183.67999267578125,0.0,183.97999572753906,181.36000061035156,182.11000061035156,0.0,22390100
2022-03-07,0.0,186.41000366210938,0.0,186.63999938964844,184.22000122070312,184.4499969482422,0.0,27951800
2022-03-08,0.0,191.50999450683594,0.0,193.3000030517578,188.25999450683594,188.35000610351562,0.0,47347700
2022-03-09,0.0,185.82000732421875,0.0,187.22999572753906,184.75999450683594,186.0399932861328,0.0,26839700
2022-03-10,0.0,186.39999389648438,0.0,187.3800048828125,184.99000549316406,186.8800048828125,0.0,18455200
2022-03-11,0.0,185.08999633789062,0.0,185.77999877929688,183.44000244140625,183.74000549316406,0.0,14824700
2022-03-14,0.0,182.3000030517578,0.0,183.2899932861328,181.9499969482422,183.02999877929688,0.0,13186400
2022-03-15,0.0,178.88999938964844,0.0,180.27000427246094,178.00999450683594,179.10000610351562,0.0,16962300
2022-03-16,0.0,180.00999450683594,0.0,180.1199951171875,176.8699951171875,179.1300048828125,0.0,17548100
2022-03-17,0.0,180.88999938964844,0.0,182.02999877929688,180.64999389648438,181.16000366210938,0.0,10954100
2022-03-18,0.0,179.3000030517578,0.0,180.92999267578125,179.0399932861328,179.92999267578125,0.0,13996500
2022-03-21,0.0,180.6699981689453,0.0,181.2899932861328,179.32000732421875,179.3300018310547,0.0,10582200
2022-03-22,0.0,179.36000061035156,0.0,179.7100067138672,178.32000732421875,179.60000610351562,0.0,9621800
2022-03-23,0.0,181.80999755859375,0.0,181.88999938964844,179.75999450683594,180.2899932861328,0.0,12557300
2022-03-24,0.0,183.1300048828125,0.0,183.50999450683594,181.77000427246094,182.35000610351562,0.0,10970100
2022-03-25,0.0,182.3800048828125,0.0,183.1300048828125,181.35000610351562,181.80999755859375,0.0,7911100
2022-03-28,0.0,179.05999755859375,0.0,181.3300018310547,178.85000610351562,180.3800048828125,0.0,9489700
2022-03-29,0.0,179.13999938964844,0.0,179.3300018310547,176.69000244140625,177.02000427246094,0.0,10458900
2022-03-30,0.0,180.5800018310547,0.0,180.9199981689453,179.67999267578125,179.75999450683594,0.0,8361300
2022-03-31,0.0,180.64999389648438,0.0,181.9600067138672,180.55999755859375,180.91000366210938,0.0,9844400
2022-04-01,0.0,179.5,0.0,180.4600067138672,178.97999572753906,179.5500030517578,0.0,13034400
2022-04-04,0.0,180.3699951171875,0.0,180.80999755859375,179.5800018310547,180.24000549316406,0.0,7063100
2022-04-05,0.0,179.24000549316406,0.0,181.49000549316406,178.92999267578125,180.91000366210938,0.0,10828500
2022-04-06,0.0,179.66000366210938,0.0,180.30999755859375,178.6999969482422,179.77999877929688,0.0,8942100
2022-04-07,0.0,180.33999633789062,0.0,180.8800048828125,179.8000030517578,179.8699951171875,0.0,10140600
2022-04-08,0.0,181.47000122070312,0.0,181.82000732421875,180.52000427246094,180.52000427246094,0.0,10655700
2022-04-11,0.0,182.3699951171875,0.0,183.3300018310547,181.11000061035156,183.1699981689453,0.0,10071300
2022-04-12,0.0,183.77000427246094,0.0,184.63999938964844,182.9600067138672,184.0399932861328,0.0,12024600
2022-04-13,0.0,184.64999389648438,0.0,184.94000244140625,184.1300048828125,184.5,0.0,8651600
2022-04-14,0.0,184.0399932861328,0.0,184.41000366210938,182.8800048828125,184.27999877929688,0.0,11567200
2022-04-18,0.0,184.61000061035156,0.0,186.10000610351562,184.38999938964844,185.9499969482422,0.0,8886700
2022-04-19,0.0,181.82000732421875,0.0,183.64999389648438,181.3300018310547,183.19000244140625,0.0,12585600
2022-04-20,0.0,182.7100067138672,0.0,182.72000122070312,181.35000610351562,181.58999633789062,0.0,7038600
2022-04-21,0.0,182.05999755859375,0.0,182.32000732421875,180.77999877929688,181.77000427246094,0.0,9639800
2022-04-22,0.0,180.2899932861328,0.0,181.61000061035156,179.74000549316406,180.72000122070312,0.0,9147000
2022-04-25,0.0,177.0500030517578,0.0,177.50999450683594,176.47999572753906,177.1699981689453,0.0,13073700
2022-04-26,0.0,177.32000732421875,0.0,178.3000030517578,176.9199981689453,177.9499969482422,0.0,9042400
2022-04-27,0.0,175.97999572753906,0.0,176.63999938964844,175.5,176.4600067138672,0.0,8854700
2022-04-28,0.0,176.92999267578125,0.0,176.97000122070312,175.69000244140625,175.9199981689453,0.0,6381100
2022-04-29,0.0,176.91000366210938,0.0,178.6199951171875,176.7100067138672,178.07000732421875,0.0,7719700
2022-05-02,0.0,173.6300048828125,0.0,174.64999389648438,172.97999572753906,173.61000061035156,0.0,14318600
2022-05-03,0.0,174.08999633789062,0.0,175.2100067138672,173.85000610351562,173.88999938964844,0.0,7214300
2022-05-04,0.0,175.8000030517578,0.0,176.35000610351562,173.6699981689453,174.32000732421875,0.0,10491700
2022-05-05,0.0,175.1300048828125,0.0,177.61000061035156,174.66000366210938,177.55999755859375,0.0,12794200
2022-05-06,0.0,175.4199981689453,0.0,176.55999755859375,174.86000061035156,175.38999938964844,0.0,7643300
2022-05-09,0.0,172.8800048828125,0.0,174.27000427246094,172.7899932861328,174.27000427246094,0.0,10742400
2022-05-10,0.0,171.4199981689453,0.0,173.9600067138672,171.1999969482422,173.8000030517578,0.0,11010400
2022-05-11,0.0,172.82000732421875,0.0,173.32000732421875,172.1999969482422,172.50999450683594,0.0,9179600
2022-05-12,0.0,170.1699981689453,0.0,172.39999389648438,169.89999389648438,172.07000732421875,0.0,11626800
2022-05-13,0.0,168.7899932861328,0.0,169.6199951171875,168.00999450683594,168.30999755859375,0.0,13031100
2022-05-16,0.0,170.39999389648438,0.0,170.42999267578125,168.33999633789062,168.42999267578125,0.0,7319300
2022-05-17,0.0,169.3300018310547,0.0,170.52999877929688,169.13999938964844,170.44000244140625,0.0,6441100
2022-05-18,0.0,169.4199981689453,0.0,170.2100067138672,168.80999755859375,169.00999450683594,0.0,7472900
2022-05-19,0.0,171.91000366210938,0.0,172.52000427246094,170.88999938964844,171.5500030517578,0.0,10580300
2022-05-20,0.0,172.02999877929688,0.0,172.24000549316406,170.88999938964844,171.7100067138672,0.0,6578100
2022-05-23,0.0,172.8300018310547,0.0,173.3800048828125,172.27999877929688,173.1300048828125,0.0,5518500
2022-05-24,0.0,174.1300048828125,0.0,174.41000366210938,173.35000610351562,173.47000122070312,0.0,6794000
2022-05-25,0.0,173.0800018310547,0.0,173.16000366210938,171.72999572753906,172.7899932861328,0.0,4595900
2022-05-26,0.0,172.75999450683594,0.0,172.92999267578125,171.75999450683594,172.1300048828125,0.0,6467000
2022-05-27,0.0,172.85000610351562,0.0,173.52000427246094,172.63999938964844,173.49000549316406,0.0,3847900
2022-05-31,0.0,171.13999938964844,0.0,173.07000732421875,171.0800018310547,172.7100067138672,0.0,6244000
2022-06-01,0.0,172.22999572753906,0.0,172.52999877929688,171.38999938964844,172.2100067138672,0.0,6946500
2022-06-02,0.0,174.35000610351562,0.0,174.4499969482422,173.49000549316406,173.66000366210938,0.0,5623100
2022-06-03,0.0,172.5800018310547,0.0,173.97000122070312,172.25,173.52999877929688,0.0,5519400
2022-06-06,0.0,171.82000732421875,0.0,172.88999938964844,171.64999389648438,172.80999755859375,0.0,3766000
2022-06-07,0.0,172.94000244140625,0.0,173.0500030517578,171.99000549316406,172.11000061035156,0.0,3860000
2022-06-08,0.0,172.77999877929688,0.0,173.4499969482422,172.6699981689453,172.88999938964844,0.0,5140800
2022-06-09,0.0,172.22999572753906,0.0,172.58999633789062,171.5800018310547,172.4499969482422,0.0,4701100
2022-06-10,0.0,174.5399932861328,0.0,174.94000244140625,170.4600067138672,170.88999938964844,0.0,16856100
2022-06-13,0.0,169.92999267578125,0.0,171.33999633789062,169.61000061035156,171.17999267578125,0.0,13265200
2022-06-14,0.0,168.57000732421875,0.0,169.72999572753906,168.3000030517578,169.61000061035156,0.0,7347900
2022-06-15,0.0,170.77000427246094,0.0,171.83999633789062,169.0800018310547,170.39999389648438,0.0,9000300
2022-06-16,0.0,172.69000244140625,0.0,172.77000427246094,170.1699981689453,170.55999755859375,0.0,8823600
2022-06-17,0.0,171.27000427246094,0.0,172.3000030517578,170.97000122070312,172.14999389648438,0.0,7407200
2022-06-21,0.0,170.6300048828125,0.0,171.91000366210938,170.47000122070312,171.05999755859375,0.0,5608500
2022-06-22,0.0,171.30999755859375,0.0,172.3000030517578,171.10000610351562,171.61000061035156,0.0,6558700
2022-06-23,0.0,170.25999450683594,0.0,172.1300048828125,169.89999389648438,171.38999938964844,0.0,6535300
2022-06-24,0.0,170.08999633789062,0.0,170.74000549316406,169.85000610351562,170.24000549316406,0.0,6143100
2022-06-27,0.0,169.89999389648438,0.0,170.6699981689453,169.75,170.60000610351562,0.0,5719700
2022-06-28,0.0,169.6199951171875,0.0,170.2100067138672,169.50999450683594,170.07000732421875,0.0,2982700
2022-06-29,0.0,169.49000549316406,0.0,170.6999969482422,169.1699981689453,170.5800018310547,0.0,4785600
2022-06-30,0.0,168.4600067138672,0.0,169.9600067138672,168.24000549316406,169.50999450683594,0.0,9144400
2022-07-01,0.0,168.32000732421875,0.0,168.67999267578125,166.9600067138672,167.13999938964844,0.0,11380300
2022-07-05,0.0,164.75,0.0,167.3300018310547,164.41000366210938,167.17999267578125,0.0,14035400
2022-07-06,0.0,162.13999938964844,0.0,164.57000732421875,161.47000122070312,164.32000732421875,0.0,11861100
2022-07-07,0.0,162.22999572753906,0.0,163.0399932861328,162.05999755859375,162.42999267578125,0.0,4588400
2022-07-08,0.0,162.3000030517578,0.0,163.3800048828125,161.83999633789062,162.35000610351562,0.0,4584100
2022-07-11,0.0,161.42999267578125,0.0,162.44000244140625,161.3800048828125,161.92999267578125,0.0,4321700
2022-07-12,0.0,160.8300018310547,0.0,161.6199951171875,160.72000122070312,161.22000122070312,0.0,5375100
2022-07-13,0.0,161.60000610351562,0.0,162.7100067138672,160.05999755859375,160.10000610351562,0.0,8456600
2022-07-14,0.0,159.3300018310547,0.0,159.8300018310547,158.22000122070312,159.02000427246094,0.0,12213600
2022-07-15,0.0,159.00999450683594,0.0,159.25,158.35000610351562,159.00999450683594,0.0,6783800
2022-07-18,0.0,159.16000366210938,0.0,160.42999267578125,159.0500030517578,160.0800018310547,0.0,5791800
2022-07-19,0.0,159.5399932861328,0.0,159.8699951171875,159.3300018310547,159.47000122070312,0.0,3796200
2022-07-20,0.0,158.0399932861328,0.0,159.82000732421875,158.02999877929688,159.7100067138672,0.0,4795800
2022-07-21,0.0,160.27000427246094,0.0,160.30999755859375,158.27000427246094,158.30999755859375,0.0,5863300
2022-07-22,0.0,160.6699981689453,0.0,162.1300048828125,160.35000610351562,160.5500030517578,0.0,5733800
2022-07-25,0.0,160.22999572753906,0.0,160.6999969482422,159.80999755859375,160.63999938964844,0.0,3713400
2022-07-26,0.0,160.0399932861328,0.0,160.5,159.7899932861328,160.22999572753906,0.0,2672800
2022-07-27,0.0,161.6699981689453,0.0,162.2100067138672,159.50999450683594,160.02000427246094,0.0,5766100
2022-07-28,0.0,163.63999938964844,0.0,163.75999450683594,162.8800048828125,163.30999755859375,0.0,5606400
2022-07-29,0.0,164.10000610351562,0.0,164.69000244140625,163.27999877929688,163.88999938964844,0.0,7537300
2022-08-01,0.0,165.02999877929688,0.0,165.41000366210938,164.41000366210938,164.97999572753906,0.0,4666900
2022-08-02,0.0,164.0500030517578,0.0,166.4600067138672,164.02000427246094,165.66000366210938,0.0,5725400
2022-08-03,0.0,164.4499969482422,0.0,164.91000366210938,163.47999572753906,164.77000427246094,0.0,4417800
2022-08-04,0.0,167.1699981689453,0.0,167.30999755859375,165.33999633789062,165.52999877929688,0.0,5502000
2022-08-05,0.0,165.2899932861328,0.0,165.83999633789062,164.8699951171875,164.99000549316406,0.0,6023300
2022-08-08,0.0,166.69000244140625,0.0,166.80999755859375,165.92999267578125,166.02999877929688,0.0,3456300
2022-08-09,0.0,167.1999969482422,0.0,167.8000030517578,166.82000732421875,167.47999572753906,0.0,3205500
2022-08-10,0.0,166.77999877929688,0.0,167.97999572753906,166.6199951171875,167.38999938964844,0.0,4077300
2022-08-11,0.0,166.33999633789062,0.0,167.66000366210938,166.30999755859375,167.16000366210938,0.0,4446000
2022-08-12,0.0,167.8699951171875,0.0,167.94000244140625,166.8300018310547,167.1699981689453,0.0,5151700
2022-08-15,0.0,165.7100067138672,0.0,166.25,165.44000244140625,165.99000549316406,0.0,5236100
2022-08-16,0.0,165.4199981689453,0.0,165.72000122070312,165.17999267578125,165.30999755859375,0.0,4291500
2022-08-17,0.0,164.35000610351562,0.0,165.22999572753906,163.9499969482422,165.2100067138672,0.0,5569100
2022-08-18,0.0,163.9199981689453,0.0,164.91000366210938,163.5399932861328,164.60000610351562,0.0,3646100
2022-08-19,0.0,162.72000122070312,0.0,163.74000549316406,162.6199951171875,163.64999389648438,0.0,8173000
2022-08-22,0.0,161.63999938964844,0.0,162.1199951171875,161.36000061035156,161.66000366210938,0.0,4458100
2022-08-23,0.0,162.77000427246094,0.0,163.42999267578125,161.91000366210938,161.9600067138672,0.0,4425100
2022-08-24,0.0,163.25,0.0,163.61000061035156,162.3699951171875,162.44000244140625,0.0,3202400
2022-08-25,0.0,163.75,0.0,163.99000549316406,163.24000549316406,163.97000122070312,0.0,2857500
2022-08-26,0.0,161.75999450683594,0.0,163.61000061035156,161.5500030517578,163.1199951171875,0.0,6689300
2022-08-29,0.0,161.86000061035156,0.0,162.6199951171875,161.6999969482422,161.8800048828125,0.0,4702300
2022-08-30,0.0,160.50999450683594,0.0,161.42999267578125,160.33999633789062,161.27000427246094,0.0,4856600
2022-08-31,0.0,159.27000427246094,0.0,160.57000732421875,159.25999450683594,159.5,0.0,5438600
2022-09-01,0.0,157.8699951171875,0.0,158.38999938964844,157.32000732421875,158.1699981689453,0.0,7390800
2022-09-02,0.0,159.25999450683594,0.0,160.05999755859375,159.13999938964844,159.35000610351562,0.0,5196900
2022-09-06,0.0,158.3300018310547,0.0,159.4600067138672,158.32000732421875,159.1699981689453,0.0,4863800
2022-09-07,0.0,159.94000244140625,0.0,160.14999389648438,158.0800018310547,158.14999389648438,0.0,3981400
2022-09-08,0.0,158.97999572753906,0.0,159.86000061035156,158.7100067138672,159.5399932861328,0.0,4607100
2022-09-09,0.0,159.82000732421875,0.0,160.24000549316406,159.41000366210938,159.72000122070312,0.0,3927800
2022-09-12,0.0,160.6300048828125,0.0,161.6199951171875,160.5500030517578,161.0399932861328,0.0,4537500
2022-09-13,0.0,158.5399932861328,0.0,159.27000427246094,158.38999938964844,158.47000122070312,0.0,6526400
2022-09-14,0.0,157.92999267578125,0.0,158.97999572753906,157.72999572753906,158.67999267578125,0.0,6091100
2022-09-15,0.0,154.97999572753906,0.0,157.49000549316406,154.6199951171875,156.75999450683594,0.0,13181200
2022-09-16,0.0,155.83999633789062,0.0,156.55999755859375,154.33999633789062,154.66000366210938,0.0,7141200
2022-09-19,0.0,155.9600067138672,0.0,156.0399932861328,154.82000732421875,154.8699951171875,0.0,5582800
2022-09-20,0.0,155.07000732421875,0.0,155.22999572753906,154.58999633789062,155.02999877929688,0.0,5943700
2022-09-21,0.0,155.7899932861328,0.0,157.25,154.00999450683594,155.97000122070312,0.0,7816100
2022-09-22,0.0,155.6999969482422,0.0,156.47999572753906,155.30999755859375,156.25999450683594,0.0,5975200
2022-09-23,0.0,153.00999450683594,0.0,154.0,152.63999938964844,153.89999389648438,0.0,9598000
2022-09-26,0.0,151.22999572753906,0.0,153.50999450683594,151.02999877929688,153.22000122070312,0.0,8240500
2022-09-27,0.0,151.5399932861328,0.0,152.72999572753906,151.5,152.25,0.0,7151300
2022-09-28,0.0,154.69000244140625,0.0,154.8800048828125,152.92999267578125,153.1999969482422,0.0,8977200
2022-09-29,0.0,154.66000366210938,0.0,155.02999877929688,153.16000366210938,154.13999938964844,0.0,6317000
2022-09-30,0.0,154.6699981689453,0.0,156.0399932861328,154.57000732421875,154.94000244140625,0.0,6832400
2022-10-03,0.0,158.42999267578125,0.0,158.47999572753906,155.22999572753906,155.44000244140625,0.0,10362200
2022-10-04,0.0,160.6999969482422,0.0,161.0800018310547,158.9199981689453,159.17999267578125,0.0,8024500
2022-10-05,0.0,159.80999755859375,0.0,160.0800018310547,158.3800048828125,159.32000732421875,0.0,5296300
2022-10-06,0.0,159.6300048828125,0.0,159.94000244140625,158.9499969482422,159.41000366210938,0.0,5712600
2022-10-07,0.0,157.8800048828125,0.0,158.97999572753906,157.67999267578125,158.4600067138672,0.0,5030000
2022-10-10,0.0,155.47999572753906,0.0,156.35000610351562,155.1199951171875,155.94000244140625,0.0,6110800
2022-10-11,0.0,155.16000366210938,0.0,156.80999755859375,154.9199981689453,155.49000549316406,0.0,5306700
2022-10-12,0.0,155.99000549316406,0.0,156.2899932861328,155.25999450683594,155.50999450683594,0.0,3998500
2022-10-13,0.0,154.91000366210938,0.0,155.72999572753906,152.9199981689453,153.47999572753906,0.0,7083800
2022-10-14,0.0,152.97999572753906,0.0,154.1999969482422,152.72000122070312,154.02000427246094,0.0,5471900
2022-10-17,0.0,153.4199981689453,0.0,155.3300018310547,153.32000732421875,154.9199981689453,0.0,4348000
2022-10-18,0.0,153.75,0.0,154.24000549316406,153.24000549316406,154.0800018310547,0.0,4528400
2022-10-19,0.0,151.69000244140625,0.0,152.49000549316406,151.5399932861328,152.08999633789062,0.0,8257100
2022-10-20,0.0,151.4499969482422,0.0,153.22999572753906,151.27000427246094,151.9199981689453,0.0,5019800
2022-10-21,0.0,154.14999389648438,0.0,154.30999755859375,151.8300018310547,151.97999572753906,0.0,6898400
2022-10-24,0.0,153.64999389648438,0.0,154.05999755859375,153.05999755859375,153.4499969482422,0.0,4673300
2022-10-25,0.0,154.0,0.0,154.7899932861328,153.8300018310547,153.9600067138672,0.0,3434100
2022-10-26,0.0,154.97999572753906,0.0,155.72999572753906,154.77999877929688,154.77999877929688,0.0,4448200
2022-10-27,0.0,154.74000549316406,0.0,155.08999633789062,154.22000122070312,154.7100067138672,0.0,3654900
2022-10-28,0.0,153.16000366210938,0.0,153.5399932861328,152.5,152.9600067138672,0.0,4645400
2022-10-31,0.0,151.91000366210938,0.0,152.8699951171875,151.88999938964844,152.16000366210938,0.0,6097800
2022-11-01,0.0,153.4600067138672,0.0,153.97999572753906,152.8699951171875,153.82000732421875,0.0,4603600
2022-11-02,0.0,152.38999938964844,0.0,155.4199981689453,152.25999450683594,154.16000366210938,0.0,7210900
2022-11-03,0.0,151.80999755859375,0.0,151.9600067138672,150.57000732421875,150.6999969482422,0.0,5378800
2022-11-04,0.0,156.47000122070312,0.0,156.60000610351562,154.66000366210938,154.9499969482422,0.0,7692000
2022-11-07,0.0,155.85000610351562,0.0,156.57000732421875,155.80999755859375,156.22000122070312,0.0,4425700
2022-11-08,0.0,159.4499969482422,0.0,159.8699951171875,155.97999572753906,155.99000549316406,0.0,11299600
2022-11-09,0.0,158.64999389648438,0.0,160.35000610351562,158.4499969482422,159.36000061035156,0.0,6040600
2022-11-10,0.0,163.47999572753906,0.0,163.50999450683594,161.66000366210938,162.00999450683594,0.0,9939900
2022-11-11,0.0,164.55999755859375,0.0,164.5800018310547,163.4199981689453,163.91000366210938,0.0,4622400
2022-11-14,0.0,164.9199981689453,0.0,165.24000549316406,164.14999389648438,164.1999969482422,0.0,6187600
2022-11-15,0.0,165.5,0.0,166.22999572753906,164.55999755859375,165.27000427246094,0.0,9903500
2022-11-16,0.0,165.1199951171875,0.0,165.7100067138672,164.8300018310547,165.41000366210938,0.0,3645800
2022-11-17,0.0,163.9199981689453,0.0,164.11000061035156,163.39999389648438,163.7899932861328,0.0,4574400
2022-11-18,0.0,162.7899932861328,0.0,163.69000244140625,162.67999267578125,163.3800048828125,0.0,4321100
2022-11-21,0.0,161.8800048828125,0.0,162.5,161.27999877929688,162.44000244140625,0.0,4766500
2022-11-22,0.0,162.07000732421875,0.0,162.60000610351562,161.72000122070312,162.3000030517578,0.0,3203800
2022-11-23,0.0,163.0800018310547,0.0,163.24000549316406,161.55999755859375,161.69000244140625,0.0,4167000
2022-11-25,0.0,163.22000122070312,0.0,163.42999267578125,162.75999450683594,162.85000610351562,0.0,1436500
2022-11-28,0.0,161.92999267578125,0.0,163.05999755859375,161.91000366210938,162.92999267578125,0.0,4052900
2022-11-29,0.0,162.72999572753906,0.0,163.6300048828125,162.60000610351562,162.6999969482422,0.0,2620600
2022-11-30,0.0,164.80999755859375,0.0,164.80999755859375,162.39999389648438,163.69000244140625,0.0,4874700
2022-12-01,0.0,167.83999633789062,0.0,167.9499969482422,166.97999572753906,167.47999572753906,0.0,8625800
2022-12-02,0.0,167.25999450683594,0.0,167.47000122070312,165.75999450683594,166.17999267578125,0.0,5185900
2022-12-05,0.0,164.38999938964844,0.0,166.72000122070312,164.32000732421875,166.5500030517578,0.0,5436200
2022-12-06,0.0,164.83999633789062,0.0,165.5399932861328,164.4499969482422,165.1999969482422,0.0,3597800
2022-12-07,0.0,166.3300018310547,0.0,166.63999938964844,165.32000732421875,165.47000122070312,0.0,4610700
2022-12-08,0.0,166.47000122070312,0.0,167.0500030517578,166.07000732421875,166.5800018310547,0.0,3217900
2022-12-09,0.0,167.05999755859375,0.0,168.08999633789062,166.60000610351562,167.25999450683594,0.0,5431300
2022-12-12,0.0,165.67999267578125,0.0,166.60000610351562,165.42999267578125,166.44000244140625,0.0,3504400
2022-12-13,0.0,168.50999450683594,0.0,169.7899932861328,168.02000427246094,169.2100067138672,0.0,6750200
2022-12-14,0.0,168.10000610351562,0.0,168.80999755859375,167.13999938964844,168.42999267578125,0.0,5643000
2022-12-15,0.0,165.35000610351562,0.0,166.2100067138672,165.10000610351562,165.72999572753906,0.0,8363000
2022-12-16,0.0,166.7899932861328,0.0,166.97999572753906,165.83999633789062,166.02000427246094,0.0,5372000
2022-12-19,0.0,166.32000732421875,0.0,167.11000061035156,165.99000549316406,166.7100067138672,0.0,3940500
2022-12-20,0.0,169.0800018310547,0.0,169.52999877929688,168.02999877929688,168.10000610351562,0.0,7803100
2022-12-21,0.0,168.8000030517578,0.0,169.7100067138672,168.67999267578125,169.0399932861328,0.0,3990100
2022-12-22,0.0,166.75999450683594,0.0,167.75999450683594,166.05999755859375,167.75999450683594,0.0,5672700
2022-12-23,0.0,167.25999450683594,0.0,167.8000030517578,166.66000366210938,166.8800048828125,0.0,2912300
2022-12-27,0.0,168.6699981689453,0.0,170.61000061035156,167.8000030517578,167.88999938964844,0.0,6885700
2022-12-28,0.0,167.91000366210938,0.0,168.33999633789062,167.10000610351562,168.0500030517578,0.0,3662500
2022-12-29,0.0,168.85000610351562,0.0,169.35000610351562,168.52000427246094,168.5399932861328,0.0,3345900
2022-12-30,0.0,169.63999938964844,0.0,169.89999389648438,168.8000030517578,169.25999450683594,0.0,2864500
2023-01-03,0.0,171.05999755859375,0.0,172.08999633789062,170.02000427246094,171.32000732421875,0.0,7992900
2023-01-04,0.0,172.6699981689453,0.0,173.08999633789062,171.85000610351562,172.86000061035156,0.0,7574600
2023-01-05,0.0,170.52000427246094,0.0,171.0,169.7899932861328,170.82000732421875,0.0,4692600
2023-01-06,0.0,173.7100067138672,0.0,173.9600067138672,171.22999572753906,171.75999450683594,0.0,7889000
2023-01-09,0.0,174.10000610351562,0.0,175.0399932861328,173.8800048828125,174.50999450683594,0.0,5134500
2023-01-10,0.0,174.74000549316406,0.0,174.97999572753906,174.05999755859375,174.61000061035156,0.0,4398400
2023-01-11,0.0,174.6199951171875,0.0,174.7899932861328,173.72000122070312,174.75999450683594,0.0,3374200
2023-01-12,0.0,176.63999938964844,0.0,176.7100067138672,174.8800048828125,176.00999450683594,0.0,6936900
2023-01-13,0.0,178.75999450683594,0.0,178.8300018310547,176.88999938964844,176.9600067138672,0.0,7468800
2023-01-17,0.0,177.58999633789062,0.0,178.24000549316406,177.08999633789062,178.2100067138672,0.0,6610800
2023-01-18,0.0,177.0800018310547,0.0,179.17999267578125,176.89999389648438,178.9199981689453,0.0,5384700
2023-01-19,0.0,179.88999938964844,0.0,180.02999877929688,178.08999633789062,178.3699951171875,0.0,6678700
2023-01-20,0.0,179.2899932861328,0.0,179.66000366210938,178.64999389648438,179.05999755859375,0.0,5754800
2023-01-23,0.0,179.6300048828125,0.0,179.69000244140625,177.77999877929688,178.35000610351562,0.0,5265500
2023-01-24,0.0,180.27999877929688,0.0,180.32000732421875,178.35000610351562,179.55999755859375,0.0,4604600
2023-01-25,0.0,181.11000061035156,0.0,181.22000122070312,179.2899932861328,179.35000610351562,0.0,6925300
2023-01-26,0.0,179.47000122070312,0.0,180.27000427246094,178.4600067138672,180.14999389648438,0.0,5860100
2023-01-27,0.0,179.22000122070312,0.0,179.72000122070312,178.25999450683594,179.27000427246094,0.0,6052700
2023-01-30,0.0,178.75999450683594,0.0,179.42999267578125,178.64999389648438,179.2899932861328,0.0,4210700
2023-01-31,0.0,179.41000366210938,0.0,179.6999969482422,178.5399932861328,178.82000732421875,0.0,5976900
2023-02-01,0.0,181.6699981689453,0.0,181.72999572753906,178.6300048828125,179.75,0.0,7996000
2023-02-02,0.0,177.89999389648438,0.0,181.11000061035156,177.74000549316406,181.0800018310547,0.0,8842400
2023-02-03,0.0,173.4600067138672,0.0,175.42999267578125,173.1199951171875,174.9199981689453,0.0,13674400
2023-02-06,0.0,173.82000732421875,0.0,174.4600067138672,173.27999877929688,174.11000061035156,0.0,8957000
2023-02-07,0.0,173.97999572753906,0.0,175.27000427246094,173.47000122070312,173.72000122070312,0.0,6794200
2023-02-08,0.0,174.41000366210938,0.0,174.99000549316406,173.8300018310547,174.94000244140625,0.0,4075600
2023-02-09,0.0,173.02999877929688,0.0,175.52000427246094,172.8699951171875,175.49000549316406,0.0,5361300
2023-02-10,0.0,173.36000061035156,0.0,173.67999267578125,172.6300048828125,173.6300048828125,0.0,2971100
2023-02-13,0.0,172.47999572753906,0.0,172.89999389648438,172.07000732421875,172.6999969482422,0.0,3970800
2023-02-14,0.0,172.61000061035156,0.0,173.50999450683594,171.41000366210938,171.97000122070312,0.0,5403100
2023-02-15,0.0,170.88999938964844,0.0,170.99000549316406,170.16000366210938,170.60000610351562,0.0,5423800
2023-02-16,0.0,170.75,0.0,171.60000610351562,169.9600067138672,170.33999633789062,0.0,4540400
2023-02-17,0.0,171.25999450683594,0.0,171.47000122070312,169.52000427246094,169.8699951171875,0.0,4809800
2023-02-21,0.0,170.6199951171875,0.0,171.5,170.33999633789062,171.1999969482422,0.0,4035900
2023-02-22,0.0,169.66000366210938,0.0,170.9600067138672,169.55999755859375,170.80999755859375,0.0,4105700
2023-02-23,0.0,169.57000732421875,0.0,170.1300048828125,169.0800018310547,169.83999633789062,0.0,5073500
2023-02-24,0.0,168.35000610351562,0.0,168.83999633789062,168.19000244140625,168.4199981689453,0.0,6496500
2023-02-27,0.0,169.00999450683594,0.0,169.22999572753906,168.5500030517578,168.8800048828125,0.0,4509200
2023-02-28,0.0,169.77999877929688,0.0,170.25,168.58999633789062,168.77999877929688,0.0,6761600
2023-03-01,0.0,170.75999450683594,0.0,171.49000549316406,170.47000122070312,170.9499969482422,0.0,6590500
2023-03-02,0.0,170.66000366210938,0.0,170.97999572753906,170.36000061035156,170.52000427246094,0.0,3950700
2023-03-03,0.0,172.49000549316406,0.0,172.60000610351562,170.97999572753906,171.4499969482422,0.0,6894500
2023-03-06,0.0,171.6199951171875,0.0,172.3699951171875,171.5399932861328,172.32000732421875,0.0,4264100
2023-03-07,0.0,168.6199951171875,0.0,170.47000122070312,168.52000427246094,170.4199981689453,0.0,8713300
2023-03-08,0.0,168.5399932861328,0.0,169.58999633789062,168.52000427246094,168.61000061035156,0.0,5718600
2023-03-09,0.0,170.1999969482422,0.0,170.64999389648438,169.7100067138672,169.75,0.0,5583000
2023-03-10,0.0,173.8699951171875,0.0,173.8800048828125,171.9199981689453,171.92999267578125,0.0,13803400
2023-03-13,0.0,177.86000061035156,0.0,178.02000427246094,176.3000030517578,176.66000366210938,0.0,20554400
2023-03-14,0.0,176.8300018310547,0.0,177.58999633789062,176.2100067138672,177.35000610351562,0.0,10019000
2023-03-15,0.0,178.2100067138672,0.0,180.1300048828125,177.49000549316406,178.86000061035156,0.0,14546100
2023-03-16,0.0,178.57000732421875,0.0,179.64999389648438,177.8699951171875,179.50999450683594,0.0,10762200
2023-03-17,0.0,183.77000427246094,0.0,184.80999755859375,180.77000427246094,181.02000427246094,0.0,24156300
2023-03-20,0.0,183.83999633789062,0.0,184.5399932861328,182.74000549316406,184.19000244140625,0.0,11845700
2023-03-21,0.0,180.3699951171875,0.0,182.72999572753906,179.89999389648438,182.64999389648438,0.0,10734500
2023-03-22,0.0,183.44000244140625,0.0,183.94000244140625,180.27999877929688,180.39999389648438,0.0,11969600
2023-03-23,0.0,185.74000549316406,0.0,186.24000549316406,183.60000610351562,183.91000366210938,0.0,11347100
2023-03-24,0.0,183.64999389648438,0.0,185.99000549316406,183.6199951171875,185.61000061035156,0.0,9245900
2023-03-27,0.0,181.9499969482422,0.0,182.14999389648438,180.69000244140625,181.14999389648438,0.0,6925000
2023-03-28,0.0,183.44000244140625,0.0,183.6199951171875,182.1199951171875,182.30999755859375,0.0,6202600
2023-03-29,0.0,182.52999877929688,0.0,183.27000427246094,182.24000549316406,182.49000549316406,0.0,4996500
2023-03-30,0.0,184.17999267578125,0.0,184.44000244140625,182.5500030517578,182.75,0.0,6360300
2023-03-31,0.0,183.22000122070312,0.0,184.4199981689453,182.8000030517578,184.11000061035156,0.0,8003300
2023-04-03,0.0,184.5399932861328,0.0,185.0399932861328,183.32000732421875,183.85000610351562,0.0,9206600
2023-04-04,0.0,187.97999572753906,0.0,188.22999572753906,184.66000366210938,184.72000122070312,0.0,13765400
2023-04-05,0.0,187.8300018310547,0.0,188.86000061035156,186.77999877929688,188.33999633789062,0.0,11440800
2023-04-06,0.0,186.49000549316406,0.0,187.25999450683594,185.9499969482422,186.88999938964844,0.0,6648400
2023-04-10,0.0,185.11000061035156,0.0,185.36000061035156,184.19000244140625,185.17999267578125,0.0,6408100
2023-04-11,0.0,186.27999877929688,0.0,186.50999450683594,185.63999938964844,185.91000366210938,0.0,6031500
2023-04-12,0.0,187.19000244140625,0.0,187.66000366210938,185.97000122070312,187.5399932861328,0.0,10000900
2023-04-13,0.0,189.72000122070312,0.0,190.41000366210938,188.99000549316406,189.75999450683594,0.0,14060100
2023-04-14,0.0,186.36000061035156,0.0,188.49000549316406,185.1699981689453,188.0800018310547,0.0,13272500
2023-04-17,0.0,185.52999877929688,0.0,185.92999267578125,184.10000610351562,185.88999938964844,0.0,7468100
2023-04-18,0.0,186.25,0.0,186.99000549316406,185.0399932861328,185.24000549316406,0.0,8056900
2023-04-19,0.0,185.36000061035156,0.0,185.5800018310547,184.27999877929688,184.35000610351562,0.0,7373500
2023-04-20,0.0,186.08999633789062,0.0,187.02999877929688,185.77999877929688,186.13999938964844,0.0,5789900
2023-04-21,0.0,184.25,0.0,185.67999267578125,183.22000122070312,184.97999572753906,0.0,10698700
2023-04-24,0.0,184.80999755859375,0.0,185.02999877929688,183.4600067138672,184.07000732421875,0.0,8303400
2023-04-25,0.0,185.75,0.0,186.22000122070312,184.3000030517578,184.83999633789062,0.0,8451900
2023-04-26,0.0,184.74000549316406,0.0,186.64999389648438,184.3000030517578,186.6300048828125,0.0,8203600
2023-04-27,0.0,184.75,0.0,184.99000549316406,183.3800048828125,183.89999389648438,0.0,9107400
2023-04-28,0.0,184.8000030517578,0.0,185.3800048828125,184.1699981689453,184.7899932861328,0.0,6700400
2023-05-01,0.0,183.97000122070312,0.0,186.22000122070312,183.91000366210938,186.0500030517578,0.0,7997700
2023-05-02,0.0,187.52000427246094,0.0,187.63999938964844,184.52000427246094,184.64999389648438,0.0,14680600
2023-05-03,0.0,189.11000061035156,0.0,189.2100067138672,186.92999267578125,187.61000061035156,0.0,11133800
2023-05-04,0.0,190.44000244140625,0.0,191.36000061035156,188.80999755859375,188.86000061035156,0.0,14146800
2023-05-05,0.0,187.4600067138672,0.0,187.5800018310547,185.77000427246094,186.55999755859375,0.0,12508100
2023-05-08,0.0,187.69000244140625,0.0,188.6699981689453,187.49000549316406,187.82000732421875,0.0,6075400
2023-05-09,0.0,189.02000427246094,0.0,189.3300018310547,188.07000732421875,188.1199951171875,0.0,7098800
2023-05-10,0.0,188.75,0.0,189.63999938964844,187.82000732421875,188.97999572753906,0.0,9392100
2023-05-11,0.0,187.1300048828125,0.0,188.80999755859375,186.86000061035156,188.44000244140625,0.0,8245500
2023-05-12,0.0,186.80999755859375,0.0,187.9199981689453,186.5800018310547,187.42999267578125,0.0,7087500
2023-05-15,0.0,187.2100067138672,0.0,187.8800048828125,187.02999877929688,187.3000030517578,0.0,5518100
2023-05-16,0.0,184.8699951171875,0.0,186.82000732421875,184.4600067138672,186.5800018310547,0.0,9519500
2023-05-17,0.0,184.22999572753906,0.0,184.4499969482422,183.47999572753906,184.30999755859375,0.0,7474300
2023-05-18,0.0,181.83999633789062,0.0,182.27999877929688,181.33999633789062,182.10000610351562,0.0,8812600
2023-05-19,0.0,183.63999938964844,0.0,184.33999633789062,181.80999755859375,182.25,0.0,8435000
2023-05-22,0.0,183.2100067138672,0.0,183.83999633789062,182.91000366210938,183.22000122070312,0.0,4834300
2023-05-23,0.0,183.42999267578125,0.0,183.75999450683594,182.47999572753906,182.77999877929688,0.0,6345000
2023-05-24,0.0,181.9499969482422,0.0,183.5399932861328,181.77000427246094,183.5399932861328,0.0,6732900
2023-05-25,0.0,180.1999969482422,0.0,181.30999755859375,180.10000610351562,181.17999267578125,0.0,6919200
2023-05-26,0.0,180.9199981689453,0.0,181.3000030517578,180.08999633789062,181.00999450683594,0.0,5823700
2023-05-30,0.0,182.0399932861328,0.0,182.39999389648438,181.1699981689453,181.72000122070312,0.0,4906100
2023-05-31,0.0,182.32000732421875,0.0,183.4499969482422,182.10000610351562,182.38999938964844,0.0,8497900
2023-06-01,0.0,183.75999450683594,0.0,184.2100067138672,182.72000122070312,182.80999755859375,0.0,7300500
2023-06-02,0.0,181.0500030517578,0.0,183.55999755859375,180.9600067138672,183.52999877929688,0.0,8726100
2023-06-05,0.0,182.13999938964844,0.0,182.44000244140625,180.60000610351562,180.7899932861328,0.0,5748800
2023-06-06,0.0,182.33999633789062,0.0,182.64999389648438,181.52000427246094,182.36000061035156,0.0,4967200
2023-06-07,0.0,180.14999389648438,0.0,183.0,180.14999389648438,181.94000244140625,0.0,9066500
2023-06-08,0.0,182.52999877929688,0.0,183.0399932861328,181.9600067138672,182.0,0.0,6394100
2023-06-09,0.0,182.0399932861328,0.0,182.7899932861328,181.72000122070312,182.36000061035156,0.0,4379200
2023-06-12,0.0,181.8800048828125,0.0,181.94000244140625,181.0399932861328,181.8000030517578,0.0,4873600
2023-06-13,0.0,180.5399932861328,0.0,182.42999267578125,180.1699981689453,182.10000610351562,0.0,5126700
2023-06-14,0.0,180.63999938964844,0.0,181.9600067138672,180.13999938964844,181.69000244140625,0.0,6807000
2023-06-15,0.0,181.91000366210938,0.0,182.0500030517578,180.17999267578125,180.27999877929688,0.0,6739000
2023-06-16,0.0,181.6300048828125,0.0,182.6199951171875,181.41000366210938,181.92999267578125,0.0,8779100
2023-06-20,0.0,179.75,0.0,180.08999633789062,179.22000122070312,180.05999755859375,0.0,7584200
2023-06-21,0.0,179.49000549316406,0.0,179.9499969482422,178.19000244140625,179.14999389648438,0.0,6702300
2023-06-22,0.0,177.7100067138672,0.0,178.99000549316406,177.6300048828125,178.36000061035156,0.0,7945000
2023-06-23,0.0,178.1999969482422,0.0,179.9499969482422,178.08999633789062,179.60000610351562,0.0,5419800
2023-06-26,0.0,178.50999450683594,0.0,179.0800018310547,178.4199981689453,179.0500030517578,0.0,3222100
2023-06-27,0.0,177.69000244140625,0.0,179.2899932861328,177.42999267578125,179.07000732421875,0.0,5036900
2023-06-28,0.0,177.27999877929688,0.0,177.69000244140625,176.6999969482422,177.22999572753906,0.0,5866700
2023-06-29,0.0,177.08999633789062,0.0,177.6300048828125,175.7899932861328,175.8300018310547,0.0,6862500
2023-06-30,0.0,178.27000427246094,0.0,178.52999877929688,177.32000732421875,177.69000244140625,0.0,6420900
2023-07-03,0.0,178.47000122070312,0.0,179.33999633789062,178.4600067138672,178.61000061035156,0.0,4085700
2023-07-05,0.0,177.83999633789062,0.0,179.4199981689453,177.8300018310547,179.41000366210938,0.0,5650600
2023-07-06,0.0,177.30999755859375,0.0,177.8000030517578,176.66000366210938,177.50999450683594,0.0,5133000
2023-07-07,0.0,178.63999938964844,0.0,179.64999389648438,178.35000610351562,178.3800048828125,0.0,5201100
2023-07-10,0.0,178.77999877929688,0.0,178.9199981689453,178.25999450683594,178.3699951171875,0.0,3320500
2023-07-11,0.0,179.4499969482422,0.0,179.7100067138672,179.1300048828125,179.42999267578125,0.0,2818800
2023-07-12,0.0,181.8800048828125,0.0,181.9499969482422,181.10000610351562,181.17999267578125,0.0,7062000
2023-07-13,0.0,182.00999450683594,0.0,182.14999389648438,181.49000549316406,181.9600067138672,0.0,4527900
2023-07-14,0.0,181.42999267578125,0.0,182.1699981689453,181.11000061035156,181.58999633789062,0.0,5390000
2023-07-17,0.0,181.55999755859375,0.0,181.6300048828125,180.63999938964844,180.99000549316406,0.0,4152400
2023-07-18,0.0,183.63999938964844,0.0,184.22999572753906,182.32000732421875,182.7899932861328,0.0,8238000
2023-07-19,0.0,183.6699981689453,0.0,183.83999633789062,182.8699951171875,183.4499969482422,0.0,3911600
2023-07-20,0.0,182.74000549316406,0.0,183.77000427246094,182.47000122070312,183.72999572753906,0.0,4972900
2023-07-21,0.0,182.17999267578125,0.0,182.4600067138672,181.67999267578125,182.05999755859375,0.0,3845400
2023-07-24,0.0,181.39999389648438,0.0,182.5399932861328,181.33999633789062,182.22000122070312,0.0,4370000
2023-07-25,0.0,182.41000366210938,0.0,182.47000122070312,181.10000610351562,181.72000122070312,0.0,4090100
2023-07-26,0.0,183.3000030517578,0.0,183.63999938964844,182.30999755859375,182.66000366210938,0.0,6158400
2023-07-27,0.0,180.4199981689453,0.0,181.63999938964844,180.32000732421875,181.63999938964844,0.0,7592800
2023-07-28,0.0,181.86000061035156,0.0,182.27000427246094,181.25,181.47999572753906,0.0,3828800
2023-07-31,0.0,182.35000610351562,0.0,183.08999633789062,182.30999755859375,182.42999267578125,0.0,5494800
2023-08-01,0.0,180.4600067138672,0.0,181.3800048828125,180.19000244140625,180.85000610351562,0.0,6239700
2023-08-02,0.0,179.60000610351562,0.0,180.7899932861328,179.41000366210938,180.57000732421875,0.0,6339700
2023-08-03,0.0,179.5399932861328,0.0,179.9499969482422,179.27999877929688,179.44000244140625,0.0,4636300
2023-08-04,0.0,180.19000244140625,0.0,180.77000427246094,179.85000610351562,180.25,0.0,5326200
2023-08-07,0.0,179.77999877929688,0.0,180.14999389648438,179.27000427246094,180.14999389648438,0.0,4510400
2023-08-08,0.0,178.63999938964844,0.0,179.3300018310547,178.4600067138672,178.63999938964844,0.0,6162900
2023-08-09,0.0,177.7899932861328,0.0,178.9199981689453,177.77999877929688,178.67999267578125,0.0,4644000
2023-08-10,0.0,177.60000610351562,0.0,178.6999969482422,177.5399932861328,178.22000122070312,0.0,5934600
2023-08-11,0.0,177.60000610351562,0.0,178.36000061035156,177.49000549316406,177.6999969482422,0.0,5289700
2023-08-14,0.0,177.05999755859375,0.0,177.5800018310547,176.5800018310547,176.86000061035156,0.0,9554500
2023-08-15,0.0,176.58999633789062,0.0,177.42999267578125,176.3300018310547,176.75,0.0,7582700
2023-08-16,0.0,175.57000732421875,0.0,176.9499969482422,175.55999755859375,176.6199951171875,0.0,6559400
2023-08-17,0.0,175.3000030517578,0.0,176.55999755859375,174.92999267578125,176.52999877929688,0.0,7937700
2023-08-18,0.0,175.3300018310547,0.0,176.05999755859375,175.10000610351562,175.8300018310547,0.0,6253000
2023-08-21,0.0,175.80999755859375,0.0,175.94000244140625,174.9600067138672,175.89999389648438,0.0,4206400
2023-08-22,0.0,176.10000610351562,0.0,176.25,175.30999755859375,175.8300018310547,0.0,5892200
2023-08-23,0.0,177.88999938964844,0.0,178.22000122070312,177.07000732421875,177.32000732421875,0.0,7949100
2023-08-24,0.0,177.85000610351562,0.0,178.49000549316406,177.41000366210938,177.66000366210938,0.0,5526400
2023-08-25,0.0,177.6199951171875,0.0,178.3800048828125,176.6300048828125,177.5800018310547,0.0,6132800
2023-08-28,0.0,178.1300048828125,0.0,178.72999572753906,177.50999450683594,177.64999389648438,0.0,4740700
2023-08-29,0.0,179.8699951171875,0.0,179.8800048828125,177.89999389648438,178.02999877929688,0.0,7576600
2023-08-30,0.0,180.32000732421875,0.0,180.8800048828125,180.2899932861328,180.5800018310547,0.0,6593700
2023-08-31,0.0,180.02000427246094,0.0,180.49000549316406,179.94000244140625,180.3699951171875,0.0,4795600
2023-09-01,0.0,180.11000061035156,0.0,181.1199951171875,179.50999450683594,180.8000030517578,0.0,4970700
2023-09-05,0.0,178.63999938964844,0.0,179.44000244140625,178.63999938964844,179.3300018310547,0.0,7056800
2023-09-06,0.0,177.8300018310547,0.0,179.00999450683594,177.6999969482422,178.3300018310547,0.0,6427200
2023-09-07,0.0,178.02000427246094,0.0,178.3699951171875,177.89999389648438,178.30999755859375,0.0,3257200
2023-09-08,0.0,178.0800018310547,0.0,179.0500030517578,177.89999389648438,178.36000061035156,0.0,3292700
2023-09-11,0.0,178.41000366210938,0.0,179.07000732421875,178.25999450683594,178.97000122070312,0.0,3689100
2023-09-12,0.0,177.49000549316406,0.0,177.6999969482422,177.0500030517578,177.11000061035156,0.0,4445400
2023-09-13,0.0,177.0800018310547,0.0,177.75,177.0399932861328,177.52999877929688,0.0,3874800
2023-09-14,0.0,177.1699981689453,0.0,177.38999938964844,176.36000061035156,176.5,0.0,6184400
2023-09-15,0.0,178.33999633789062,0.0,179.11000061035156,178.33999633789062,178.5500030517578,0.0,5620900
2023-09-18,0.0,179.38999938964844,0.0,179.41000366210938,178.3800048828125,178.82000732421875,0.0,5049300
2023-09-19,0.0,179.22000122070312,0.0,179.64999389648438,179.02999877929688,179.5399932861328,0.0,4224700
2023-09-20,0.0,179.35000610351562,0.0,180.66000366210938,179.32000732421875,179.33999633789062,0.0,9328000
2023-09-21,0.0,178.0500030517578,0.0,178.49000549316406,177.69000244140625,177.86000061035156,0.0,7571900
2023-09-22,0.0,178.6199951171875,0.0,178.9499969482422,178.50999450683594,178.64999389648438,0.0,3634800
2023-09-25,0.0,177.6999969482422,0.0,178.7100067138672,177.63999938964844,178.41000366210938,0.0,5582100
2023-09-26,0.0,176.27999877929688,0.0,177.13999938964844,176.16000366210938,176.8300018310547,0.0,7181100
2023-09-27,0.0,174.10000610351562,0.0,175.32000732421875,173.6999969482422,175.27000427246094,0.0,10919600
2023-09-28,0.0,173.22999572753906,0.0,174.13999938964844,172.32000732421875,173.91000366210938,0.0,10061900
2023-09-29,0.0,171.4499969482422,0.0,174.02999877929688,171.27000427246094,173.9199981689453,0.0,10427400
2023-10-02,0.0,169.64999389648438,0.0,170.4600067138672,169.5,170.22999572753906,0.0,12706000
2023-10-03,0.0,169.16000366210938,0.0,170.0800018310547,168.75,169.13999938964844,0.0,11459800
2023-10-04,0.0,169.13999938964844,0.0,169.41000366210938,168.5,169.2100067138672,0.0,10034600
2023-10-05,0.0,168.8300018310547,0.0,169.0,168.3000030517578,168.74000549316406,0.0,6970200
2023-10-06,0.0,169.6999969482422,0.0,170.22999572753906,168.5,169.1699981689453,0.0,9948400
2023-10-09,0.0,172.82000732421875,0.0,172.86000061035156,171.0800018310547,171.17999267578125,0.0,10201500
2023-10-10,0.0,172.52999877929688,0.0,172.8000030517578,171.89999389648438,172.0800018310547,0.0,5844000
2023-10-11,0.0,173.7899932861328,0.0,174.1300048828125,173.25999450683594,173.60000610351562,0.0,7128000
2023-10-12,0.0,173.25999450683594,0.0,174.22999572753906,173.24000549316406,174.05999755859375,0.0,5912700
2023-10-13,0.0,178.8300018310547,0.0,179.10000610351562,176.72000122070312,176.88999938964844,0.0,18796500
2023-10-16,0.0,177.9600067138672,0.0,178.3300018310547,177.5399932861328,177.83999633789062,0.0,8385400
2023-10-17,0.0,178.2899932861328,0.0,179.1300048828125,177.97999572753906,178.3699951171875,0.0,8231900
2023-10-18,0.0,180.8699951171875,0.0,182.02000427246094,179.75,180.88999938964844,0.0,13920800
2023-10-19,0.0,183.08999633789062,0.0,183.42999267578125,180.82000732421875,181.0399932861328,0.0,13406600
2023-10-20,0.0,183.58999633789062,0.0,185.22999572753906,183.08999633789062,183.42999267578125,0.0,12785700
2023-10-23,0.0,182.97000122070312,0.0,183.55999755859375,182.7100067138672,183.50999450683594,0.0,9479800
2023-10-24,0.0,182.9499969482422,0.0,183.39999389648438,181.67999267578125,182.07000732421875,0.0,6594000
2023-10-25,0.0,183.72000122070312,0.0,184.3000030517578,182.0399932861328,183.4199981689453,0.0,10087000
2023-10-26,0.0,184.00999450683594,0.0,184.49000549316406,182.8699951171875,183.39999389648438,0.0,7671400
2023-10-27,0.0,186.14999389648438,0.0,186.36000061035156,183.47000122070312,183.75999450683594,0.0,14102800
2023-10-30,0.0,185.10000610351562,0.0,185.6999969482422,184.72999572753906,185.5399932861328,0.0,8756400
2023-10-31,0.0,184.08999633789062,0.0,186.2100067138672,183.5,185.0800018310547,0.0,10104600
2023-11-01,0.0,183.50999450683594,0.0,185.0,182.6699981689453,183.91000366210938,0.0,9048600
2023-11-02,0.0,184.1199951171875,0.0,184.27999877929688,183.5,184.1300048828125,0.0,7343700
2023-11-03,0.0,184.7899932861328,0.0,185.47000122070312,184.35000610351562,184.47999572753906,0.0,8530400
2023-11-06,0.0,183.35000610351562,0.0,184.22999572753906,183.33999633789062,184.13999938964844,0.0,8274700
2023-11-07,0.0,182.58999633789062,0.0,182.64999389648438,181.75,182.25,0.0,6795800
2023-11-08,0.0,180.77000427246094,0.0,182.07000732421875,180.57000732421875,182.00999450683594,0.0,6738300
2023-11-09,0.0,181.49000549316406,0.0,182.27999877929688,180.88999938964844,180.97999572753906,0.0,6486300
2023-11-10,0.0,179.50999450683594,0.0,180.58999633789062,179.25,180.50999450683594,0.0,7606600
2023-11-13,0.0,180.50999450683594,0.0,180.72999572753906,179.11000061035156,179.39999389648438,0.0,5385900
2023-11-14,0.0,182.1199951171875,0.0,182.75,181.6199951171875,181.6999969482422,0.0,6831600
2023-11-15,0.0,181.63999938964844,0.0,182.17999267578125,181.30999755859375,182.02999877929688,0.0,4909400
2023-11-16,0.0,183.69000244140625,0.0,184.32000732421875,182.8000030517578,182.85000610351562,0.0,8253300
2023-11-17,0.0,183.6699981689453,0.0,184.1300048828125,183.4499969482422,183.9600067138672,0.0,4871100
2023-11-20,0.0,183.3699951171875,0.0,183.47999572753906,182.22999572753906,182.32000732421875,0.0,5389300
2023-11-21,0.0,185.35000610351562,0.0,186.1199951171875,185.07000732421875,185.57000732421875,0.0,7322400
2023-11-22,0.0,184.55999755859375,0.0,185.72000122070312,184.27000427246094,185.47000122070312,0.0,4337700
2023-11-24,0.0,185.52000427246094,0.0,185.75,185.16000366210938,185.47000122070312,0.0,2445100
2023-11-27,0.0,186.77000427246094,0.0,186.8000030517578,185.92999267578125,186.55999755859375,0.0,6320400
2023-11-28,0.0,189.25999450683594,0.0,189.39999389648438,187.52000427246094,187.89999389648438,0.0,10901900
2023-11-29,0.0,189.5399932861328,0.0,189.99000549316406,189.02000427246094,189.16000366210938,0.0,8407300
2023-11-30,0.0,188.75,0.0,189.24000549316406,188.27999877929688,188.88999938964844,0.0,7558100
2023-12-01,0.0,192.00999450683594,0.0,192.39999389648438,188.69000244140625,188.80999755859375,0.0,16727600
2023-12-04,0.0,187.86000061035156,0.0,190.3800048828125,187.25999450683594,189.60000610351562,0.0,18460500
2023-12-05,0.0,187.14999389648438,0.0,187.8800048828125,186.3000030517578,187.5500030517578,0.0,7027700
2023-12-06,0.0,187.83999633789062,0.0,188.4600067138672,187.5,188.32000732421875,0.0,5778600
2023-12-07,0.0,188.14999389648438,0.0,188.58999633789062,187.25999450683594,188.4499969482422,0.0,5802000
2023-12-08,0.0,185.63999938964844,0.0,186.77999877929688,184.89999389648438,185.92999267578125,0.0,7883200
2023-12-11,0.0,183.58999633789062,0.0,184.52999877929688,183.14999389648438,184.5,0.0,8519500
2023-12-12,0.0,183.49000549316406,0.0,183.97999572753906,183.25999450683594,183.83999633789062,0.0,5056900
2023-12-13,0.0,187.6300048828125,0.0,187.66000366210938,183.3800048828125,183.82000732421875,0.0,10635500
2023-12-14,0.0,188.72999572753906,0.0,189.82000732421875,188.0800018310547,188.86000061035156,0.0,9107200
2023-12-15,0.0,187.0,0.0,188.9600067138672,186.82000732421875,188.52000427246094,0.0,8324800
2023-12-18,0.0,187.85000610351562,0.0,188.49000549316406,187.24000549316406,187.5,0.0,5358000
2023-12-19,0.0,189.1300048828125,0.0,189.72000122070312,188.1300048828125,188.22999572753906,0.0,6025600
2023-12-20,0.0,188.10000610351562,0.0,188.9600067138672,188.08999633789062,188.69000244140625,0.0,6002400
2023-12-21,0.0,189.42999267578125,0.0,189.6199951171875,188.75,189.2100067138672,0.0,4620000
2023-12-22,0.0,190.27000427246094,0.0,191.8800048828125,190.07000732421875,191.60000610351562,0.0,7176300
2023-12-26,0.0,191.72000122070312,0.0,191.74000549316406,190.39999389648438,190.97000122070312,0.0,4502700
2023-12-27,0.0,192.58999633789062,0.0,193.17999267578125,191.5399932861328,191.77000427246094,0.0,5813300
2023-12-28,0.0,191.47000122070312,0.0,192.88999938964844,191.44000244140625,192.33999633789062,0.0,6171500
2023-12-29,0.0,191.1699981689453,0.0,191.63999938964844,190.74000549316406,190.99000549316406,0.0,4612300
2024-01-02,0.0,190.72000122070312,0.0,191.88999938964844,190.5,191.44000244140625,0.0,6025600
2024-01-03,0.0,189.1300048828125,0.0,189.86000061035156,188.16000366210938,188.77000427246094,0.0,8661600
2024-01-04,0.0,189.32000732421875,0.0,189.75,188.69000244140625,189.0800018310547,0.0,4416700
2024-01-05,0.0,189.35000610351562,0.0,191.25999450683594,189.0800018310547,189.67999267578125,0.0,7481900
2024-01-08,0.0,187.8699951171875,0.0,188.74000549316406,187.11000061035156,187.2100067138672,0.0,6215000
2024-01-09,0.0,187.92999267578125,0.0,188.77999877929688,187.72999572753906,188.67999267578125,0.0,4437300
2024-01-10,0.0,187.5,0.0,188.44000244140625,187.2100067138672,188.13999938964844,0.0,4504700
2024-01-11,0.0,187.8699951171875,0.0,188.5500030517578,186.55999755859375,188.02000427246094,0.0,6831100
2024-01-12,0.0,189.7100067138672,0.0,191.0800018310547,189.16000366210938,190.6699981689453,0.0,6833700
2024-01-16,0.0,187.91000366210938,0.0,189.25999450683594,187.5399932861328,189.14999389648438,0.0,6548100
2024-01-17,0.0,185.83999633789062,0.0,187.4199981689453,185.4499969482422,187.30999755859375,0.0,8643200
2024-01-18,0.0,187.3699951171875,0.0,187.39999389648438,186.3000030517578,186.36000061035156,0.0,4685200
2024-01-19,0.0,187.92999267578125,0.0,188.3000030517578,187.44000244140625,188.25999450683594,0.0,5719700
2024-01-22,0.0,187.22000122070312,0.0,187.75999450683594,186.85000610351562,187.22999572753906,0.0,4397500
2024-01-23,0.0,187.9499969482422,0.0,188.14999389648438,187.27999877929688,187.4499969482422,0.0,5040800
2024-01-24,0.0,186.39999389648438,0.0,188.3699951171875,186.32000732421875,188.3300018310547,0.0,6085400
2024-01-25,0.0,187.13999938964844,0.0,187.63999938964844,186.4600067138672,187.33999633789062,0.0,4651000
2024-01-26,0.0,187.00999450683594,0.0,187.3800048828125,186.75999450683594,187.27000427246094,0.0,5064800
2024-01-29,0.0,188.3300018310547,0.0,188.5399932861328,187.19000244140625,188.30999755859375,0.0,5629700
2024-01-30,0.0,188.58999633789062,0.0,189.8300018310547,187.97999572753906,189.6999969482422,0.0,4976500
2024-01-31,0.0,188.4499969482422,0.0,190.4600067138672,188.1300048828125,189.3699951171875,0.0,7886100
2024-02-01,0.0,190.41000366210938,0.0,191.36000061035156,188.99000549316406,189.7100067138672,0.0,10278100
2024-02-02,0.0,188.61000061035156,0.0,188.8699951171875,187.85000610351562,188.07000732421875,0.0,7337600
2024-02-05,0.0,187.57000732421875,0.0,187.82000732421875,186.6999969482422,186.8800048828125,0.0,5436100
2024-02-06,0.0,188.5500030517578,0.0,188.85000610351562,187.74000549316406,187.94000244140625,0.0,4866100
2024-02-07,0.0,188.5,0.0,189.38999938964844,188.27999877929688,188.4499969482422,0.0,6276900
2024-02-08,0.0,188.3300018310547,0.0,188.52999877929688,187.82000732421875,187.91000366210938,0.0,3873300
2024-02-09,0.0,187.60000610351562,0.0,187.77000427246094,187.13999938964844,187.55999755859375,0.0,4412600
2024-02-12,0.0,187.11000061035156,0.0,187.27000427246094,186.36000061035156,186.60000610351562,0.0,4706300
2024-02-13,0.0,184.52999877929688,0.0,185.3800048828125,184.3300018310547,185.35000610351562,0.0,9525800
2024-02-14,0.0,184.4199981689453,0.0,184.8800048828125,183.77999877929688,184.27000427246094,0.0,7031600
2024-02-15,0.0,185.66000366210938,0.0,186.02000427246094,185.10000610351562,185.60000610351562,0.0,6228900
2024-02-16,0.0,186.33999633789062,0.0,186.6699981689453,184.83999633789062,185.0800018310547,0.0,6518500
2024-02-20,0.0,187.47000122070312,0.0,188.02999877929688,187.39999389648438,187.9600067138672,0.0,5531200
2024-02-21,0.0,187.47999572753906,0.0,188.0399932861328,187.10000610351562,187.8800048828125,0.0,5789200
2024-02-22,0.0,187.55999755859375,0.0,187.63999938964844,187.0500030517578,187.55999755859375,0.0,4550800
2024-02-23,0.0,188.6199951171875,0.0,189.17999267578125,187.4600067138672,187.55999755859375,0.0,6827300
2024-02-26,0.0,188.1999969482422,0.0,188.36000061035156,187.52999877929688,187.7899932861328,0.0,4491900
2024-02-27,0.0,188.0,0.0,188.72000122070312,187.8800048828125,188.5800018310547,0.0,5165400
2024-02-28,0.0,188.33999633789062,0.0,188.52000427246094,188.02999877929688,188.33999633789062,0.0,2824100
2024-02-29,0.0,189.30999755859375,0.0,189.9199981689453,189.22999572753906,189.63999938964844,0.0,6848600
2024-03-01,0.0,192.88999938964844,0.0,193.39999389648438,189.44000244140625,190.27000427246094,0.0,13411000
2024-03-04,0.0,196.00999450683594,0.0,196.3300018310547,193.8800048828125,194.14999389648438,0.0,12216300
2024-03-05,0.0,197.19000244140625,0.0,198.13999938964844,196.64999389648438,197.44000244140625,0.0,9672200
2024-03-06,0.0,198.80999755859375,0.0,199.3000030517578,197.44000244140625,198.0800018310547,0.0,10459300
2024-03-07,0.0,199.94000244140625,0.0,200.11000061035156,198.91000366210938,199.5399932861328,0.0,8403700
2024-03-08,0.0,201.6300048828125,0.0,203.3000030517578,200.4499969482422,200.88999938964844,0.0,13540100
2024-03-11,0.0,202.0,0.0,202.41000366210938,201.4600067138672,201.7100067138672,0.0,7329600
2024-03-12,0.0,199.7899932861328,0.0,200.6300048828125,199.16000366210938,200.4199981689453,0.0,9436600
2024-03-13,0.0,201.19000244140625,0.0,201.86000061035156,200.35000610351562,200.44000244140625,0.0,5930000
2024-03-14,0.0,200.35000610351562,0.0,200.47000122070312,199.33999633789062,200.3699951171875,0.0,6865000
2024-03-15,0.0,199.7100067138672,0.0,200.6300048828125,199.57000732421875,199.94000244140625,0.0,4556700
2024-03-18,0.0,200.02999877929688,0.0,200.14999389648438,199.50999450683594,199.66000366210938,0.0,7206800
2024-03-19,0.0,199.8000030517578,0.0,199.80999755859375,198.94000244140625,199.6199951171875,0.0,4657500
2024-03-20,0.0,202.17999267578125,0.0,202.66000366210938,199.1199951171875,199.16000366210938,0.0,9593800
2024-03-21,0.0,201.97000122070312,0.0,203.9199981689453,200.60000610351562,203.8800048828125,0.0,7396500
2024-03-22,0.0,200.35000610351562,0.0,201.86000061035156,199.72000122070312,201.32000732421875,0.0,6918500
2024-03-25,0.0,200.99000549316406,0.0,201.9499969482422,200.97000122070312,201.19000244140625,0.0,4034800
2024-03-26,0.0,201.63999938964844,0.0,202.75999450683594,201.07000732421875,202.64999389648438,0.0,5752700
2024-03-27,0.0,203.10000610351562,0.0,203.22000122070312,202.32000732421875,202.32000732421875,0.0,6041000
2024-03-28,0.0,205.72000122070312,0.0,206.0500030517578,203.8699951171875,204.5399932861328,0.0,9194500
2024-04-01,0.0,207.82000732421875,0.0,208.72999572753906,206.2899932861328,208.67999267578125,0.0,13677100
2024-04-02,0.0,210.88999938964844,0.0,211.02999877929688,208.36000061035156,209.07000732421875,0.0,13421100
2024-04-03,0.0,212.74000549316406,0.0,212.8300018310547,210.3000030517578,210.57000732421875,0.0,11416200
2024-04-04,0.0,211.52000427246094,0.0,213.4499969482422,211.02000427246094,212.0,0.0,12307300
2024-04-05,0.0,215.13999938964844,0.0,215.74000549316406,212.22000122070312,212.49000549316406,0.0,13382700
2024-04-08,0.0,216.47999572753906,0.0,216.80999755859375,214.61000061035156,215.97999572753906,0.0,10331400
2024-04-09,0.0,217.6699981689453,0.0,218.86000061035156,216.4499969482422,217.80999755859375,0.0,13069900
2024-04-10,0.0,215.61000061035156,0.0,217.77999877929688,214.67999267578125,215.3699951171875,0.0,13317500
2024-04-11,0.0,219.8000030517578,0.0,219.83999633789062,215.88999938964844,216.85000610351562,0.0,11415200
2024-04-12,0.0,216.88999938964844,0.0,225.08999633789062,216.02000427246094,221.8699951171875,0.0,30898800
2024-04-15,0.0,220.9499969482422,0.0,221.02999877929688,215.16000366210938,217.94000244140625,0.0,13239000
2024-04-16,0.0,221.22000122070312,0.0,221.99000549316406,218.77999877929688,220.17999267578125,0.0,10746100
2024-04-17,0.0,219.58999633789062,0.0,221.75999450683594,218.52000427246094,221.0500030517578,0.0,11521100
2024-04-18,0.0,220.33999633789062,0.0,221.4600067138672,219.30999755859375,221.30999755859375,0.0,6496900
2024-04-19,0.0,221.02999877929688,0.0,222.36000061035156,220.0800018310547,220.49000549316406,0.0,8689000
2024-04-22,0.0,215.57000732421875,0.0,216.9600067138672,215.13999938964844,216.35000610351562,0.0,13404300
2024-04-23,0.0,215.0399932861328,0.0,215.86000061035156,213.8699951171875,213.9600067138672,0.0,10730300
2024-04-24,0.0,214.63999938964844,0.0,216.35000610351562,214.36000061035156,214.75999450683594,0.0,5741100
2024-04-25,0.0,215.9199981689453,0.0,217.0500030517578,214.33999633789062,214.47000122070312,0.0,6606500
2024-04-26,0.0,216.6199951171875,0.0,217.07000732421875,215.52999877929688,216.77000427246094,0.0,6268500
2024-04-29,0.0,216.17999267578125,0.0,217.22000122070312,215.25,216.02000427246094,0.0,6409900
2024-04-30,0.0,211.8699951171875,0.0,214.1300048828125,211.8000030517578,213.3800048828125,0.0,11248600
2024-05-01,0.0,213.7899932861328,0.0,215.5,212.41000366210938,212.9600067138672,0.0,10373900
2024-05-02,0.0,213.1300048828125,0.0,213.7100067138672,211.49000549316406,211.89999389648438,0.0,6287000
2024-05-03,0.0,212.9600067138672,0.0,213.22999572753906,210.7100067138672,212.88999938964844,0.0,8679900
2024-05-06,0.0,215.1999969482422,0.0,215.91000366210938,214.47000122070312,215.13999938964844,0.0,6840500
2024-05-07,0.0,214.2100067138672,0.0,214.92999267578125,213.8800048828125,214.52000427246094,0.0,5660700
2024-05-08,0.0,213.5800018310547,0.0,214.8000030517578,213.5,213.6199951171875,0.0,4462700
2024-05-09,0.0,216.9499969482422,0.0,216.9499969482422,214.44000244140625,214.47999572753906,0.0,7732500
2024-05-10,0.0,218.7100067138672,0.0,219.60000610351562,218.0800018310547,219.22000122070312,0.0,8700900
2024-05-13,0.0,216.25999450683594,0.0,217.30999755859375,215.8000030517578,217.05999755859375,0.0,4896300
2024-05-14,0.0,218.08999633789062,0.0,218.3800048828125,216.97999572753906,217.30999755859375,0.0,4662700
2024-05-15,0.0,220.88999938964844,0.0,221.19000244140625,217.64999389648438,219.05999755859375,0.0,9297700
2024-05-16,0.0,220.02999877929688,0.0,220.58999633789062,219.41000366210938,220.13999938964844,0.0,4301700
2024-05-17,0.0,223.66000366210938,0.0,223.85000610351562,221.6699981689453,222.17999267578125,0.0,10481900
2024-05-20,0.0,224.55999755859375,0.0,225.66000366210938,223.02000427246094,223.7899932861328,0.0,5990900
2024-05-21,0.0,224.22999572753906,0.0,225.2100067138672,223.6999969482422,224.77000427246094,0.0,4002600
2024-05-22,0.0,220.11000061035156,0.0,223.24000549316406,219.74000549316406,223.08999633789062,0.0,8903100
2024-05-23,0.0,215.72000122070312,0.0,219.22999572753906,215.66000366210938,218.77999877929688,0.0,9537900
2024-05-24,0.0,215.9199981689453,0.0,217.2100067138672,215.74000549316406,216.9600067138672,0.0,4212400
2024-05-28,0.0,218.19000244140625,0.0,218.58999633789062,217.2100067138672,218.42999267578125,0.0,3809700
2024-05-29,0.0,216.16000366210938,0.0,217.16000366210938,216.1199951171875,216.9199981689453,0.0,4185000
2024-05-30,0.0,216.57000732421875,0.0,217.50999450683594,216.41000366210938,216.69000244140625,0.0,3068800
2024-05-31,0.0,215.3000030517578,0.0,217.9600067138672,214.64999389648438,217.77000427246094,0.0,5617200
2024-06-03,0.0,217.22000122070312,0.0,217.82000732421875,215.5399932861328,215.9199981689453,0.0,6172600
2024-06-04,0.0,215.27000427246094,0.0,216.24000549316406,214.1999969482422,216.24000549316406,0.0,5509400
2024-06-05,0.0,217.82000732421875,0.0,218.0800018310547,215.92999267578125,216.69000244140625,0.0,5479200
2024-06-06,0.0,219.42999267578125,0.0,219.97000122070312,218.10000610351562,218.36000061035156,0.0,5283900
2024-06-07,0.0,211.60000610351562,0.0,215.19000244140625,211.5399932861328,215.07000732421875,0.0,12195100
2024-06-10,0.0,213.5399932861328,0.0,214.02000427246094,212.75999450683594,213.1300048828125,0.0,4215300
2024-06-11,0.0,214.14999389648438,0.0,214.3800048828125,213.24000549316406,213.9499969482422,0.0,4004100
2024-06-12,0.0,214.72000122070312,0.0,216.5500030517578,214.1999969482422,216.47000122070312,0.0,5911900
2024-06-13,0.0,212.97000122070312,0.0,214.9600067138672,212.25999450683594,214.44000244140625,0.0,5861100
2024-06-14,0.0,215.72999572753906,0.0,216.0399932861328,214.97999572753906,215.33999633789062,0.0,7076500
2024-06-17,0.0,214.61000061035156,0.0,215.24000549316406,213.60000610351562,214.89999389648438,0.0,3877700
2024-06-18,0.0,215.47000122070312,0.0,215.8300018310547,214.0399932861328,214.3800048828125,0.0,4921400
2024-06-20,0.0,218.16000366210938,0.0,218.74000549316406,216.14999389648438,216.32000732421875,0.0,7290500
2024-06-21,0.0,214.77999877929688,0.0,217.89999389648438,214.25999450683594,217.8300018310547,0.0,8865600
2024-06-24,0.0,215.6300048828125,0.0,215.94000244140625,215.1999969482422,215.5500030517578,0.0,4626900
2024-06-25,0.0,214.55999755859375,0.0,215.30999755859375,214.1199951171875,214.9600067138672,0.0,3820900
2024-06-26,0.0,212.5800018310547,0.0,213.11000061035156,212.1199951171875,212.38999938964844,0.0,4690300
2024-06-27,0.0,214.99000549316406,0.0,215.5,214.4499969482422,214.7100067138672,0.0,4977800
2024-06-28,0.0,215.00999450683594,0.0,215.80999755859375,214.82000732421875,215.63999938964844,0.0,3955100
2024-07-01,0.0,215.57000732421875,0.0,216.0,214.49000549316406,215.25,0.0,3797900
2024-07-02,0.0,215.55999755859375,0.0,216.0800018310547,214.6199951171875,215.3300018310547,0.0,4921700
2024-07-03,0.0,217.99000549316406,0.0,218.74000549316406,217.3300018310547,217.33999633789062,0.0,5055300
2024-07-05,0.0,220.92999267578125,0.0,221.27999877929688,219.5800018310547,219.5800018310547,0.0,5950600
2024-07-08,0.0,218.19000244140625,0.0,220.0399932861328,217.41000366210938,219.63999938964844,0.0,5790800
2024-07-09,0.0,218.55999755859375,0.0,219.2899932861328,217.27000427246094,218.57000732421875,0.0,3901500
2024-07-10,0.0,219.36000061035156,0.0,220.7100067138672,219.16000366210938,220.13999938964844,0.0,5556200
2024-07-11,0.0,223.25,0.0,224.14999389648438,221.47999572753906,222.64999389648438,0.0,9322000
2024-07-12,0.0,223.11000061035156,0.0,223.6199951171875,221.86000061035156,222.02999877929688,0.0,5179300
2024-07-15,0.0,223.8300018310547,0.0,225.58999633789062,223.02000427246094,223.38999938964844,0.0,5719300
2024-07-16,0.0,228.2899932861328,0.0,228.2899932861328,225.3000030517578,225.4499969482422,0.0,11070700
2024-07-17,0.0,227.22999572753906,0.0,229.64999389648438,226.6699981689453,228.7899932861328,0.0,8620500
2024-07-18,0.0,225.77999877929688,0.0,228.32000732421875,225.57000732421875,227.7100067138672,0.0,5485500
2024-07-19,0.0,221.72999572753906,0.0,222.67999267578125,221.41000366210938,221.52000427246094,0.0,8666000
2024-07-22,0.0,221.8000030517578,0.0,221.9199981689453,220.39999389648438,221.5800018310547,0.0,5334100
2024-07-23,0.0,222.5800018310547,0.0,222.75,221.86000061035156,222.33999633789062,0.0,4435700
2024-07-24,0.0,221.8000030517578,0.0,224.8800048828125,221.74000549316406,223.47000122070312,0.0,6838800
2024-07-25,0.0,218.3300018310547,0.0,219.25999450683594,217.52000427246094,219.02000427246094,0.0,9777100
2024-07-26,0.0,220.6300048828125,0.0,221.0399932861328,219.6999969482422,219.9600067138672,0.0,6328800
2024-07-29,0.0,220.32000732421875,0.0,221.5500030517578,219.0500030517578,221.25999450683594,0.0,4665100
2024-07-30,0.0,222.52000427246094,0.0,222.9199981689453,220.36000061035156,221.41000366210938,0.0,4939500
2024-07-31,0.0,226.5500030517578,0.0,226.60000610351562,223.63999938964844,223.72999572753906,0.0,7316600
2024-08-01,0.0,225.77000427246094,0.0,227.57000732421875,225.0500030517578,226.74000549316406,0.0,7217200
2024-08-02,0.0,225.33999633789062,0.0,228.75999450683594,222.8699951171875,227.9499969482422,0.0,11109400
2024-08-05,0.0,222.47999572753906,0.0,223.10000610351562,220.24000549316406,220.55999755859375,0.0,8939000
2024-08-06,0.0,220.6999969482422,0.0,222.13999938964844,220.11000061035156,221.5,0.0,14362300
2024-08-07,0.0,220.5500030517578,0.0,222.30999755859375,220.35000610351562,221.94000244140625,0.0,5287800
2024-08-08,0.0,224.00999450683594,0.0,224.25,222.52000427246094,222.72999572753906,0.0,6327100
2024-08-09,0.0,224.55999755859375,0.0,225.27999877929688,223.82000732421875,224.82000732421875,0.0,4441000
2024-08-12,0.0,228.41000366210938,0.0,228.5399932861328,225.97000122070312,226.13999938964844,0.0,5561300
2024-08-13,0.0,228.05999755859375,0.0,228.8699951171875,227.58999633789062,228.07000732421875,0.0,6740200
2024-08-14,0.0,226.1999969482422,0.0,227.47999572753906,225.35000610351562,226.5500030517578,0.0,5462500
2024-08-15,0.0,226.91000366210938,0.0,227.5,225.1199951171875,226.50999450683594,0.0,5273300
2024-08-16,0.0,231.99000549316406,0.0,232.02000427246094,229.00999450683594,229.99000549316406,0.0,11924500
2024-08-19,0.0,231.61000061035156,0.0,231.77999877929688,229.74000549316406,230.14999389648438,0.0,5164800
2024-08-20,0.0,232.4600067138672,0.0,234.00999450683594,231.1300048828125,233.7100067138672,0.0,9073600
2024-08-21,0.0,232.14999389648438,0.0,232.8699951171875,230.47999572753906,231.69000244140625,0.0,5337400
2024-08-22,0.0,229.3699951171875,0.0,230.3800048828125,228.25999450683594,230.35000610351562,0.0,5765400
2024-08-23,0.0,232.02000427246094,0.0,232.72999572753906,230.52000427246094,231.0399932861328,0.0,5418200
2024-08-26,0.0,232.75999450683594,0.0,233.5,232.05999755859375,233.4499969482422,0.0,3151400
2024-08-27,0.0,233.38999938964844,0.0,233.47000122070312,231.57000732421875,231.69000244140625,0.0,4435600
2024-08-28,0.0,231.75,0.0,232.02000427246094,230.72999572753906,232.0,0.0,4961500
2024-08-29,0.0,232.9499969482422,0.0,233.61000061035156,231.9199981689453,231.9499969482422,0.0,5524200
2024-08-30,0.0,231.2899932861328,0.0,232.86000061035156,230.5500030517578,232.52999877929688,0.0,5743000
2024-09-03,0.0,230.2899932861328,0.0,230.5399932861328,228.52000427246094,230.3800048828125,0.0,6417900
2024-09-04,0.0,230.42999267578125,0.0,231.05999755859375,229.3800048828125,229.7899932861328,0.0,4696000
2024-09-05,0.0,232.35000610351562,0.0,232.88999938964844,231.3300018310547,232.72000122070312,0.0,4838100
2024-09-06,0.0,230.6300048828125,0.0,232.75999450683594,229.6199951171875,231.8300018310547,0.0,6315800
2024-09-09,0.0,231.60000610351562,0.0,231.6199951171875,230.38999938964844,231.25999450683594,0.0,3548800
2024-09-10,0.0,232.6199951171875,0.0,232.74000549316406,231.1199951171875,232.38999938964844,0.0,4378300
2024-09-11,0.0,232.25,0.0,232.8699951171875,231.08999633789062,231.72000122070312,0.0,4637300
2024-09-12,0.0,236.3300018310547,0.0,236.4499969482422,234.4199981689453,234.6300048828125,0.0,9930200
2024-09-13,0.0,238.67999267578125,0.0,238.97999572753906,237.75999450683594,238.1300048828125,0.0,7455100
2024-09-16,0.0,238.66000366210938,0.0,239.27999877929688,238.0500030517578,238.72999572753906,0.0,4713500
2024-09-17,0.0,237.33999633789062,0.0,238.60000610351562,236.61000061035156,238.0800018310547,0.0,5257100
2024-09-18,0.0,235.50999450683594,0.0,240.2899932861328,235.3000030517578,238.19000244140625,0.0,11081100
2024-09-19,0.0,239.1699981689453,0.0,239.52000427246094,237.38999938964844,238.24000549316406,0.0,6108200
2024-09-20,0.0,242.2100067138672,0.0,242.6300048828125,240.47000122070312,241.11000061035156,0.0,7737400
2024-09-23,0.0,242.67999267578125,0.0,243.4600067138672,242.58999633789062,242.97000122070312,0.0,5426200
2024-09-24,0.0,246.07000732421875,0.0,246.19000244140625,243.14999389648438,243.38999938964844,0.0,8386300
2024-09-25,0.0,245.72999572753906,0.0,246.47000122070312,244.7899932861328,246.19000244140625,0.0,7393400
2024-09-26,0.0,246.97999572753906,0.0,247.3699951171875,245.19000244140625,246.44000244140625,0.0,7041100
2024-09-27,0.0,245.02000427246094,0.0,246.75,244.19000244140625,246.30999755859375,0.0,8329600
2024-09-30,0.0,243.05999755859375,0.0,244.0800018310547,242.5,243.97000122070312,0.0,6916700
2024-10-01,0.0,245.61000061035156,0.0,246.97999572753906,245.05999755859375,245.1999969482422,0.0,10605500
2024-10-02,0.0,245.66000366210938,0.0,246.07000732421875,243.99000549316406,245.61000061035156,0.0,6798800
2024-10-03,0.0,245.49000549316406,0.0,245.91000366210938,243.69000244140625,244.72000122070312,0.0,5674500
2024-10-04,0.0,245.0,0.0,246.69000244140625,244.0500030517578,245.0,0.0,5947800
2024-10-07,0.0,244.1699981689453,0.0,244.82000732421875,243.80999755859375,244.5800018310547,0.0,3849000
2024-10-08,0.0,242.3699951171875,0.0,244.0399932861328,240.6300048828125,243.7899932861328,0.0,7669800
2024-10-09,0.0,241.0500030517578,0.0,241.83999633789062,240.63999938964844,241.16000366210938,0.0,4120500
2024-10-10,0.0,242.82000732421875,0.0,243.02000427246094,241.50999450683594,241.77000427246094,0.0,4792700
2024-10-11,0.0,245.47000122070312,0.0,245.9199981689453,244.47000122070312,244.5,0.0,5789500
2024-10-14,0.0,245.07000732421875,0.0,245.86000061035156,244.25999450683594,245.16000366210938,0.0,3922900
2024-10-15,0.0,245.9199981689453,0.0,246.5500030517578,244.52999877929688,244.99000549316406,0.0,5640800
2024-10-16,0.0,247.14999389648438,0.0,248.08999633789062,246.36000061035156,247.6199951171875,0.0,5431900
2024-10-17,0.0,248.6300048828125,0.0,249.05999755859375,247.6199951171875,247.75,0.0,5176200
2024-10-18,0.0,251.27000427246094,0.0,251.3699951171875,249.89999389648438,250.0,0.0,7833600
2024-10-21,0.0,251.22000122070312,0.0,253.13999938964844,250.72999572753906,252.74000549316406,0.0,9258600
2024-10-22,0.0,253.92999267578125,0.0,253.94000244140625,252.52000427246094,253.05999755859375,0.0,5756300
2024-10-23,0.0,250.8699951171875,0.0,253.17999267578125,250.1999969482422,253.0800018310547,0.0,8081000
2024-10-24,0.0,252.8000030517578,0.0,253.32000732421875,251.39999389648438,253.27000427246094,0.0,5962200
2024-10-25,0.0,253.32000732421875,0.0,253.5500030517578,251.77000427246094,252.0,0.0,4424500
2024-10-28,0.0,253.3300018310547,0.0,253.6300048828125,252.9499969482422,253.00999450683594,0.0,4029100
2024-10-29,0.0,256.0899963378906,0.0,256.2900085449219,254.22999572753906,254.49000549316406,0.0,8875500
2024-10-30,0.0,257.5,0.0,257.7099914550781,255.91000366210938,256.760009765625,0.0,6386200
2024-10-31,0.0,253.50999450683594,0.0,255.60000610351562,252.1999969482422,255.52000427246094,0.0,9930800
2024-11-01,0.0,252.47000122070312,0.0,254.86000061035156,252.44000244140625,254.3300018310547,0.0,6473000
2024-11-04,0.0,252.8300018310547,0.0,253.5800018310547,252.27000427246094,253.32000732421875,0.0,4581400
2024-11-05,0.0,253.39999389648438,0.0,253.99000549316406,252.41000366210938,253.77999877929688,0.0,6029900
2024-11-06,0.0,245.6999969482422,0.0,247.35000610351562,244.9499969482422,245.63999938964844,0.0,14600200
2024-11-07,0.0,249.64999389648438,0.0,250.24000549316406,248.1199951171875,248.2899932861328,0.0,8821400
2024-11-08,0.0,247.9600067138672,0.0,249.35000610351562,247.77999877929688,249.07000732421875,0.0,6267900
2024-11-11,0.0,242.13999938964844,0.0,242.72999572753906,241.05999755859375,242.72999572753906,0.0,11653800
2024-11-12,0.0,240.0500030517578,0.0,241.66000366210938,239.38999938964844,241.2899932861328,0.0,10145500
2024-11-13,0.0,237.6300048828125,0.0,241.47000122070312,237.58999633789062,241.30999755859375,0.0,8431700
2024-11-14,0.0,237.00999450683594,0.0,237.99000549316406,236.1300048828125,236.57000732421875,0.0,8262400
2024-11-15,0.0,236.58999633789062,0.0,237.8800048828125,236.3300018310547,237.57000732421875,0.0,7299500
2024-11-18,0.0,241.08999633789062,0.0,241.5,240.4499969482422,240.4600067138672,0.0,6323400
2024-11-19,0.0,243.25,0.0,243.30999755859375,242.02999877929688,242.75,0.0,6579100
2024-11-20,0.0,244.6199951171875,0.0,245.2100067138672,243.50999450683594,243.74000549316406,0.0,6630700
2024-11-21,0.0,246.66000366210938,0.0,246.80999755859375,245.69000244140625,246.22999572753906,0.0,7646400
2024-11-22,0.0,249.83999633789062,0.0,250.38999938964844,247.86000061035156,248.1999969482422,0.0,7503000
2024-11-25,0.0,242.47999572753906,0.0,244.39999389648438,241.47999572753906,244.27000427246094,0.0,10733100
2024-11-26,0.0,242.9499969482422,0.0,243.08999633789062,241.5800018310547,242.7100067138672,0.0,4945900
2024-11-27,0.0,243.49000549316406,0.0,245.17999267578125,243.1999969482422,244.85000610351562,0.0,6930600
2024-11-29,0.0,245.58999633789062,0.0,245.80999755859375,244.72999572753906,245.25,0.0,2708500
2024-12-02,0.0,243.44000244140625,0.0,244.5800018310547,243.13999938964844,244.4600067138672,0.0,4765000
2024-12-03,0.0,243.92999267578125,0.0,245.17999267578125,243.3000030517578,244.9600067138672,0.0,3557800
2024-12-04,0.0,244.6699981689453,0.0,245.33999633789062,244.3699951171875,244.92999267578125,0.0,4608600
2024-12-05,0.0,242.86000061035156,0.0,244.3800048828125,242.14999389648438,244.16000366210938,0.0,4806200
2024-12-06,0.0,242.9499969482422,0.0,243.86000061035156,242.44000244140625,242.7899932861328,0.0,3540700
2024-12-09,0.0,245.36000061035156,0.0,247.11000061035156,245.25999450683594,246.27999877929688,0.0,4711500
2024-12-10,0.0,248.58999633789062,0.0,248.86000061035156,247.8300018310547,247.86000061035156,0.0,4642000
2024-12-11,0.0,250.9600067138672,0.0,251.25999450683594,248.97000122070312,249.35000610351562,0.0,11033800
2024-12-12,0.0,247.27999877929688,0.0,248.24000549316406,246.8699951171875,247.80999755859375,0.0,10149600
2024-12-13,0.0,244.2899932861328,0.0,245.94000244140625,244.27000427246094,245.6699981689453,0.0,6602600
2024-12-16,0.0,244.8800048828125,0.0,245.5399932861328,244.2899932861328,245.41000366210938,0.0,3310000
2024-12-17,0.0,243.94000244140625,0.0,244.5500030517578,243.22999572753906,243.8000030517578,0.0,4421300
2024-12-18,0.0,239.25999450683594,0.0,243.7100067138672,238.82000732421875,243.57000732421875,0.0,8015800
2024-12-19,0.0,239.60000610351562,0.0,240.0500030517578,238.72999572753906,239.6699981689453,0.0,8111400
2024-12-20,0.0,242.10000610351562,0.0,242.9600067138672,241.1699981689453,241.41000366210938,0.0,9527800
2024-12-23,0.0,240.9600067138672,0.0,241.6699981689453,240.64999389648438,241.60000610351562,0.0,5835500
2024-12-24,0.0,241.44000244140625,0.0,241.66000366210938,240.82000732421875,241.49000549316406,0.0,2421000
2024-12-26,0.0,243.07000732421875,0.0,243.55999755859375,242.1999969482422,242.38999938964844,0.0,4645100
2024-12-27,0.0,241.39999389648438,0.0,241.9499969482422,241.0500030517578,241.1999969482422,0.0,4728100
2024-12-30,0.0,240.6300048828125,0.0,241.0800018310547,239.5800018310547,241.0800018310547,0.0,3522500
2024-12-31,0.0,242.1300048828125,0.0,242.52000427246094,241.0500030517578,241.0500030517578,0.0,2522100
2025-01-02,0.0,245.4199981689453,0.0,245.52999877929688,244.0800018310547,244.22000122070312,0.0,6241900
2025-01-03,0.0,243.49000549316406,0.0,244.82000732421875,243.36000061035156,244.55999755859375,0.0,4872100
2025-01-06,0.0,243.19000244140625,0.0,243.7899932861328,242.0500030517578,242.3300018310547,0.0,3758900
2025-01-07,0.0,244.55999755859375,0.0,245.77000427246094,243.80999755859375,245.52000427246094,0.0,5090300
2025-01-08,0.0,245.86000061035156,0.0,246.4499969482422,244.50999450683594,245.72000122070312,0.0,6303300
2025-01-10,0.0,248.2100067138672,0.0,249.0399932861328,247.5500030517578,248.00999450683594,0.0,12380100
2025-01-13,0.0,245.74000549316406,0.0,246.7899932861328,245.14999389648438,246.33999633789062,0.0,8448600
2025-01-14,0.0,247.02999877929688,0.0,247.0399932861328,245.52000427246094,245.6199951171875,0.0,4914800
2025-01-15,0.0,248.8800048828125,0.0,248.89999389648438,247.00999450683594,248.2100067138672,0.0,6345000
2025-01-16,0.0,250.60000610351562,0.0,251.38999938964844,250.27000427246094,250.55999755859375,0.0,9236000
2025-01-17,0.0,249.27000427246094,0.0,250.80999755859375,249.14999389648438,249.6999969482422,0.0,8312900
2025-01-21,0.0,253.1300048828125,0.0,253.36000061035156,251.8300018310547,251.9499969482422,0.0,7668100
2025-01-22,0.0,254.42999267578125,0.0,254.67999267578125,253.77999877929688,254.2899932861328,0.0,5213800
2025-01-23,0.0,254.07000732421875,0.0,254.5399932861328,252.82000732421875,253.19000244140625,0.0,6511500
2025-01-24,0.0,255.64999389648438,0.0,257.07000732421875,255.61000061035156,255.9600067138672,0.0,7341300
2025-01-27,0.0,252.99000549316406,0.0,254.25999450683594,251.9199981689453,253.86000061035156,0.0,5799800
2025-01-28,0.0,255.17999267578125,0.0,255.25,253.88999938964844,254.22999572753906,0.0,5332000
2025-01-29,0.0,254.1999969482422,0.0,254.82000732421875,253.3000030517578,254.5500030517578,0.0,5671800
2025-01-30,0.0,258.04998779296875,0.0,258.2900085449219,256.45001220703125,257.20001220703125,0.0,12981200
2025-01-31,0.0,258.55999755859375,0.0,259.989990234375,257.8599853515625,259.0799865722656,0.0,8961100
2025-02-03,0.0,259.94000244140625,0.0,261.3900146484375,259.5199890136719,259.75,0.0,11521100
2025-02-04,0.0,262.5,0.0,262.5400085449219,261.3500061035156,261.8299865722656,0.0,9850400
2025-02-05,0.0,264.1300048828125,0.0,265.989990234375,263.8900146484375,264.45001220703125,0.0,12681100
2025-02-06,0.0,263.42999267578125,0.0,263.7200012207031,261.489990234375,263.6600036621094,0.0,8731400
2025-02-07,0.0,263.8999938964844,0.0,266.3500061035156,263.260009765625,265.2200012207031,0.0,9154000
2025-02-10,0.0,268.3699951171875,0.0,268.6600036621094,267.239990234375,268.0,0.0,13250300
2025-02-11,0.0,267.3900146484375,0.0,268.3599853515625,266.7099914550781,267.70001220703125,0.0,7169500
2025-02-12,0.0,267.6700134277344,0.0,268.42999267578125,266.3500061035156,267.1499938964844,0.0,9328600
2025-02-13,0.0,270.30999755859375,0.0,270.3900146484375,268.2200012207031,268.3999938964844,0.0,8347500
2025-02-14,0.0,266.2900085449219,0.0,270.2099914550781,265.45001220703125,270.07000732421875,0.0,11546700
2025-02-18,0.0,270.70001220703125,0.0,271.010009765625,269.6000061035156,269.67999267578125,0.0,8185900
2025-02-19,0.0,270.8500061035156,0.0,271.3299865722656,269.239990234375,270.67999267578125,0.0,9342500
2025-02-20,0.0,270.989990234375,0.0,271.8399963378906,270.1700134277344,270.2300109863281,0.0,7356900
2025-02-21,0.0,270.739990234375,0.0,271.510009765625,269.510009765625,270.79998779296875,0.0,8917400
2025-02-24,0.0,272.2099914550781,0.0,272.32000732421875,270.3800048828125,271.45001220703125,0.0,5374400
2025-02-25,0.0,268.6199951171875,0.0,271.67999267578125,266.45001220703125,271.4599914550781,0.0,10079800
2025-02-26,0.0,269.0299987792969,0.0,269.0799865722656,266.6600036621094,267.0799865722656,0.0,7276000
2025-02-27,0.0,264.92999267578125,0.0,266.6700134277344,264.45001220703125,266.489990234375,0.0,9374600
2025-02-28,0.0,263.2699890136719,0.0,263.3999938964844,261.25,262.55999755859375,0.0,11504500
2025-03-03,0.0,266.739990234375,0.0,266.8800048828125,265.07000732421875,265.07000732421875,0.0,7725600
2025-03-04,0.0,269.05999755859375,0.0,269.3999938964844,267.5199890136719,269.010009765625,0.0,8481300
2025-03-05,0.0,269.6199951171875,0.0,270.260009765625,267.9599914550781,267.9700012207031,0.0,6990400
2025-03-06,0.0,268.25,0.0,269.510009765625,268.1600036621094,268.25,0.0,6136400
2025-03-07,0.0,268.3900146484375,0.0,270.3399963378906,267.6400146484375,269.0899963378906,0.0,10431200
2025-03-10,0.0,266.0400085449219,0.0,268.44000244140625,265.6400146484375,267.6199951171875,0.0,7593900
2025-03-11,0.0,269.1600036621094,0.0,269.7300109863281,268.44000244140625,268.4700012207031,0.0,8436600
2025-03-12,0.0,270.3299865722656,0.0,271.2300109863281,268.3599853515625,268.4700012207031,0.0,7236200
2025-03-13,0.0,275.1300048828125,0.0,275.3500061035156,271.54998779296875,271.57000732421875,0.0,13741500
2025-03-14,0.0,275.239990234375,0.0,276.29998779296875,274.6600036621094,276.2699890136719,0.0,13365000
2025-03-17,0.0,276.7300109863281,0.0,276.7900085449219,275.3900146484375,275.5400085449219,0.0,8583400
2025-03-18,0.0,279.9599914550781,0.0,280.2099914550781,278.9700012207031,279.8999938964844,0.0,9596500
2025-03-19,0.0,281.1099853515625,0.0,281.4800109863281,279.05999755859375,279.8500061035156,0.0,8822200
2025-03-20,0.0,280.75,0.0,280.8999938964844,279.42999267578125,279.489990234375,0.0,5863300
2025-03-21,0.0,278.489990234375,0.0,279.4599914550781,276.5899963378906,279.4599914550781,0.0,9359300
2025-03-24,0.0,277.25,0.0,279.0899963378906,276.8599853515625,278.9100036621094,0.0,7870100
2025-03-25,0.0,278.4700012207031,0.0,279.9599914550781,278.2699890136719,278.7799987792969,0.0,5090200
2025-03-26,0.0,278.239990234375,0.0,279.0199890136719,277.7799987792969,278.92999267578125,0.0,3717500
2025-03-27,0.0,281.9700012207031,0.0,282.07000732421875,279.5899963378906,280.54998779296875,0.0,8476300
2025-03-28,0.0,284.05999755859375,0.0,284.6400146484375,282.8599853515625,283.82000732421875,0.0,9563700
2025-03-31,0.0,288.1400146484375,0.0,288.3900146484375,285.8500061035156,287.5299987792969,0.0,13925100
2025-04-01,0.0,287.57000732421875,0.0,289.1300048828125,285.9100036621094,288.5400085449219,0.0,15923600
2025-04-02,0.0,288.1600036621094,0.0,289.0299987792969,287.3599853515625,288.2799987792969,0.0,11074800
2025-04-03,0.0,286.4200134277344,0.0,289.0899963378906,282.45001220703125,282.7799987792969,0.0,20524400
2025-04-04,0.0,279.7200012207031,0.0,284.0299987792969,278.0199890136719,283.6400146484375,0.0,21517200
2025-04-07,0.0,273.7099914550781,0.0,280.1400146484375,272.5799865722656,278.8599853515625,0.0,19807000
2025-04-08,0.0,275.20001220703125,0.0,278.32000732421875,274.239990234375,277.8699951171875,0.0,12639500
2025-04-09,0.0,285.3800048828125,0.0,285.8699951171875,281.0400085449219,282.2200012207031,0.0,25342200
2025-04-10,0.0,292.3500061035156,0.0,292.8599853515625,287.2300109863281,288.80999755859375,0.0,19837800
2025-04-11,0.0,297.92999267578125,0.0,299.2699890136719,296.80999755859375,297.9599914550781,0.0,21080100
2025-04-14,0.0,296.2300109863281,0.0,296.5799865722656,294.5299987792969,295.5400085449219,0.0,12427600
2025-04-15,0.0,297.7799987792969,0.0,298.0199890136719,296.0899963378906,296.92999267578125,0.0,7924100
2025-04-16,0.0,307.4700012207031,0.0,308.05999755859375,303.79998779296875,304.6499938964844,0.0,20778100
2025-04-17,0.0,306.1199951171875,0.0,307.1300048828125,302.7300109863281,306.30999755859375,0.0,18287800
2025-04-21,0.0,315.5899963378906,0.0,316.4100036621094,313.95001220703125,315.0199890136719,0.0,20372300
2025-04-22,0.0,311.1099853515625,0.0,317.6300048828125,310.3599853515625,317.489990234375,0.0,35242300
2025-04-23,0.0,303.6499938964844,0.0,304.739990234375,300.5899963378906,304.17999267578125,0.0,25421500
2025-04-24,0.0,308.07000732421875,0.0,308.5,304.7099914550781,306.9800109863281,0.0,10845000
2025-04-25,0.0,304.7300109863281,0.0,305.3699951171875,301.010009765625,301.7799987792969,0.0,10691600
2025-04-28,0.0,309.07000732421875,0.0,309.1099853515625,302.9700012207031,304.1499938964844,0.0,9375500
2025-04-29,0.0,306.05999755859375,0.0,306.95001220703125,304.0,305.80999755859375,0.0,6852100
2025-04-30,0.0,303.7699890136719,0.0,306.07000732421875,303.44000244140625,304.6099853515625,0.0,8331900
2025-05-01,0.0,297.4599914550781,0.0,297.94000244140625,295.32000732421875,297.4100036621094,0.0,14969100
2025-05-02,0.0,297.9800109863281,0.0,300.8500061035156,297.0299987792969,300.1700134277344,0.0,8678400
2025-05-05,0.0,306.8800048828125,0.0,307.6499938964844,304.67999267578125,305.9200134277344,0.0,8924000
2025-05-06,0.0,315.4800109863281,0.0,315.6199951171875,311.3999938964844,313.1199951171875,0.0,11445300
2025-05-07,0.0,310.75,0.0,313.260009765625,310.0799865722656,312.1000061035156,0.0,7888300
2025-05-08,0.0,304.6300048828125,0.0,310.4800109863281,303.04998779296875,309.760009765625,0.0,11927600
2025-05-09,0.0,306.8399963378906,0.0,308.57000732421875,306.010009765625,307.7900085449219,0.0,6913100
2025-05-12,0.0,298.19000244140625,0.0,299.4700012207031,296.82000732421875,298.3299865722656,0.0,14375900
2025-05-13,0.0,299.4599914550781,0.0,300.29998779296875,297.239990234375,299.0199890136719,0.0,10233600
2025-05-14,0.0,293.1600036621094,0.0,294.79998779296875,291.9599914550781,293.6700134277344,0.0,14800600
2025-05-15,0.0,297.8399963378906,0.0,297.8999938964844,293.75,294.1000061035156,0.0,13497700
2025-05-16,0.0,294.239990234375,0.0,294.5799865722656,291.7799987792969,292.6199951171875,0.0,14173000
2025-05-19,0.0,298.0299987792969,0.0,298.5799865722656,296.4800109863281,297.8500061035156,0.0,11656300
2025-05-20,0.0,303.5799865722656,0.0,303.67999267578125,298.29998779296875,298.3500061035156,0.0,12851000
2025-05-21,0.0,305.82000732421875,0.0,306.4599914550781,303.6700134277344,304.54998779296875,0.0,12414500
2025-05-22,0.0,303.1099853515625,0.0,305.2799987792969,302.1000061035156,305.0899963378906,0.0,9704200
2025-05-23,0.0,309.75,0.0,310.25,307.4700012207031,308.8599853515625,0.0,13339500
2025-05-27,0.0,304.5,0.0,304.8800048828125,302.739990234375,303.80999755859375,0.0,9578500
2025-05-28,0.0,303.80999755859375,0.0,304.989990234375,303.05999755859375,304.6400146484375,0.0,8803300
2025-05-29,0.0,305.6099853515625,0.0,306.8900146484375,304.4599914550781,305.739990234375,0.0,9487900
2025-05-30,0.0,303.6000061035156,0.0,304.0199890136719,301.5,303.6400146484375,0.0,9553300
2025-06-02,0.0,311.6700134277344,0.0,311.7200012207031,308.7200012207031,309.2099914550781,0.0,13593200
2025-06-03,0.0,308.9100036621094,0.0,309.55999755859375,307.1499938964844,309.55999755859375,0.0,9315100
2025-06-04,0.0,310.8999938964844,0.0,311.8800048828125,308.739990234375,309.4100036621094,0.0,7462500
2025-06-05,0.0,309.3299865722656,0.0,312.20001220703125,307.6499938964844,311.239990234375,0.0,10817800
2025-06-06,0.0,305.17999267578125,0.0,309.20001220703125,305.1000061035156,309.0899963378906,0.0,7787500
2025-06-09,0.0,306.6199951171875,0.0,307.6099853515625,305.05999755859375,305.3900146484375,0.0,7159000
2025-06-10,0.0,306.7099914550781,0.0,308.6000061035156,305.8699951171875,308.30999755859375,0.0,7071700
2025-06-11,0.0,308.3699951171875,0.0,308.6199951171875,305.8500061035156,307.5,0.0,9248800
2025-06-12,0.0,312.20001220703125,0.0,313.1000061035156,311.1499938964844,311.739990234375,0.0,11531400
2025-06-13,0.0,316.2900085449219,0.0,317.6000061035156,315.0400085449219,317.260009765625,0.0,16592900
2025-06-16,0.0,311.7799987792969,0.0,314.8699951171875,311.6499938964844,314.79998779296875,0.0,12848400
2025-06-17,0.0,311.94000244140625,0.0,313.0,310.1199951171875,312.6600036621094,0.0,8234100
2025-06-18,0.0,310.260009765625,0.0,312.9800109863281,309.8599853515625,312.8900146484375,0.0,9370800
2025-06-20,0.0,310.1300048828125,0.0,310.8900146484375,309.25,309.3299865722656,0.0,8794700
2025-06-23,0.0,311.0799865722656,0.0,312.6700134277344,310.30999755859375,310.3399963378906,0.0,12687900
2025-06-24,0.0,306.19000244140625,0.0,306.3399963378906,303.5400085449219,305.07000732421875,0.0,12035200
2025-06-25,0.0,307.1199951171875,0.0,307.3599853515625,305.1199951171875,305.30999755859375,0.0,6733200
2025-06-26,0.0,306.7799987792969,0.0,307.2799987792969,304.8599853515625,305.7699890136719,0.0,6787500
2025-06-27,0.0,301.2200012207031,0.0,302.3599853515625,299.8900146484375,300.0299987792969,0.0,13301300
2025-06-30,0.0,304.8299865722656,0.0,304.9200134277344,301.95001220703125,302.3900146484375,0.0,8192100
2025-07-01,0.0,307.54998779296875,0.0,309.0,307.3599853515625,308.55999755859375,0.0,9335600
2025-07-02,0.0,309.25,0.0,309.3999938964844,306.9599914550781,308.0400085449219,0.0,8316400
2025-07-03,0.0,307.1400146484375,0.0,307.57000732421875,306.1499938964844,307.04998779296875,0.0,5275800
2025-07-07,0.0,307.3699951171875,0.0,307.7099914550781,304.5299987792969,305.07000732421875,0.0,7351600
2025-07-08,0.0,304.1600036621094,0.0,306.45001220703125,302.7699890136719,306.29998779296875,0.0,11840500
2025-07-09,0.0,305.5199890136719,0.0,305.5400085449219,303.2300109863281,303.5799865722656,0.0,10644100
2025-07-10,0.0,306.20001220703125,0.0,306.510009765625,304.82000732421875,306.1099853515625,0.0,7053700
2025-07-11,0.0,309.1400146484375,0.0,310.2799987792969,308.5199890136719,308.8599853515625,0.0,9187300
2025-07-14,0.0,308.010009765625,0.0,309.3800048828125,307.7300109863281,309.07000732421875,0.0,5772900
2025-07-15,0.0,306.7300109863281,0.0,308.739990234375,305.7900085449219,307.7300109863281,0.0,8149000
2025-07-16,0.0,308.260009765625,0.0,311.0899963378906,305.7300109863281,307.1099853515625,0.0,17693100
2025-07-17,0.0,307.5899963378906,0.0,307.6700134277344,305.1199951171875,305.5,0.0,6642300
2025-07-18,0.0,308.3900146484375,0.0,309.3699951171875,308.32000732421875,309.239990234375,0.0,5574300
2025-07-21,0.0,313.1300048828125,0.0,313.30999755859375,311.6099853515625,311.8800048828125,0.0,10995800
2025-07-22,0.0,316.1000061035156,0.0,316.239990234375,313.6199951171875,314.4800109863281,0.0,13691800
2025-07-23,0.0,312.17999267578125,0.0,314.9599914550781,311.4200134277344,314.0,0.0,10547500
2025-07-24,0.0,310.2699890136719,0.0,310.989990234375,309.05999755859375,309.2900085449219,0.0,7698800
2025-07-25,0.0,307.3999938964844,0.0,308.30999755859375,306.20001220703125,307.82000732421875,0.0,9376400
2025-07-28,0.0,305.4100036621094,0.0,306.5799865722656,304.04998779296875,306.44000244140625,0.0,9275400
2025-07-29,0.0,306.25,0.0,307.0299987792969,304.989990234375,305.79998779296875,0.0,5741100
2025-07-30,0.0,300.9599914550781,0.0,304.6499938964844,300.9599914550781,304.4200134277344,0.0,13459600
2025-07-31,0.0,302.9599914550781,0.0,304.6099853515625,302.8599853515625,304.5899963378906,0.0,8981000
2025-08-01,0.0,309.1099853515625,0.0,309.54998779296875,307.45001220703125,308.6099853515625,0.0,12843400
2025-08-04,0.0,310.9100036621094,0.0,311.739990234375,310.3699951171875,310.79998779296875,0.0,7639000
2025-08-05,0.0,311.1600036621094,0.0,312.239990234375,310.2200012207031,310.3699951171875,0.0,6997700
2025-08-06,0.0,310.5,0.0,311.239990234375,309.8399963378906,310.32000732421875,0.0,7418200
2025-08-07,0.0,313.1199951171875,0.0,313.1400146484375,310.70001220703125,311.7200012207031,0.0,10891500
2025-08-08,0.0,313.04998779296875,0.0,313.5299987792969,311.0,312.3500061035156,0.0,19886800
2025-08-11,0.0,308.54998779296875,0.0,309.6600036621094,307.6300048828125,308.6199951171875,0.0,10326700
2025-08-12,0.0,308.2699890136719,0.0,309.30999755859375,306.7099914550781,308.2200012207031,0.0,9697400
2025-08-13,0.0,309.2099914550781,0.0,310.3900146484375,308.45001220703125,309.1000061035156,0.0,4718600
2025-08-14,0.0,307.25,0.0,308.3399963378906,306.5199890136719,307.92999267578125,0.0,5817700
2025-08-15,0.0,307.42999267578125,0.0,308.0,306.8699951171875,307.3399963378906,0.0,5990100
2025-08-18,0.0,306.95001220703125,0.0,307.8900146484375,306.6300048828125,307.7900085449219,0.0,6150100
2025-08-19,0.0,305.2699890136719,0.0,307.4800109863281,305.19000244140625,306.760009765625,0.0,5029900
2025-08-20,0.0,308.3599853515625,0.0,308.4700012207031,307.3999938964844,307.5400085449219,0.0,6515400
2025-08-21,0.0,307.2900085449219,0.0,308.1499938964844,307.0299987792969,307.8599853515625,0.0,4809000
2025-08-22,0.0,310.5799865722656,0.0,311.0199890136719,306.42999267578125,306.5199890136719,0.0,8526500
2025-08-25,0.0,309.8299865722656,0.0,310.8399963378906,309.6700134277344,309.6700134277344,0.0,4044400
2025-08-26,0.0,312.0799865722656,0.0,312.2099914550781,310.30999755859375,310.6199951171875,0.0,11698500
2025-08-27,0.0,312.7099914550781,0.0,312.9100036621094,310.7699890136719,311.3900146484375,0.0,4320100
2025-08-28,0.0,315.0299987792969,0.0,315.0799865722656,313.07000732421875,313.32000732421875,0.0,9610200
2025-08-29,0.0,318.07000732421875,0.0,318.0899963378906,314.6400146484375,314.7200012207031,0.0,15642600
2025-09-02,0.0,325.5899963378906,0.0,325.9200134277344,320.239990234375,320.82000732421875,0.0,21247500
2025-09-03,0.0,328.1400146484375,0.0,329.45001220703125,326.7300109863281,327.760009765625,0.0,16062200
2025-09-04,0.0,326.69000244140625,0.0,327.55999755859375,325.3500061035156,327.0299987792969,0.0,11703100
2025-09-05,0.0,331.04998779296875,0.0,331.44000244140625,328.92999267578125,329.5299987792969,0.0,16065200
2025-09-08,0.0,334.82000732421875,0.0,335.6700134277344,333.2300109863281,333.6600036621094,0.0,18617300
2025-09-09,0.0,334.05999755859375,0.0,338.30999755859375,333.8500061035156,337.0299987792969,0.0,21641900
2025-09-10,0.0,335.260009765625,0.0,336.5,326.19000244140625,335.7300109863281,0.0,11945700
2025-09-11,0.0,334.760009765625,0.0,335.1600036621094,332.9700012207031,333.3699951171875,0.0,9082600
2025-09-12,0.0,335.4200134277344,0.0,336.3900146484375,335.2300109863281,335.8800048828125,0.0,9619700
2025-09-15,0.0,338.9100036621094,0.0,339.2799987792969,336.2300109863281,336.30999755859375,0.0,10569900
2025-09-16,0.0,339.5899963378906,0.0,340.8800048828125,338.6199951171875,340.0899963378906,0.0,12161500
2025-09-17,0.0,336.9700012207031,0.0,341.239990234375,335.5199890136719,338.5299987792969,0.0,16535300
2025-09-18,0.0,335.6199951171875,0.0,336.32000732421875,333.80999755859375,336.2200012207031,0.0,14913300
2025-09-19,0.0,339.17999267578125,0.0,339.2300109863281,336.30999755859375,336.510009765625,0.0,14982600
2025-09-22,0.0,345.04998779296875,0.0,345.07000732421875,341.8399963378906,342.75,0.0,12386400
2025-09-23,0.0,346.4599914550781,0.0,348.75,345.32000732421875,348.2300109863281,0.0,18384000
2025-09-24,0.0,343.32000732421875,0.0,346.8299865722656,342.1400146484375,346.70001220703125,0.0,12709100
2025-09-25,0.0,344.75,0.0,345.8299865722656,342.4700012207031,344.3900146484375,0.0,12639600
2025-09-26,0.0,346.739990234375,0.0,348.25,345.30999755859375,345.8299865722656,0.0,11698200
2025-09-29,0.0,352.4599914550781,0.0,352.8299865722656,351.2799987792969,351.7900085449219,0.0,15719600
2025-09-30,0.0,355.4700012207031,0.0,355.57000732421875,350.8699951171875,351.1300048828125,0.0,13312400
2025-10-01,0.0,356.0299987792969,0.0,356.9700012207031,354.7900085449219,356.1700134277344,0.0,15573600
2025-10-02,0.0,354.7900085449219,0.0,358.6700134277344,351.3999938964844,358.260009765625,0.0,16162100
2025-10-03,0.0,357.6400146484375,0.0,358.1400146484375,355.79998779296875,357.1199951171875,0.0,14464000
2025-10-06,0.0,364.3800048828125,0.0,365.29998779296875,361.3699951171875,362.1600036621094,0.0,17093700
2025-10-07,0.0,366.260009765625,0.0,367.2699890136719,364.54998779296875,366.510009765625,0.0,16836800
2025-10-08,0.0,372.29998779296875,0.0,373.57000732421875,370.5,371.6499938964844,0.0,28052300
2025-10-09,0.0,365.42999267578125,0.0,373.2200012207031,362.8299865722656,373.1400146484375,0.0,33674800
2025-10-10,0.0,369.1199951171875,0.0,370.30999755859375,365.44000244140625,367.5400085449219,0.0,24192800
2025-10-13,0.0,378.0899963378906,0.0,378.8599853515625,375.5799865722656,376.5,0.0,18514400
2025-10-14,0.0,380.7900085449219,0.0,382.3800048828125,377.8999938964844,378.2099914550781,0.0,18409600
2025-10-15,0.0,387.3900146484375,0.0,387.760009765625,384.5899963378906,385.92999267578125,0.0,20598300
2025-10-16,0.0,396.45001220703125,0.0,396.8699951171875,390.3999938964844,391.1499938964844,0.0,33621400
2025-10-17,0.0,388.989990234375,0.0,397.2799987792969,385.2200012207031,397.1400146484375,0.0,62025000
2025-10-20,0.0,403.1499938964844,0.0,403.29998779296875,394.20001220703125,397.45001220703125,0.0,34523000
2025-10-21,0.0,377.239990234375,0.0,388.8900146484375,375.6499938964844,386.5400085449219,0.0,54101400
2025-10-22,0.0,377.2799987792969,0.0,378.4700012207031,368.92999267578125,372.75,0.0,30524100
2025-10-23,0.0,378.7900085449219,0.0,382.25,378.6499938964844,381.4599914550781,0.0,13695500
2025-10-24,0.0,377.5199890136719,0.0,380.7699890136719,376.80999755859375,378.510009765625,0.0,13263800
2025-10-27,0.0,367.010009765625,0.0,371.5899963378906,365.3399963378906,371.1300048828125,0.0,23657600
2025-10-28,0.0,364.3800048828125,0.0,365.29998779296875,360.1199951171875,361.80999755859375,0.0,19257600
2025-10-29,0.0,363.0,0.0,370.0799865722656,361.3599853515625,369.6499938964844,0.0,18891800
2025-10-30,0.0,370.1300048828125,0.0,370.3599853515625,364.5,365.0899963378906,0.0,14812800
2025-10-31,0.0,368.1199951171875,0.0,370.6600036621094,365.5,370.4700012207031,0.0,11077900
2025-11-03,0.0,368.7799987792969,0.0,370.8399963378906,367.5400085449219,368.9100036621094,0.0,7254300
2025-11-04,0.0,362.32000732421875,0.0,365.739990234375,361.3900146484375,363.4800109863281,0.0,11540100
2025-11-05,0.0,366.510009765625,0.0,367.1000061035156,364.6499938964844,366.3900146484375,0.0,8357300
2025-11-06,0.0,366.07000732421875,0.0,368.17999267578125,364.70001220703125,367.1600036621094,0.0,6891100
2025-11-07,0.0,368.30999755859375,0.0,370.4200134277344,366.4200134277344,367.94000244140625,0.0,11060400
2025-11-10,0.0,378.3800048828125,0.0,378.6600036621094,374.7799987792969,375.92999267578125,0.0,13456200
2025-11-11,0.0,379.8699951171875,0.0,380.3999938964844,376.8699951171875,379.9800109863281,0.0,10753200
2025-11-12,0.0,385.989990234375,0.0,387.4599914550781,379.44000244140625,380.07000732421875,0.0,16203700
2025-11-13,0.0,382.8699951171875,0.0,388.17999267578125,381.2099914550781,387.2900085449219,0.0,15867900
2025-11-14,0.0,375.9599914550781,0.0,378.20001220703125,370.8900146484375,372.8699951171875,0.0,15198000
2025-11-17,0.0,371.6499938964844,0.0,375.4599914550781,368.5199890136719,374.0400085449219,0.0,13295200
2025-11-18,0.0,374.3500061035156,0.0,375.5400085449219,371.6199951171875,374.8299865722656,0.0,7818800
2025-11-19,0.0,374.9599914550781,0.0,380.1700134277344,373.0299987792969,377.7799987792969,0.0,10980400
2025-11-20,0.0,374.8500061035156,0.0,377.69000244140625,371.8500061035156,375.2900085449219,0.0,10506500
2025-11-21,0.0,374.2699890136719,0.0,377.2300109863281,372.94000244140625,374.0299987792969,0.0,13194600
2025-11-24,0.0,380.20001220703125,0.0,380.2799987792969,374.19000244140625,374.8800048828125,0.0,10085300
2025-11-25,0.0,380.0799865722656,0.0,382.5199890136719,378.05999755859375,380.260009765625,0.0,10462800
2025-11-26,0.0,383.1199951171875,0.0,383.7799987792969,380.4599914550781,381.05999755859375,0.0,9184100
2025-11-28,0.0,387.8800048828125,0.0,388.0,384.989990234375,385.9800109863281,0.0,7175400
2025-12-01,0.0,389.75,0.0,390.70001220703125,388.05999755859375,390.6099853515625,0.0,11177100
2025-12-02,0.0,387.239990234375,0.0,388.9800109863281,382.9100036621094,388.8699951171875,0.0,8103900
2025-12-03,0.0,386.8800048828125,0.0,390.1300048828125,385.8299865722656,388.4599914550781,0.0,7886800
2025-12-04,0.0,387.1300048828125,0.0,388.0,385.3999938964844,386.9200134277344,0.0,6754400
2025-12-05,0.0,386.44000244140625,0.0,391.739990234375,386.17999267578125,389.1199951171875,0.0,9449800
2025-12-08,0.0,385.4200134277344,0.0,387.239990234375,384.010009765625,387.0199890136719,0.0,6822100
2025-12-09,0.0,387.3999938964844,0.0,388.2099914550781,385.2699890136719,385.6199951171875,0.0,6358700
2025-12-10,0.0,389.04998779296875,0.0,389.760009765625,384.5,385.95001220703125,0.0,9120500
2025-12-11,0.0,393.239990234375,0.0,394.0899963378906,388.5,389.0199890136719,0.0,11240600
2025-12-12,0.0,395.44000244140625,0.0,400.3900146484375,391.4700012207031,399.1600036621094,0.0,16792100
2025-12-15,0.0,395.79998779296875,0.0,398.7099914550781,394.07000732421875,397.760009765625,0.0,11345000
2025-12-16,0.0,395.8900146484375,0.0,398.7099914550781,394.5899963378906,397.75,0.0,9201600
2025-12-17,0.0,399.2900085449219,0.0,399.9800109863281,397.25,398.0799865722656,0.0,10456900
2025-12-18,0.0,398.57000732421875,0.0,402.2099914550781,396.04998779296875,398.2799987792969,0.0,11837600
2025-12-19,0.0,399.0199890136719,0.0,400.6300048828125,397.1700134277344,397.9200134277344,0.0,9894800
2025-12-22,0.0,408.2300109863281,0.0,408.5199890136719,405.7200012207031,406.9800109863281,0.0,14202100
2025-12-23,0.0,413.6400146484375,0.0,413.760009765625,407.1000061035156,410.29998779296875,0.0,13193300
2025-12-24,0.0,411.92999267578125,0.0,412.6300048828125,408.8299865722656,412.25,0.0,6718400
2025-12-26,0.0,416.739990234375,0.0,418.45001220703125,414.75,416.4800109863281,0.0,10476200
2025-12-29,0.0,398.6000061035156,0.0,403.760009765625,395.3299865722656,403.6600036621094,0.0,20679200
2025-12-30,0.0,398.8900146484375,0.0,403.79998779296875,398.55999755859375,403.6000061035156,0.0,10179000
2025-12-31,0.0,396.30999755859375,0.0,400.1300048828125,395.5899963378906,398.6000061035156,0.0,10194700
2026-01-02,0.0,398.2799987792969,0.0,401.82000732421875,396.25,401.6199951171875,0.0,10372600
2026-01-05,0.0,408.760009765625,0.0,409.7200012207031,406.1499938964844,406.3900146484375,0.0,13410600
2026-01-06,0.0,413.17999267578125,0.0,413.4800109863281,410.30999755859375,410.6700134277344,0.0,11640900
2026-01-07,0.0,409.2300109863281,0.0,410.80999755859375,406.6499938964844,408.6300048828125,0.0,10589500
2026-01-08,0.0,411.489990234375,0.0,411.6400146484375,406.3999938964844,406.9700012207031,0.0,8705900
2026-01-09,0.0,414.4700012207031,0.0,415.2900085449219,411.79998779296875,413.2200012207031,0.0,14011200
2026-01-12,0.0,422.2300109863281,0.0,425.739990234375,421.5199890136719,421.5199890136719,0.0,20904100
2026-01-13,0.0,421.6300048828125,0.0,426.1199951171875,420.07000732421875,424.5899963378906,0.0,16681200
2026-01-14,0.0,425.94000244140625,0.0,426.8599853515625,422.8399963378906,426.0299987792969,0.0,18305500
2026-01-15,0.0,423.3299865722656,0.0,425.05999755859375,422.7900085449219,423.0199890136719,0.0,14253200
2026-01-16,0.0,421.2900085449219,0.0,424.79998779296875,417.0400085449219,422.79998779296875,0.0,20951600
2026-01-20,0.0,437.2300109863281,0.0,438.1400146484375,434.1000061035156,436.69000244140625,0.0,21308100
2026-01-21,0.0,443.6000061035156,0.0,448.0,437.1099853515625,446.8699951171875,0.0,38830200
2026-01-22,0.0,451.7900085449219,0.0,452.9800109863281,443.55999755859375,443.8399963378906,0.0,19251200
2026-01-23,0.0,458.0,0.0,458.75,453.45001220703125,454.1099853515625,0.0,21531900
2026-01-26,0.0,464.70001220703125,0.0,469.2799987792969,460.3599853515625,466.7799987792969,0.0,34156000
2026-01-27,0.0,476.1000061035156,0.0,476.489990234375,463.95001220703125,465.07000732421875,0.0,28386200
2026-01-28,0.0,494.55999755859375,0.0,495.8800048828125,481.25,483.3900146484375,0.0,44154600
2026-01-29,0.0,495.8999938964844,0.0,509.70001220703125,468.510009765625,509.510009765625,0.0,69970900
2026-01-30,0.0,444.95001220703125,0.0,470.05999755859375,430.79998779296875,466.25,0.0,86593500
2026-02-02,0.0,427.1300048828125,0.0,440.7799987792969,422.54998779296875,434.010009765625,0.0,41626200
2026-02-03,0.0,454.2900085449219,0.0,459.0,448.30999755859375,452.6300048828125,0.0,28703500
2026-02-04,0.0,453.9700012207031,0.0,463.1000061035156,445.7099914550781,462.4700012207031,0.0,24427900
2026-02-05,0.0,441.8800048828125,0.0,450.8999938964844,440.3500061035156,444.2900085449219,0.0,17718100
2026-02-06,0.0,455.4599914550781,0.0,456.92999267578125,450.0299987792969,450.7300109863281,0.0,12663900
2026-02-09,0.0,467.0299987792969,0.0,467.55999755859375,460.8500061035156,461.3900146484375,0.0,12330900
2026-02-10,0.0,462.3999938964844,0.0,466.75,459.5199890136719,465.9599914550781,0.0,7861600
2026-02-11,0.0,467.6300048828125,0.0,468.6099853515625,462.82000732421875,466.0,0.0,11209600
2026-02-12,0.0,451.3900146484375,0.0,466.3800048828125,448.05999755859375,464.8999938964844,0.0,20488800
2026-02-13,0.0,462.6199951171875,0.0,463.8399963378906,456.25,459.7300109863281,0.0,12359300
2026-02-17,0.0,448.20001220703125,0.0,451.3699951171875,445.5299987792969,450.260009765625,0.0,10976100
2026-02-18,0.0,458.2799987792969,0.0,460.510009765625,455.32000732421875,455.80999755859375,0.0,10226300
2026-02-19,0.0,459.55999755859375,0.0,461.510009765625,456.0299987792969,457.3399963378906,0.0,8411400
2026-02-20,0.0,468.6199951171875,0.0,468.6199951171875,458.3399963378906,463.25,0.0,14316300
2026-02-23,0.0,481.2799987792969,0.0,481.4599914550781,474.6099853515625,474.6499938964844,0.0,17441600
2026-02-24,0.0,474.6099853515625,0.0,475.44000244140625,469.54998779296875,470.0899963378906,0.0,14147100
2026-02-25,0.0,473.4200134277344,0.0,479.5299987792969,472.8999938964844,475.739990234375,0.0,12954300
2026-02-26,0.0,477.4800109863281,0.0,477.8299865722656,442.0400085449219,474.95001220703125,0.0,12375000
2026-02-27,0.0,483.75,0.0,483.8999938964844,479.1099853515625,480.75,0.0,16795100
2026-03-02,0.0,490.0,0.0,492.1499938964844,483.2799987792969,490.1000061035156,0.0,19916600
2026-03-03,0.0,468.1400146484375,0.0,473.20001220703125,458.92999267578125,472.8299865722656,0.0,22591500
2026-03-04,0.0,471.79998779296875,0.0,476.4200134277344,469.3900146484375,474.82000732421875,0.0,9985900
2026-03-05,0.0,466.1300048828125,0.0,470.6700134277344,463.9100036621094,470.45001220703125,0.0,11674800
2026-03-06,0.0,473.510009765625,0.0,475.4599914550781,467.07000732421875,469.0400085449219,0.0,10489800
2026-03-09,0.0,472.5299987792969,0.0,472.67999267578125,464.7900085449219,468.0899963378906,0.0,8829800
2026-03-10,0.0,477.8599853515625,0.0,481.30999755859375,474.2099914550781,479.739990234375,0.0,9616800
2026-03-11,0.0,476.239990234375,0.0,477.45001220703125,473.1300048828125,476.1300048828125,0.0,7522900
2026-03-12,0.0,466.8800048828125,0.0,475.0199890136719,466.6000061035156,475.0199890136719,0.0,11900600
2026-03-13,0.0,460.8399963378906,0.0,470.1000061035156,460.2200012207031,469.30999755859375,0.0,11741600
2026-03-16,0.0,460.42999267578125,0.0,462.79998779296875,456.9100036621094,461.2699890136719,0.0,8964100
2026-03-17,0.0,459.2699890136719,0.0,462.2099914550781,456.8699951171875,460.510009765625,0.0,7610100
2026-03-18,0.0,444.739990234375,0.0,450.05999755859375,444.3900146484375,446.6600036621094,0.0,18375600
2026-03-19,0.0,426.4100036621094,0.0,428.2699890136719,416.79998779296875,420.3599853515625,0.0,30206000
2026-03-20,0.0,413.3800048828125,0.0,428.5899963378906,411.2300109863281,428.0899963378906,0.0,27204900
2026-03-23,0.0,404.0400085449219,0.0,414.5400085449219,399.6400146484375,405.1199951171875,0.0,36796800
2026-03-24,0.0,404.1300048828125,0.0,407.2900085449219,399.20001220703125,400.239990234375,0.0,17478500
2026-03-25,0.0,416.2900085449219,0.0,420.6600036621094,412.25,419.7099914550781,0.0,15713200
2026-03-26,0.0,400.6400146484375,0.0,411.3699951171875,400.260009765625,408.5299987792969,0.0,15756300
2026-03-27,0.0,414.70001220703125,0.0,418.3999938964844,405.4100036621094,406.20001220703125,0.0,16580700
2026-03-30,0.0,414.5799865722656,0.0,420.1000061035156,412.6600036621094,419.5400085449219,0.0,13172100
2026-03-31,0.0,430.2900085449219,0.0,430.57000732421875,419.5899963378906,420.0799865722656,0.0,14534300
2026-04-01,0.0,437.82000732421875,0.0,440.19000244140625,433.760009765625,435.0,0.0,14133100
2026-04-02,0.0,429.4100036621094,0.0,431.6700134277344,421.1700134277344,422.2900085449219,0.0,10838600
2026-04-06,0.0,427.6499938964844,0.0,431.489990234375,426.7099914550781,428.8699951171875,0.0,5417300
2026-04-07,0.0,431.80999755859375,0.0,433.42999267578125,423.1000061035156,427.8999938964844,0.0,7263500
2026-04-08,0.0,434.5299987792969,0.0,440.44000244140625,431.30999755859375,439.9800109863281,0.0,9689700
2026-04-09,0.0,437.9100036621094,0.0,440.9100036621094,435.8699951171875,436.4700012207031,0.0,6748500
2026-04-10,0.0,437.1300048828125,0.0,440.3500061035156,436.0,438.5899963378906,0.0,6193300
2026-04-13,0.0,435.3599853515625,0.0,436.2200012207031,431.6300048828125,434.7799987792969,0.0,5549400
2026-04-14,0.0,445.0899963378906,0.0,445.17999267578125,439.0199890136719,439.32000732421875,0.0,8731700
2026-04-15,0.0,440.4599914550781,0.0,443.739990234375,439.6000061035156,442.8800048828125,0.0,6455900
2026-04-16,0.0,440.0799865722656,0.0,442.9800109863281,438.17999267578125,442.1499938964844,0.0,5350100
2026-04-17,0.0,445.92999267578125,0.0,448.70001220703125,445.32000732421875,445.6499938964844,0.0,9712000
2026-04-20,0.0,442.0899963378906,0.0,443.4200134277344,440.04998779296875,443.1300048828125,0.0,8473000
2026-04-21,0.0,429.57000732421875,0.0,440.25,428.7099914550781,438.54998779296875,0.0,9480000
2026-04-22,0.0,435.260009765625,0.0,437.1700134277344,433.7799987792969,436.2699890136719,0.0,5178100
2026-04-23,0.0,431.0400085449219,0.0,435.2900085449219,428.2200012207031,433.9599914550781,0.0,4976400
2026-04-24,0.0,433.25,0.0,435.2799987792969,430.6499938964844,431.3399963378906,0.0,5924100
2026-04-27,0.0,429.8900146484375,0.0,431.79998779296875,428.5199890136719,431.6600036621094,0.0,6105200
2026-04-28,0.0,421.9100036621094,0.0,422.5199890136719,418.3999938964844,420.7200012207031,0.0,7723400
2026-04-29,0.0,417.4100036621094,0.0,419.1700134277344,414.1600036621094,416.739990234375,0.0,6452600
2026-04-30,0.0,423.6600036621094,0.0,425.4599914550781,422.739990234375,425.3399963378906,0.0,6732800
2026-05-01,0.0,423.17999267578125,0.0,427.92999267578125,421.0799865722656,421.4100036621094,0.0,5911500
2026-05-04,0.0,414.7099914550781,0.0,420.8599853515625,413.2799987792969,418.8399963378906,0.0,7285700
2026-05-05,0.0,418.2699890136719,0.0,421.1600036621094,417.9100036621094,420.1499938964844,0.0,4279900
2026-05-06,0.0,430.9599914550781,0.0,433.19000244140625,429.6000061035156,430.1499938964844,0.0,7013900
2026-05-07,0.0,431.67999267578125,0.0,437.4200134277344,430.25,435.6099853515625,0.0,6816200
2026-05-08,0.0,433.7699890136719,0.0,436.20001220703125,431.70001220703125,434.04998779296875,0.0,5380800
2026-05-11,0.0,434.6499938964844,0.0,436.0400085449219,432.2099914550781,434.17999267578125,0.0,5569100
2026-05-12,0.0,432.92999267578125,0.0,432.9800109863281,425.8500061035156,430.70001220703125,0.0,6660900
2026-05-13,0.0,430.5,0.0,432.489990234375,428.75,430.5199890136719,0.0,4180300
2026-05-14,0.0,427.2099914550781,0.0,431.5400085449219,427.1000061035156,430.29998779296875,0.0,4021400
2026-05-15,0.0,417.2900085449219,0.0,419.25,414.1199951171875,417.6400146484375,0.0,9360400
2026-05-18,0.0,418.42999267578125,0.0,420.92999267578125,416.05999755859375,419.82000732421875,0.0,5628300
2026-05-19,0.0,411.5,0.0,414.4700012207031,409.8800048828125,412.45001220703125,0.0,5419400
2026-05-20,0.0,417.3999938964844,0.0,417.989990234375,410.0799865722656,412.1400146484375,0.0,6005000
2026-05-21,0.0,416.989990234375,0.0,418.4200134277344,411.95001220703125,413.1400146484375,0.0,4679900
2026-05-22,0.0,413.82000732421875,0.0,415.67999267578125,412.0,415.1700134277344,0.0,5528400
2026-05-26,0.0,414.0,0.0,415.9800109863281,411.5,415.1600036621094,0.0,5098400
2026-05-27,0.0,408.489990234375,0.0,409.25,404.29998779296875,404.3399963378906,0.0,6624600
2026-05-28,0.0,412.7699890136719,0.0,414.510009765625,405.4100036621094,406.4800109863281,0.0,7184100
2026-05-29,0.0,417.1199951171875,0.0,421.82000732421875,415.0799865722656,415.6199951171875,0.0,7705700
2026-06-01,0.0,411.260009765625,0.0,412.6099853515625,408.239990234375,409.8599853515625,0.0,6158900
2026-06-02,0.0,411.95001220703125,0.0,414.3999938964844,411.1000061035156,414.0799865722656,0.0,3823900
2026-06-03,0.0,407.8699951171875,0.0,409.3800048828125,406.2300109863281,408.3800048828125,0.0,5038000
2026-06-04,0.0,411.2699890136719,0.0,414.3699951171875,409.010009765625,413.3699951171875,0.0,4646500
2026-06-05,0.0,396.239990234375,0.0,404.7200012207031,395.9200134277344,404.3800048828125,0.0,11473900
2026-06-08,0.0,397.2699890136719,0.0,398.9800109863281,396.0299987792969,397.5199890136719,0.0,8057300
2026-06-09,0.0,390.7799987792969,0.0,400.4800109863281,388.75,397.57000732421875,0.0,9567300
2026-06-10,0.0,374.5799865722656,0.0,384.2099914550781,374.54998779296875,380.75,0.0,13956200
2026-06-11,0.0,386.32000732421875,0.0,387.2099914550781,371.8800048828125,373.9599914550781,0.0,12622500
2026-06-12,0.0,386.5400085449219,0.0,388.7699890136719,383.3500061035156,385.7300109863281,0.0,7532600
2026-06-15,0.0,396.54998779296875,0.0,401.0,396.1499938964844,399.489990234375,0.0,10477100
2026-06-16,0.0,397.6300048828125,0.0,398.9599914550781,395.82000732421875,397.8299865722656,0.0,6004000
2026-06-17,0.0,388.6000061035156,0.0,402.0400085449219,387.0799865722656,397.82000732421875,0.0,13343000
2026-06-18,0.0,387.1199951171875,0.0,392.5,385.6000061035156,391.239990234375,0.0,7627300
2026-06-22,0.0,384.5899963378906,0.0,386.4100036621094,382.6400146484375,384.25,0.0,7835100
2026-06-23,0.0,377.32000732421875,0.0,380.3500061035156,377.1700134277344,377.7200012207031,0.0,7389600
2026-06-24,0.0,365.9200134277344,0.0,370.8999938964844,363.32000732421875,364.80999755859375,0.0,12741700
2026-06-25,0.0,369.4599914550781,0.0,371.0400085449219,366.79998779296875,368.989990234375,0.0,9137100
2026-06-26,0.0,373.6300048828125,0.0,375.8500061035156,371.17999267578125,372.2699890136719,0.0,5603300
2026-06-29,0.0,368.5799865722656,0.0,371.19000244140625,366.9700012207031,370.5799865722656,0.0,5006300
2026-06-30,0.0,368.3800048828125,0.0,372.8299865722656,368.260009765625,369.2200012207031,0.0,5302100
2026-07-01,0.0,370.6000061035156,0.0,377.7799987792969,370.2099914550781,371.2099914550781,0.0,9058300
2026-07-02,0.0,378.1300048828125,0.0,380.2699890136719,376.2900085449219,377.44000244140625,0.0,7592900
2026-07-06,0.0,382.1300048828125,0.0,382.42999267578125,378.8299865722656,380.2099914550781,0.0,3906500
2026-07-07,0.0,377.489990234375,0.0,383.6000061035156,375.5199890136719,382.3900146484375,0.0,4815400
2026-07-08,0.0,374.45001220703125,0.0,375.4700012207031,368.95001220703125,373.1700134277344,0.0,7728500
2026-07-09,0.0,378.17999267578125,0.0,379.6499938964844,377.4100036621094,378.510009765625,0.0,4754600
2026-07-10,0.0,377.010009765625,0.0,377.54998779296875,373.70001220703125,375.0,0.0,5455400
2026-07-13,0.0,367.1300048828125,0.0,372.8900146484375,365.7699890136719,372.7699890136719,0.0,7161700
2026-07-14,0.0,372.1499938964844,0.0,376.2799987792969,370.9200134277344,374.5299987792969,0.0,6303400
2026-07-15,0.0,372.3500061035156,0.0,374.489990234375,369.5,372.1099853515625,0.0,7683700
2026-07-16,0.0,364.9599914550781,0.0,368.42999267578125,364.04998779296875,367.45001220703125,0.0,9048000
2026-07-17,0.0,368.4100036621094,0.0,369.2099914550781,363.6000061035156,364.1099853515625,0.0,6456600
2026-07-20,0.0,367.6000061035156,0.0,368.7900085449219,366.79998779296875,367.7900085449219,0.0,3922500
2026-07-21,0.0,374.80999755859375,0.0,375.010009765625,371.07000732421875,371.70001220703125,0.0,6070600
2026-07-22,0.0,379.1199951171875,0.0,382.2200012207031,378.8299865722656,379.07000732421875,0.0,7115100
2026-07-23,0.0,371.5199890136719,0.0,373.0899963378906,370.5299987792969,372.3599853515625,0.0,9820600
2026-07-24,0.0,371.8999938964844,0.0,374.489990234375,371.0299987792969,371.260009765625,0.0,3852400
2026-07-27,0.0,374.6300048828125,0.0,375.5299987792969,372.9100036621094,373.8900146484375,0.0,3700000
2026-07-28,0.0,369.3699951171875,0.0,371.2300109863281,367.9800109863281,369.6099853515625,0.0,4819300
2026-07-29,0.0,371.0799865722656,0.0,377.6199951171875,366.5299987792969,368.2900085449219,0.0,11839900
2026-07-30,0.0,377.1600036621094,0.0,377.8599853515625,373.760009765625,374.1600036621094,0.0,5968400
2026-07-31,0.0,371.5400085449219,0.0,372.010009765625,368.82000732421875,370.8399963378906,0.0,6825900
2026-08-03,0.0,371.7099914550781,0.0,372.0400085449219,368.6400146484375,370.1000061035156,0.0,4968900
2026-08-04,0.0,374.1600036621094,0.0,376.69000244140625,373.7099914550781,374.1400146484375,0.0,5723100
2026-08-05,0.0,389.6400146484375,0.0,391.510009765625,384.32000732421875,384.9599914550781,0.0,14758700
2026-08-06,0.0,389.6700134277344,0.0,392.1199951171875,387.2699890136719,389.5,0.0,10954300
2026-08-07,0.0,398.4700012207031,0.0,400.6600036621094,396.95001220703125,399.6000061035156,0.0,13324500
2026-08-10,0.0,402.5400085449219,0.0,403.239990234375,395.92999267578125,397.7099914550781,0.0,11057000
2026-08-11,0.0,400.9599914550781,0.0,404.0299987792969,399.8900146484375,403.44000244140625,0.0,7439100
2026-08-12,0.0,404.9200134277344,0.0,407.3599853515625,403.2200012207031,405.30999755859375,0.0,10383100
2026-08-13,0.0,398.9599914550781,0.0,402.5799865722656,398.2799987792969,402.1700134277344,0.0,8695200
2026-08-14,0.0,401.4800109863281,0.0,403.3299865722656,400.94000244140625,402.17999267578125,0.0,6749800
2026-08-17,0.0,405.489990234375,0.0,406.2300109863281,402.17999267578125,402.3399963378906,0.0,9604100
2026-08-18,0.0,398.54998779296875,0.0,404.32000732421875,397.8699951171875,402.54998779296875,0.0,10660900
2026-08-19,0.0,413.8399963378906,0.0,414.0,407.4700012207031,408.80999755859375,0.0,17480700
2026-08-20,0.0,415.260009765625,0.0,416.45001220703125,409.82000732421875,410.0799865722656,0.0,13900900
2026-08-21,0.0,423.3599853515625,0.0,424.8900146484375,419.4200134277344,420.5299987792969,0.0,14529000
2026-08-24,0.0,426.69000244140625,0.0,429.4200134277344,424.20001220703125,428.54998779296875,0.0,18850100
2026-08-25,0.0,425.96990966796875,0.0,427.3799133300781,422.3299865722656,422.7749938964844,0.0,7104939
