Date,Capital Gains,Close,Dividends,High,Low,Open,Stock Splits,Volume
2022-05-04,0.0,31.136951446533203,0.0,31.18874931918209,30.18324944305761,30.53060343852222,0.0,13500
2022-05-05,0.0,30.396528244018555,0.0,31.079047859842458,29.98823366135548,31.079047859842458,0.0,48500
2022-05-06,0.0,29.988237380981445,0.0,30.213714527954576,29.616507174801903,30.08574019533588,0.0,10800
2022-05-09,0.0,29.080245971679688,0.0,29.854175660514034,28.982743146886037,29.854175660514034,0.0,21700
2022-05-10,0.0,29.28926086425781,0.0,29.62259943458395,29.007111091980267,29.45806301600624,0.0,9800
2022-05-11,0.0,28.574447631835938,0.0,29.406879456063123,28.489132953224928,29.08024511881641,0.0,27000
2022-05-12,0.0,28.45073699951172,0.0,28.81454476959281,27.958957231073025,28.26974670203438,0.0,30400
2022-05-13,0.0,29.43368911743164,0.0,29.458065401709945,28.767014247437977,29.14118068004324,0.0,21200
2022-05-16,0.0,29.28133583068848,0.0,29.48243665469019,29.13508279927816,29.48243665469019,0.0,27200
2022-05-17,0.0,29.82308959960937,0.0,29.82308959960938,29.41540638064978,29.74447922559534,0.0,22600
2022-05-18,0.0,28.6414794921875,0.0,29.61041474246241,28.489131197016288,29.59822659989066,0.0,26000
2022-05-19,0.0,28.45256996154785,0.0,28.793831017893456,28.25756430782201,28.48913439336548,0.0,30500
2022-05-20,0.0,28.385534286499023,0.0,28.93398673141681,27.57686744942612,28.93398673141681,0.0,20800
2022-05-23,0.0,28.721309661865234,0.0,28.757262705681395,28.273405312303485,28.598821505152628,0.0,109900
2022-05-24,0.0,28.30631828308105,0.0,28.458666602877347,27.865118144061626,28.458666602877347,0.0,19600
2022-05-25,0.0,28.6475772857666,0.0,28.784083111055207,28.2392849009232,28.2392849009232,0.0,44400
2022-05-26,0.0,29.283775329589844,0.0,29.39102771104728,28.68413183744805,28.68413183744805,0.0,17700
2022-05-27,0.0,29.99067497253418,0.0,29.99067497253418,29.598225169432197,29.598225169432197,0.0,30500
2022-05-31,0.0,29.974836349487305,0.0,30.305127394123858,29.79933218290093,30.305127394123858,0.0,27100
2022-06-01,0.0,29.76972961425781,0.376,30.23766485406104,29.580589175533422,30.188536737231576,0.0,38000
2022-06-02,0.0,30.448287963867188,0.0,30.45258655583927,29.67883765830676,29.807795417469357,0.0,28800
2022-06-03,0.0,29.86920547485352,0.0,30.18239130525721,29.75866957501188,30.18239130525721,0.0,198700
2022-06-06,0.0,29.99817276000977,0.0,30.37890868804672,29.87535713683176,30.32978056472923,0.0,125600
2022-06-07,0.0,30.163976669311523,0.0,30.214332292956183,29.64814308714848,29.783243083744804,0.0,83900
2022-06-08,0.0,29.97974395751953,0.0,30.29292981490491,29.914037567451143,30.188533748257345,0.0,66400
2022-06-09,0.0,29.420921325683597,0.0,30.127736380684254,29.390217430367635,29.93675473168569,0.0,83200
2022-06-10,0.0,28.610336303710938,0.0,29.11388785900232,28.548928491624817,29.08932379714472,0.0,91900
2022-06-13,0.0,27.44356918334961,0.0,27.92562777102873,27.326893403151374,27.848866834503024,0.0,137600
2022-06-14,0.0,27.44356918334961,0.0,27.609373087352083,27.179511374296556,27.55410511935126,0.0,149900
2022-06-15,0.0,28.057655334472656,0.0,28.37391234559092,27.57866786306512,27.824303785229773,0.0,79100
2022-06-16,0.0,27.05668830871582,0.0,27.449703820830244,26.774206359646,27.449703820830244,0.0,64600
2022-06-17,0.0,27.290040969848636,0.0,27.461987020656373,26.915449654382723,27.16722537398825,0.0,42500
2022-06-21,0.0,27.922548294067383,0.0,28.076070108145068,27.68305463891532,27.775166321827736,0.0,28300
2022-06-22,0.0,27.86728858947754,0.0,28.180472152099814,27.64007455079949,27.64007455079949,0.0,234300
2022-06-23,0.0,28.119060516357425,0.0,28.284864383129708,27.78069684741152,28.10063630278893,0.0,59000
2022-06-24,0.0,28.94808578491211,0.0,28.94808578491211,28.481380292909844,28.51822404546701,0.0,150800
2022-06-27,0.0,28.80684471130371,0.0,29.09546658772576,28.70551971095666,29.07704236967125,0.0,72600
2022-06-28,0.0,28.16819190979004,0.0,29.04756468946828,28.14363019105772,28.948083286568373,0.0,163300
2022-06-29,0.0,28.235742568969727,0.0,28.297152723634674,27.99440757168221,28.24188475571516,0.0,208000
2022-06-30,0.0,28.10063362121582,0.0,28.19888749482801,27.523392406563826,28.06378988270945,0.0,169200
2022-07-01,0.0,28.08208465576172,0.34,28.08208465576172,27.68612701572169,27.983095245751716,0.0,209100
2022-07-05,0.0,28.496601104736328,0.0,28.56218102068688,27.562386444282332,27.8593546396306,0.0,286500
2022-07-06,0.0,28.60795783996582,0.0,28.755204034499,28.348109254226166,28.5399022017937,0.0,221500
2022-07-07,0.0,29.02867126464844,0.0,29.0657931787291,28.737891198011276,28.78738472335844,0.0,397700
2022-07-08,0.0,29.041034698486328,0.0,29.121464303097067,28.76881450761757,28.90492578309838,0.0,387700
2022-07-11,0.0,28.756444931030277,0.0,29.016293554792977,28.67354193644428,29.016293554792977,0.0,154400
2022-07-12,0.0,28.527523040771484,0.0,28.92966627297132,28.3975999516035,28.81830531089336,0.0,424300
2022-07-13,0.0,28.496601104736328,0.0,28.654363909703783,28.075895571302933,28.15013703011664,0.0,145800
2022-07-14,0.0,28.61414337158203,0.0,28.66982504227639,28.063514828100494,28.422350425836377,0.0,163100
2022-07-15,0.0,28.960607528686523,0.0,29.003915232797997,28.75644061493856,28.88636372727297,0.0,113500
2022-07-18,0.0,28.92967414855957,0.0,29.325634046343165,28.85543270026588,29.26376420602084,0.0,122200
2022-07-19,0.0,29.424638748168945,0.0,29.44938433708645,29.047240786068866,29.1524160292276,0.0,208000
2022-07-20,0.0,29.64116477966309,0.0,29.690660656609843,29.387504310544227,29.449371796634363,0.0,139300
2022-07-21,0.0,29.82057762145996,0.0,29.82057762145996,29.418431964826627,29.690654511505,0.0,142600
2022-07-22,0.0,29.467937469482425,0.0,29.820587374752908,29.38750783983141,29.71540980365642,0.0,232500
2022-07-25,0.0,29.5731143951416,0.0,29.863896823751627,29.449377040833483,29.863896823751627,0.0,142200
2022-07-26,0.0,29.276142120361328,0.0,29.696847650889737,29.158592948043516,29.696847650889737,0.0,111900
2022-07-27,0.0,30.0371150970459,0.0,30.098984928279844,29.449364680833504,29.56691618013163,0.0,164100
2022-07-28,0.0,30.111364364624023,0.0,30.129926498867498,29.7481979192182,30.06805665154485,0.0,286100
2022-07-29,0.0,30.408342361450195,0.0,30.47020986383665,30.136119686724328,30.259857051591183,0.0,783700
2022-08-01,0.0,30.35032081604004,0.407,30.53123561089842,30.24426501786764,30.41270489981186,0.0,259600
2022-08-02,0.0,30.294164657592773,0.0,30.46260448654255,30.176880998737296,30.206823636071054,0.0,113100
2022-08-03,0.0,30.57489776611328,0.0,30.631044380244063,30.406460303520632,30.45012962786683,0.0,258000
2022-08-04,0.0,30.556190490722656,0.0,30.581145076391916,30.449511183856767,30.50628369918442,0.0,157500
2022-08-05,0.0,30.456371307373047,0.0,30.52811513863585,30.329730249203063,30.412701976969604,0.0,166700
2022-08-08,0.0,30.51251983642578,0.0,30.75582108668068,30.462613047045377,30.643527835824543,0.0,111300
2022-08-09,0.0,30.37525749206543,0.0,30.475699290094724,30.30289256303935,30.47507340294878,0.0,131200
2022-08-10,0.0,30.78076171875,0.0,30.855623058787017,30.64226693079201,30.855623058787017,0.0,177500
2022-08-11,0.0,30.724628448486328,0.0,30.94360099733851,30.662244368023664,30.93050019765334,0.0,666200
2022-08-12,0.0,31.05526351928711,0.0,31.073980644349348,30.81196231167578,30.905540797587715,0.0,533300
2022-08-15,0.0,31.130136489868164,0.0,31.14885124067948,30.98041134397625,31.04903527001836,0.0,273300
2022-08-16,0.0,31.09268951416016,0.0,31.173790694638505,30.949204274728796,31.09892696813573,0.0,262900
2022-08-17,0.0,30.94921875,0.0,31.086466599648023,30.84940278111064,30.980410794065342,0.0,236300
2022-08-18,0.0,31.036540985107425,0.0,31.111402327169944,30.911770495137105,31.042778438696317,0.0,547700
2022-08-19,0.0,30.724628448486328,0.0,30.961692237884677,30.662244368023664,30.961692237884677,0.0,221700
2022-08-22,0.0,30.17563819885254,0.0,30.50628047451896,30.113254121073982,30.50628047451896,0.0,223100
2022-08-23,0.0,30.15067672729492,0.0,30.38150059988029,30.1070050305146,30.169391468915567,0.0,351900
2022-08-24,0.0,30.225534439086918,0.0,30.369019660456733,30.10762729741594,30.14443326881736,0.0,369800
2022-08-25,0.0,30.643526077270508,0.0,30.643526077270504,30.276703700004976,30.381510093509416,0.0,178800
2022-08-26,0.0,29.67654800415039,0.0,30.705901584217678,29.63287868909776,30.705901584217678,0.0,467800
2022-08-29,0.0,29.339675903320312,0.0,29.564262369551777,29.233622505266453,29.37087031903008,0.0,271000
2022-08-30,0.0,29.0090389251709,0.0,29.495641397218403,28.78757235443646,29.43325731919181,0.0,438400
2022-08-31,0.0,28.846820831298828,0.0,29.33903694340789,28.82186626379408,29.22736727665288,0.0,227700
2022-09-01,0.0,28.81275177001953,0.546,28.92007484233788,28.21932610267239,28.736995865477443,0.0,322800
2022-09-02,0.0,28.47183990478516,0.0,29.191529257850164,28.339266500892744,29.115770962852025,0.0,232900
2022-09-06,0.0,28.351884841918945,0.0,28.61703398273548,28.168805959954614,28.490772601786443,0.0,290800
2022-09-07,0.0,28.850624084472656,0.0,28.94531834063429,28.3626239145868,28.402398343893417,0.0,523700
2022-09-08,0.0,28.98318672180176,0.0,29.1271245385947,28.57662602698001,28.69278725760136,0.0,280700
2022-09-09,0.0,29.576616287231445,0.0,29.576616287231445,29.190889180608508,29.197834532269248,0.0,299800
2022-09-12,0.0,29.86071014404297,0.0,29.87965092157529,29.67131922637293,29.74707511179371,0.0,280000
2022-09-13,0.0,28.478151321411133,0.0,29.242029320971035,28.408707429044604,29.191526204490994,0.0,663700
2022-09-14,0.0,28.66123390197754,0.0,28.724363407710964,28.396084679777346,28.59810198800784,0.0,276100
2022-09-15,0.0,28.269821166992188,0.0,28.70542291230445,28.13093578301439,28.522343987701788,0.0,420000
2022-09-16,0.0,28.093061447143555,0.0,28.13662162913256,27.7837210592251,28.010991155126572,0.0,357000
2022-09-19,0.0,28.345577239990234,0.0,28.34557723999023,27.923863825252926,27.93522829050762,0.0,270100
2022-09-20,0.0,28.10568046569824,0.0,28.27613299295501,27.919444360492644,28.124618832648142,0.0,282400
2022-09-21,0.0,27.689022064208984,0.0,28.56653513383099,27.65114291861349,28.22563004817988,0.0,348900
2022-09-22,0.0,27.37337303161621,0.0,27.62589347455536,27.272364372793277,27.487008073821563,0.0,405300
2022-09-23,0.0,26.994585037231445,0.0,27.196604735292095,26.678932720851005,27.196604735292095,0.0,372600
2022-09-26,0.0,26.92514419555664,0.0,27.329178784884768,26.836759521934518,26.96933532824965,0.0,303600
2022-09-27,0.0,26.906211853027344,0.0,27.367064101461573,26.68083700564293,27.22186427591957,0.0,2981900
2022-09-28,0.0,27.404943466186523,0.0,27.505952145945567,26.80520337651357,26.925152839390297,0.0,398100
2022-09-29,0.0,26.735754013061523,0.0,27.09559751193798,26.4567188864783,27.09559751193798,0.0,383900
2022-09-30,0.0,26.29383850097656,0.0,26.949131562707265,26.29383850097656,26.634741167004066,0.0,419800
2022-10-03,0.0,26.937318801879883,0.38,27.058372644951465,26.414882807682545,26.5614194957711,0.0,321300
2022-10-04,0.0,27.58081817626953,0.0,27.650901492721875,27.36419812105796,27.38968340529708,0.0,247300
2022-10-05,0.0,27.61267471313477,0.0,27.70187078126558,27.096608622707176,27.325971329563885,0.0,178900
2022-10-06,0.0,27.421531677246094,0.0,27.75283299512327,27.36419101779793,27.55532573915519,0.0,348300
2022-10-07,0.0,26.59965705871582,0.0,27.10871383255089,26.472233065765614,27.090237851807267,0.0,378600
2022-10-10,0.0,26.34480094909668,0.0,26.67610225644248,26.14092359540846,26.67610225644248,0.0,322800
2022-10-11,0.0,26.00076675415039,0.0,26.3862225604408,25.86060012262281,26.191901523244997,0.0,288000
2022-10-12,0.0,25.98483657836914,0.0,26.179157606099835,25.95298119014008,25.994392951796826,0.0,182200
2022-10-13,0.0,26.54231071472168,0.0,26.637879296626213,25.23622053434969,25.350901860471136,0.0,595100
2022-10-14,0.0,25.898822784423828,0.0,26.77804302963121,25.835109587402307,26.771672925134038,0.0,212500
2022-10-17,0.0,26.612384796142575,0.0,26.71750971372953,26.389392325769418,26.389392325769418,0.0,748200
2022-10-18,0.0,26.809894561767575,0.0,27.332330502887118,26.5996447064732,27.332330502887118,0.0,200600
2022-10-19,0.0,26.75893783569336,0.0,26.986387815689213,26.580545694520143,26.746195192693754,0.0,141500
2022-10-20,0.0,26.66336250305176,0.0,27.13483045347541,26.567796350275493,26.63787965389077,0.0,195800
2022-10-21,0.0,27.16668701171875,0.0,27.19918159521953,26.53594211274424,26.586910243678783,0.0,118300
2022-10-24,0.0,27.421531677246094,0.0,27.49798507970703,26.980645609915346,27.28136508072618,0.0,399500
2022-10-25,0.0,27.822925567626957,0.0,27.86752603743586,27.510739291840693,27.510739291840693,0.0,285700
2022-10-26,0.0,27.40241241455078,0.0,27.810169504448982,27.332331557158863,27.466125599101822,0.0,382700
2022-10-27,0.0,27.064754486083984,0.0,27.478881884932036,27.02652655636533,27.40242602549472,0.0,321600
2022-10-28,0.0,27.60630798339844,0.0,27.657276129816587,26.9373325297773,27.04564379033354,0.0,427000
2022-10-31,0.0,27.47249794006348,0.0,27.61903463085246,27.332970550789348,27.54895376775226,0.0,382900
2022-11-01,0.0,27.246585845947266,0.681,27.76445821017253,27.207744492601535,27.73209165042287,0.0,403200
2022-11-02,0.0,26.54745483398437,0.0,27.474449154502132,26.534510186328585,27.272478573212688,0.0,424900
2022-11-03,0.0,26.100793838500977,0.0,26.411517280696177,26.055480157518996,26.34678415626775,0.0,429100
2022-11-04,0.0,26.430932998657227,0.0,26.55392689400804,25.951899594167557,26.52156033937991,0.0,677200
2022-11-07,0.0,26.69634437561035,0.0,26.735183255841317,26.379146193734258,26.61218935275996,0.0,400100
2022-11-08,0.0,26.858184814453125,0.0,27.09122554906732,26.56364341230795,26.85818481445313,0.0,916500
2022-11-09,0.0,26.366193771362305,0.0,26.77401921758816,26.333827221213152,26.74165266743901,0.0,564200
2022-11-10,0.0,27.81624412536621,0.0,27.82919124195845,27.149481202620528,27.188322552397267,0.0,1023200
2022-11-11,0.0,28.1075439453125,0.0,28.15286008541332,27.74503457978473,27.86802847603024,0.0,552200
2022-11-14,0.0,28.016923904418945,0.0,28.19818110382364,27.965137897025095,28.07518470611858,0.0,444900
2022-11-15,0.0,28.249969482421875,0.0,28.45064614276705,28.0492952914874,28.43122422762997,0.0,1102400
2022-11-16,0.0,28.088119506835938,0.0,28.41826472814702,28.036333522153647,28.1463802829844,0.0,610200
2022-11-17,0.0,28.1075439453125,0.0,28.21112087193169,27.861556152821464,27.919816939339835,0.0,687900
2022-11-18,0.0,28.191707611083984,0.0,28.32764866485581,28.025340949255423,28.32764866485581,0.0,305300
2022-11-21,0.0,28.088119506835938,0.0,28.24930773649366,28.02014901289764,28.19169394560993,0.0,431500
2022-11-22,0.0,28.39238739013672,0.0,28.3988597160435,28.0402345827111,28.21113263181631,0.0,391200
2022-11-23,0.0,28.5477294921875,0.0,28.612465056554047,28.431207945737,28.431207945737,0.0,425200
2022-11-25,0.0,28.515380859375,0.0,28.58011646441141,28.495961412569493,28.56716934340413,0.0,288400
2022-11-28,0.0,28.30174446105957,0.0,28.5412598985868,28.22406177639437,28.45710489157093,0.0,573300
2022-11-29,0.0,28.15286064147949,0.0,28.3017487723206,28.029864273394747,28.295273979574088,0.0,802300
2022-11-30,0.0,28.884349822998047,0.0,28.884349822998047,28.11401505281526,28.178748154057352,0.0,831600
2022-12-01,0.0,28.87518310546875,0.546,28.966933170942035,28.757218021288303,28.934165647558974,0.0,482600
2022-12-02,0.0,28.80308723449707,0.0,28.84896225796488,28.547497103747475,28.547497103747475,0.0,453500
2022-12-05,0.0,28.632692337036133,0.0,28.83585494231198,28.547497292889325,28.724444884580944,0.0,1053200
2022-12-06,0.0,28.25913619995117,0.0,28.64448888676909,28.128063636407557,28.639246384227537,0.0,796800
2022-12-07,0.0,28.18049430847168,0.0,28.30828937335884,28.0494217419204,28.160834298489437,0.0,495800
2022-12-08,0.0,28.42298126220703,0.0,28.47541129681646,28.11496355888241,28.291908675685107,0.0,282000
2022-12-09,0.0,28.27880096435547,0.0,28.54094361234401,28.24603094585567,28.37055101615153,0.0,266400
2022-12-12,0.0,28.652366638183597,0.0,28.652366638183597,28.25914877260787,28.364006370094263,0.0,924800
2022-12-13,0.0,28.829301834106445,0.0,29.33392708500923,28.60647922331767,29.21596452635752,0.0,791500
2022-12-14,0.0,28.72445106506348,0.0,29.09145133420296,28.475413382431803,28.89484369002083,0.0,525900
2022-12-15,0.0,27.87247657775879,0.0,28.44591691882485,27.774174019291216,28.41642690128502,0.0,893600
2022-12-16,0.0,27.64309883117676,0.0,27.95111898529411,27.46615124264133,27.73484887708373,0.0,493600
2022-12-19,0.0,27.29576873779297,0.0,27.71519910255101,27.18435614090289,27.71519910255101,0.0,505800
2022-12-20,0.0,27.30231094360352,0.0,27.434693508788428,27.033613311297337,27.2367759113342,0.0,439700
2022-12-21,0.0,27.695533752441406,0.0,27.78728632284865,27.3613009959646,27.45960607139997,0.0,422300
2022-12-22,0.0,27.04673385620117,0.0,27.413736713834048,26.64696346663736,27.413736713834048,0.0,844300
2022-12-23,0.0,27.099143981933597,0.0,27.181064009085752,26.75180386680871,26.93530392762928,0.0,449700
2022-12-27,0.0,26.863231658935547,0.0,27.151589418264606,26.80424910589071,27.145034412369483,0.0,710400
2022-12-28,0.0,26.542097091674805,0.0,27.01395739552732,26.476562049473785,26.850117290023157,0.0,753000
2022-12-29,0.0,27.15772247314453,0.576,27.230852611685336,26.7721306554805,26.838611216297146,0.0,583700
2022-12-30,0.0,27.12446975708008,0.0,27.12446975708008,26.798711607928507,26.958265895166512,0.0,779600
2023-01-03,0.0,27.038049697875977,0.0,27.483477476263147,26.81866186487417,27.38375412012668,0.0,513300
2023-01-04,0.0,27.12446975708008,0.0,27.250786315218978,26.840594798533708,27.224193088656087,0.0,708700
2023-01-05,0.0,26.758834838867188,0.0,27.00481596455319,26.712297937685264,26.94498244359488,0.0,752200
2023-01-06,0.0,27.250795364379883,0.0,27.370459851510493,26.61323484575799,26.86520105938282,0.0,964500
2023-01-09,0.0,27.443586349487305,0.0,27.756050483841875,27.39970979935689,27.490123237233284,0.0,728900
2023-01-10,0.0,27.589847564697266,0.0,27.623087837681645,27.32392030868172,27.39040339072074,0.0,524400
2023-01-11,0.0,27.895654678344727,0.0,27.922247904052902,27.63305228063302,27.702857596064803,0.0,794000
2023-01-12,0.0,28.01533317565918,0.0,28.075166690066617,27.6895749030514,27.96879627957236,0.0,1033900
2023-01-13,0.0,28.23472023010254,0.0,28.24469205864441,27.9289031170866,27.96879296732442,0.0,551700
2023-01-17,0.0,28.3078556060791,0.0,28.38098320764351,28.194835610805374,28.3078556060791,0.0,1052100
2023-01-18,0.0,28.115049362182617,0.0,28.460753741985915,28.095103171762247,28.42086389721516,0.0,980300
2023-01-19,0.0,27.98873710632324,0.0,28.095107506051928,27.883698143541302,28.02197991679564,0.0,571600
2023-01-20,0.0,28.400915145874023,0.0,28.400915145874027,28.02197056480432,28.11504431649589,0.0,911300
2023-01-23,0.0,28.63361167907715,0.0,28.673501533620907,28.404916440143168,28.5205942286424,0.0,1016900
2023-01-24,0.0,28.573776245117188,0.0,28.62696271426803,28.50729569474907,28.55383258722084,0.0,1330600
2023-01-25,0.0,28.540531158447266,0.0,28.567124388539487,28.24136366008482,28.38762388952202,0.0,872700
2023-01-26,0.0,28.713380813598636,0.0,28.753270656974976,28.593713819539506,28.713380813598636,0.0,1325700
2023-01-27,0.0,28.80644798278809,0.0,28.884896207976848,28.65353823302145,28.68013145350861,0.0,1249100
2023-01-30,0.0,28.520601272583008,0.0,28.706748900953578,28.494008029652573,28.666859036557927,0.0,1075400
2023-01-31,0.0,28.819753646850582,0.0,28.819753646850582,28.58706921418641,28.620309485128423,0.0,753000
2023-02-01,0.0,29.008485794067383,0.441,29.10923405224991,28.686094954871788,28.793558567936987,0.0,1303800
2023-02-02,0.0,29.183115005493164,0.0,29.27714534420593,29.0890846667804,29.21669690329993,0.0,1341900
2023-02-03,0.0,28.99505043029785,0.0,29.18311366119496,28.92788663777817,28.941319908709,0.0,1305300
2023-02-06,0.0,28.954761505126957,0.0,29.012522280816704,28.86744650003775,28.9413282303336,0.0,676700
2023-02-07,0.0,29.149538040161133,0.0,29.183119943650382,28.89431096179981,28.98498235743429,0.0,725200
2023-02-08,0.0,28.941326141357425,0.0,29.11393973868327,28.92453390854399,29.10923822095171,0.0,871100
2023-02-09,0.0,28.847288131713867,0.0,29.18311220178705,28.806988320936725,29.18311220178705,0.0,866500
2023-02-10,0.0,28.773418426513672,0.0,28.981630359163663,28.61893959730964,28.981630359163663,0.0,874000
2023-02-13,0.0,28.988340377807617,0.0,29.042073471358595,28.80699503027545,28.847294850438683,0.0,679000
2023-02-14,0.0,29.203271865844727,0.0,29.25028704845741,28.887596300757856,28.914462851432333,0.0,698500
2023-02-15,0.0,29.31743431091309,0.0,29.324149663135817,29.0957892555586,29.169670940676763,0.0,825400
2023-02-16,0.0,29.048789978027344,0.0,29.29729914021035,29.02192343018728,29.15625360725257,0.0,858400
2023-02-17,0.0,28.96146774291992,0.0,28.995049638262437,28.75997380873049,28.98833428404768,0.0,958700
2023-02-21,0.0,28.538339614868164,0.0,28.827146049175656,28.498039791363915,28.77341551330512,0.0,934800
2023-02-22,0.0,28.571910858154297,0.0,28.74653823723846,28.44429607907916,28.59877739713161,0.0,726600
2023-02-23,0.0,28.773418426513672,0.0,28.86073343854565,28.45975924966085,28.847300162684164,0.0,947800
2023-02-24,0.0,28.404003143310547,0.0,28.477884855643275,28.256239718645087,28.45101831258873,0.0,1093900
2023-02-27,0.0,28.61892509460449,0.0,28.81370365268852,28.551758749333743,28.67937352428112,0.0,1036000
2023-02-28,0.0,28.60550117492676,0.0,28.79289059953013,28.538337369838395,28.639083077470943,0.0,1108200
2023-03-01,0.0,28.403982162475582,0.433,28.65504386596708,28.30219906158488,28.566832017758585,0.0,1092100
2023-03-02,0.0,28.61430931091309,0.0,28.66180995500304,28.165112303952863,28.20039805297113,0.0,914400
2023-03-03,0.0,29.041807174682617,0.0,29.075734002427424,28.70932063895205,28.763603045653536,0.0,1239800
2023-03-06,0.0,29.06216812133789,0.0,29.340372276971948,29.055381202069267,29.170735533574323,0.0,1121000
2023-03-07,0.0,28.83146095275879,0.0,29.15037625809809,28.783960285034706,29.13680500852709,0.0,1729200
2023-03-08,0.0,28.940025329589844,0.0,28.99837936702685,28.72967486594904,28.86538475899308,0.0,915600
2023-03-09,0.0,28.553258895874023,0.0,29.218234642777656,28.49218956256393,28.973957309537266,0.0,1536300
2023-03-10,0.0,28.180051803588867,0.0,28.668606397724226,28.11219814927051,28.593965824903435,0.0,1699300
2023-03-13,0.0,28.437894821166992,0.0,28.702527645398,27.92220041862074,28.091837109891948,0.0,1450200
2023-03-14,0.0,28.940025329589844,0.0,28.990914274586807,28.66860554350177,28.75681736224803,0.0,1752600
2023-03-15,0.0,29.068952560424805,0.0,29.08252381056132,28.6143247404312,28.73646340320851,0.0,1397400
2023-03-16,0.0,29.5914249420166,0.0,29.632136091454417,28.92644942054382,29.028229882588853,0.0,1420800
2023-03-17,0.0,29.516794204711918,0.0,29.72035778498517,29.387871207844167,29.618577289074224,0.0,1149900
2023-03-20,0.0,29.584636688232425,0.0,29.632134752731,29.36750193953882,29.55070986908349,0.0,877600
2023-03-21,0.0,29.88998794555664,0.0,29.92391477004951,29.67964008063038,29.8085630490836,0.0,831400
2023-03-22,0.0,29.761062622070312,0.0,30.168189660669807,29.720348882830127,29.951054894956663,0.0,1234300
2023-03-23,0.0,29.937482833862305,0.0,30.175653930992624,29.78345449758551,29.93069850506552,0.0,1272800
2023-03-24,0.0,30.03926658630371,0.0,30.039266586303707,29.794989328708017,29.91034362855068,0.0,840100
2023-03-27,0.0,29.991775512695312,0.0,30.14784099956649,29.93749051459168,30.134269750040584,0.0,862500
2023-03-28,0.0,29.9849853515625,0.0,30.012127847679515,29.823491900032767,30.012127847679515,0.0,752300
2023-03-29,0.0,30.263193130493164,0.0,30.282873125054323,30.14173523429517,30.188555139809083,0.0,797900
2023-03-30,0.0,30.344627380371094,0.0,30.43962356097036,30.282879862981574,30.43962356097036,0.0,1201400
2023-03-31,0.0,30.59567642211914,0.0,30.59567642211914,30.371076553476428,30.41246846887882,0.0,1366300
2023-04-03,0.0,30.529869079589844,0.454,30.543578359888578,30.406488171679108,30.50930385175282,0.0,967700
2023-04-04,0.0,30.5435848236084,0.0,30.625837908029567,30.50931030821937,30.591566007418947,0.0,994600
2023-04-05,0.0,30.481895446777344,0.0,30.55043925045004,30.385933075724168,30.55043925045004,0.0,960000
2023-04-06,0.0,30.57099723815918,0.0,30.584706519772944,30.331091346863595,30.44761631841342,0.0,1009500
2023-04-10,0.0,30.57099723815918,0.0,30.57785318635512,30.331091346863595,30.488744163254708,0.0,1176000
2023-04-11,0.0,30.523025512695312,0.0,30.61898789893252,30.48875360543616,30.61898789893252,0.0,961200
2023-04-12,0.0,30.433921813964844,0.0,30.66697446497804,30.401705120036564,30.66697446497804,0.0,923400
2023-04-13,0.0,30.756067276000977,0.0,30.79719511904801,30.539466911420472,30.550433290321816,0.0,828200
2023-04-14,0.0,30.776641845703125,0.0,30.82462303643141,30.5847144680112,30.71495136979836,0.0,620800
2023-04-17,0.0,30.824613571166992,0.0,30.8314669042614,30.649823507312863,30.762923114205417,0.0,727900
2023-04-18,0.0,30.858890533447266,0.0,30.989124801850227,30.79720006635567,30.968562184412495,0.0,699500
2023-04-19,0.0,30.893171310424805,0.0,30.94115250808455,30.70809985597472,30.749227717445567,0.0,729800
2023-04-20,0.0,30.756067276000977,0.0,30.941138647545618,30.65325159055039,30.74921394288213,0.0,1056100
2023-04-21,0.0,30.79034805297852,0.0,30.83833185776385,30.605279242826654,30.762932097816712,0.0,712000
2023-04-24,0.0,30.78349494934082,0.0,30.906875900222246,30.591570187871383,30.831476139708176,0.0,1380400
2023-04-25,0.0,30.24884796142578,0.0,30.72866251249173,30.241992011033712,30.72866251249173,0.0,1523700
2023-04-26,0.0,30.502456665039062,0.0,30.769781147783853,30.46132881585587,30.60527498060785,0.0,1278700
2023-04-27,0.0,31.187915802001957,0.0,31.249606289498185,30.74237310177593,30.76979167728076,0.0,1648000
2023-04-28,0.0,31.372987747192383,0.0,31.372987747192383,31.091953880892103,31.174206993892856,0.0,1923200
2023-05-01,0.0,31.403459548950195,0.484,31.47897010653825,31.32725395490655,31.396530326187595,0.0,1692100
2023-05-02,0.0,31.23719787597656,0.0,31.44502966792577,31.06400427556479,31.44502966792577,0.0,1502700
2023-05-03,0.0,31.14713478088379,0.0,31.472739577737,31.11942317206129,31.32032837193772,0.0,919100
2023-05-04,0.0,31.022424697875977,0.0,31.16790927365597,30.911580942777245,31.1263418744726,0.0,995200
2023-05-05,0.0,31.47965812683105,0.0,31.5489371312114,31.18176501480508,31.230261639233216,0.0,1248400
2023-05-08,0.0,31.61128807067871,0.0,31.625143872061862,31.424238716091985,31.521226683050163,0.0,1352000
2023-05-09,0.0,31.486597061157227,0.0,31.5628026681205,31.465812032069763,31.555873444183145,0.0,852500
2023-05-10,0.0,31.770627975463867,0.0,31.82604854202821,31.52261360652913,31.74291637081966,0.0,1318600
2023-05-11,0.0,31.86761474609375,0.0,31.8883971274304,31.708276989490155,31.819120761158917,0.0,1254600
2023-05-12,0.0,31.812198638916016,0.0,31.92304507804805,31.64593426566708,31.90918927315655,0.0,1254900
2023-05-15,0.0,31.916109085083008,0.0,31.9368914666502,31.74984474709744,31.867615099610216,0.0,1511800
2023-05-16,0.0,31.964609146118164,0.0,32.075452940084794,31.89533276591071,31.89533276591071,0.0,1525900
2023-05-17,0.0,32.2209358215332,0.0,32.24864743147778,31.985392422453486,32.07545383341106,0.0,1518800
2023-05-18,0.0,32.449562072753906,0.0,32.463417881754154,32.24934920037957,32.2832950074763,0.0,3523500
2023-05-19,0.0,32.38027572631836,0.0,32.47726371680919,32.31792592632789,32.43569630257404,0.0,1548700
2023-05-22,0.0,32.421836853027344,0.0,32.47033084282116,32.356717485043184,32.37334286323353,0.0,1451900
2023-05-23,0.0,32.26942443847656,0.0,32.42876219196139,32.22092781176699,32.39412136677971,0.0,1480200
2023-05-24,0.0,32.19322204589844,0.0,32.24171603469603,32.07544904258699,32.23478681188256,0.0,1194400
2023-05-25,0.0,32.588104248046875,0.0,32.66430984514971,32.402439654328624,32.66430984514971,0.0,2852600
2023-05-26,0.0,32.795936584472656,0.0,32.8236481916701,32.57424901234171,32.71973098604183,0.0,2830400
2023-05-30,0.0,32.78207778930664,0.0,32.93448897225982,32.730119191234046,32.927559749730634,0.0,3490400
2023-05-31,0.0,32.733585357666016,0.0,32.79801233099353,32.68509136855408,32.71972955467343,0.0,2277200
2023-06-01,0.0,32.84318923950195,0.357,32.87111182525585,32.69659965856047,32.71754026645373,0.0,1343300
2023-06-02,0.0,32.926944732666016,0.0,32.9758105749086,32.82921837386798,32.91298610670364,0.0,1694000
2023-06-05,0.0,32.9827880859375,0.0,33.03863323811028,32.93392490920803,32.94090422180792,0.0,2361100
2023-06-06,0.0,33.00373458862305,0.0,33.024677855854826,32.935326128968335,32.97581467038717,0.0,2080300
2023-06-07,0.0,32.794315338134766,0.0,33.08749706713487,32.77337473707885,33.02467260112367,0.0,1766100
2023-06-08,0.0,32.95487976074219,0.0,32.98280234890332,32.82225146124366,32.82225146124366,0.0,1188700
2023-06-09,0.0,33.01071548461914,0.0,33.1084418523551,32.95487032428784,32.989772218073,0.0,1685100
2023-06-12,0.0,33.213134765625,0.0,33.2201140760019,33.059563308907535,33.094465186477166,0.0,1746400
2023-06-13,0.0,33.248043060302734,0.0,33.303885542623625,33.15729603083281,33.303885542623625,0.0,1373500
2023-06-14,0.0,33.296913146972656,0.0,33.31785374933716,33.192204809462865,33.268990568590894,0.0,1074500
2023-06-15,0.0,33.36671829223633,0.0,33.39464087175799,33.24805132353487,33.2620126132957,0.0,1751200
2023-06-16,0.0,33.296913146972656,0.0,33.415580110829694,33.2899311709554,33.40860079765608,0.0,1455200
2023-06-20,0.0,33.38067626953125,0.0,33.408598846282075,33.2271047602452,33.2271047602452,0.0,1324800
2023-06-21,0.0,33.282958984375,0.0,33.39464665897314,33.220134500985786,33.39464665897314,0.0,3899800
2023-06-22,0.0,33.464447021484375,0.0,33.464447021484375,33.251541997569646,33.268994276714366,0.0,1533700
2023-06-23,0.0,33.34577941894531,0.0,33.43652647567668,33.241071071728825,33.34577941894531,0.0,1872600
2023-06-26,0.0,33.12238693237305,0.0,33.45744974184999,33.101443676076514,33.3597234219412,0.0,1482900
2023-06-27,0.0,33.41557693481445,0.0,33.46444011091648,33.17126105430435,33.21314491789611,0.0,2110100
2023-06-28,0.0,33.436519622802734,0.0,33.52586866818262,33.31087069703248,33.35275189706034,0.0,2281000
2023-06-29,0.0,33.45746612548828,0.0,33.49236801928345,33.373701047811124,33.47840672919662,0.0,2239600
2023-06-30,0.0,33.76459884643555,0.0,33.79252142026427,33.611030016063964,33.62498864013513,0.0,2248100
2023-07-03,0.0,33.77656936645508,0.367,33.825806132913264,33.74140063087102,33.825806132913264,0.0,1172500
2023-07-05,0.0,33.83283233642578,0.0,33.88206909346774,33.73435882234187,33.73435882234187,0.0,1456400
2023-07-06,0.0,33.7132568359375,0.0,33.755460918879066,33.57961459809208,33.706221480512944,0.0,1625900
2023-07-07,0.0,33.67808532714844,0.0,33.88910035802597,33.66401730066304,33.71325405176108,0.0,1306800
2023-07-10,0.0,33.642921447753906,0.0,33.71677658503749,33.4741077888185,33.671054821574735,0.0,1813600
2023-07-11,0.0,33.748435974121094,0.0,33.7610980078701,33.54797121391294,33.70623187816047,0.0,1494800
2023-07-12,0.0,34.015708923339844,0.0,34.05791031836628,33.89542904447095,33.95943681903578,0.0,1660600
2023-07-13,0.0,34.26893615722656,0.0,34.2900368597463,34.1486562498191,34.17749530763728,0.0,1561200
2023-07-14,0.0,34.31113052368164,0.0,34.43703708038575,34.26681744755922,34.304097852018494,0.0,1589300
2023-07-17,0.0,34.472904205322266,0.0,34.501040254624954,34.297057921982486,34.297057921982486,0.0,1407200
2023-07-18,0.0,34.62062454223633,0.0,34.64875791436704,34.388506110545,34.47994694877509,0.0,1766500
2023-07-19,0.0,34.59951400756836,0.0,34.69095482689804,34.571380641252695,34.64875075262248,0.0,1806000
2023-07-20,0.0,34.275962829589844,0.0,34.57138602915728,34.212658049911234,34.52918194830428,0.0,1940800
2023-07-21,0.0,34.22673034667969,0.0,34.43774541086545,34.19859428926769,34.38147597924357,0.0,1467100
2023-07-24,0.0,34.26189422607422,0.0,34.353335058116045,34.17045607723413,34.31816633293126,0.0,6446700
2023-07-25,0.0,34.451805114746094,0.0,34.522145241279325,34.3322309244418,34.33926359549439,0.0,1406300
2023-07-26,0.0,34.43070983886719,0.0,34.494014621112534,34.2759642193337,34.43774251102694,0.0,1469200
2023-07-27,0.0,34.41664505004883,0.0,34.76130236554969,34.33223956017954,34.75426969272814,0.0,2344200
2023-07-28,0.0,34.74020004272461,0.0,34.77536877159548,34.58545441585036,34.61359047222786,0.0,1963000
2023-07-31,0.0,34.768333435058594,0.0,34.80350216123474,34.7050286546608,34.79998448365659,0.0,2311300
2023-08-01,0.0,34.751338958740234,0.366,34.77259706902228,34.66630111117503,34.71590787386398,0.0,1450900
2023-08-02,0.0,34.340328216552734,0.0,34.63086741578643,34.22694713156442,34.62378228063267,0.0,2319100
2023-08-03,0.0,34.276546478271484,0.0,34.439531596599615,34.13481946570244,34.198596486197616,0.0,2084300
2023-08-04,0.0,34.25528335571289,0.0,34.66487217244528,34.21276444720384,34.46078735868037,0.0,1537900
2023-08-07,0.0,34.53873443603516,0.0,34.545819568582324,34.270161687481426,34.389919620371494,0.0,1240900
2023-08-08,0.0,34.30488586425781,0.0,34.34740477086667,34.04977783103947,34.33323180199705,0.0,2295300
2023-08-09,0.0,33.99309539794922,0.0,34.34741158028108,33.90097243364191,34.326150771152975,0.0,1599100
2023-08-10,0.0,34.04977798461914,0.0,34.492673126727134,33.929311803510124,34.21985090860427,0.0,1542800
2023-08-11,0.0,33.88679504394531,0.0,34.02143420251927,33.766328855202964,33.97183015971741,0.0,1683300
2023-08-14,0.0,34.241119384765625,0.0,34.2552923579933,33.780507216130125,33.8301139740361,0.0,1601600
2023-08-15,0.0,33.96474838256836,0.0,34.25528753478155,33.900971363632884,34.19151051584608,0.0,1346400
2023-08-16,0.0,33.617523193359375,0.0,34.01435834723572,33.61256278772615,33.92932320826876,0.0,1878800
2023-08-17,0.0,33.29863357543945,0.0,33.76633079386481,33.24194169285808,33.709638911283434,0.0,1707900
2023-08-18,0.0,33.25611114501953,0.0,33.35177530773218,32.95139906642743,32.97265716853747,0.0,1751200
2023-08-21,0.0,33.73090744018555,0.0,33.77342636526206,33.34824792737126,33.4049371242547,0.0,1558000
2023-08-22,0.0,33.69546127319336,0.0,33.943484170304494,33.63877210168223,33.943484170304494,0.0,1500700
2023-08-23,0.0,34.148983001708984,0.0,34.21276000458218,33.76632368768696,33.78049395213241,0.0,1843500
2023-08-24,0.0,33.5112190246582,0.0,34.425355256109455,33.49704605557941,34.425355256109455,0.0,2093800
2023-08-25,0.0,33.787593841552734,0.0,33.85137086717887,33.32344047368471,33.59626276467432,0.0,2044400
2023-08-28,0.0,33.96474838256836,0.0,34.01435243027174,33.77341732576193,33.978921353800445,0.0,1839100
2023-08-29,0.0,34.489131927490234,0.0,34.50330489754105,33.93073096421998,33.95765771506418,0.0,2466500
2023-08-30,0.0,34.64503479003906,0.0,34.68046586651817,34.45370373319046,34.51748075214,0.0,2457300
2023-08-31,0.0,34.722984313964844,0.0,34.82219240806132,34.65212216195817,34.694638371875044,0.0,2012500
2023-09-01,0.0,34.72369766235352,0.451,34.85959029745501,34.63071892175715,34.85959029745501,0.0,1948800
2023-09-05,0.0,34.75945281982422,0.0,34.83097596692693,34.6235629328227,34.71654165989168,0.0,1648900
2023-09-06,0.0,34.5949592590332,0.0,34.76661211146247,34.48052493352354,34.74515652803238,0.0,1905400
2023-09-07,0.0,34.47337341308594,0.0,34.501982676073744,34.24450476584245,34.3374807780586,0.0,1680200
2023-09-08,0.0,34.49483108520508,0.0,34.63072100013257,34.4376152840939,34.487680133189805,0.0,1736600
2023-09-11,0.0,34.78091812133789,0.0,34.79522275363459,34.58780967782689,34.695090327557686,0.0,1892400
2023-09-12,0.0,34.53059005737305,0.0,34.73085217486835,34.50198352201333,34.69866607113554,0.0,1265700
2023-09-13,0.0,34.66648483276367,0.0,34.74515894859428,34.48768101617765,34.51628755330083,0.0,1563000
2023-09-14,0.0,34.84529113769531,0.0,34.902506944357235,34.651467852154816,34.78807260270347,0.0,1739700
2023-09-15,0.0,34.48051834106445,0.0,34.80951662296114,34.4197257140827,34.80951662296114,0.0,1890500
2023-09-18,0.0,34.537742614746094,0.0,34.602112091789714,34.39469902927922,34.43045924356357,0.0,1449000
2023-09-19,0.0,34.50198745727539,0.0,34.552052310277176,34.27526324558883,34.4769550307745,0.0,1764300
2023-09-20,0.0,34.115760803222656,0.0,34.60925823984419,34.10145617382838,34.58780265991732,0.0,1671300
2023-09-21,0.0,33.52928924560547,0.0,33.87259221324013,33.52213556576109,33.87259221324013,0.0,2821400
2023-09-22,0.0,33.55075454711914,0.0,33.87260202510908,33.51857116348528,33.679493538315114,0.0,1630200
2023-09-25,0.0,33.68663024902344,0.0,33.6973607673614,33.37193658600415,33.44345700494928,0.0,1529200
2023-09-26,0.0,33.236053466796875,0.0,33.52571476933847,33.14307472057094,33.50783329679629,0.0,3113700
2023-09-27,0.0,33.286109924316406,0.0,33.42915348360282,32.97141354822052,33.371934968556666,0.0,1867800
2023-09-28,0.0,33.54359817504883,0.0,33.70452052388399,33.134493305075175,33.22890170147989,0.0,2146000
2023-09-29,0.0,33.56504821777344,0.0,33.92265580353422,33.46491853029311,33.84398169813415,0.0,2891400
2023-10-02,0.0,33.801029205322266,0.417,33.89989291279264,33.5275312399521,33.57010864607351,0.0,2562400
2023-10-03,0.0,33.252586364746094,0.0,33.75772325822588,33.108260358270606,33.649480817961475,0.0,2965600
2023-10-04,0.0,33.64226531982422,0.0,33.71803585906288,33.28866947004381,33.346398224934774,0.0,2124200
2023-10-05,0.0,33.58453369140625,0.0,33.69277612986166,33.27784265326491,33.66391313128062,0.0,1913300
2023-10-06,0.0,34.01028823852539,0.0,34.08966766521082,33.28144327785842,33.37525557783112,0.0,2986900
2023-10-09,0.0,34.13296890258789,0.0,34.16904971508828,33.72164158394651,33.83710183562147,0.0,1768300
2023-10-10,0.0,34.27729034423828,0.0,34.443264261886206,34.132964360652075,34.18347804198887,0.0,1923000
2023-10-11,0.0,34.45048904418945,0.0,34.47935204451414,34.25637057076116,34.39275753796063,0.0,1882600
2023-10-12,0.0,34.37831497192383,0.0,34.61645323881421,34.22605270926326,34.500993011688585,0.0,2279700
2023-10-13,0.0,34.10409927368164,0.0,34.47213067659155,33.977093837117145,34.47213067659155,0.0,2337200
2023-10-16,0.0,34.37831497192383,0.0,34.4432615217313,34.20512600762987,34.22677393996938,0.0,1764900
2023-10-17,0.0,34.349456787109375,0.0,34.46491703964729,34.0319417808275,34.18348284613547,0.0,1917900
2023-10-18,0.0,34.01028823852539,0.0,34.33502100551617,33.93812387208905,34.21955801921802,0.0,2233900
2023-10-19,0.0,33.82988739013672,0.0,34.233275671088826,33.75988945644,34.1618352756469,0.0,1975500
2023-10-20,0.0,33.425777435302734,0.0,33.85875272868846,33.40412949647038,33.77215822056927,0.0,2189700
2023-10-23,0.0,33.54845428466797,0.0,33.84432136664308,33.15083583776533,33.35361458393465,0.0,2584600
2023-10-24,0.0,33.851531982421875,0.0,33.887612792013805,33.5700978136998,33.728856679251464,0.0,2286300
2023-10-25,0.0,33.13713073730469,0.0,33.70000201263719,33.07940197353149,33.70000201263719,0.0,3481900
2023-10-26,0.0,32.545387268066406,0.0,33.12269125955175,32.43714483425499,33.050526884221355,0.0,4184900
2023-10-27,0.0,32.73300552368164,0.0,33.03464512135412,32.61177270005698,32.884546553212466,0.0,3223000
2023-10-30,0.0,33.12268829345703,0.0,33.22371565708326,32.88455000537589,32.99279518228354,0.0,3754500
2023-10-31,0.0,33.31032180786133,0.0,33.33918756551361,32.920642337925976,33.137130014737785,0.0,2941100
2023-11-01,0.0,33.85502624511719,0.418,33.8914367725813,33.37876698975512,33.40352681513757,0.0,3274300
2023-11-02,0.0,34.328372955322266,0.0,34.35021871894639,34.10262599001826,34.2118575860844,0.0,2791800
2023-11-03,0.0,34.60509490966797,0.0,34.699764506830206,34.42303948786497,34.43032048244116,0.0,3026600
2023-11-06,0.0,34.772579193115234,0.0,34.77986018635736,34.61236956234075,34.68519338448586,0.0,2056100
2023-11-07,0.0,34.93278884887695,0.0,35.00560989312938,34.76529822474054,34.83811926899297,0.0,2623700
2023-11-08,0.0,35.042022705078125,0.0,35.07115223586048,34.89128030012166,35.03474171135501,0.0,2836700
2023-11-09,0.0,34.874534606933594,0.0,35.13669484715562,34.83812407977946,35.122130080704935,0.0,3206300
2023-11-10,0.0,35.326026916503906,0.0,35.3405916811658,34.96191613379107,35.02017519243864,0.0,2556000
2023-11-13,0.0,35.33331680297852,0.0,35.36972733196244,35.21680144346277,35.304187268613255,0.0,1950400
2023-11-14,0.0,35.58819580078125,0.0,35.69014640032481,35.52265573279676,35.69014640032481,0.0,3016700
2023-11-15,0.0,35.57361602783203,0.0,35.639156068172134,35.52264074956132,35.639156068172134,0.0,2787200
2023-11-16,0.0,35.63188552856445,0.0,35.639166522762835,35.52265116997276,35.573626463196845,0.0,1927300
2023-11-17,0.0,35.661014556884766,0.0,35.690141311211484,35.60275549234113,35.64644979074886,0.0,2357900
2023-11-20,0.0,35.7702522277832,0.0,35.78481699639954,35.675585398695354,35.690147389366125,0.0,2936200
2023-11-21,0.0,35.75568389892578,0.0,35.77753243864758,35.71199237537276,35.76296767148148,0.0,2243200
2023-11-22,0.0,35.86491775512695,0.0,35.93045781747241,35.80665868728866,35.843071993660224,0.0,2363400
2023-11-24,0.0,35.85034942626953,0.0,35.89404372280702,35.80665512973204,35.88675995107828,0.0,1052000
2023-11-27,0.0,35.879478454589844,0.0,35.93773473787863,35.83578415866455,35.88675944827159,0.0,2854600
2023-11-28,0.0,35.95230865478516,0.0,35.959592428265914,35.85035804961973,35.88676858318657,0.0,2569500
2023-11-29,0.0,35.915889739990234,0.0,36.06881561205204,35.90132497437316,36.03968885876288,0.0,5444000
2023-11-30,0.0,35.88675308227539,0.0,35.95229312556463,35.719262477857214,35.937728362839856,0.0,3393200
2023-12-01,0.0,35.91761016845703,0.422,35.99106019092832,35.733982310340046,35.90291960357502,0.0,3093200
2023-12-04,0.0,35.756004333496094,0.0,35.778038772194,35.550342100481515,35.76334821241613,0.0,2323400
2023-12-05,0.0,35.829471588134766,0.0,35.880887171153326,35.638499822914255,35.67522483907907,0.0,1727300
2023-12-06,0.0,35.689918518066406,0.0,36.03513986438478,35.68257463496872,36.03513986438478,0.0,1935300
2023-12-07,0.0,36.07184982299805,0.0,36.09388426503065,35.85884087688882,35.89556588092257,0.0,2521300
2023-12-08,0.0,36.18204498291016,0.0,36.21142612327319,35.97638260424843,36.02045431479298,0.0,2265200
2023-12-11,0.0,36.32894134521485,0.0,36.33995857038344,36.13796957110093,36.19672903931319,0.0,2617000
2023-12-12,0.0,36.49786758422852,0.0,36.49786758422852,36.2922053050384,36.35096755734323,0.0,2232700
2023-12-13,0.0,36.68885040283203,0.0,36.710884851462254,36.52725697437294,36.541947540772775,0.0,2862200
2023-12-14,0.0,36.65211868286133,0.0,36.762293707796665,36.51255972856262,36.73291258037183,0.0,3574900
2023-12-15,0.0,36.72557830810547,0.0,36.75495944321737,36.65212827226496,36.72557830810547,0.0,2569300
2023-12-18,0.0,36.82106018066406,0.0,36.83575074605936,36.74026347195941,36.78433516814527,0.0,2805900
2023-12-19,0.0,36.85044479370117,0.0,36.86513536160167,36.806375891939,36.86513536160167,0.0,2359000
2023-12-20,0.0,36.63743591308594,0.0,36.887169945446274,36.62274534624837,36.850442127382806,0.0,3184700
2023-12-21,0.0,36.828407287597656,0.0,36.85778842096125,36.696194989400574,36.82106340522631,0.0,2177300
2023-12-22,0.0,36.84308242797852,0.0,36.89449798886742,36.79166686708961,36.89449798886742,0.0,2434100
2023-12-26,0.0,36.90919494628906,0.0,36.93122938993521,36.87981382013525,36.89450438321216,0.0,2306300
2023-12-27,0.0,36.96062088012695,0.0,36.96796756469468,36.89451472871343,36.95327699749843,0.0,2515000
2023-12-28,0.0,36.99911117553711,0.392,37.08054224494588,36.98430526983208,37.08054224494588,0.0,2857600
2023-12-29,0.0,36.96210479736328,0.0,37.02872997363807,36.87327217030967,37.02872997363807,0.0,2277100
2024-01-02,0.0,36.695594787597656,0.0,36.85105255150762,36.5786301168731,36.85105255150762,0.0,3137400
2024-01-03,0.0,36.436500549316406,0.0,36.57863215971288,36.392082832602526,36.540139064377705,0.0,2316600
2024-01-04,0.0,36.2884407043457,0.0,36.532731062103984,36.273634800248615,36.32545405261969,0.0,2790100
2024-01-05,0.0,36.38467788696289,0.0,36.55494154919312,36.27363501753829,36.303246825909845,0.0,2798000
2024-01-08,0.0,36.93988037109375,0.0,36.9472819099726,36.4660999886746,36.47350435149045,0.0,2124500
2024-01-09,0.0,37.02132415771485,0.0,37.0620396985072,36.74002037907084,36.79183964481779,0.0,1954900
2024-01-10,0.0,37.2656135559082,0.0,37.310031275080014,37.043530607924914,37.05833651431552,0.0,2263400
2024-01-11,0.0,37.33964157104492,0.0,37.4210726470749,36.9991141839541,37.36925338486273,0.0,3065200
2024-01-12,0.0,37.37665557861328,0.0,37.44920254149517,37.27301423627276,37.38405711966869,0.0,1675200
2024-01-16,0.0,37.44328308105469,0.0,37.5247113334982,37.27301656283622,37.35444763921775,0.0,2417600
2024-01-17,0.0,37.280418395996094,0.0,37.30262584297788,36.96950001856214,37.25821094901432,0.0,2376400
2024-01-18,0.0,37.66536712646485,0.0,37.69497611732832,37.42847825592856,37.53211678379592,0.0,2927000
2024-01-19,0.0,38.04290390014648,0.0,38.05030826504104,37.74679425493355,37.81341941929557,0.0,3906100
2024-01-22,0.0,38.11692810058594,0.0,38.17614889177423,38.05030294553824,38.17614889177423,0.0,2710800
2024-01-23,0.0,38.18356704711914,0.0,38.19837013230988,38.0651197740859,38.18356704711914,0.0,2818100
2024-01-24,0.0,38.30200958251953,0.0,38.42785556792204,38.287203674130126,38.3538288499133,0.0,3522200
2024-01-25,0.0,38.34641647338867,0.0,38.42044599987131,38.25758386554718,38.4130416352542,0.0,2593200
2024-01-26,0.0,38.33901596069336,0.0,38.4130426652232,38.298300426020624,38.34641750157124,0.0,2579100
2024-01-29,0.0,38.53148651123047,0.0,38.5388908759355,38.376028739677466,38.40564055062215,0.0,2521900
2024-01-30,0.0,38.46487045288086,0.0,38.55370590674151,38.442663001384894,38.54630154028392,0.0,3211800
2024-01-31,0.0,38.0725212097168,0.0,38.37603526365327,38.06511684375301,38.3205138146777,0.0,3500500
2024-02-01,0.0,38.37210464477539,0.342,38.39446075782397,38.12617602987124,38.237962280799024,0.0,2599700
2024-02-02,0.0,38.70744705200195,0.0,38.759613196643926,38.46971726020139,38.536043599200944,0.0,3128600
2024-02-05,0.0,38.72236251831055,0.0,38.75962365413062,38.58076906505729,38.71491142828351,0.0,2854200
2024-02-06,0.0,38.670196533203125,0.0,38.80433889703157,38.58076923826498,38.78943387406814,0.0,2338300
2024-02-07,0.0,38.916114807128906,0.0,38.94592200229302,38.75216244093867,38.80432858602799,0.0,2610100
2024-02-08,0.0,38.97573852539063,0.0,38.99809747903608,38.91612128230112,38.95338241458733,0.0,2274500
2024-02-09,0.0,39.11733627319336,0.0,39.139692384834,38.990645007264426,39.02790614094626,0.0,2397100
2024-02-12,0.0,39.04281234741211,0.0,39.16204968451657,39.02790732491876,39.147144662023216,0.0,2467700
2024-02-13,0.0,38.84160232543945,0.0,38.95338858284157,38.70000886319371,38.80434118725295,0.0,2403100
2024-02-14,0.0,39.124786376953125,0.0,39.13969139861874,38.886311715987645,39.05026411146724,0.0,2359800
2024-02-15,0.0,39.16204452514648,0.0,39.22166460726529,39.020451094377286,39.22166460726529,0.0,2189800
2024-02-16,0.0,38.99065017700195,0.0,39.24402989961295,38.968294062397135,39.24402989961295,0.0,2570300
2024-02-20,0.0,38.79687881469727,0.0,38.960083519061016,38.59938943833737,38.92356721625915,0.0,2612000
2024-02-21,0.0,38.68509292602539,0.0,38.69627098004368,38.42053522383936,38.69254401442364,0.0,3338100
2024-02-22,0.0,39.48249816894531,0.0,39.51230821212595,39.281284641739255,39.38561695002932,0.0,2917600
2024-02-23,0.0,39.48249816894531,0.0,39.58608565258218,39.37816586065525,39.57937938786131,0.0,2453300
2024-02-26,0.0,39.51976013183594,0.0,39.64645139659444,39.49740402040183,39.58683130898049,0.0,2795400
2024-02-27,0.0,39.58683013916016,0.0,39.66135524647531,39.46014172098764,39.66135524647531,0.0,2512800
2024-02-28,0.0,39.47505187988281,0.0,39.55330112061576,39.43033680967434,39.52721804037144,0.0,2707200
2024-02-29,0.0,39.71352767944336,0.0,39.78059886521081,39.512314122140985,39.69862265562363,0.0,3319000
2024-03-01,0.0,39.97622680664063,0.38,39.99123887688085,39.75855894630642,39.803592293767466,0.0,3237800
2024-03-04,0.0,39.94621658325195,0.0,40.03628616635754,39.938709114424576,39.9762378687802,0.0,3084400
2024-03-05,0.0,39.63846206665039,0.0,39.89366151373517,39.5108609114783,39.89366151373517,0.0,3619400
2024-03-06,0.0,39.8486213684082,0.0,39.96871504556404,39.73978602610149,39.96871504556404,0.0,2544700
2024-03-07,0.0,40.16386795043945,0.0,40.201399552587006,39.93869265385037,39.96121218779075,0.0,2320800
2024-03-08,0.0,39.923675537109375,0.0,40.34025107158792,39.8583760550878,40.26143987091075,0.0,3364800
2024-03-11,0.0,39.81859970092773,0.0,39.931188782914525,39.66848187936512,39.90116464595014,0.0,2538600
2024-03-12,0.0,40.23894119262695,0.0,40.267462127083306,39.82761955430474,40.00625835570339,0.0,2127100
2024-03-13,0.0,40.1263427734375,0.0,40.27646060557544,40.05128528899828,40.26895600243533,0.0,1886000
2024-03-14,0.0,40.08130645751953,0.0,40.25394094954283,39.893659897069085,40.23892888111568,0.0,1922900
2024-03-15,0.0,39.71352005004883,0.0,39.97622410333894,39.6347088340618,39.97622410333894,0.0,2216800
2024-03-18,0.0,40.02125930786133,0.0,40.18488599077215,40.00624723901255,40.0287667739154,0.0,2200700
2024-03-19,0.0,40.14884948730469,0.0,40.17887075353698,39.75103692969697,39.94619090812912,0.0,2273100
2024-03-20,0.0,40.47911834716797,0.0,40.49413041637308,40.11883727602349,40.21641429422703,0.0,2391600
2024-03-21,0.0,40.65925216674805,0.0,40.884430312299614,40.625477162870745,40.82438204328344,0.0,3054000
2024-03-22,0.0,40.72681427001953,0.0,40.76434587829211,40.61047430150172,40.68928552500666,0.0,1791500
2024-03-25,0.0,40.68177795410156,0.0,40.764342905063664,40.58420093357731,40.70429462681504,0.0,2163900
2024-03-26,0.0,40.64424514770508,0.0,40.82438423791937,40.62923307964402,40.79436010179725,0.0,2333700
2024-03-27,0.0,40.749324798583984,0.0,40.82438227201567,40.5579245190964,40.80186560263798,0.0,2870200
2024-03-28,0.0,40.71179962158203,0.0,40.79436170427222,40.66676341562975,40.78685710157651,0.0,3607900
2024-04-01,0.0,40.80031204223633,0.427,40.92892280248719,40.65657009501852,40.913794501499055,0.0,3211100
2024-04-02,0.0,40.52796936035156,0.0,40.55823174392658,40.27074487192342,40.46744747918128,0.0,2438600
2024-04-03,0.0,40.61119079589844,0.0,40.77006398587606,40.3615304522366,40.38422868364757,0.0,3021400
2024-04-04,0.0,40.11185836791992,0.0,40.974315811569326,40.09218753652991,40.93648928765079,0.0,3125100
2024-04-05,0.0,40.543094635009766,0.0,40.72996179603412,40.22156479289573,40.2934343359226,0.0,2213600
2024-04-08,0.0,40.60361862182617,0.0,40.73223229695708,40.48635550395522,40.66414338329471,0.0,1630600
2024-04-09,0.0,40.69439697265625,0.0,40.78518120926711,40.30855891659713,40.77005002216882,0.0,2123800
2024-04-10,0.0,40.42959976196289,0.0,40.50903631841673,40.26316249957416,40.35394672323878,0.0,2622600
2024-04-11,0.0,40.93649291992188,0.0,40.9818835982601,40.39934872907325,40.626310778701495,0.0,2043000
2024-04-12,0.0,40.39934539794922,0.0,40.70574399538434,40.27073175264465,40.65656980257956,0.0,2993000
2024-04-15,0.0,39.80167770385742,0.0,40.70196170421504,39.34018659169819,40.58848212832632,0.0,5725900
2024-04-16,0.0,39.86219787597656,0.0,40.08159575375721,39.71089178121078,39.801676015266,0.0,2218200
2024-04-17,0.0,39.42341232299805,0.0,40.036209624073486,39.347756375595374,40.02108132057226,0.0,2425300
2024-04-18,0.0,39.24183654785156,0.0,39.65036996021276,39.20401002136901,39.52932334388118,0.0,2318300
2024-04-19,0.0,38.46260070800781,0.0,39.162401577470646,38.31885874710608,39.15861805887402,0.0,6985900
2024-04-22,0.0,38.81817626953125,0.0,39.0337906530341,38.38694750252554,38.7273891394402,0.0,2795200
2024-04-23,0.0,39.41583633422852,0.0,39.49905641448314,38.99217466890116,39.037565341055576,0.0,3126700
2024-04-24,0.0,39.514198303222656,0.0,39.78277043480263,39.31068769187499,39.73737975035383,0.0,3012400
2024-04-25,0.0,39.29479217529297,0.0,39.39692696594868,38.74251683723617,38.93165234558352,0.0,2494700
2024-04-26,0.0,39.83950424194336,0.0,39.9529867038474,39.552017454837646,39.67306406741181,0.0,3636400
2024-04-29,0.0,40.005950927734375,0.0,40.08160399066423,39.786553004866704,40.05134161110055,0.0,3800800
2024-04-30,0.0,39.37044143676758,0.0,40.01350090175581,39.37044143676758,39.96054319927341,0.0,3280400
2024-05-01,0.0,39.14999008178711,0.431,39.82893527829394,39.05081742867725,39.28730516760659,0.0,3223600
2024-05-02,0.0,39.59244155883789,0.0,39.62676886754392,39.0813237630427,39.48563869712037,0.0,2330000
2024-05-03,0.0,40.24087524414063,0.0,40.27139035032806,40.03108752670288,40.06541774868391,0.0,2877000
2024-05-06,0.0,40.6223030090332,0.0,40.6223030090332,40.34004556820613,40.40107286699661,0.0,3691900
2024-05-07,0.0,40.62992858886719,0.0,40.7252861035811,40.5803437288449,40.61467394738372,0.0,2458600
2024-05-08,0.0,40.652809143066406,0.0,40.71383642839067,40.32477911796881,40.51549411348695,0.0,1843400
2024-05-09,0.0,40.71384048461914,0.0,40.7367282652159,40.56126789098818,40.70621316447368,0.0,1997700
2024-05-10,0.0,40.79777526855469,0.0,40.88931770493102,40.69173771581029,40.81303282629767,0.0,1756500
2024-05-13,0.0,40.82827377319336,0.0,40.912188851598415,40.7443586947883,40.912188851598415,0.0,1780200
2024-05-14,0.0,40.950340270996094,0.0,40.98085538077038,40.77488275491552,40.79776763220571,0.0,1693500
2024-05-15,0.0,41.26311111450195,0.0,41.27836866873962,41.05713849741488,41.16775358307724,0.0,2591500
2024-05-16,0.0,41.24785614013672,0.0,41.33177123865193,41.24022881758129,41.30888636090455,0.0,2244200
2024-05-17,0.0,41.28600311279297,0.0,41.30126066966261,41.20971823852617,41.30126066966261,0.0,1911400
2024-05-20,0.0,41.36990737915039,0.0,41.39279225341694,41.30888007774603,41.33939227340788,0.0,2216500
2024-05-21,0.0,41.4004135131836,0.0,41.408040832926005,41.3088711258745,41.369898414053885,0.0,1974700
2024-05-22,0.0,41.35466003417969,0.0,41.44620537400407,41.28981760103177,41.44620537400407,0.0,2526200
2024-05-23,0.0,41.35466003417969,0.0,41.5987751202153,41.25549028115866,41.59114779693729,0.0,2792000
2024-05-24,0.0,41.48434066772461,0.0,41.50722554369967,41.34855047408927,41.43856800569362,0.0,2209900
2024-05-28,0.0,41.6140251159668,0.0,41.62546755384551,41.48510271441465,41.53774025672144,0.0,3074600
2024-05-29,0.0,41.54536819458008,0.0,41.614025732951184,41.48434088829515,41.52629843452642,0.0,3029300
2024-05-30,0.0,41.25547790527344,0.0,41.55299289525024,41.17156282398142,41.55299289525024,0.0,3472100
2024-05-31,0.0,41.33938980102539,0.0,41.35464735298413,40.622302319447215,41.35464735298413,0.0,4943900
2024-06-03,0.0,41.37016296386719,0.45,41.50862786025418,41.085541981048905,41.50862786025418,0.0,3392900
2024-06-04,0.0,41.43939971923828,0.0,41.50094098378403,41.26555122234966,41.30093480845936,0.0,1804300
2024-06-05,0.0,41.86248016357422,0.0,41.86248016357422,41.60093862683164,41.724018205365816,0.0,3711900
2024-06-06,0.0,41.89324951171875,0.0,41.93863662716159,41.82401706750573,41.924020139024215,0.0,2515500
2024-06-07,0.0,41.91633605957031,0.0,41.993259706433776,41.83171828735108,41.89325661795205,0.0,1826700
2024-06-10,0.0,42.00094223022461,0.0,42.027865794515904,41.85478615756449,41.893247973059424,0.0,2135000
2024-06-11,0.0,42.1240234375,0.0,42.1240234375,41.893249601113645,41.9547908558559,0.0,1887900
2024-06-12,0.0,42.35480880737305,0.0,42.42019420297508,42.270191032147295,42.3701941241822,0.0,3326000
2024-06-13,0.0,42.43171691894531,0.0,42.46248754129575,42.331713863530425,42.45479341848412,0.0,2151700
2024-06-14,0.0,42.44710159301758,0.0,42.44710159301758,42.377869160992255,42.3855603492404,0.0,1962100
2024-06-17,0.0,42.52402877807617,0.0,42.55249292621088,42.43171983912017,42.48556696471519,0.0,2979800
2024-06-18,0.0,42.56250381469727,0.0,42.57788619620149,42.51634786683766,42.56250381469727,0.0,2431800
2024-06-20,0.0,42.47788619995117,0.0,42.64711880715904,42.39326842912275,42.64711880715904,0.0,2699200
2024-06-21,0.0,42.49327087402344,0.0,42.54480860070567,42.39326778869612,42.485576748910375,0.0,1986100
2024-06-24,0.0,42.35480880737305,0.0,42.51635023219541,42.3471146817439,42.493273724206254,0.0,2866800
2024-06-25,0.0,42.56250381469727,0.0,42.57019500544938,42.38557414845994,42.47019191897805,0.0,2648900
2024-06-26,0.0,42.68558120727539,0.0,42.693272397631,42.53557511807729,42.55480749563953,0.0,2947600
2024-06-27,0.0,42.73942184448242,0.0,42.79711309949943,42.64865055295439,42.70095709520659,0.0,3069000
2024-06-28,0.0,42.69327163696289,0.0,42.9525096443949,42.64711569230516,42.84712185137323,0.0,3608500
2024-07-01,0.0,42.794803619384766,0.421,42.82580943994218,42.49638072793357,42.74829784542644,0.0,3098600
2024-07-02,0.0,42.98084259033203,0.0,42.98084259033203,42.69404609563191,42.69404609563191,0.0,2990500
2024-07-03,0.0,43.12812805175781,0.0,43.13588098879719,42.97310183664059,42.98860475384022,0.0,3661000
2024-07-05,0.0,43.31414794921875,0.0,43.3218979272047,43.16687175558104,43.19787758128143,0.0,3941500
2024-07-08,0.0,43.37614822387695,0.0,43.39165113371784,43.29863663155025,43.3373924277136,0.0,2550200
2024-07-09,0.0,43.3838996887207,0.0,43.46141127842369,43.35289387008847,43.46141127842369,0.0,2887100
2024-07-10,0.0,43.49242782592773,0.0,43.50017780405878,43.40716328209452,43.46917493465625,0.0,2145400
2024-07-11,0.0,43.120365142822266,0.0,43.54668488891189,43.06610642733149,43.54668488891189,0.0,3380200
2024-07-12,0.0,43.28314208984375,0.0,43.46917408702306,43.151368809158754,43.19787754767316,0.0,2115700
2024-07-15,0.0,43.33740615844727,0.0,43.50018232803287,43.2598945415623,43.39554134955032,0.0,2387200
2024-07-16,0.0,43.3683967590332,0.0,43.44590834869978,43.24437644144012,43.39164964455765,0.0,3168400
2024-07-17,0.0,42.51577377319336,0.0,42.988602372513256,42.50802379346241,42.988602372513256,0.0,4465300
2024-07-18,0.0,42.29097366333008,0.0,42.76379913566154,42.06618589257844,42.75604915871882,0.0,5295300
2024-07-19,0.0,42.004173278808594,0.0,42.46925172032725,41.91193347524457,42.28321975234422,0.0,2341400
2024-07-22,0.0,42.59327697753906,0.0,42.655285669460014,42.236718867578624,42.40724498801988,0.0,2893700
2024-07-23,0.0,42.47700119018555,0.0,42.75604766039114,42.44056949901229,42.56226571795701,0.0,2740400
2024-07-24,0.0,41.12052536010742,0.0,42.00417049652049,41.06626665572259,42.00417049652049,0.0,4561900
2024-07-25,0.0,40.678707122802734,0.0,41.49259073210377,40.44616937112785,41.17478844820992,0.0,4341800
2024-07-26,0.0,41.05077362060547,0.0,41.27556142534264,40.81126056176302,41.07402946870546,0.0,3234800
2024-07-29,0.0,41.10503005981445,0.0,41.44608821551361,40.942253916527946,41.24455331316808,0.0,2757000
2024-07-30,0.0,40.601200103759766,0.0,41.34144570838279,40.30665067474914,41.30656637229274,0.0,3849400
2024-07-31,0.0,41.63987731933594,0.0,41.77940059660038,41.28331619028308,41.36083076480704,0.0,3727300
2024-08-01,0.0,40.82493591308594,0.427,41.98913156923517,40.50458725289504,41.72347636464493,0.0,4166800
2024-08-02,0.0,39.9576530456543,0.0,40.33269519269496,39.55917169585173,39.9576530456543,0.0,9301600
2024-08-05,0.0,38.84814834594727,0.0,39.40289792522916,37.24718604289645,37.65269850117898,0.0,7877400
2024-08-06,0.0,39.21537399291992,0.0,39.83732049222487,38.73876006324079,39.0591086943075,0.0,3756100
2024-08-07,0.0,38.83252716064453,0.0,39.99671994989853,38.793460828625214,39.83263956707537,0.0,3850400
2024-08-08,0.0,39.83262634277344,0.0,39.90294690929004,38.97315540140975,39.34038237715724,0.0,2526900
2024-08-09,0.0,40.07484817504883,0.0,40.23892852749415,39.676363912745,39.80137794040375,0.0,2439600
2024-08-12,0.0,40.15298461914063,0.0,40.37957349711309,39.94983792271105,40.18814640117005,0.0,2510000
2024-08-13,0.0,40.94213104248047,0.0,40.95775518669791,40.46551416847766,40.504580490159846,0.0,2605800
2024-08-14,0.0,41.028079986572266,0.0,41.15700154392332,40.71554640033377,41.06714929285047,0.0,2490100
2024-08-15,0.0,41.70003509521485,0.0,41.723477277106205,41.39609446505719,41.489073341611686,0.0,3163100
2024-08-16,0.0,41.762542724609375,0.0,41.82504825367061,41.58283523027487,41.60627443110161,0.0,1688800
2024-08-19,0.0,42.1219596862793,0.0,42.1219596862793,41.70238187675071,41.79379893705469,0.0,2560100
2024-08-20,0.0,42.090702056884766,0.0,42.19227689136794,41.98913020297128,42.10632918377216,0.0,1947100
2024-08-21,0.0,42.1688346862793,0.0,42.235247735390686,42.02428600829907,42.14539250733391,0.0,1706700
2024-08-22,0.0,41.80942153930664,0.0,42.27744551516873,41.770355210686205,42.262599296899225,0.0,2425300
2024-08-23,0.0,42.11414337158203,0.0,42.18446395084455,41.84848818109801,42.02428813896951,0.0,2187600
2024-08-26,0.0,42.00474166870117,0.0,42.21570334714028,41.87972767191157,42.18445208336947,0.0,2223200
2024-08-27,0.0,42.0985107421875,0.0,42.14538913518847,41.80160133738129,41.9422424775227,0.0,1584800
2024-08-28,0.0,41.83287048339844,0.0,42.1063378085185,41.62347051689915,42.1063378085185,0.0,3179300
2024-08-29,0.0,41.87973785400391,0.0,42.227433210251874,41.79769767809288,41.99693980848796,0.0,3267000
2024-08-30,0.0,42.25478744506836,0.0,42.25947290084874,41.91099659803744,42.11414627684113,0.0,2476700
2024-09-03,0.0,41.38400268554688,0.557,42.12452810286797,41.20637319713557,42.118209791066285,0.0,3482000
2024-09-04,0.0,41.328739166259766,0.0,41.56952767486824,41.11163679743424,41.2024241299068,0.0,2476900
2024-09-05,0.0,41.352420806884766,0.0,41.63663036065385,41.17084315010734,41.257682281236605,0.0,2394300
2024-09-06,0.0,40.54715347290039,0.0,41.40767533713803,40.48399446816249,41.3682024649704,0.0,4311500
2024-09-09,0.0,40.99715423583984,0.0,41.05241686376793,40.635577035060464,40.89452235043597,0.0,2128500
2024-09-10,0.0,41.31294631958008,0.0,41.34847100662516,40.8471591271565,41.18662829029734,0.0,2380500
2024-09-11,0.0,41.96820068359375,0.0,42.01951511959282,40.80767949449145,41.43925753662897,0.0,2319900
2024-09-12,0.0,42.26820755004883,0.0,42.32347018693108,41.84978657018456,42.0234708641504,0.0,3882900
2024-09-13,0.0,42.433990478515625,0.0,42.505042862105945,42.2524128341376,42.26820258733405,0.0,1945200
2024-09-16,0.0,42.347145080566406,0.0,42.37082820274351,42.12609457601412,42.37082820274351,0.0,1822200
2024-09-17,0.0,42.37872695922852,0.0,42.59583229664167,42.18530775690697,42.53662147629377,0.0,2258200
2024-09-18,0.0,42.29188919067383,0.0,42.67083426380203,42.24057474725433,42.49715298752727,0.0,2380800
2024-09-19,0.0,42.96293640136719,0.0,43.07899094419113,42.80030765507707,42.970832784263294,0.0,3209700
2024-09-20,0.0,42.95503616333008,0.0,43.006350597601006,42.73398566297876,42.95503616333008,0.0,1790000
2024-09-23,0.0,43.08136749267578,0.0,43.12478857335634,42.978735573650056,43.06557773501118,0.0,2206200
2024-09-24,0.0,43.1918830871582,0.0,43.220303439938114,42.89978016491787,43.14846201622668,0.0,2091500
2024-09-25,0.0,43.20767593383789,0.0,43.27872832666703,43.15241329625832,43.19583437029768,0.0,2187000
2024-09-26,0.0,43.33398818969727,0.0,43.49977609182104,43.18004185035552,43.49188272049558,0.0,3875300
2024-09-27,0.0,43.26293563842773,0.0,43.38925066027297,43.19977963329895,43.38925066027297,0.0,2702500
2024-09-30,0.0,43.36556625366211,0.0,43.37345962472464,43.11688440876007,43.28662049668648,0.0,3942500
2024-10-01,0.0,43.0234489440918,0.551,43.37433417456409,42.80813197013067,43.36636082387035,0.0,4477200
2024-10-02,0.0,43.07130432128906,0.0,43.15504125300159,42.816114455212016,42.99155862892867,0.0,2889000
2024-10-03,0.0,43.01547622680664,0.0,43.174970633232256,42.891869506825614,42.99155313057877,0.0,3113200
2024-10-04,0.0,43.3583869934082,0.0,43.3823131311084,43.09920897005868,43.37433673784077,0.0,2194400
2024-10-07,0.0,43.1430778503418,0.0,43.39826772345226,43.0832701004747,43.374344623505415,0.0,3206300
2024-10-08,0.0,43.48597717285156,0.0,43.52186485444376,43.274648405805145,43.31053608739734,0.0,2284700
2024-10-09,0.0,43.66142654418945,0.0,43.677376288801305,43.45009775176224,43.525858278142834,0.0,2404200
2024-10-10,0.0,43.66940689086914,0.0,43.73320587953653,43.54978835027261,43.613584296836784,0.0,1894800
2024-10-11,0.0,43.749149322509766,0.0,43.794604422228495,43.62155440566446,43.62155440566446,0.0,2335600
2024-10-14,0.0,43.93257141113281,0.0,43.97643245357384,43.86957249811358,43.87674881931752,0.0,3335600
2024-10-15,0.0,43.73320007324219,0.0,44.01231300634719,43.64946619331069,44.01231300634719,0.0,2902100
2024-10-16,0.0,43.789024353027344,0.0,43.8209238443593,43.58965709535701,43.80497409869332,0.0,2564600
2024-10-17,0.0,43.85281753540039,0.0,44.05218476670097,43.820918048287695,44.05218476670097,0.0,2435100
2024-10-18,0.0,44.07610321044922,0.0,44.11198784808786,43.97243140932277,44.01230424295535,0.0,1913500
2024-10-21,0.0,44.14787673950195,0.0,44.15585008960642,43.93654797755727,44.09205416246382,0.0,3388500
2024-10-22,0.0,44.20370864868164,0.0,44.243581491826376,43.99636499696434,44.044214233999774,0.0,2259600
2024-10-23,0.0,43.7969970703125,0.0,44.11598589480494,43.5497836213286,44.11598589480494,0.0,4314300
2024-10-24,0.0,44.06016159057617,0.0,44.09206108020343,43.85680614683089,44.08408468674523,0.0,2159900
2024-10-25,0.0,44.179786682128906,0.0,44.45092628139783,44.12794924682118,44.2196595262943,0.0,2666100
2024-10-28,0.0,44.23561096191406,0.0,44.43497823245868,44.21966121521812,44.42700183805915,0.0,3438300
2024-10-29,0.0,44.49080657958984,0.0,44.53865278376331,44.155867939857984,44.25953978573969,0.0,3109000
2024-10-30,0.0,44.34724426269531,0.0,44.546611479814345,44.30737142769196,44.546611479814345,0.0,4438500
2024-10-31,0.0,43.525856018066406,0.0,44.2037033973078,43.51787962512329,44.19572700436469,0.0,6226900
2024-11-01,0.0,43.81073760986328,0.494,44.03607046226971,43.62564484995346,43.71416814162512,0.0,3437900
2024-11-04,0.0,43.73830795288086,0.0,43.97571159537431,43.593452221502325,43.76245262136923,0.0,2829000
2024-11-05,0.0,44.20506286621094,0.0,44.21310904187954,43.81073272091996,43.82682814214486,0.0,2775900
2024-11-06,0.0,45.033958435058594,0.0,45.08224470015941,44.71205921071656,44.77643782762985,0.0,5356700
2024-11-07,0.0,45.41219711303711,0.0,45.428292536134805,45.17077190634781,45.17077190634781,0.0,3538100
2024-11-08,0.0,45.5007209777832,0.0,45.54900417779589,45.39610226127553,45.39610226127553,0.0,3030700
2024-11-11,0.0,45.51681518554688,0.0,45.57475625197002,45.41219647183307,45.56509838427016,0.0,3161200
2024-11-12,0.0,45.5811882019043,0.0,45.605329798297184,45.452427904662834,45.54899736012202,0.0,3156800
2024-11-13,0.0,45.58924865722656,0.0,45.69386431391143,45.484629930653306,45.633510308088766,0.0,3596500
2024-11-14,0.0,45.49267578125,0.0,45.65362695869349,45.44439257693881,45.62143610922712,0.0,2356300
2024-11-15,0.0,44.75228500366211,0.0,45.2834215069813,44.5993800708105,45.2834215069813,0.0,6316300
2024-11-18,0.0,45.025917053222656,0.0,45.16272354740954,44.76839641837477,44.929347582626725,0.0,3116800
2024-11-19,0.0,45.2673454284668,0.0,45.30355783126317,44.80863657371607,44.84082742279396,0.0,2965300
2024-11-20,0.0,45.23514938354492,0.0,45.29953107430563,44.77644058148285,45.29953107430563,0.0,3112000
2024-11-21,0.0,45.44438934326172,0.0,45.50876796772512,44.90520339767601,45.44438934326172,0.0,3229800
2024-11-22,0.0,45.524864196777344,0.0,45.55705504452267,45.33172525008182,45.44439014730224,0.0,2981300
2024-11-25,0.0,45.62143325805664,0.0,45.90309856845181,45.49267293812656,45.83871687354268,0.0,3582000
2024-11-26,0.0,45.84675979614258,0.0,45.8789475692689,45.73811646844197,45.83066437463553,0.0,3628900
2024-11-27,0.0,45.6133918762207,0.0,45.85481711773328,45.37196663470813,45.85481711773328,0.0,4384200
2024-11-29,0.0,45.943336486816406,0.0,45.97552733489736,45.63752956982384,45.75019446821893,0.0,3304000
2024-12-02,0.0,46.25837707519531,0.508,46.282735418442215,46.01478125292808,46.022902765643416,0.0,3849400
2024-12-03,0.0,46.38017272949219,0.0,46.38829424235472,46.16093834394792,46.21777654418722,0.0,3109400
2024-12-04,0.0,46.680606842041016,0.0,46.680606842041016,46.5271406036638,46.599407200514776,0.0,4010600
2024-12-05,0.0,46.62376403808594,0.0,46.72120360476968,46.5912872799742,46.72120360476968,0.0,3298900
2024-12-06,0.0,46.78616714477539,0.0,46.81052858877761,46.6562508007468,46.69684907748387,0.0,3077900
2024-12-09,0.0,46.648136138916016,0.0,46.794292424893,46.599416344440286,46.79023166765747,0.0,3693600
2024-12-10,0.0,46.6075325012207,0.0,46.79428704573431,46.550694296257866,46.73744884077146,0.0,2838900
2024-12-11,0.0,46.99728012084961,0.0,47.02975688168313,46.80240406859964,46.80240406859964,0.0,3912800
2024-12-12,0.0,46.86736297607422,0.0,46.964799451792224,46.85112304721293,46.95505487498551,0.0,2907100
2024-12-13,0.0,46.97291946411133,0.0,47.08659897000432,46.85924305566816,47.03787918176446,0.0,3346200
2024-12-16,0.0,47.143436431884766,0.0,47.15155484773866,47.021638511927925,47.09471664441208,0.0,3751800
2024-12-17,0.0,47.08660125732422,0.0,47.11502036081552,47.01352312013944,47.11095960390249,0.0,3181200
2024-12-18,0.0,46.15282440185547,0.0,47.15155685672531,46.07974626625768,47.11907699702631,0.0,6793000
2024-12-19,0.0,46.12034606933594,0.0,46.55069648097303,46.09598772248007,46.5060374467706,0.0,7638800
2024-12-20,0.0,46.44513320922852,0.0,46.72932421511593,45.76307169764905,45.90110644409447,0.0,5512400
2024-12-23,0.0,46.82676696777344,0.0,46.83326541802192,46.376122054426375,46.58317420185744,0.0,4364200
2024-12-24,0.0,47.21652221679688,0.0,47.21652221679688,46.90796970769532,47.01758537546217,0.0,3269600
2024-12-26,0.0,47.20027160644531,0.0,47.26522822145763,47.02163549462469,47.16779175021437,0.0,3570700
2024-12-27,0.0,46.883602142333984,0.0,47.11095494779449,46.57098893737612,47.11095494779449,0.0,4648200
2024-12-30,0.0,46.46950149536133,0.0,46.7293342127489,46.16907049665387,46.52633970869921,0.0,5371600
2024-12-31,0.0,46.147003173828125,0.456,46.62173126525408,46.06515134956307,46.62173126525408,0.0,4666300
2025-01-02,0.0,46.06515121459961,0.0,46.56443641300618,45.68864219106698,46.42529299565501,0.0,4732600
2025-01-03,0.0,46.719970703125,0.0,46.77726544009952,46.255880211302426,46.28616368018067,0.0,5048200
2025-01-06,0.0,47.15375518798828,0.0,47.35838005645042,46.98187104783873,47.1128308387614,0.0,5471600
2025-01-07,0.0,46.47440719604492,0.0,47.28472318968686,46.31889339304741,47.28472318968686,0.0,5366800
2025-01-08,0.0,46.50715255737305,0.0,46.60537164681094,46.14292044180935,46.49078218874531,0.0,3792200
2025-01-10,0.0,45.819602966308594,0.0,46.2615934585064,45.5609586904486,46.25340671476502,0.0,6629400
2025-01-13,0.0,45.69683837890625,0.0,45.727939892834186,45.19755307731122,45.35306689160784,0.0,5184500
2025-01-14,0.0,45.6395378112793,0.0,46.04551542458636,45.353064190863655,45.983309278106354,0.0,3530900
2025-01-15,0.0,46.53170394897461,0.0,46.60536904251878,46.14782928590554,46.28615467793683,0.0,4975500
2025-01-16,0.0,46.31070709228516,0.0,46.73632412032849,46.3066137201901,46.719956876604414,0.0,3125900
2025-01-17,0.0,46.875465393066406,0.0,46.97368445599304,46.68721088815382,46.891835757275466,0.0,6088900
2025-01-21,0.0,47.11283874511719,0.0,47.170133468115424,46.76906728479953,47.13739273430837,0.0,5379200
2025-01-22,0.0,47.530269622802734,0.0,47.61211833060061,47.41568018295448,47.464791281030045,0.0,4798900
2025-01-23,0.0,47.66941833496094,0.0,47.66941833496094,47.382941600018725,47.44842306708947,0.0,3714200
2025-01-24,0.0,47.530269622802734,0.0,47.72671089277692,47.42795717689136,47.718524148600295,0.0,4246800
2025-01-27,0.0,46.53989791870117,0.0,47.039183283304894,46.253421122745024,46.65448738815208,0.0,9503700
2025-01-28,0.0,47.0801010131836,0.0,47.14476131259634,46.368007180281545,46.67085118148589,0.0,5137100
2025-01-29,0.0,46.95732116699219,0.0,47.1128380892466,46.69130817258748,47.1128380892466,0.0,5421200
2025-01-30,0.0,47.0801010131836,0.0,47.23561482519049,46.756793271463,47.14557936264445,0.0,5017500
2025-01-31,0.0,47.0391731262207,0.0,47.52208801629523,46.965508037147366,47.3502007269053,0.0,6877600
2025-02-03,0.0,46.70919036865234,0.45,46.89645709430246,46.16884308411392,46.37920856732654,0.0,7592200
2025-02-04,0.0,47.129913330078125,0.0,47.15878677212711,46.70093422894381,46.78342887852114,0.0,4178700
2025-02-05,0.0,47.31966400146485,0.0,47.31966400146485,46.92368393141964,47.05567728810137,0.0,4129300
2025-02-06,0.0,47.50939178466797,0.0,47.52589134329359,47.29490381647299,47.37327278623339,0.0,3780900
2025-02-07,0.0,47.158790588378906,0.0,47.69088961802877,47.11341758334888,47.57539269351726,0.0,4717600
2025-02-10,0.0,47.608394622802734,0.0,47.64139374603806,47.43927962341848,47.47640127683102,0.0,4122600
2025-02-11,0.0,47.55064010620117,0.0,47.64138610706301,47.402147222421625,47.45989410533933,0.0,4644400
2025-02-12,0.0,47.55064010620117,0.0,47.60013878311738,47.16620950836229,47.237154779670014,0.0,4528800
2025-02-13,0.0,47.93838119506836,0.0,47.95488075724837,47.60014803780248,47.6826427017328,0.0,4682000
2025-02-14,0.0,48.07037353515625,0.0,48.09512130442124,47.92188062562704,47.96725363392595,0.0,3647400
2025-02-18,0.0,48.1611213684082,0.0,48.23536782597341,48.01510197150973,48.23536782597341,0.0,4250700
2025-02-19,0.0,48.26835632324219,0.0,48.28485588314064,48.05386833850076,48.16936211082071,0.0,4575400
2025-02-20,0.0,48.17761993408203,0.0,48.27661415979756,47.89300799480898,48.268362805255606,0.0,3990000
2025-02-21,0.0,47.49289321899414,0.0,48.29310452073728,47.41864677711108,48.29310452073728,0.0,6012300
2025-02-24,0.0,47.03091812133789,0.0,47.74038346918141,47.0061703547287,47.6826365824471,0.0,6231000
2025-02-25,0.0,46.51944351196289,0.0,47.00616951067606,46.164710844410784,47.00616951067606,0.0,7899700
2025-02-26,0.0,46.65144348144531,0.0,47.05567488581686,46.39570813610079,46.72981561474493,0.0,5848000
2025-02-27,0.0,45.4800033569336,0.0,47.02267624015197,45.46350379465156,46.98142890793174,0.0,8444000
2025-02-28,0.0,46.18121337890625,0.0,46.23071206139354,45.199513111845874,45.529494887519455,0.0,7271700
2025-03-03,0.0,45.25089263916016,0.482,46.59061245043316,44.93468470980557,46.54900372144676,0.0,9146000
2025-03-04,0.0,45.067832946777344,0.0,45.75849734804911,44.38549156260336,44.934693241921465,0.0,9877800
2025-03-05,0.0,45.6253662109375,0.0,45.7418630777751,44.72667065367337,45.14273270626568,0.0,7918100
2025-03-06,0.0,44.43542098999024,0.0,45.29999583404703,44.2565142105864,44.95133695936137,0.0,7323500
2025-03-07,0.0,44.7349739074707,0.0,44.855632238890905,43.78635328725709,44.38548343657111,0.0,6584700
2025-03-10,0.0,43.19555282592773,0.0,44.05680096145331,42.77117102080969,44.05680096145331,0.0,11139000
2025-03-11,0.0,43.08737564086914,0.0,43.66154317827501,42.65467082075922,43.14562406143193,0.0,6905600
2025-03-12,0.0,43.56168365478516,0.0,43.87040344129107,43.10401615767818,43.74475192334821,0.0,5241800
2025-03-13,0.0,42.812774658203125,0.0,43.50343583437676,42.67547345489668,43.4784731335213,0.0,6146500
2025-03-14,0.0,43.77804183959961,0.0,43.85293312262285,43.233001664114354,43.3037314385527,0.0,5297100
2025-03-17,0.0,44.00271224975586,0.0,44.27731148317988,43.64489872264219,43.827963820157954,0.0,5144300
2025-03-18,0.0,43.39525985717773,0.0,43.79467892251248,43.195548737360085,43.7863559064406,0.0,5245900
2025-03-19,0.0,43.8862190246582,0.0,44.23570956401507,43.40358560444045,43.57833087411888,0.0,5126900
2025-03-20,0.0,43.81132507324219,0.0,44.21490250264544,43.55419718554486,43.64489965660227,0.0,4387100
2025-03-21,0.0,43.93613815307617,0.0,43.977743710250095,43.31204527256572,43.42022226065835,0.0,4556500
2025-03-24,0.0,44.7349739074707,0.0,44.79322549358768,44.46037470523536,44.54358581517325,0.0,5405900
2025-03-25,0.0,44.94301223754883,0.0,45.05118923767416,44.73498125423907,44.85148127130528,0.0,4930200
2025-03-26,0.0,44.28563690185547,0.0,44.90972985402682,44.14417418206016,44.90972985402682,0.0,4687500
2025-03-27,0.0,44.08592224121094,0.0,44.43125440901105,43.96110556532098,44.14833216630624,0.0,4384100
2025-03-28,0.0,43.112335205078125,0.0,43.98606455990047,43.02080107922333,43.93613598917048,0.0,7299300
2025-03-31,0.0,43.08737564086914,0.0,43.1705899376023,42.0805064576542,42.50489143524122,0.0,8193500
2025-04-01,0.0,43.39935302734375,0.541,43.45821645364786,42.70560183696969,42.97469270230739,0.0,5752900
2025-04-02,0.0,43.63479995727539,0.0,43.91650391196364,42.84434606405868,42.886390903773766,0.0,5950700
2025-04-03,0.0,41.49889373779297,0.0,42.32298809300139,41.44844120718317,42.15060005924183,0.0,15606200
2025-04-04,0.0,39.18638610839844,0.0,40.615933071111584,39.12752269297633,40.36366083247175,0.0,22360000
2025-04-07,0.0,39.27889633178711,0.0,40.85139998117317,37.261555166701015,37.748440739022,0.0,19670100
2025-04-08,0.0,38.5809440612793,0.0,40.91867237203593,37.96708026772869,40.39730917342601,0.0,14939700
2025-04-09,0.0,42.62570571899414,0.0,42.768662016542265,38.40433921635033,38.56411409054032,0.0,16189300
2025-04-10,0.0,41.08684921264648,0.0,41.78480260844829,39.89275574857025,41.66707576152866,0.0,14714900
2025-04-11,0.0,41.65866470336914,0.0,41.75116527783654,40.64957248489457,40.98593762699134,0.0,7327600
2025-04-14,0.0,41.98662185668945,0.0,42.5500298196825,41.5829855829446,42.53321444844875,0.0,6402500
2025-04-15,0.0,42.06230545043945,0.0,42.373441155094525,41.92776002076569,42.09173716293634,0.0,5875000
2025-04-16,0.0,41.00275802612305,0.0,41.671282945886816,40.4654167468369,41.41480521533912,0.0,6261500
2025-04-17,0.0,40.98594284057617,0.0,41.2508282583963,40.758896821952,41.23821512533098,0.0,4221400
2025-04-21,0.0,40.10297775268555,0.0,40.57388828447964,39.64047811328568,40.54025113053387,0.0,6753500
2025-04-22,0.0,41.011173248291016,0.0,41.22140070811956,40.47299146438057,40.59912601558781,0.0,6086100
2025-04-23,0.0,41.742767333984375,0.0,42.331404911346766,41.61663277243176,42.10856429890209,0.0,7851400
2025-04-24,0.0,42.57525634765625,0.0,42.592074925542775,41.87729980053637,41.90252927127402,0.0,6181800
2025-04-25,0.0,42.96208953857422,0.0,42.9789081225376,42.50799739501366,42.6425428589038,0.0,5279600
2025-04-28,0.0,42.97889709472656,0.0,43.12185021001009,42.604692519053735,43.04196596645238,0.0,5794000
2025-04-29,0.0,43.15549087524414,0.0,43.205946618287015,42.82753656500627,42.88639999464813,0.0,9588800
2025-04-30,0.0,43.17230987548828,0.0,43.29844763041218,42.44324058091147,42.67701340599245,0.0,8104500
2025-05-01,0.0,43.45989227294922,0.598,43.64707048795724,43.40884189851734,43.53646296616538,0.0,6424300
2025-05-02,0.0,43.80872344970703,0.0,43.89380415188917,43.63430379092667,43.75341807222997,0.0,5762900
2025-05-05,0.0,43.79170608520508,0.0,43.9023103474656,43.65557501612847,43.67259180546564,0.0,5266700
2025-05-06,0.0,43.63855743408203,0.0,43.800212061417525,43.49391635015394,43.56198350626613,0.0,3998000
2025-05-07,0.0,43.78319549560547,0.0,43.86827944117948,43.45137622191845,43.744910154312656,0.0,4507000
2025-05-08,0.0,43.91082000732422,0.0,44.08098465368929,43.788301072466886,44.08098465368929,0.0,6473000
2025-05-09,0.0,43.927833557128906,0.0,44.04439352383155,43.85976640535412,44.00865924283592,0.0,5450500
2025-05-12,0.0,44.43832778930664,0.0,44.64252601544422,44.310706737888765,44.64252601544422,0.0,9144900
2025-05-13,0.0,44.54042053222656,0.0,44.58296412378537,44.47235662784909,44.54893054878647,0.0,8437300
2025-05-14,0.0,44.599979400634766,0.0,44.62550620568713,44.54042226488003,44.62550620568713,0.0,7904200
2025-05-15,0.0,44.608489990234375,0.0,44.64252356699416,44.497882488575335,44.57020140497448,0.0,4170900
2025-05-16,0.0,44.68506240844727,0.0,44.69356917954013,44.57445491051768,44.68506240844727,0.0,4497700
2025-05-19,0.0,44.69356918334961,0.0,44.7020792000636,44.47235743309199,44.48086420418557,0.0,4067800
2025-05-20,0.0,44.65954208374024,0.0,44.70208243352605,44.55744134950948,44.668048855449136,0.0,4218100
2025-05-21,0.0,44.37876892089844,0.0,44.70208141401413,44.31070501191758,44.56595035043182,0.0,5573100
2025-05-22,0.0,44.43832778930664,0.0,44.56169707761175,44.36175386020764,44.43832778930664,0.0,7655900
2025-05-23,0.0,44.27667236328125,0.0,44.38302486036122,43.99590021309223,44.11501449052249,0.0,5917000
2025-05-27,0.0,44.770145416259766,0.0,44.78716220494557,44.54042363743222,44.62550758086126,0.0,6359900
2025-05-28,0.0,44.72760391235352,0.0,44.90457461537131,44.71058712410713,44.88075176095048,0.0,7291400
2025-05-29,0.0,44.821197509765625,0.0,45.0679360867885,44.68506644065312,45.05091929744685,0.0,7702400
2025-05-30,0.0,44.77865219116211,0.0,44.83820932443985,44.40428935842166,44.82969930790284,0.0,9798100
2025-06-02,0.0,44.96893310546875,0.621,44.97323892012509,44.61593184425645,44.72786003470159,0.0,5749800
2025-06-03,0.0,45.132511138916016,0.0,45.1841710538912,44.94309801942121,44.94309801942121,0.0,5101700
2025-06-04,0.0,45.22721862792969,0.0,45.2616585707036,45.080853797701145,45.17125618420237,0.0,6301000
2025-06-05,0.0,45.06362915039063,0.0,45.42523865887396,44.93448102057608,45.28748218644601,0.0,10307100
2025-06-06,0.0,45.37358856201172,0.0,45.43213581020037,45.27888035777253,45.28748870162434,0.0,6835700
2025-06-09,0.0,45.45968246459961,0.0,45.51995072113955,45.35636592258452,45.41663417912446,0.0,8015300
2025-06-10,0.0,45.62327194213867,0.0,45.64910025733855,45.37789309461856,45.485515453783066,0.0,5259400
2025-06-11,0.0,45.5629997253418,0.0,45.74380778218741,45.425243239024105,45.72228199692345,0.0,5023900
2025-06-12,0.0,45.66632843017578,0.0,45.68354840485949,45.47691199302924,45.51135194239667,0.0,4119000
2025-06-13,0.0,45.27888488769531,0.0,45.58022621826418,45.192788303068255,45.33054480909605,0.0,6582400
2025-06-16,0.0,45.76103210449219,0.0,45.78686042176573,45.48551910566097,45.494127449960814,0.0,4254600
2025-06-17,0.0,45.44246673583984,0.0,45.735199702522216,45.37789594378591,45.64049149501116,0.0,4896700
2025-06-18,0.0,45.50273132324219,0.0,45.73261449126049,45.42524309466139,45.54578289363328,0.0,4471100
2025-06-20,0.0,45.4166374206543,0.0,45.799772772163934,45.28748927063748,45.69645622277481,0.0,5312300
2025-06-23,0.0,45.8213005065918,0.0,45.84712882394362,45.25735706420932,45.46399345614604,0.0,5767200
2025-06-24,0.0,46.28622817993164,0.0,46.307753968023306,46.10542338370856,46.20873994092545,0.0,5373500
2025-06-25,0.0,46.40676498413086,0.0,46.467033245628194,46.31205677767107,46.449813273146965,0.0,5886200
2025-06-26,0.0,46.604793548583984,0.0,46.65645018587394,46.42398546494655,46.5445252821629,0.0,7596300
2025-06-27,0.0,46.72532272338867,0.0,46.75115103796635,46.55312629599887,46.68227443763464,0.0,8431100
2025-06-30,0.0,46.83725738525391,0.0,46.90613399513157,46.7597691464077,46.90613399513157,0.0,11398600
2025-07-01,0.0,46.75384521484375,0.494,46.82335301597393,46.600053694532825,46.80597523707328,0.0,7421200
2025-07-02,0.0,46.901554107666016,0.0,46.901554107666016,46.70171461032599,46.71909239024329,0.0,6218400
2025-07-03,0.0,47.05794525146485,0.0,47.084010261024304,46.97974690831424,47.03188024190538,0.0,5122400
2025-07-07,0.0,46.94498443603516,0.0,47.00580499236116,46.840721098686544,46.97973998664194,0.0,7297600
2025-07-08,0.0,47.049259185791016,0.0,47.09270197429083,46.97106084070242,47.0058130828189,0.0,4186700
2025-07-09,0.0,47.17959213256836,0.0,47.2230349252866,47.05795098716823,47.1187715598683,0.0,5318600
2025-07-10,0.0,47.231719970703125,0.0,47.24909774866069,47.084010515299966,47.196964414788,0.0,4443500
2025-07-11,0.0,47.231719970703125,0.0,47.275162758360906,47.084010515299966,47.17089940508777,0.0,4237500
2025-07-14,0.0,47.27516555786133,0.0,47.30123056910504,47.10486796405382,47.21434498864436,0.0,3868200
2025-07-15,0.0,47.34467315673828,0.0,47.45067329186814,47.33598261065434,47.39680317535316,0.0,4086600
2025-07-16,0.0,47.39681243896485,0.0,47.41419022005699,47.066641227159806,47.39681243896485,0.0,4759500
2025-07-17,0.0,47.57926559448242,0.0,47.59664337244293,47.37942611964503,47.45762446323116,0.0,4032100
2025-07-18,0.0,47.51845169067383,0.0,47.66616116680999,47.5097644577118,47.66616116680999,0.0,6278500
2025-07-21,0.0,47.69221496582031,0.0,47.77041330198185,47.61401662965878,47.62270717505002,0.0,5293700
2025-07-22,0.0,47.58796310424805,0.0,47.72698203380246,47.43156639419025,47.72698203380246,0.0,5171900
2025-07-23,0.0,47.72697067260742,0.0,47.7356579035548,47.53581844704578,47.68352788892667,0.0,4347100
2025-07-24,0.0,47.805171966552734,0.0,47.86599253036293,47.74435140274255,47.79648142059577,0.0,4534400
2025-07-25,0.0,47.85730743408203,0.0,47.926815232478205,47.77910908934116,47.835584382692566,0.0,4430400
2025-07-28,0.0,48.01370620727539,0.0,48.022396754597175,47.93985312740356,47.978953961406255,0.0,6316600
2025-07-29,0.0,47.961570739746094,0.0,48.178787995528936,47.935502415211,48.17009744919314,0.0,6570500
2025-07-30,0.0,47.98763275146485,0.0,48.08320886835311,47.79648051768831,48.02673357858826,0.0,7059900
2025-07-31,0.0,47.87467575073242,0.0,48.34386575893382,47.79647741603219,48.33517852817685,0.0,9643700
2025-08-01,0.0,47.13364791870117,0.444,47.56285041270617,46.94970065130165,47.52781251973508,0.0,9385900
2025-08-04,0.0,47.86066818237305,0.0,47.869429326746925,47.440223470160696,47.440223470160696,0.0,7055800
2025-08-05,0.0,47.5978889465332,0.0,47.97453794755014,47.56285105309037,47.9307422514453,0.0,6749400
2025-08-06,0.0,48.018333435058594,0.0,48.06212913097317,47.6250409351552,47.65044557969922,0.0,5897900
2025-08-07,0.0,48.15848159790039,0.0,48.368705615945885,47.91322302801182,48.254834133613016,0.0,6510400
2025-08-08,0.0,48.45629501342773,0.0,48.46505615707599,48.202275309984536,48.202275309984536,0.0,6085500
2025-08-11,0.0,48.42126083374024,0.0,48.57017021460103,48.36870733341086,48.447540925302455,0.0,5441100
2025-08-12,0.0,48.81543350219727,0.0,48.81543350219727,48.46506454774536,48.5351370020766,0.0,4753800
2025-08-13,0.0,48.83295440673828,0.0,48.92930695902548,48.77602032647675,48.92054581350956,0.0,4625200
2025-08-14,0.0,48.885498046875,0.0,48.91177479352686,48.75410763082152,48.7716265757218,0.0,4537700
2025-08-15,0.0,48.87675094604492,0.0,48.96434569571228,48.7891595377756,48.96434569571228,0.0,3914600
2025-08-18,0.0,48.929298400878906,0.0,48.938056203465024,48.81542691887494,48.85922261460034,0.0,3786400
2025-08-19,0.0,48.50885772705078,0.0,48.938060258681645,48.43878193496544,48.929302455369815,0.0,5439600
2025-08-20,0.0,48.29863357543945,0.0,48.49133866181064,47.75555955368152,48.49133866181064,0.0,6536800
2025-08-21,0.0,48.123443603515625,0.0,48.34855688794661,47.9394996764858,48.21103833643273,0.0,4136200
2025-08-22,0.0,48.76287078857422,0.0,48.850465522696766,48.105925318943655,48.22855794671521,0.0,5962800
2025-08-25,0.0,48.71032333374024,0.0,48.90302843132428,48.61397078494821,48.70156218854212,0.0,4447700
2025-08-26,0.0,48.885498046875,0.0,48.90301699177527,48.60169648572598,48.70593136769506,0.0,4844700
2025-08-27,0.0,48.93805313110352,0.0,48.9730910220431,48.7453514137302,48.8548423168685,0.0,4900700
2025-08-28,0.0,49.22711944580078,0.0,49.27617116525277,48.92930400281467,49.00813760070505,0.0,6074400
2025-08-29,0.0,48.771629333496094,0.0,49.135139942587806,48.64461948183523,49.130759370765766,0.0,8994600
2025-09-02,0.0,48.47319412231445,0.442,48.48996742957414,47.96992080557601,48.21714184028711,0.0,6178600
2025-09-03,0.0,48.782222747802734,0.0,48.90583327106765,48.53500170127291,48.738076613513,0.0,4833500
2025-09-04,0.0,49.14422607421875,0.0,49.16188520143076,48.7530846584014,48.87051465463382,0.0,5557300
2025-09-05,0.0,49.25018310546875,0.0,49.46208928812892,48.941156764229454,49.417943149113945,0.0,5974600
2025-09-08,0.0,49.46208572387695,0.0,49.53271886758416,49.38262133212243,49.39144921203548,0.0,5301400
2025-09-09,0.0,49.59452438354492,0.0,49.621014759687306,49.35613457520352,49.48857298337827,0.0,3926000
2025-09-10,0.0,49.62102127075195,0.0,49.77995007592306,49.51506985668279,49.77995007592306,0.0,4190200
2025-09-11,0.0,49.80643844604492,0.0,49.85058458910008,49.70048702908558,49.77995143383879,0.0,3838100
2025-09-12,0.0,49.92122268676758,0.0,49.965368831214896,49.81085564158184,49.83292702973803,0.0,3750700
2025-09-15,0.0,50.168434143066406,0.0,50.174614669463246,50.00067747917133,50.00067747917133,0.0,3665100
2025-09-16,0.0,50.177276611328125,0.0,50.24790977102882,50.150786229322215,50.24349414600533,0.0,3512900
2025-09-17,0.0,50.168434143066406,0.0,50.23465503107092,49.88589483117245,50.21258027902466,0.0,4583600
2025-09-18,0.0,50.345027923583984,0.0,50.40683319475683,50.26556352234252,50.35385580455096,0.0,4053700
2025-09-19,0.0,50.46863555908203,0.0,50.48629468813354,50.36268415290746,50.442148549572,0.0,5449600
2025-09-22,0.0,50.627559661865234,0.0,50.645218789280655,50.441261425053895,50.4686308832606,0.0,4193100
2025-09-23,0.0,50.47746276855469,0.0,50.671709817404704,50.424488750238815,50.671709817404704,0.0,4401900
2025-09-24,0.0,50.47746276855469,0.0,50.601076670272064,50.30970609699704,50.55692716416293,0.0,3919800
2025-09-25,0.0,50.4156608581543,0.0,50.45981036720266,50.12429363361611,50.4156608581543,0.0,4853500
2025-09-26,0.0,50.548099517822266,0.0,50.548099517822266,50.30087844951192,50.4774630022282,0.0,4683900
2025-09-29,0.0,50.68936538696289,0.0,50.77765765671268,50.63638800423251,50.73351152183778,0.0,7100900
2025-09-30,0.0,50.78649139404297,0.0,50.795319274197,50.62756260619556,50.76883226560055,0.0,9561500
2025-10-01,0.0,50.89861679077149,0.446,50.92531078292632,50.60496929924928,50.72064892267815,0.0,5377100
2025-10-02,0.0,50.97869491577149,0.0,51.06767713994318,50.871912173420334,51.04988001621798,0.0,4936800
2025-10-03,0.0,50.96980667114258,0.0,51.07658943866426,50.87192416480856,50.96090980440997,0.0,7952400
2025-10-06,0.0,51.12997055053711,0.0,51.16556480158993,51.02764132182851,51.09882642947954,0.0,5643500
2025-10-07,0.0,51.00539779663086,0.0,51.19760201413666,50.90751529630418,51.165568543628176,0.0,6097100
2025-10-08,0.0,51.30792999267578,0.0,51.30792999267578,51.04987680656644,51.0632237999076,0.0,4823700
2025-10-09,0.0,51.28125,0.0,51.32485177422473,51.15667350221505,51.294596996983394,0.0,3348200
2025-10-10,0.0,50.12445831298828,0.0,51.38802367265741,50.08886406200911,51.33463229618864,0.0,10801200
2025-10-13,0.0,51.00539779663086,0.0,51.03209178964546,50.67081995895577,50.74734454930688,0.0,5392800
2025-10-14,0.0,50.75624465942383,0.0,51.01429790598253,50.20454391275596,50.62276790583696,0.0,5761700
2025-10-15,0.0,50.98759841918945,0.0,51.24120152499858,50.59607182961976,51.11662503715616,0.0,4972700
2025-10-16,0.0,50.827430725097656,0.0,51.33019023117421,50.54268348026445,51.17446621758471,0.0,4676500
2025-10-17,0.0,51.14776992797852,0.0,51.21005817283605,50.61386971649828,50.720649079903374,0.0,4774400
2025-10-20,0.0,51.61937713623047,0.0,51.65497138556928,51.316832805759496,51.33018319510239,0.0,4309700
2025-10-21,0.0,51.66387939453125,0.0,51.71726738209303,51.53929950315888,51.62828513985343,0.0,3930400
2025-10-22,0.0,51.38801956176758,0.0,51.69056388197867,50.95199850828964,51.6727667579128,0.0,7297300
2025-10-23,0.0,51.73505783081055,0.0,51.78844920593484,51.3524281285561,51.43251349401528,0.0,3778400
2025-10-24,0.0,52.099891662597656,0.0,52.16217990451532,51.99311230423233,52.099891662597656,0.0,4538700
2025-10-27,0.0,52.46472930908203,0.0,52.53591781782847,52.36684680678314,52.53591781782847,0.0,6301800
2025-10-28,0.0,52.58930587768555,0.0,52.624900132108,52.49142676970617,52.624900132108,0.0,4768300
2025-10-29,0.0,52.696083068847656,0.0,52.74947105038115,52.54480920077543,52.70943006423103,0.0,13122700
2025-10-30,0.0,52.46472930908203,0.0,52.67829144086642,52.44693218189542,52.60710293211999,0.0,6343600
2025-10-31,0.0,52.58930587768555,0.0,52.87405312415537,52.44693225445063,52.87405312415537,0.0,6285300
2025-11-03,0.0,52.72027587890625,0.476,52.82792224175911,52.56777372801655,52.82792224175911,0.0,4303900
2025-11-04,0.0,52.19997787475586,0.0,52.55880364023996,52.16409803582034,52.32556928808657,0.0,6965800
2025-11-05,0.0,52.51395034790039,0.0,52.68439070138727,52.15512458875153,52.244832739546766,0.0,5367800
2025-11-06,0.0,51.86805725097656,0.0,52.47805889306748,51.74695554383324,52.42423401099516,0.0,7111900
2025-11-07,0.0,51.76938247680664,0.0,51.76938247680664,50.89474948907785,51.59894214181776,0.0,11280900
2025-11-10,0.0,52.72027587890625,0.0,52.77410077134077,52.33453937149933,52.46909989157753,0.0,5908700
2025-11-11,0.0,52.67542266845703,0.0,52.72924413801257,52.419760422019856,52.55431751792483,0.0,3383200
2025-11-12,0.0,52.702335357666016,0.0,52.88174824754218,52.46012846963565,52.87277572093943,0.0,3776500
2025-11-13,0.0,51.81423568725586,0.0,52.55431160857344,51.65725071534382,52.52291461419103,0.0,6017500
2025-11-14,0.0,51.86805725097656,0.0,52.19996880205042,50.92614405781179,51.213203251499806,0.0,6582900
2025-11-17,0.0,51.518211364746094,0.0,52.17306545691488,51.21321050052896,51.70659334564068,0.0,5009600
2025-11-18,0.0,50.92613983154297,0.0,51.36569768826784,50.51349270261323,51.13246339600784,0.0,8116000
2025-11-19,0.0,51.20424270629883,0.0,51.66981483927306,50.7915920521448,50.979977459873936,0.0,5150800
2025-11-20,0.0,50.07394027709961,0.0,52.26725395258333,49.99858748833845,52.12821060503822,0.0,10331500
2025-11-21,0.0,50.4507064819336,0.0,50.97100002407542,49.65231940706945,50.2264412571103,0.0,9777300
2025-11-24,0.0,51.661739349365234,0.0,51.76759256700136,50.88129729459582,50.89923892392586,0.0,5455600
2025-11-25,0.0,51.98468399047852,0.0,52.08336124488061,51.05622602172002,51.57203676481164,0.0,4957200
2025-11-26,0.0,52.40629577636719,0.0,52.531887175999934,52.110267460843644,52.31659105578812,0.0,4622600
2025-11-28,0.0,52.75615692138672,0.0,52.75615692138672,52.49600841858708,52.60365477691189,0.0,5005300
2025-12-01,0.0,52.6773681640625,0.553,52.822263678620615,52.32509906236621,52.455502952769,0.0,5070400
2025-12-02,0.0,52.958099365234375,0.0,53.07129639793738,52.6637863893067,52.84943118109929,0.0,4500900
2025-12-03,0.0,53.04865646362305,0.0,53.08487688689301,52.70000768546913,52.86754052927678,0.0,4702500
2025-12-04,0.0,53.0758171081543,0.0,53.157319097383365,52.8403653817153,53.12562407126644,0.0,4426600
2025-12-05,0.0,53.265995025634766,0.0,53.41994478527494,53.13015720562869,53.157326842329454,0.0,4390900
2025-12-08,0.0,53.23883438110352,0.0,53.447116526811314,53.06677266393213,53.36108566822563,0.0,4000900
2025-12-09,0.0,53.28410720825195,0.0,53.320331087685325,53.057713143542266,53.18449326705981,0.0,3167600
2025-12-10,0.0,53.47428131103516,0.0,53.546729075209406,53.03960508948825,53.23883298646791,0.0,4309700
2025-12-11,0.0,53.4199447631836,0.0,53.42899900574727,52.9037631200735,53.27505270067002,0.0,4746500
2025-12-12,0.0,52.68642425537109,0.0,53.338440233015824,52.46003020252213,53.302216355480205,0.0,6232700
2025-12-15,0.0,52.51436996459961,0.0,53.00790737873372,52.38306098954115,52.97621234713336,0.0,3890300
2025-12-16,0.0,52.6320915222168,0.0,52.7498174038543,52.24269345214599,52.38758551627704,0.0,4439000
2025-12-17,0.0,51.74462890625,0.0,52.77698532908532,51.73104581455471,52.74981914569474,0.0,5524300
2025-12-18,0.0,52.4419174194336,0.0,52.70453534559,52.27438457940298,52.43286317744501,0.0,3779300
2025-12-19,0.0,53.08487701416016,0.0,53.10027371677353,52.66831278231444,52.6864247212424,0.0,4052200
2025-12-22,0.0,53.329383850097656,0.0,53.42899778852494,53.1890206393133,53.42899778852494,0.0,3729200
2025-12-23,0.0,53.56483840942383,0.0,53.58294689508658,53.247884638335904,53.311274701653616,0.0,3954500
2025-12-24,0.0,53.69161224365234,0.0,53.70972418169182,53.533137103930606,53.573886373645216,0.0,2746900
2025-12-26,0.0,53.73690032958984,0.0,53.81387348966177,53.65811355722827,53.78217845583806,0.0,4296600
2025-12-29,0.0,53.57389068603516,0.0,53.65539268652377,53.3973035940597,53.50144638254485,0.0,6087000
2025-12-30,0.0,53.510501861572266,0.0,53.67350586631621,53.483335678948045,53.555779984112405,0.0,6687900
2025-12-31,0.0,53.15019607543945,0.576,53.589151172735335,53.141052703800064,53.580007801095945,0.0,5021000
2026-01-02,0.0,53.12275695800781,0.0,53.72632059020439,52.89413431719843,53.55256863905093,0.0,6252200
2026-01-05,0.0,53.44282531738281,0.0,53.64401435030442,53.34223428942653,53.60286395093656,0.0,6576700
2026-01-06,0.0,53.836055755615234,0.0,53.872636213534,53.497695241127815,53.53884563990808,0.0,5381000
2026-01-07,0.0,53.89092254638672,0.0,54.07382133425321,53.79947489670559,53.83605186347551,0.0,5265800
2026-01-08,0.0,53.69888687133789,0.0,53.85434859226358,53.493124401959925,53.83605836241856,0.0,4947500
2026-01-09,0.0,54.101261138916016,0.0,54.15613182812297,53.61200883112736,53.80862444015484,0.0,6481600
2026-01-12,0.0,54.18356704711914,0.0,54.26587133913596,53.84977644935515,53.84977644935515,0.0,5537200
2026-01-13,0.0,54.11040878295898,0.0,54.29788103617677,53.96409042202274,54.22929354137746,0.0,4289100
2026-01-14,0.0,53.7263298034668,0.0,53.94580911122327,53.37425241118639,53.90922864517965,0.0,6294800
2026-01-15,0.0,53.85434722900391,0.0,54.17899095139955,53.80862339980113,54.17442101043246,0.0,4034000
2026-01-16,0.0,53.88178253173828,0.0,54.15613249263479,53.74918446941088,54.15613249263479,0.0,4676900
2026-01-20,0.0,52.96729278564453,0.0,53.48855562632357,52.8941353531751,53.16848182981874,0.0,8534200
2026-01-21,0.0,53.6165771484375,0.0,53.89092359130456,52.97185969362084,53.0907444313148,0.0,6624900
2026-01-22,0.0,53.97323226928711,0.0,54.050963128205055,53.72631940404372,54.00066586925708,0.0,4419800
2026-01-23,0.0,54.1561279296875,0.0,54.31158963849268,53.86349125199181,53.98237250395893,0.0,4863600
2026-01-26,0.0,54.375606536865234,0.0,54.50363465398832,54.13784053199446,54.17442099074522,0.0,5359600
2026-01-27,0.0,54.6956787109375,0.0,54.76883613778471,54.49906311156049,54.66824162342841,0.0,5632100
2026-01-28,0.0,54.83285903930664,0.0,54.99746763689569,54.75512817058543,54.92431019824779,0.0,5349000
2026-01-29,0.0,54.74140548706055,0.0,54.90601406696287,53.98695007725901,54.87857697797605,0.0,10549500
2026-01-30,0.0,54.34817123413086,0.0,54.7551192315943,54.15612906446362,54.6408079179584,0.0,8725500
2026-02-02,0.0,54.73160552978516,0.466,54.86986109413496,54.17857272416253,54.2246614283536,0.0,5922200
2026-02-03,0.0,54.03110122680664,0.0,54.8975182856688,53.59789621345025,54.8790835061106,0.0,9322300
2026-02-04,0.0,53.16468811035156,0.0,53.97119126309831,52.722263945630885,53.97119126309831,0.0,10595200
2026-02-05,0.0,52.47339630126953,0.0,53.104774280102,52.28905203220189,52.80521528237639,0.0,10548700
2026-02-06,0.0,53.5057258605957,0.0,53.63476580997778,52.60705227305986,52.76374263557384,0.0,6102200
2026-02-09,0.0,53.90206146240234,0.0,54.05875533112261,53.14625307841555,53.35824776991675,0.0,5231400
2026-02-10,0.0,53.71772003173828,0.0,54.10484339211319,53.67624441245252,54.0587581986596,0.0,4315500
2026-02-11,0.0,53.83753967285156,0.0,54.169358662625314,53.41355030417381,54.114054325638165,0.0,5062000
2026-02-12,0.0,52.943477630615234,0.0,54.10484421329176,52.86513244894756,53.9988451022723,0.0,6680500
2026-02-13,0.0,53.00799560546875,0.0,53.37852660012675,52.55635579730588,52.93426000082116,0.0,5401200
2026-02-17,0.0,52.97112655639648,0.0,53.18312124233578,52.32592335097386,52.76373792818496,0.0,5777700
2026-02-18,0.0,53.35824966430664,0.0,53.662418264699525,52.94347589835035,53.04486543181464,0.0,4726600
2026-02-19,0.0,53.17390823364258,0.0,53.33981774893616,52.96191352322855,53.16008302671394,0.0,4305900
2026-02-20,0.0,53.59789657592773,0.0,53.70389216401089,52.88356380653378,52.96190898312997,0.0,5419600
2026-02-23,0.0,53.054080963134766,0.0,53.53337466933441,52.84945948695097,53.44120077425299,0.0,7041900
2026-02-24,0.0,53.54259490966797,0.0,53.625549664344575,52.95269599466763,53.14901955174485,0.0,5592600
2026-02-25,0.0,54.10484313964844,0.0,54.123277920158834,53.74537370988296,53.75458934210072,0.0,4896100
2026-02-26,0.0,53.62554931640625,0.0,54.09562391247376,53.196950339370495,54.08640828026944,0.0,7437300
2026-02-27,0.0,53.49651336669922,0.0,53.55181419620733,53.11399955425093,53.21999867093333,0.0,7456800
2026-03-02,0.0,53.54207229614258,0.509,53.686201430964026,52.77492660164811,52.858615287359925,0.0,6057300
2026-03-03,0.0,53.08643341064453,0.0,53.24916042623917,52.27744514227195,52.72378361955278,0.0,9526800
2026-03-04,0.0,53.72804641723633,0.0,53.86752874875839,53.19801923294536,53.281707922422,0.0,6585500
2026-03-05,0.0,53.59786605834961,0.0,53.85265312777254,53.08643674272994,53.46768443770276,0.0,7278300
2026-03-06,0.0,52.86326217651367,0.0,53.33749924532214,52.74702808769356,52.979496265333786,0.0,7533400
2026-03-09,0.0,53.54207229614258,0.0,53.63040779142852,52.212354038267605,52.39367893277939,0.0,10996100
2026-03-10,0.0,53.57926559448242,0.0,54.0042181122402,53.41653857651799,53.53742302436998,0.0,8615800
2026-03-11,0.0,53.653656005859375,0.0,53.94749399405268,53.44908287482996,53.714096454944034,0.0,6593900
2026-03-12,0.0,52.87256622314453,0.0,53.37469836982587,52.84467117516771,53.32820189362036,0.0,9020900
2026-03-13,0.0,52.59360122680664,0.0,53.36539372382657,52.51920970810538,53.09108297977708,0.0,7288800
2026-03-16,0.0,53.244510650634766,0.0,53.51882494893101,53.08643399009821,53.12362975040667,0.0,5510900
2026-03-17,0.0,53.55136489868164,0.0,53.68805557935245,53.411882585321386,53.52346985488262,0.0,5221800
2026-03-18,0.0,52.83536529541016,0.0,53.48162652303176,52.82141777278538,53.46767900040698,0.0,6163900
2026-03-19,0.0,52.72378158569336,0.0,52.93765187610796,52.19375444266963,52.49596377264911,0.0,7498000
2026-03-20,0.0,51.84969711303711,0.0,52.621493110865046,51.54284098478957,52.59359806661963,0.0,7511600
2026-03-23,0.0,52.38903045654297,0.0,52.99344915806662,52.20770555552247,52.56105819089859,0.0,10206300
2026-03-24,0.0,52.12866973876953,0.0,52.42622874696367,51.91014906618064,52.18445983581644,0.0,6186200
2026-03-25,0.0,52.3983268737793,0.0,52.66799081658269,52.203054451962885,52.53780920203842,0.0,5565200
2026-03-26,0.0,51.2824821472168,0.0,52.14261370747591,51.25458355341254,52.09147042388153,0.0,8038700
2026-03-27,0.0,50.33401107788086,0.0,51.09650642073525,50.25032239160743,51.087205707158816,0.0,10987800
2026-03-30,0.0,49.9992561340332,0.0,50.81289475677497,49.75748724256752,50.7524543075,0.0,8106700
2026-03-31,0.0,51.62653350830078,0.0,51.71951936083007,50.53858058835704,50.54788130191971,0.0,9884100
2026-04-01,0.0,52.15161895751953,0.559,52.43341733233458,51.86982058270449,51.963752179889255,0.0,6934200
2026-04-02,0.0,52.217376708984375,0.0,52.28312954985714,51.17471939905753,51.31562039136265,0.0,6050100
2026-04-06,0.0,52.52734375,0.0,52.64006595541951,52.23615367748391,52.40523340235279,0.0,7444000
2026-04-07,0.0,52.52734375,0.0,52.54237552734551,51.76179091697622,52.28311947144518,0.0,5918600
2026-04-08,0.0,53.63576126098633,0.0,53.91756323106768,53.41971571164862,53.83771742847215,0.0,6792500
2026-04-09,0.0,54.02088165283203,0.0,54.03027696205393,53.57000355821638,53.6639387341325,0.0,5082400
2026-04-10,0.0,54.124210357666016,0.0,54.22753726298543,54.01149172607242,54.16178442928411,0.0,3917600
2026-04-13,0.0,54.46236801147461,0.0,54.471763320694784,53.95512881140253,54.002098190982245,0.0,5568500
2026-04-14,0.0,54.83810424804688,0.0,54.8474959744688,54.6126633980525,54.61736105289384,0.0,5833600
2026-04-15,0.0,54.93203353881836,0.0,54.94142884810654,54.80522552951271,54.9085524321191,0.0,5989700
2026-04-16,0.0,54.979000091552734,0.0,54.99778712712686,54.8287073902204,54.99778712712686,0.0,5503500
2026-04-17,0.0,55.10111618041992,0.0,55.12929494324992,54.98369989094722,55.11990321672685,0.0,7344400
2026-04-20,0.0,55.11050796508789,0.0,55.12929500141464,55.0203352072846,55.0682398207983,0.0,4713400
2026-04-21,0.0,55.08232498168945,0.0,55.26080002148799,55.01657215121437,55.22322595171351,0.0,5260700
2026-04-22,0.0,55.31715774536133,0.0,55.3265530544696,55.18565208392982,55.27019194960158,0.0,5936700
2026-04-23,0.0,55.26079940795898,0.0,55.38290975847956,55.05414560975421,55.279582859377165,0.0,6246500
2026-04-24,0.0,55.411094665527344,0.0,55.448665153362256,55.29837245224069,55.448665153362256,0.0,6133200
2026-04-27,0.0,55.45806121826172,0.0,55.495635289869135,55.32655555089645,55.4204871466543,0.0,6614000
2026-04-28,0.0,55.354736328125,0.0,55.42048916420132,55.20444361948472,55.34064694657447,0.0,7291300
2026-04-29,0.0,55.42048645019531,0.0,55.48154162834457,55.31715954620376,55.4298781763488,0.0,8509400
2026-04-30,0.0,55.67410659790039,0.0,55.70698301464887,55.3688235376584,55.61774549064842,0.0,9209300
2026-05-01,0.0,55.8458366394043,0.591,55.902761780777816,55.72913430862812,55.779421561568334,0.0,6698200
2026-05-04,0.0,55.81737518310547,0.0,55.95020534142934,55.72249391333816,55.82686150040702,0.0,7081800
2026-05-05,0.0,56.03559875488281,0.0,56.06406132719451,55.958745466420645,55.9691836732552,0.0,7339700
2026-05-06,0.0,56.35818862915039,0.0,56.38570293201441,56.12099087165287,56.1399635072242,0.0,9005300
2026-05-07,0.0,56.33921051025391,0.0,56.42460184490187,56.215866667017856,56.37715939949156,0.0,6630500
2026-05-08,0.0,56.55743408203125,0.0,56.55743408203125,56.40562766145601,56.43409023426681,0.0,8261500
2026-05-11,0.0,56.66179656982422,0.0,56.69025914007067,56.46729268820616,56.47203765636398,0.0,8153700
2026-05-12,0.0,56.6048698425293,0.0,56.62384609649174,56.32023327179342,56.6048698425293,0.0,8161100
2026-05-13,0.0,56.823089599609375,0.0,56.880018359759006,56.58589186134462,56.68551447709378,0.0,5053000
2026-05-14,0.0,56.93694686889648,0.0,56.98438931483629,56.82783792967606,56.86104547022364,0.0,4884700
2026-05-15,0.0,56.70923614501953,0.0,56.86104255392984,56.590637274953664,56.76616490561725,0.0,5900500
2026-05-18,0.0,56.65231323242188,0.0,56.80411965700257,56.43409172329654,56.78040205215129,0.0,6327100
2026-05-19,0.0,56.547943115234375,0.0,56.70923947004337,56.310745361195046,56.49101797064925,0.0,6495500
2026-05-20,0.0,56.90848159790039,0.0,56.90848159790039,56.60486877890705,56.71872268119198,0.0,5680500
2026-05-21,0.0,57.031829833984375,0.0,57.069782344122366,56.7566795645098,56.804118392507,0.0,4513200
2026-05-22,0.0,57.126708984375,0.0,57.23107658030938,57.06978383702947,57.15991652677679,0.0,4937500
2026-05-26,0.0,57.49673080444336,0.0,57.50622074089209,57.35441433186496,57.44454701202619,0.0,7961100
2026-05-27,0.0,57.648536682128906,0.0,57.714955378606994,57.48249898930931,57.69597912523472,0.0,7502000
2026-05-28,0.0,57.82881164550781,0.0,57.86676415380516,57.59161389767501,57.75290662891312,0.0,7174800
2026-05-29,0.0,58.01856994628906,0.0,58.03754258088414,57.866763534075865,57.97112750175027,0.0,16562100
2026-06-01,0.0,58.12773895263672,0.564,58.213925201558816,57.96494108109798,58.060705609368775,0.0,7430500
2026-06-02,0.0,58.28095626831055,0.0,58.28095626831055,58.09900549822484,58.1085837771994,0.0,5972100
2026-06-03,0.0,58.22350311279297,0.0,58.38630099351665,58.10858932542789,58.38630099351665,0.0,6579600
2026-06-04,0.0,58.15646743774414,0.0,58.27138122050923,57.82130071591126,57.8596028748041,0.0,6029000
2026-06-05,0.0,56.40401840209961,0.0,57.83087518902551,56.32740677843051,57.77342012431696,0.0,11060200
2026-06-08,0.0,57.10308456420898,0.0,57.44782957389949,56.8924062464996,57.131812097335406,0.0,6245500
2026-06-09,0.0,56.576393127441406,0.0,57.6106245163473,55.03461884437442,57.45740491602631,0.0,11313900
2026-06-10,0.0,55.5325813293457,0.0,56.75354894516862,55.45596970560108,56.111943035002135,0.0,11128900
2026-06-11,0.0,56.969017028808594,0.0,57.03126123400877,55.55652033796314,55.87732329660327,0.0,6450100
2026-06-12,0.0,57.323333740234375,0.0,57.4382475182291,56.681724202590615,57.08105296018719,0.0,5667300
2026-06-15,0.0,58.587398529052734,0.0,58.587398529052734,58.137314372643445,58.137314372643445,0.0,6854800
2026-06-16,0.0,58.204345703125,0.0,58.89862481963453,58.19477107702008,58.64485521785776,0.0,5233400
2026-06-17,0.0,57.81172180175781,0.0,58.55867051413922,57.71596092601203,58.54909223473869,0.0,5520500
2026-06-18,0.0,58.74061584472656,0.0,58.84595499665472,58.39108171815069,58.64485497190631,0.0,5479300
2026-06-22,0.0,58.77892303466797,0.0,59.10451512415916,58.57781935215634,58.86989477006946,0.0,6577000
2026-06-23,0.0,57.323333740234375,0.0,57.979303390453936,57.184477917512645,57.50049172025892,0.0,7542700
2026-06-24,0.0,57.1605339050293,0.0,57.76383761155831,56.70087515583105,57.43824554091251,0.0,5522700
2026-06-25,0.0,57.58189010620117,0.0,58.29052930316596,56.83973058678349,58.22828510370268,0.0,6943100
2026-06-26,0.0,56.9019775390625,0.0,57.52443417598055,56.64342244998785,56.97858916030177,0.0,6220800
2026-06-29,0.0,58.12773895263672,0.0,58.14689185829088,56.81675306352051,57.54358811583617,0.0,6975900
2026-06-30,0.0,58.85552978515625,0.0,58.951294311283945,58.08943184135048,58.156465183118286,0.0,6497100
2026-07-01,0.0,58.25268173217773,0.637,58.63490491587472,58.23332823905747,58.48491626701807,0.0,5562800
2026-07-02,0.0,57.4688835144043,0.0,58.6203923945164,57.08666031978151,58.30106528585629,0.0,7297900
2026-07-06,0.0,58.2139778137207,0.0,58.42686255796084,57.914004191500645,58.03496076140044,0.0,6512100
2026-07-07,0.0,57.40114974975586,0.0,57.81724064720725,57.00925164290343,57.67209128621664,0.0,6463400
2026-07-08,0.0,57.526947021484375,0.0,57.589843110755545,56.747986393833806,57.10117752087437,0.0,6075200
2026-07-09,0.0,58.2913932800293,0.0,58.349450072631946,57.78821349343024,58.03980154107894,0.0,4949300
2026-07-10,0.0,58.55265808105469,0.0,58.59136507154833,57.96239308688472,58.19462764724298,0.0,5083500
2026-07-13,0.0,57.66241836547852,0.0,58.10753767389737,57.541461790931976,58.04464158400179,0.0,6601200
2026-07-14,0.0,58.24300765991211,0.0,58.3784821222674,57.846270248411486,58.23333275825185,0.0,9480100
2026-07-15,0.0,58.175270080566406,0.0,58.53330418062267,57.60532205129668,58.50911139043185,0.0,5815900
2026-07-16,0.0,57.34309005737305,0.0,57.88013753261741,57.081827110071885,57.84626984009306,0.0,6524000
2026-07-17,0.0,56.61734771728516,0.0,57.12536677036129,55.91096181569742,56.27867080943537,0.0,8325200
2026-07-20,0.0,56.69476318359375,0.0,57.40114910377526,56.656056195591646,57.125368274037946,0.0,5241300
2026-07-21,0.0,57.72047805786133,0.0,57.78821344337352,57.222133876876384,57.4688863191289,0.0,5391200
2026-07-22,0.0,57.53662109375,0.0,57.788212829811165,57.3769575333229,57.420503818576485,0.0,5201600
2026-07-23,0.0,56.63670349121094,0.0,57.11569416898656,56.31738006399546,56.83507403901123,0.0,8207900
2026-07-24,0.0,56.08514404296875,0.0,56.70444111893197,55.91580557552596,56.5641347396949,0.0,8726100
2026-07-27,0.0,55.87226104736328,0.0,56.76249964043867,55.36908126772439,56.76249964043867,0.0,8415500
2026-07-28,0.0,55.3497314453125,0.0,55.61680451747365,54.7352699551244,55.46584872791662,0.0,9014700
2026-07-29,0.0,54.32401657104492,0.0,55.68840659435707,54.27079538254715,55.37875805653458,0.0,10673400
2026-07-30,0.0,56.04643249511719,0.0,56.15287486351139,55.291664706578565,55.38843217389213,0.0,6886700
2026-07-31,0.0,56.365760803222656,0.0,56.90764755783893,55.75613866569205,56.694762816507264,0.0,8156100
2026-08-03,0.0,57.14447021484375,0.705,57.24731805848796,56.18455327097312,56.38045552690125,0.0,13714000
2026-08-04,0.0,58.339473724365234,0.0,58.44721642117309,57.59504585944309,57.59504585944309,0.0,8202400
2026-08-05,0.0,58.16316223144531,0.0,58.57455362918635,58.13377446266027,58.57455362918635,0.0,7152900
2026-08-06,0.0,58.12398147583008,0.0,58.30029314379061,57.66361170543036,57.859513973889285,0.0,4746300
2026-08-07,0.0,58.51578521728516,0.0,58.535372080992296,58.123980685693496,58.37865101566062,0.0,4986500
2026-08-10,0.0,58.45701217651367,0.0,58.63822242242258,58.3982403770642,58.48639620797599,0.0,4056900
2026-08-11,0.0,58.42762756347656,0.0,58.61373265509351,58.28559851861436,58.58924347143544,0.0,4000300
2026-08-12,0.0,58.77045440673828,0.0,58.8684036694729,58.70188917551907,58.80963560644207,0.0,5009100
2026-08-13,0.0,59.18184661865234,0.0,59.23571983486448,58.81551397954473,58.868404489704446,0.0,4498900
2026-08-14,0.0,59.28959274291992,0.0,59.358157974738106,59.12797683164844,59.23082467937571,0.0,3774500
2026-08-17,0.0,59.3189811706543,0.0,59.49529283629675,59.2895934020306,59.37774923485183,0.0,4396200
2026-08-18,0.0,58.70188903808594,0.0,58.9124833153447,58.60393977558064,58.84391808428602,0.0,10101900
2026-08-19,0.0,58.64311599731445,0.0,58.92717408370169,58.432521724513535,58.82922482326978,0.0,4930400
2026-08-20,0.0,58.43742370605469,0.0,58.633325974833085,58.275804054073134,58.43742370605469,0.0,4886300
2026-08-21,0.0,58.613731384277344,0.0,58.76065900999056,58.32967330071166,58.73616982686344,0.0,4926700
2026-08-24,0.0,58.20233917236328,0.0,58.437422637905385,57.94766884317385,58.39824143756088,0.0,5737600
2026-08-25,0.0,58.525577545166016,0.0,58.67250517587261,58.30518983563098,58.54516814502855,0.0,4602500
2026-08-26,0.0,58.56475830078125,0.0,58.6627075628263,58.37864947176088,58.39824007147486,0.0,4441800
2026-08-27,0.0,59.07410430908203,0.0,59.09173323374225,58.73127440944236,58.89779264333019,0.0,4667600
2026-08-28,0.0,58.91738510131836,0.0,59.270004707415616,58.8390226978356,59.03492497001744,0.0,6185300
2026-08-31,0.0,58.9859504699707,0.0,59.0153345030809,58.77045759642911,58.91738523503021,0.0,8095700
2026-09-01,0.0,58.45391845703125,0.683,58.73727065448302,58.25081404489544,58.45391845703125,0.0,7668200
2026-09-02,0.0,58.60253143310547,0.0,58.64215833586391,58.305305096383016,58.4687788257024,0.0,6824300
2026-09-03,0.0,59.13752746582031,0.0,59.196973485968094,58.59757362218923,58.731322443284654,0.0,6623600
2026-09-04,0.0,59.31586456298828,0.0,59.43475660892843,59.12762449266782,59.22669741822809,0.0,4921400
2026-09-08,0.0,59.29604721069336,0.0,59.48429105401849,59.10780714675795,59.414939252600725,0.0,5171700
2026-09-09,0.0,59.2266960144043,0.0,59.40998507967522,59.0483617291109,59.196974893318654,0.0,4225600
2026-09-10,0.0,58.75114059448242,0.0,58.95919600587027,58.57776108499255,58.65206766888531,0.0,4977900
2026-09-11,0.0,59.2266960144043,0.0,59.37530917861205,59.10780775067196,59.2266960144043,0.0,3905600
2026-09-14,0.0,58.80067443847656,0.0,59.08799120105776,58.3290821936674,58.4291453149494,0.0,5518100
2026-09-15,0.0,58.53317642211914,0.0,58.85021430315599,58.4539150621651,58.8403047434669,0.0,4088700
2026-09-16,0.0,58.54308319091797,0.0,59.00675006043121,58.19632418373817,58.77590871547714,0.0,5300200
2026-09-17,0.0,59.39512634277344,0.0,59.44466280590038,59.13257968674976,59.2762380753908,0.0,4339700
2026-09-18,0.0,59.68244171142578,0.0,59.70225327269706,59.29604823761962,59.49915264485323,0.0,4606100
2026-09-21,0.0,60.4453125,0.0,60.49485274213418,60.058922799448425,60.058922799448425,0.0,8033100
2026-09-22,0.0,60.60382843017578,0.0,60.65336866984271,60.43540370935511,60.4453094896547,0.0,4475200
2026-09-23,0.0,60.53447723388672,0.0,60.63850871471352,60.40865379206132,60.63850871471352,0.0,4743600
2026-09-24,0.0,60.54438781738281,0.0,60.5642031579044,60.28679216999185,60.316517070469125,0.0,4516600
2026-09-25,0.0,60.673187255859375,0.0,60.71281415856745,60.499803966528376,60.638511353871145,0.0,6045400
2026-09-28,0.0,60.54438781738281,0.0,60.653370300556695,60.28679216999185,60.57410893847032,0.0,7221700
2026-09-29,0.0,60.613739013671875,0.0,60.742536836080006,60.52457187191082,60.702906155432935,0.0,7092800
2026-09-30,0.0,60.692996978759766,0.0,60.87133126340778,60.683091198230315,60.73262765965705,0.0,8307100
2026-10-01,0.0,60.810001373291016,0.567,60.869998931884766,60.4739990234375,60.79999923706055,0.0,5799800
2026-10-02,0.0,61.040000915527344,0.0,61.11000061035156,60.900001525878906,61.08000183105469,0.0,7315000
