Date,Close,Dividends,High,Low,Open,Stock Splits,Volume
2020-01-02,5.957137584686279,0.0,5.957137584686279,5.877928004293768,5.928334143962491,0.0,237536000
2020-01-03,5.861788749694824,0.0,5.90549096907539,5.812872101320706,5.8377029185507645,0.0,205384000
2020-01-06,5.88637113571167,0.0,5.891585564894104,5.74260160333402,5.7686737492461875,0.0,262636000
2020-01-07,5.957633972167969,0.0,6.003322495503562,5.86973321074161,5.91467674815212,0.0,314856000
2020-01-08,5.968807697296143,0.0,6.010026777884842,5.913435305232208,5.95341258476723,0.0,277108000
2020-01-09,6.034360408782959,0.0,6.106617880822172,5.980726162554703,6.054969947829537,0.0,255112000
2020-01-10,6.066641330718994,0.0,6.171675359974287,6.052488017299634,6.141381945898443,0.0,316296000
2020-01-13,6.256843566894531,0.0,6.281922547417349,6.126978749107095,6.149575074900235,0.0,319840000
2020-01-14,6.140139579772949,0.0,6.239462348536251,6.1269789517854685,6.214134722815993,0.0,359088000
2020-01-15,6.0976786613464355,0.0,6.175150562579818,6.071854694268641,6.152802880546791,0.0,263104000
2020-01-16,6.181112766265869,0.0,6.187072182405391,6.1277266654887,6.15106751469827,0.0,284192000
2020-01-17,6.189801216125488,0.0,6.207679457997126,6.1423745488552575,6.200230072148521,0.0,253792000
2020-01-21,6.156529426574707,0.0,6.190050958426522,6.122511079468189,6.153301311440246,0.0,217916000
2020-01-22,6.210411071777344,0.0,6.2968218681187,6.182848958433113,6.201720357984873,0.0,239240000
2020-01-23,6.278695583343506,0.0,6.287138126517481,6.161743200933652,6.250388957043602,0.0,244516000
2020-01-24,6.21959924697876,0.0,6.44357246252044,6.165468171441158,6.393910829739287,0.0,373512000
2020-01-27,5.964338302612305,0.0,6.015241253223924,5.766437269511233,5.91566983614164,0.0,470536000
2020-01-28,6.157273769378662,0.0,6.189553496525558,5.977002312846959,6.030140227168706,0.0,310976000
2020-01-29,6.096934795379639,0.0,6.178876146984177,6.057205210302912,6.14287149171336,0.0,258848000
2020-01-30,6.103639602661133,0.0,6.117048404680771,5.944474963033555,5.999350551604108,0.0,290504000
2020-01-31,5.870726108551025,0.0,6.069868462638404,5.829010687452668,6.057949635579352,0.0,370420000
2020-02-03,5.9675679206848145,0.0,5.98693566495872,5.846393775927354,5.852601361983941,0.0,255564000
2020-02-04,6.136415958404541,0.0,6.155536003954367,6.059192684593247,6.109102487177571,0.0,271544000
2020-02-05,6.226550102233887,0.0,6.267272364667621,6.1433669612981925,6.257091680657113,0.0,208220000
2020-02-06,6.313210487365723,0.0,6.313210487365723,6.179869829185719,6.26081803092759,0.0,218284000
2020-02-07,6.2471604347229,0.0,6.2953320882230726,6.221832806853207,6.273232574934326,0.0,189752000
2020-02-10,6.529734134674072,0.0,6.5304786470167295,6.26479004009398,6.269756297361858,0.0,529608000
2020-02-11,6.651901721954346,0.0,6.766371455351388,6.575919776508791,6.637748408041317,0.0,638556000
2020-02-12,6.767364501953125,0.0,6.773820731779094,6.66580675646444,6.704542714595026,0.0,374644000
2020-02-13,6.723662376403809,0.0,6.790705436408653,6.6821951180236105,6.709509062531158,0.0,528016000
2020-02-14,7.1956939697265625,0.0,7.3243170050003235,7.101585618170038,7.132872187223781,0.0,1041924000
2020-02-18,7.364046573638916,0.0,7.382421632395123,7.073278958095728,7.0926467000611995,0.0,620164000
2020-02-19,7.814227104187012,0.0,7.831857176120988,7.486213518147479,7.486213518147479,0.0,694332000
2020-02-20,7.665244102478027,0.0,7.8544539884658295,7.358584533715632,7.766305038885918,0.0,810052000
2020-02-21,7.301969528198242,0.0,7.578335650197736,7.21729687382683,7.553256665361849,0.0,768180000
2020-02-24,6.785738945007324,0.0,6.999035117860609,6.654632773657176,6.709012016382708,0.0,856916000
2020-02-25,6.506889343261719,0.0,6.922555491031663,6.405331612652643,6.860726869565134,0.0,1055496000
2020-02-26,6.645941734313965,0.0,6.839621511425255,6.505648514112078,6.507138012452967,0.0,747732000
2020-02-27,6.275991916656494,0.004,6.633768307386428,6.183814767032639,6.333136621915026,0.0,906416000
2020-02-28,6.710044860839844,0.0,6.769425868492794,6.007412174890183,6.024058570930446,0.0,1133252000
2020-03-02,6.8680596351623535,0.0,6.896880771900982,6.484692738614156,6.879737270920078,0.0,890744000
2020-03-03,6.606189727783203,0.0,6.983345447200676,6.520969308117952,6.92371612752799,0.0,652792000
2020-03-04,7.068814754486084,0.0,7.078256099735265,6.638737617936484,6.713274628939243,0.0,597408000
2020-03-05,6.790045738220215,0.0,7.03626513615308,6.7455719569568915,6.8697998032135255,0.0,540328000
2020-03-06,6.609915733337402,0.0,6.668302976848197,6.410157130141035,6.610909484146133,0.0,515412000
2020-03-09,6.098095417022705,0.0,6.444939469617113,5.917716663096425,5.9604507794048125,0.0,614160000
2020-03-10,6.48668098449707,0.0,6.48668098449707,6.111761635809377,6.373881985811504,0.0,580648000
2020-03-11,6.123688220977783,0.0,6.375373996903059,6.026790637877311,6.347049964055862,0.0,499964000
2020-03-12,5.374346733093262,0.0,5.86653734889985,5.36167534133843,5.601683509592118,0.0,816540000
2020-03-13,5.983807563781738,0.0,5.988279679616138,5.456336262840261,5.726904246684154,0.0,634836000
2020-03-16,4.8796706199646,0.0,5.61758447680324,4.8200412987671255,5.277448221100597,0.0,726972000
2020-03-17,5.398195743560791,0.0,5.487391610271382,4.7455030222561305,4.99172237870579,0.0,833632000
2020-03-18,5.039177417755127,0.0,5.216077814958566,4.489096905227361,4.971597639823064,0.0,874268000
2020-03-19,5.291362285614014,0.0,5.384781510391298,4.804885885483796,5.017812074847171,0.0,765512000
2020-03-20,5.111976146697998,0.0,5.7224315012787486,5.096571825269619,5.441179660332024,0.0,804636000
2020-03-23,5.284404277801514,0.0,5.37856939384944,4.932342581859462,5.110982203414798,0.0,643876000
2020-03-24,6.191019535064697,0.0,6.277482494566809,5.666032849202426,5.689635972329596,0.0,1101644000
2020-03-25,6.102569580078125,0.0,6.505067588828619,6.053871996434698,6.305806086188471,0.0,793432000
2020-03-26,6.391275882720947,0.0,6.515006644099514,6.211393690193772,6.309285031074328,0.0,696108000
2020-03-27,6.279222011566162,0.0,6.537367412044874,6.178597267605432,6.211393417266331,0.0,638828000
2020-03-30,6.598734378814697,0.0,6.607927401951479,6.300587374617888,6.344564041150711,0.0,602252000
2020-03-31,6.549293518066406,0.0,6.842471369775912,6.403946662410681,6.638737263039747,0.0,949960000
2020-04-01,6.039212226867676,0.0,6.4978615949247445,5.994738920187565,6.351769813017478,0.0,656912000
2020-04-02,6.3472981452941895,0.0,6.360466172613561,6.020330439771605,6.06828211430881,0.0,675764000
2020-04-03,6.060083866119385,0.0,6.3512737262282615,5.922936292466646,6.309781665017789,0.0,663212000
2020-04-06,6.668552398681641,0.0,6.705324028034606,6.2841911317723405,6.341584633964066,0.0,727884000
2020-04-07,6.435749053955078,0.0,6.9132812099097904,6.39276612718909,6.889677611131811,0.0,784520000
2020-04-08,6.632525444030762,0.0,6.657371111088002,6.474756003192719,6.54457209541664,0.0,542444000
2020-04-09,6.53314208984375,0.0,6.7808523370383575,6.470282738688477,6.75799464965004,0.0,525564000
2020-04-13,6.70457649230957,0.0,6.713272402959416,6.385310990189265,6.473512640432895,0.0,398408000
2020-04-14,7.054900646209717,0.0,7.088938865506866,6.804954050127847,6.832532651631695,0.0,530948000
2020-04-15,6.9776291847229,0.0,7.060364971165485,6.841972501773094,6.887191238125831,0.0,366148000
2020-04-16,7.3219895362854,0.0,7.42882556643318,7.119498475685138,7.132666503087581,0.0,745620000
2020-04-17,7.262857437133789,0.0,7.425347305451841,7.129188237967692,7.403980004345366,0.0,539120000
2020-04-20,7.131922721862793,0.0,7.292176804167724,7.0876977207599525,7.136643631616943,0.0,449388000
2020-04-21,6.696130752563477,0.0,7.075273983417711,6.636501431378573,7.0141542727746815,0.0,735160000
2020-04-22,7.109560966491699,0.0,7.152295573797261,6.8424713294529536,6.88793839640193,0.0,483356000
2020-04-23,7.056389808654785,0.0,7.283229879784153,7.031295825709126,7.151548667594547,0.0,424160000
2020-04-24,7.195027828216553,0.0,7.197015329560934,6.971666133854671,7.0462031209680775,0.0,352328000
2020-04-27,7.38112211227417,0.0,7.540630723793758,7.304597615042217,7.3291949610384926,0.0,479388000
2020-04-28,7.239005088806152,0.0,7.558022301469902,7.233539222714368,7.528207409397369,0.0,442904000
2020-04-29,7.415408611297607,0.0,7.468081190476738,7.298385815748439,7.373419444699916,0.0,379160000
2020-04-30,7.261863708496094,0.0,7.4154093460717885,7.247950249284272,7.361494217734316,0.0,375916000
2020-05-01,7.02583122253418,0.0,7.177886010573314,6.977630749433313,7.0648386704493875,0.0,342096000
2020-05-04,7.237267971038818,0.0,7.25093311405807,6.978625426385622,6.978625426385622,0.0,317556000
2020-05-05,7.298137187957764,0.0,7.460378714604751,7.237265338619839,7.34112010345588,0.0,368896000
2020-05-06,7.398761749267578,0.0,7.50336195004351,7.339629553455483,7.377394924097072,0.0,323464000
2020-05-07,7.574669361114502,0.0,7.6377770415196595,7.486467694868089,7.537649417392085,0.0,373732000
2020-05-08,7.764242172241211,0.0,7.770453471200657,7.612435694125016,7.646225596444798,0.0,339216000
2020-05-11,8.015678405761719,0.0,8.062388011187469,7.730699390591938,7.759271740488808,0.0,469060000
2020-05-12,7.754302978515625,0.0,8.12201733914419,7.744613315147592,8.073320229167217,0.0,493060000
2020-05-13,7.731942653656006,0.0,8.028598386935984,7.5478366741451675,7.868593117853469,0.0,625852000
2020-05-14,7.980896472930908,0.0,7.986362340519687,7.640014754755902,7.7933121054428804,0.0,602312000
2020-05-15,8.43830394744873,0.0,8.447993139011578,7.825363300768376,7.841015946631667,0.0,987660000
2020-05-18,8.696197509765625,0.0,8.861420771854155,8.626878538742194,8.706384284090324,0.0,774460000
2020-05-19,8.751107215881348,0.0,9.031364852697052,8.708620932289517,8.73595121255931,0.0,717320000
2020-05-20,8.914592742919922,0.0,8.9871417777898,8.833844433095647,8.935462935324942,0.0,587536000
2020-05-21,8.721044540405273,0.0,8.996581270452394,8.683527484566827,8.995587993509218,0.0,761068000
2020-05-22,8.97049331665039,0.0,9.036831514550855,8.65942703996952,8.770734713042978,0.0,1038764000
2020-05-26,8.663901329040527,0.0,9.125035966345774,8.618434253731596,9.100189819026012,0.0,770780000
2020-05-27,8.472588539123535,0.0,8.579423621709141,7.947352618383713,8.571721934524938,0.0,1175892000
2020-05-28,8.434575080871582,0.0,8.706385125248028,8.327489780511128,8.360285927330377,0.0,734896000
2020-05-29,8.820673942565918,0.0,8.820673942565918,8.4325860729438,8.501656726855527,0.0,745256000
2020-06-01,8.751852035522461,0.0,8.786139044935808,8.635823453606509,8.778685676901018,0.0,389876000
2020-06-02,8.770735740661621,0.0,8.78266169957155,8.604519169266093,8.741915542097436,0.0,391320000
2020-06-03,8.715330123901367,0.0,8.811482751931813,8.646259459334125,8.767754868250782,0.0,365440000
2020-06-04,8.71632194519043,0.004,8.89205948059891,8.627830673954769,8.678041533816561,0.0,424280000
2020-06-05,8.86894702911377,0.0,8.945505990790243,8.658160503689484,8.744165593384547,0.0,481748000
2020-06-08,8.754602432250977,0.0,8.838866568264795,8.636034697013924,8.826438305141293,0.0,387736000
2020-06-09,8.994224548339844,0.0,9.057609939303413,8.701162292308348,8.749633194746389,0.0,468488000
2020-06-10,9.313138008117676,0.0,9.44562557035412,9.10110841167236,9.115277601014839,0.0,632180000
2020-06-11,8.745905876159668,0.0,9.208243698238016,8.735714449990189,9.097630502445824,0.0,583652000
2020-06-12,8.881375312805176,0.0,9.134667518345411,8.653437455543614,9.110059416078007,0.0,570908000
2020-06-15,9.121244430541992,0.0,9.129695879836865,8.693705210339283,8.764796757454038,0.0,400004000
2020-06-16,9.016592979431152,0.0,9.213708995508652,8.788158348881796,9.172198011090448,0.0,535716000
2020-06-17,9.183135986328125,0.0,9.245775120270508,9.018334188607051,9.061586102861485,0.0,408304000
2020-06-18,9.165238380432129,0.0,9.229369050917883,9.062330430075383,9.174186691720614,0.0,254408000
2020-06-19,9.20824146270752,0.0,9.39093989515145,9.174436620303387,9.189599539573098,0.0,524160000
2020-06-22,9.47221851348877,0.0,9.476693142368887,9.220169562198262,9.246767006590577,0.0,398468000
2020-06-23,9.395913124084473,0.0,9.58731147203892,9.353656826229907,9.496334887853113,0.0,375108000
2020-06-24,9.182640075683594,0.0,9.50180290042588,9.092160369035703,9.422011483078405,0.0,449372000
2020-06-25,9.435685157775879,0.0,9.450599648847081,9.129696769818231,9.302203828855783,0.0,376072000
2020-06-26,9.102602005004883,0.0,9.445627697411371,9.072773972513554,9.445627697411371,0.0,592084000
2020-06-29,9.147344589233398,0.0,9.151819220834351,8.849061417670297,9.117268123933421,0.0,342248000
2020-06-30,9.443387031555176,0.0,9.471723508714437,9.213460850621935,9.260688628625926,0.0,367892000
2020-07-01,9.475455284118652,0.0,9.520944050860118,9.35912529912411,9.466258537018712,0.0,326648000
2020-07-02,9.557236671447754,0.0,9.681769693347654,9.523430868709886,9.583833186678161,0.0,364056000
2020-07-06,9.782934188842773,0.0,9.852036371881187,9.656909656197096,9.685992386533162,0.0,315892000
2020-07-07,9.815248489379883,0.0,10.01236361484961,9.79436877481935,9.889322168841927,0.0,357800000
2020-07-08,10.157527923583984,0.0,10.16647718547054,9.90846194337441,9.936549995462096,0.0,365480000
2020-07-09,10.448851585388184,0.0,10.509502323054798,10.17492811323484,10.32083863746605,0.0,494548000
2020-07-10,10.419272422790527,0.0,10.594264737914497,10.31934752397019,10.528145636030475,0.0,497676000
2020-07-13,9.99471378326416,0.0,10.730478013100093,9.967619466000675,10.534357598250097,0.0,457076000
2020-07-14,10.317604064941406,0.0,10.343206836594302,9.729489407314276,10.01733260465022,0.0,542676000
2020-07-15,10.168713569641113,0.0,10.373285456655864,9.9981949595581,10.354643532436837,0.0,403984000
2020-07-16,10.076744079589844,0.0,10.148331539727138,9.838863245920118,9.95767944646456,0.0,344964000
2020-07-17,10.143109321594238,0.0,10.189840238076629,10.030010888799213,10.16697211899285,0.0,266284000
2020-07-20,10.450591087341309,0.0,10.470973936765288,10.098617130568732,10.21544491768399,0.0,284852000
2020-07-21,10.269381523132324,0.0,10.499557085377687,10.227870537311848,10.452825224050619,0.0,277036000
2020-07-22,10.37900161743164,0.0,10.54181405224988,10.23259426307041,10.308159471542753,0.0,367292000
2020-07-23,10.071770668029785,0.0,10.486632138396008,9.97383420149178,10.390187215275384,0.0,411660000
2020-07-24,10.136151313781738,0.0,10.305426819954247,9.721041347995266,9.818480016011662,0.0,473292000
2020-07-27,10.361851692199707,0.0,10.381985159654809,10.15926726913902,10.17368489136173,0.0,292132000
2020-07-28,10.157031059265137,0.0,10.32257818094102,10.150817400317544,10.31487297834555,0.0,271636000
2020-07-29,10.405601501464844,0.0,10.456060818276672,10.28777996863067,10.33127937967535,0.0,284508000
2020-07-30,10.553250312805176,0.0,10.562198626174778,10.23632432247183,10.31561792819607,0.0,308880000
2020-07-31,10.553997039794922,0.0,10.704879069341306,10.373286978905037,10.502791478278828,0.0,386080000
2020-08-03,10.94723129272461,0.0,11.03522477261038,10.653919693105369,10.671071020858617,0.0,412720000
2020-08-04,11.163487434387207,0.0,11.163487434387207,10.843579291958523,10.986755156389975,0.0,310336000
2020-08-05,11.222148895263672,0.0,11.306662426415594,11.102338977036846,11.179644171241007,0.0,249924000
2020-08-06,11.27061939239502,0.0,11.29299064832197,11.114766846759562,11.28478763323173,0.0,244316000
2020-08-07,11.135396957397461,0.0,11.438899949925162,10.974324500566038,11.247750090326356,0.0,342516000
2020-08-10,11.101097106933594,0.0,11.342954759845608,10.79436251780805,11.269378890384155,0.0,427796000
2020-08-11,10.787900924682617,0.0,11.073009565510656,10.733960708897198,11.010369467859205,0.0,354512000
2020-08-12,11.374770164489746,0.0,11.40136666941188,10.895528625086735,10.927842871271675,0.0,464412000
2020-08-13,11.3775053024292,0.0,11.654660281162782,11.290754924571592,11.479915466163844,0.0,374460000
2020-08-14,11.497812271118164,0.0,11.637756604352083,11.375019266250126,11.464006479493863,0.0,366436000
2020-08-17,12.266387939453125,0.0,12.338721639164778,11.749613132917666,11.78341797703203,0.0,621300000
2020-08-18,12.190572738647461,0.0,12.424476704229551,12.017072012979389,12.37873951737117,0.0,503448000
2020-08-19,12.069025993347168,0.0,12.244515173044023,12.028757156275493,12.22612167908348,0.0,622624000
2020-08-20,12.07150936126709,0.0,12.30417023970523,11.810760432923727,11.906460065788977,0.0,921388000
2020-08-21,12.610904693603516,0.0,12.73543767305914,12.125448525163229,12.13191156434554,0.0,999868000
2020-08-24,12.647442817687988,0.0,12.838592680399442,12.435910109440096,12.810006820500528,0.0,490564000
2020-08-25,12.677021980285645,0.0,12.688207132771769,12.501780338944037,12.558454243567907,0.0,289076000
2020-08-26,12.699888229370117,0.0,12.794841588132345,12.6051833030867,12.725987862878842,0.0,321244000
2020-08-27,12.555971145629883,0.0,12.776452196578415,12.494574167929203,12.708343746936956,0.0,317604000
2020-08-28,13.07249641418457,0.0,13.072744846722001,12.570138325242661,12.602452571208635,0.0,537160000
2020-08-31,13.297951698303223,0.0,13.497303679460021,12.96312904711902,13.107298650622763,0.0,500840000
2020-09-01,13.746004104614258,0.004,13.9178162444731,13.36358999116668,13.406853896827913,0.0,511316000
2020-09-02,14.26865291595459,0.0,14.646839567379729,13.824574955850318,14.623963657510243,0.0,874012000
2020-09-03,12.944877624511719,0.0,13.809161891775185,12.808869413540275,13.75371449896683,0.0,945128000
2020-09-04,12.554007530212402,0.0,13.103509297412081,11.641237117895182,12.714381712126338,0.0,1463684000
2020-09-08,11.848357200622559,0.0,12.481900763409474,11.64074015776347,11.670825611564226,0.0,795728000
2020-09-09,12.646007537841797,0.0,12.739745856584113,12.165379076629385,12.332716222048454,0.0,736200000
2020-09-10,12.244946479797363,0.0,12.994357950704119,12.100981305836067,12.918770116551691,0.0,698684000
2020-09-11,12.098494529724121,0.0,12.583846512984273,11.831202602456209,12.417752852588826,0.0,636928000
2020-09-14,12.802399635314941,0.0,13.242747074201725,12.56270817155387,13.010017595292641,0.0,1201744000
2020-09-15,12.920507431030273,0.0,13.226587244377473,12.758143300838443,13.207938797341011,0.0,727556000
2020-09-16,12.446593284606934,0.0,13.021705506848779,12.44584776402079,12.886940804659796,0.0,556384000
2020-09-17,12.395872116088867,0.0,12.52143733948817,11.969448508524536,12.066419314288503,0.0,792512000
2020-09-18,12.123108863830566,0.0,12.563953411285826,11.923697276841326,12.525413979484178,0.0,698460000
2020-09-21,12.449331283569336,0.0,12.45455277423042,11.839906020697956,11.860294969517335,0.0,721044000
2020-09-22,12.569174766540527,0.0,12.579369239088551,12.089542285546635,12.506765396916883,0.0,646452000
2020-09-23,12.057966232299805,0.0,12.657943496885007,12.013708288878673,12.507264838221865,0.0,647012000
2020-09-24,12.280997276306152,0.0,12.50129577509505,11.948809980000965,12.006744330754543,0.0,731240000
2020-09-25,12.803893089294434,0.0,12.813590547232938,12.179301487201863,12.379956536780353,0.0,588016000
2020-09-28,12.964269638061523,0.0,12.980929083477617,12.680816250113036,12.969491127871112,0.0,573808000
2020-09-29,13.153985023498535,0.0,13.369807555834509,12.863072628599586,12.867299142520546,0.0,621460000
2020-09-30,13.457083702087402,0.0,13.548584516215799,13.078896967384146,13.086107461833182,0.0,689184000
2020-10-01,13.540627479553223,0.0,13.688072700094674,13.387711312976796,13.683349171791244,0.0,525004000
2020-10-02,12.991371154785156,0.0,13.44613964716638,12.980181706832932,13.153238276064698,0.0,552496000
2020-10-05,13.56847095489502,0.0,13.57021145119589,13.15099845251599,13.164176902436592,0.0,479820000
2020-10-06,13.66196346282959,0.0,14.065263568306756,13.590851607157786,13.754956254284847,0.0,784420000
2020-10-07,13.88823127746582,0.0,14.042639439434828,13.788276482852954,13.92378768544491,0.0,418084000
2020-10-08,13.763660430908203,0.0,14.008077409272373,13.683349068361048,13.998628455737617,0.0,378900000
2020-10-09,13.688071250915527,0.0,13.749238090470126,13.586625429092514,13.692298713449562,0.0,346892000
2020-10-12,14.148805618286133,0.0,14.269149327128469,13.8370073024211,13.913589145230178,0.0,434744000
2020-10-13,14.170934677124023,0.0,14.270640933002593,13.942680195915251,14.218923055262534,0.0,344604000
2020-10-14,14.018767356872559,0.0,14.264923856549403,13.884251150985698,14.212957463317636,0.0,276100000
2020-10-15,13.894197463989258,0.0,13.929752918930133,13.693044417342875,13.7358113145266,0.0,267224000
2020-10-16,13.736555099487305,0.0,14.044873382772966,13.717658144910136,13.960583081994502,0.0,242392000
2020-10-19,13.424510955810547,0.0,13.907624505901477,13.334004171483173,13.82756165113079,0.0,298068000
2020-10-20,13.571455955505371,0.0,13.724869096859207,13.433707282038606,13.509792111347073,0.0,229212000
2020-10-21,13.451362609863281,0.0,13.716665521672029,13.404369199715683,13.551068882438022,0.0,219596000
2020-10-22,13.288500785827637,0.0,13.537889759866344,13.159951596832498,13.449124433979557,0.0,290480000
2020-10-23,13.516508102416992,0.0,13.519492082140397,13.219130715639897,13.377018906592749,0.0,233484000
2020-10-26,13.06994342803955,0.0,13.618451231858877,12.967751138200027,13.354143296213284,0.0,336896000
2020-10-27,13.324056625366211,0.0,13.369061027837251,13.119919622663886,13.233798365065633,0.0,250520000
2020-10-28,12.55848503112793,0.0,13.188050708710339,12.540583049206013,13.126386851090986,0.0,376520000
2020-10-29,12.953330039978027,0.0,13.121164188121782,12.680816637076695,12.768836445909805,0.0,320080000
2020-10-30,12.465987205505371,0.0,12.866302324786236,12.233256753800275,12.780272480919278,0.0,416820000
2020-11-02,12.512489318847656,0.0,12.767099871140335,12.32774716114951,12.589071195250177,0.0,299652000
2020-11-03,12.948854446411133,0.0,13.033890278158362,12.534365826303068,12.63954209787184,0.0,272900000
2020-11-04,13.719398498535156,0.0,13.752468880075408,13.26463000763654,13.316596395057736,0.0,410228000
2020-11-05,14.083166122436523,0.0,14.261194749998864,13.915083461408287,14.085653088319836,0.0,319028000
2020-11-06,14.482982635498047,0.0,14.50958709524785,13.819602153163135,14.033186197190384,0.0,383348000
2020-11-09,13.55678653717041,0.0,14.61178070378951,13.536895554377303,14.473535006204227,0.0,582976000
2020-11-10,12.70070743560791,0.0,13.532667608550586,12.559726270533163,13.532667608550586,0.0,644068000
2020-11-11,13.345194816589355,0.0,13.362102772719238,12.87799325466072,12.982921036937629,0.0,404744000
2020-11-12,13.383731842041016,0.0,13.691303689939454,13.243745638126441,13.405861285173073,0.0,365812000
2020-11-13,13.224847793579102,0.0,13.594580483530914,12.988387818739444,13.553305579639913,0.0,346312000
2020-11-16,13.441914558410645,0.0,13.575435787930013,13.084613831121814,13.101023821758483,0.0,413776000
2020-11-17,13.349418640136719,0.0,13.522474277402354,13.231561881843696,13.478961861207623,0.0,312028000
2020-11-18,13.35588550567627,0.0,13.531925147427977,13.113458475022282,13.392187433545983,0.0,510924000
2020-11-19,13.36732292175293,0.0,13.414316335999356,13.028919120198557,13.141057386140876,0.0,565936000
2020-11-20,13.016736030578613,0.0,13.421278723505878,12.994108622693009,13.380998788450635,0.0,341088000
2020-11-23,13.068697929382324,0.0,13.309881391333617,12.944873238429405,13.099778355533205,0.0,361356000
2020-11-24,12.88743782043457,0.0,13.09057888624763,12.815082491914447,13.07118491893796,0.0,346500000
2020-11-25,13.162938117980957,0.0,13.19749954950545,12.949354010397753,12.961785995769935,0.0,259916000
2020-11-27,13.189292907714844,0.0,13.334750064003929,13.099035582696706,13.302426146106399,0.0,167276000
2020-11-30,13.328781127929688,0.0,13.339722070023917,12.901860540365371,13.193022390006243,0.0,286952000
2020-12-01,13.31734561920166,0.0,13.45534283154815,13.156472492583589,13.419040904899328,0.0,296948000
2020-12-02,13.471006393432617,0.0,13.599306136815693,13.162439563503987,13.278058816081627,0.0,283360000
2020-12-03,13.327249526977539,0.004,13.589894576674254,13.260593943208093,13.517766430386201,0.0,199520000
2020-12-04,13.488667488098145,0.0,13.490408499250023,13.320037037924799,13.379479997427541,0.0,202244000
2020-12-07,13.536914825439453,0.0,13.660776120123055,13.430713167655274,13.531443212803179,0.0,223244000
2020-12-08,13.281485557556152,0.0,13.528958658042994,13.213336596873383,13.51527914984112,0.0,271920000
2020-12-09,12.864383697509766,0.0,13.345153115732616,12.802204474515289,13.232236003515796,0.0,401300000
2020-12-10,12.905673027038574,0.0,13.001678158655883,12.783552731095787,12.802953380691694,0.0,207764000
2020-12-11,12.94646167755127,0.0,12.95317714039091,12.75718771417098,12.900697287883272,0.0,209264000
2020-12-14,13.240446090698242,0.0,13.320035433419807,13.010383117244352,13.020829182897314,0.0,270156000
2020-12-15,13.291930198669434,0.0,13.394898420852309,13.119072012231975,13.370772848841048,0.0,193016000
2020-12-16,13.17453670501709,0.0,13.368287035609647,13.144689988892607,13.3536122578648,0.0,223116000
2020-12-17,13.272778511047363,0.0,13.310832168465264,13.110863557414445,13.29814698347281,0.0,231384000
2020-12-18,13.203885078430176,0.0,13.336201912214122,13.003419287690592,13.310335327964504,0.0,342064000
2020-12-21,13.263824462890625,0.0,13.301380961244586,12.900946562414616,13.007646335173467,0.0,302332000
2020-12-22,13.210103034973145,0.0,13.26880025003233,12.98700409143935,13.25089297888134,0.0,185580000
2020-12-23,12.94248104095459,0.0,13.206867037891026,12.938253278699113,13.187964500320144,0.0,179144000
2020-12-24,12.927061080932617,0.0,13.0650990425598,12.872344005635338,12.970337770352513,0.0,97884000
2020-12-28,12.833791732788086,0.0,12.995458098210715,12.697744316384448,12.995458098210715,0.0,212564000
2020-12-29,12.876819610595703,0.0,13.005406770053444,12.776338151206707,12.858663762892384,0.0,170372000
2020-12-30,13.078283309936523,0.0,13.145934160333939,12.830561632243954,12.923580958552987,0.0,225396000
2020-12-31,12.987998962402344,0.0,13.083505986905843,12.84871713388404,13.069080738298597,0.0,192424000
2021-01-04,13.046197891235352,0.0,13.582432117374609,12.89597283811847,13.036995675741743,0.0,560640000
2021-01-05,13.335954666137695,0.0,13.374505491666145,13.01983542997663,13.03251966866756,0.0,322760000
2021-01-06,12.549761772155762,0.0,13.177025853803197,12.521408430337999,13.154641287028118,0.0,580424000
2021-01-07,13.275511741638184,0.0,13.309089050974185,12.82036035518454,12.900944000031782,0.0,461480000
2021-01-08,13.208610534667969,0.0,13.352120129783836,12.975065526063036,13.293921024459769,0.0,292528000
2021-01-11,13.551589012145996,0.0,13.889346986989683,13.293918478633943,13.349879401554206,0.0,518344000
2021-01-12,13.415541648864746,0.0,13.683907795701348,13.276509362154492,13.681917255790076,0.0,291476000
2021-01-13,13.462300300598145,0.0,13.555071983938621,13.316303971194731,13.42076462097778,0.0,210028000
2021-01-14,13.132501602172852,0.0,13.529951129095025,13.112853322479959,13.505328397210821,0.0,283120000
2021-01-15,12.793501853942871,0.0,13.256861253737839,12.78255862740494,13.160110379541644,0.0,277780000
2021-01-19,12.95840072631836,0.0,13.02679731028673,12.77808038942773,12.949446142963154,0.0,226188000
2021-01-20,13.297151565551758,0.0,13.36156896001884,12.98973747053328,13.044454541839137,0.0,258572000
2021-01-21,13.796327590942383,0.0,13.927401511527409,13.184981367786673,13.349631654463508,0.0,337780000
2021-01-22,13.642121315002441,0.0,13.770708473479296,13.557308952457124,13.669480325264736,0.0,246820000
2021-01-25,13.583175659179688,0.0,13.757526257382864,13.168564636769304,13.711016129258498,0.0,251112000
2021-01-26,13.366296768188477,0.0,13.574720917203404,13.318791364133517,13.510800674012138,0.0,163980000
2021-01-27,12.851452827453613,0.0,13.164835741319445,12.728088683861888,13.162099460401164,0.0,371272000
2021-01-28,12.984015464782715,0.0,13.271284102326218,12.893980076928525,12.929546977372064,0.0,228316000
2021-01-29,12.923081398010254,0.0,13.266310987846254,12.845233076128466,13.007893762775277,0.0,271552000
2021-02-01,13.169063568115234,0.0,13.202639933895902,12.836528607721643,12.986256485316742,0.0,217204000
2021-02-02,13.487174987792969,0.0,13.50234597862409,13.217316363082297,13.329985875476133,0.0,220440000
2021-02-03,13.4610595703125,0.0,13.860250172849762,13.447131481428253,13.56601739761025,0.0,245408000
2021-02-04,13.594121932983398,0.0,13.603324148408923,13.26929767552563,13.461555570894452,0.0,201340000
2021-02-05,13.521245956420898,0.0,13.666746072596897,13.476228255580894,13.654558996907936,0.0,169152000
2021-02-08,14.364643096923828,0.0,14.399463306929801,13.65679471770104,13.65679471770104,0.0,434624000
2021-02-09,14.190044403076172,0.0,14.508401703607138,14.149503050968287,14.267146028109993,0.0,287560000
2021-02-10,14.68847370147705,0.0,14.828501247250246,14.267893903608194,14.389018911932702,0.0,485352000
2021-02-11,15.172478675842285,0.0,15.193868916559543,14.848401111304003,14.903367720561645,0.0,450828000
2021-02-12,14.8844633102417,0.0,15.21276954512142,14.699168535050127,14.972757696636352,0.0,374756000
2021-02-16,15.251571655273438,0.0,15.293605449198264,14.873273202629141,14.986937029281831,0.0,321960000
2021-02-17,14.829496383666992,0.0,15.145366956291253,14.704142665462815,15.09313568691804,0.0,274756000
2021-02-18,14.75289249420166,0.0,14.796914923640662,14.50019545688719,14.653405352105606,0.0,233868000
2021-02-19,14.84989070892334,0.0,15.099104755356477,14.770549961596203,14.947387303146728,0.0,271724000
2021-02-22,14.28207015991211,0.0,15.055579845138384,14.251477708975195,14.698919344147502,0.0,325884000
2021-02-23,14.069421768188477,0.0,14.165675493727912,13.320783156539449,14.003013813415862,0.0,391780000
2021-02-24,14.424585342407227,0.0,14.432296075073527,13.685398664118521,14.050267080329668,0.0,448320000
2021-02-25,13.239201545715332,0.0,14.300974328312286,13.148420401177352,13.973413810504649,0.0,824436000
2021-02-26,13.64411449432373,0.0,13.783395375288514,13.292428372327969,13.681918627171427,0.0,500932000
2021-03-01,13.770709991455078,0.0,13.853532772184092,13.483690829892343,13.80378919793109,0.0,353184000
2021-03-02,13.337447166442871,0.0,13.849057762968405,13.32724967985745,13.828662789797564,0.0,264116000
2021-03-03,12.739031791687012,0.0,13.382461933778034,12.733062069739823,13.357342042126135,0.0,377592000
2021-03-04,12.3067626953125,0.0,12.90840960500294,12.021733103971219,12.735053297663734,0.0,573344000
2021-03-05,12.397544860839844,0.0,12.485590681099316,11.61930914685573,12.485590681099316,0.0,542840000
2021-03-08,11.533750534057617,0.0,12.40724370649822,11.507137260717878,12.386102995034543,0.0,543112000
2021-03-09,12.460291862487793,0.004,12.55632917757728,12.001499113514425,12.072159199010558,0.0,521824000
2021-03-10,12.40854263305664,0.0,12.917841248683985,12.397844294613398,12.779009616841924,0.0,384376000
2021-03-11,12.931275367736816,0.0,12.983773338654254,12.673515863827634,12.887983737424646,0.0,299916000
2021-03-12,12.79443359375,0.0,12.82702688570475,12.529707651427094,12.587678172940858,0.0,243964000
2021-03-15,13.128077507019043,0.0,13.143503346507048,12.706108237775904,12.803141162521834,0.0,221988000
2021-03-16,13.22760009765625,0.0,13.447790141533767,13.0539352931175,13.292537069306986,0.0,272128000
2021-03-17,13.277360916137695,0.0,13.38882407684222,12.92729502883546,12.977304441307208,0.0,243864000
2021-03-18,12.661575317382812,0.0,13.120865488674434,12.656101814810397,13.073593294704544,0.0,293896000
2021-03-19,12.784231185913086,0.0,12.859618766234545,12.552098561022962,12.68893987970819,0.0,299208000
2021-03-22,13.123101234436035,0.0,13.330353977872695,12.844939742774393,12.850911525294125,0.0,297804000
2021-03-23,13.008155822753906,0.0,13.280594218123273,12.958892409753085,13.190776400457926,0.0,222048000
2021-03-24,12.582454681396484,0.0,13.096233063845542,12.576235180945393,13.088271002303621,0.0,245840000
2021-03-25,12.4752197265625,0.0,12.65386069712674,12.2132310027731,12.439641491398485,0.0,295144000
2021-03-26,12.777761459350586,0.0,12.79468024246044,12.314242229995006,12.494375164135345,0.0,363968000
2021-03-29,12.88624095916748,0.0,12.999944000887075,12.63917981486877,12.75885368993943,0.0,273520000
2021-03-30,12.810108184814453,0.0,12.913112896753688,12.644156781650523,12.780500784061243,0.0,200204000
2021-03-31,13.28432559967041,0.0,13.405989749424087,12.92032686561511,12.953168820976972,0.0,314776000
2021-04-01,13.74560546875,0.0,13.803575983608503,13.446543707901194,13.50725239685172,0.0,308276000
2021-04-05,13.920515060424805,0.0,13.946887903270396,13.667233455346796,13.801089845669066,0.0,255672000
2021-04-06,13.795117378234863,0.0,13.98694428007725,13.707539461225052,13.932705651391382,0.0,191744000
2021-04-07,14.075770378112793,0.0,14.175290931790578,13.64583896668836,13.814278004442162,0.0,251284000
2021-04-08,14.24843978881836,0.0,14.402199933838368,14.180764634468144,14.184497473888925,0.0,244416000
2021-04-09,14.331039428710938,0.0,14.339001489543403,14.107117501169766,14.145930293598289,0.0,195172000
2021-04-12,15.1361665725708,0.0,15.278979704341099,14.07153957274633,14.221319152451406,0.0,869324000
2021-04-13,15.604412078857422,0.0,15.624814088647074,15.05331389396944,15.15855755137292,0.0,676212000
2021-04-14,15.203839302062988,0.0,15.645214960249273,15.15457589300585,15.55017231465496,0.0,385500000
2021-04-15,16.059974670410156,0.0,16.136605607490903,15.55664589544374,15.587497582844618,0.0,598480000
2021-04-16,15.836298942565918,0.0,16.088336305909337,15.789274468247468,15.976125238422119,0.0,335208000
2021-04-19,15.288182258605957,0.0,15.731797798065214,15.160048993973174,15.46209570767448,0.0,404420000
2021-04-20,15.098597526550293,0.0,15.422786959373079,14.891344758656516,15.249869097697879,0.0,334132000
2021-04-21,15.28693962097168,0.0,15.28892989880131,15.029926132714714,15.046346636639578,0.0,216776000
2021-04-22,14.779132843017578,0.0,15.364565890935939,14.712701982849865,15.301369588101839,0.0,277788000
2021-04-23,15.192144393920898,0.0,15.261560191711682,14.82889261935136,14.862729237894923,0.0,227500000
2021-04-26,15.403874397277832,0.0,15.40487001062498,15.052565251799168,15.11227832495062,0.0,197796000
2021-04-27,15.308086395263672,0.0,15.595453258220168,15.280966607889114,15.50389384167939,0.0,164572000
2021-04-28,15.203590393066406,0.0,15.457867612223833,15.14263398051159,15.290920597634818,0.0,209416000
2021-04-29,15.251361846923828,0.0,15.362576342418699,14.999324504524623,15.32625115862929,0.0,173196000
2021-04-30,14.937620162963867,0.0,15.291417919862836,14.925180214363863,15.101830901269981,0.0,201912000
2021-05-03,14.765698432922363,0.0,15.173734835232782,14.716684635138343,15.052568004352894,0.0,203912000
2021-05-04,14.28252124786377,0.0,14.567400504280046,13.94315469910986,14.567151838206913,0.0,405324000
2021-05-05,14.389260292053223,0.0,14.742560743124349,14.318600201838999,14.638560411281018,0.0,292024000
2021-05-06,14.453451156616211,0.0,14.501470291554716,14.1499124041879,14.42583403228446,0.0,193380000
2021-05-07,14.741316795349121,0.0,14.899057484920897,14.601489557572949,14.737336239196171,0.0,229328000
2021-05-10,14.197433471679688,0.0,14.735096123743787,14.18175896431801,14.716435724758746,0.0,268904000
2021-05-11,14.237740516662598,0.0,14.286008322864332,13.684154640398528,13.75879529407013,0.0,285584000
2021-05-12,13.692611694335938,0.0,14.191958844362496,13.643597898091196,13.942409127844432,0.0,303408000
2021-05-13,13.599806785583496,0.0,14.013317589093692,13.394544329389682,13.966541791864056,0.0,285404000
2021-05-14,14.17479133605957,0.0,14.259384315186782,13.682659301255852,13.823482138772494,0.0,258616000
2021-05-17,14.097663879394531,0.0,14.101395769520703,13.787158662144325,14.089204485525109,0.0,216980000
2021-05-18,13.948630332946777,0.0,14.335270069717708,13.936936381971368,14.19867739521661,0.0,186256000
2021-05-19,13.998392105102539,0.0,14.012076335077285,13.478394213384284,13.501532501812244,0.0,344000000
2021-05-20,14.542523384094238,0.0,14.613432141859077,14.202161157001548,14.234007504367282,0.0,321592000
2021-05-21,14.919953346252441,0.0,15.149101021619929,14.798289203895255,15.09112955927418,0.0,672992000
2021-05-24,15.537236213684082,0.0,15.669598713415175,15.10332335245462,15.139648534960056,0.0,554816000
2021-05-25,15.57281494140625,0.0,15.742746908648106,15.408356475957715,15.690498551838248,0.0,435408000
2021-05-26,15.624813079833984,0.0,15.718114114485589,15.51160831799245,15.658899315983863,0.0,370440000
2021-05-27,15.413832664489746,0.0,15.674578110871414,15.385966869333954,15.624568689462901,0.0,581476000
2021-05-28,16.166706085205078,0.0,16.199548993346383,15.426767817068965,15.426767817068965,0.0,644536000
2021-06-01,16.186613082885742,0.0,16.309771158745168,15.827093093833488,16.19208753443209,0.0,472804000
2021-06-02,16.697898864746094,0.0,16.837727029046853,16.157748681493572,16.17441879999118,0.0,594168000
2021-06-03,16.88848304748535,0.0,17.1763491798281,16.503585882792244,16.62077215706791,0.0,580008000
2021-06-04,17.494070053100586,0.0,17.576422190681168,17.013631964827372,17.030548852392332,0.0,617120000
2021-06-07,17.534624099731445,0.0,17.727197966588108,17.110416805068787,17.487104196499413,0.0,575756000
2021-06-08,17.37340545654297,0.0,17.53711701168591,17.168390640592385,17.443318614261905,0.0,323848000
2021-06-09,17.279085159301758,0.004,17.49484773698549,17.17705361088442,17.435868075658778,0.0,381656000
2021-06-10,17.34552574157715,0.0,17.412221498632054,17.09766275489283,17.27086894747683,0.0,287772000
2021-06-11,17.743953704833984,0.0,17.85743409569149,17.36419339668503,17.39977978705198,0.0,416308000
2021-06-14,17.936567306518555,0.0,17.957222713161077,17.582191993695638,17.82433244551483,0.0,321376000
2021-06-15,17.707368850708008,0.0,17.9340808879031,17.64714558818746,17.833292979468382,0.0,243032000
2021-06-16,17.72901725769043,0.0,17.87285892613583,17.504296927782022,17.709607366236927,0.0,307124000
2021-06-17,18.572154998779297,0.0,18.749093928519862,17.675265325334816,17.693431602265857,0.0,809656000
2021-06-18,18.553747177124023,0.0,19.28663939831395,18.49924642659552,18.69833507661879,0.0,968856000
2021-06-21,18.34320640563965,0.0,18.451959152942997,17.741463607959098,18.3511693418325,0.0,672384000
2021-06-22,18.800613403320312,0.0,18.87726379771211,18.30214755921342,18.387258337480024,0.0,580144000
2021-06-23,18.970333099365234,0.0,19.065398486357704,18.82151504268745,18.921059344157953,0.0,332356000
2021-06-24,19.117908477783203,0.0,19.331430625682103,19.00119278333372,19.140058125456942,0.0,320924000
2021-06-25,18.944204330444336,0.0,19.257270776737716,18.80832746643894,19.192566694456715,0.0,278364000
2021-06-28,19.89385414123535,0.0,19.987176571497116,19.23089123211505,19.2729482217132,0.0,495436000
2021-06-29,19.935409545898438,0.0,20.007079760054115,19.567344985249843,19.791816597228845,0.0,367632000
2021-06-30,19.91126823425293,0.0,20.070538315202942,19.773151003264342,19.908032936134784,0.0,326568000
2021-07-01,20.11981201171875,0.0,20.362698599818273,19.927691503951646,20.03320892913207,0.0,480136000
2021-07-02,20.3935604095459,0.0,20.411728585764077,20.195219897428057,20.34702451247123,0.0,342764000
2021-07-06,20.60409164428711,0.0,20.74693650292878,20.257430611185868,20.642913320696312,0.0,446708000
2021-07-07,20.278839111328125,0.0,20.779794027787037,20.23927125233733,20.758392448778196,0.0,418428000
2021-07-08,19.811979293823242,0.0,20.041178597383794,19.610900891917264,19.765940834345816,0.0,503300000
2021-07-09,19.95880126953125,0.0,19.988665125073833,19.664151776378613,19.871452007779578,0.0,296624000
2021-07-12,20.418949127197266,0.0,20.43910519307565,20.09567932268978,20.147690934282892,0.0,321984000
2021-07-13,20.157638549804688,0.0,20.36792532981799,20.022259172838307,20.307451457249428,0.0,290708000
2021-07-14,19.751007080078125,0.0,20.324629020047354,19.66266291046804,20.264903197063806,0.0,380100000
2021-07-15,18.87974739074707,0.0,19.756481081917247,18.77248888227508,19.72139214020743,0.0,550564000
2021-07-16,18.078170776367188,0.0,19.06962851714903,17.990572779108614,18.94370627742423,0.0,688224000
2021-07-19,18.69409942626953,0.0,18.955152344065727,17.784017850781378,17.833542224992588,0.0,749060000
2021-07-20,18.52711296081543,0.0,18.752082041477266,18.081156267494258,18.644574810811843,4.0,434687000
2021-07-21,19.32147789001465,0.0,19.43794487271185,18.656525124403085,18.795886027698945,0.0,371017000
2021-07-22,19.504636764526367,0.0,19.79629973923482,19.1880862893461,19.55241818326864,0.0,323826000
2021-07-23,19.46879768371582,0.0,19.610150227595415,19.16220189145238,19.5663502862294,0.0,195672000
2021-07-26,19.206003189086914,0.0,19.353326995509125,18.82773525659861,19.222925851749505,0.0,203943000
2021-07-27,19.120399475097656,0.0,19.532510931072274,18.65552833545474,19.177138728974995,0.0,248863000
2021-07-28,19.414051055908203,0.0,19.556398512743925,18.908368517411507,19.230890227163382,0.0,202191000
2021-07-29,19.57232666015625,0.0,19.762455536602744,19.239848425490685,19.42997730193718,0.0,190781000
2021-07-30,19.410072326660156,0.0,19.540473498582248,19.17514858058389,19.329440463856944,0.0,183497000
2021-08-02,19.659927368164062,0.0,19.86996551369806,19.27270151772006,19.610156159603356,0.0,217444000
2021-08-03,19.724626541137695,0.0,20.129769849720965,19.13233905420484,19.649967848258107,0.0,301811000
2021-08-04,20.18153190612793,0.0,20.225331848038415,19.737565032108463,19.898826814854456,0.0,231309000
2021-08-05,20.542875289916992,0.0,20.638438109278407,20.24922068734739,20.40650100265894,0.0,211435000
2021-08-06,20.27311134338379,0.0,20.476181384713264,20.117822711619997,20.430391658316715,0.0,178497000
2021-08-09,20.202438354492188,0.0,20.414466247960842,20.0511311729326,20.35274874502735,0.0,146443000
2021-08-10,19.845073699951172,0.0,20.336820073696575,19.744532624439724,20.229312853870223,0.0,179238000
2021-08-11,19.60915184020996,0.0,19.95755586232804,19.34137965122255,19.95158271202595,0.0,185925000
2021-08-12,19.814220428466797,0.0,19.93765355280868,19.53052037300829,19.779380204017492,0.0,151652000
2021-08-13,20.095928192138672,0.0,20.121810585889133,19.7604652564139,19.81421982888038,0.0,183063000
2021-08-16,19.85901641845703,0.0,20.194479383665566,19.36428140546601,20.04317217239467,0.0,210876000
2021-08-17,19.3692569732666,0.0,19.679834290499414,19.179128093035906,19.595220967543515,0.0,204585000
2021-08-18,18.953163146972656,0.0,19.54445389093999,18.913344667898965,19.41106426442262,0.0,285913000
2021-08-19,19.70770835876465,0.0,20.40153007897719,18.67643200408069,19.405093949250475,0.0,766555000
2021-08-20,20.721065521240234,0.0,20.769841836804602,19.842093151241713,19.89982729696695,0.0,675741000
2021-08-23,21.85785484313965,0.0,21.896676532709122,20.854452674261367,20.875356807002596,0.0,575807000
2021-08-24,21.693601608276367,0.0,21.85884484841934,21.43677892097538,21.653785035187866,0.0,297299000
2021-08-25,22.11168670654297,0.0,22.3675145090299,21.62292691334413,21.637857891352155,0.0,347701000
2021-08-26,21.96735382080078,0.0,22.238112654688,21.69062183507276,22.098751769400412,0.0,237940000
2021-08-27,22.53276252746582,0.0,22.61837074338963,22.06590165626173,22.08282432095886,0.0,304722000
2021-08-30,22.58452033996582,0.0,22.937900738386737,22.448146059239313,22.72587287906404,0.0,262580000
2021-08-31,22.28683853149414,0.004,22.595478601704784,22.02300120526445,22.595478601704784,0.0,259850000
2021-09-01,22.34259033203125,0.0,22.597468221617223,22.25895905860022,22.386398003393204,0.0,201767000
2021-09-02,22.297786712646484,0.0,22.493923309725275,22.197229795135584,22.419251447689817,0.0,187834000
2021-09-03,22.742828369140625,0.0,22.885200930384197,22.102648427978476,22.227100272958122,0.0,280532000
2021-09-07,22.5626220703125,0.0,22.798582279426377,22.42323471429615,22.73287172125641,0.0,198107000
2021-09-08,22.241037368774414,0.0,22.510848859948066,21.88062343636692,22.414274113005263,0.0,254434000
2021-09-09,22.079750061035156,0.0,22.43916707430214,22.033952249947387,22.214158290540535,0.0,196856000
2021-09-10,22.379425048828125,0.0,22.526774820922014,22.17233703498192,22.249994090682197,0.0,248376000
2021-09-13,22.05485725402832,0.0,22.86329666367151,21.762145909437695,22.58452386410975,0.0,297500000
2021-09-14,22.14446258544922,0.0,22.311725124711973,21.989146556569096,22.177316913239693,0.0,199755000
2021-09-15,22.24302864074707,0.0,22.268915596417685,21.869673111075127,22.211169379062365,0.0,166538000
2021-09-16,22.14446258544922,0.0,22.179308947795626,21.830843425347233,22.08572130335323,0.0,156033000
2021-09-17,21.8039608001709,0.0,22.223114103504372,21.734268077405748,22.202206286674826,0.0,294503000
2021-09-20,21.02042007446289,0.0,21.33901656628335,20.57139750289603,21.053274411926747,0.0,349440000
2021-09-21,21.15283203125,0.0,21.33104602969822,20.858130525552628,21.323081688701794,0.0,204688000
2021-09-22,21.844783782958984,0.0,21.863699567380518,21.103049939355934,21.272304527219312,0.0,268726000
2021-09-23,22.383407592773438,0.0,22.436174664784662,21.794002797589656,22.04290644543416,0.0,248555000
2021-09-24,21.98416519165039,0.0,22.051867773910164,21.76513066495934,21.973213750163456,0.0,217655000
2021-09-27,21.56501579284668,0.0,21.703406185279654,21.231485755998357,21.614795771814215,0.0,245215000
2021-09-28,20.608224868774414,0.0,21.325068556326013,20.560435036406435,21.1209676506168,0.0,343069000
2021-09-29,20.427032470703125,0.0,20.924839954087847,20.377250582973748,20.848177935867934,0.0,218394000
2021-09-30,20.62515640258789,0.0,20.97362197253502,20.59727930891089,20.67692841927155,0.0,221009000
2021-10-01,20.651044845581055,0.0,20.76753046725814,20.114406955736236,20.65900918749452,0.0,240978000
2021-10-04,19.645471572875977,0.0,20.451919028744175,19.46924770779128,20.414085560020563,0.0,345635000
2021-10-05,20.361312866210938,0.0,20.5574494289942,19.76693087317069,19.86251053602597,0.0,279282000
2021-10-06,20.609222412109375,0.0,20.62913326033317,19.991940541553486,20.031766035969262,0.0,297202000
2021-10-07,20.982582092285156,0.0,21.228498682857182,20.880033132647856,20.999505841929384,0.0,256919000
2021-10-08,20.739652633666992,0.0,21.11300820810894,20.683898444287028,21.00846910302151,0.0,151258000
2021-10-11,20.6042423248291,0.0,20.97062850101373,20.42104923673679,20.484769645064205,0.0,163388000
2021-10-12,20.580352783203125,0.0,20.964659771807728,20.437980218130104,20.736663894521275,0.0,162134000
2021-10-13,20.8471736907959,0.0,20.8979506288575,20.622164953970238,20.826265874944212,0.0,180652000
2021-10-14,21.6506404876709,0.0,21.659599896985824,21.029376283806112,21.194648710999132,0.0,243589000
2021-10-15,21.766130447387695,0.0,21.834828112212975,21.567008625168985,21.714358431793613,0.0,226994000
2021-10-18,22.124547958374023,0.0,22.19324560945146,21.54908169662989,21.653622673782255,0.0,189494000
2021-10-19,22.192251205444336,0.0,22.280859708119866,21.940360443621927,22.178310762287502,0.0,161473000
2021-10-20,22.006074905395508,0.0,22.334627718556206,21.885605224072492,22.207188763908334,0.0,146276000
2021-10-21,22.59248924255371,0.0,22.611406925381793,21.986160606952357,22.00009915262171,0.0,187590000
2021-10-22,22.626338958740234,0.0,23.028566619385316,22.462063524678783,22.72291370384328,0.0,249384000
2021-10-25,23.064411163330078,0.0,23.252581526641404,22.67014782202449,22.87225673076628,0.0,230235000
2021-10-26,24.608610153198242,0.0,25.14823509331115,23.819088343329533,23.883803837264775,0.0,485898000
2021-10-27,24.343774795532227,0.0,24.97997251638669,24.175515291453934,24.36667464722999,0.0,245990000
2021-10-28,24.831626892089844,0.0,24.840588199418896,24.41546066539416,24.768903437739628,0.0,234204000
2021-10-29,25.454879760742188,0.0,25.596257241681755,24.890366803732874,24.89136187149755,0.0,292503000
2021-11-01,25.7137393951416,0.0,25.78044501501722,25.116370221539132,25.53652048764444,0.0,265740000
2021-11-02,26.28522491455078,0.0,26.56101063434502,25.68686059809661,25.708765384211045,0.0,294112000
2021-11-03,26.481361389160156,0.0,26.666546557874828,26.119954258485805,26.553046154370787,0.0,239910000
2021-11-04,29.67031478881836,0.0,31.227455386633288,26.999079939655886,27.109593234066324,0.0,1153631000
2021-11-05,29.621522903442383,0.0,31.262294386463584,29.281021793167827,30.05461467183272,0.0,851260000
2021-11-08,30.668920516967773,0.0,30.963622039955503,29.775852740634846,30.016792110265666,0.0,503101000
2021-11-09,30.522560119628906,0.0,32.16831303240709,29.832600226347303,32.14043594172841,0.0,646746000
2021-11-10,29.329816818237305,0.0,30.714717786724723,28.65180336425327,29.227269752002172,0.0,636206000
2021-11-11,30.256731033325195,0.0,30.455854738894605,29.646420236957336,30.334390000111334,0.0,332172000
2021-11-12,30.256731033325195,0.0,30.5454602165024,29.500063610739595,29.878398271524592,0.0,413054000
2021-11-15,29.893333435058594,0.0,30.50961846828987,29.11874525657836,30.4180228502872,0.0,384909000
2021-11-16,30.07054901123047,0.0,30.256729228063044,29.57572877826621,29.628497753453818,0.0,264484000
2021-11-17,29.1326847076416,0.0,30.37521308737603,28.673705838544485,30.284610635448647,0.0,428508000
2021-11-18,31.53609275817871,0.0,32.61633372407065,31.18364508674992,32.22505942148186,0.0,781711000
2021-11-19,32.840354919433594,0.0,32.94290388231008,31.76509100701343,32.101608157533384,0.0,533867000
2021-11-22,31.815860748291016,0.0,34.49505972389229,31.760106571634346,33.37001411954836,0.0,754335000
2021-11-23,31.606788635253906,0.0,32.218096459002574,30.744585069545465,31.396713465869023,0.0,532163000
2021-11-24,32.53071212768555,0.0,32.71091813220103,30.792368699348174,31.323032237725272,0.0,435162000
2021-11-26,31.364850997924805,0.0,32.56655680344716,31.212522066253175,32.45703857581968,0.0,283069000
2021-11-29,33.229637145996094,0.0,33.265478577950766,31.895513237231377,32.22406792574834,0.0,454964000
2021-11-30,32.5327033996582,0.0,33.20673647061269,31.724265919380148,33.023541458568594,0.0,622066000
2021-12-01,31.300979614257812,0.004,33.1470772684117,31.24621379716434,33.07737601000796,0.0,484368000
2021-12-02,31.989032745361328,0.0,32.33953320579173,30.89272694054253,31.08092223246618,0.0,472890000
2021-12-03,30.562143325805664,0.0,31.992021860446783,30.001542011299605,31.86357023241154,0.0,544325000
2021-12-06,29.908945083618164,0.0,30.112073950169314,27.91846679531978,29.752612926604016,0.0,658938000
2021-12-07,32.28874588012695,0.0,32.31065524359192,30.520318769347558,30.82501579680724,0.0,593053000
2021-12-08,31.69031524658203,0.0,32.15233775708551,31.287041214384153,31.86257802352817,0.0,475551000
2021-12-09,30.360008239746094,0.0,32.06769853366914,30.298272298007166,31.598704034532002,0.0,488507000
2021-12-10,30.06925392150879,0.0,31.171534691574287,29.733690792322534,31.017194834238797,0.0,488825000
2021-12-13,28.040937423706055,0.0,30.16484489291169,27.9961292011688,30.12003667037444,0.0,598344000
2021-12-14,28.216190338134766,0.0,28.555736152702433,27.13382466783278,27.580909846868153,0.0,667035000
2021-12-15,30.329139709472656,0.0,30.36996527334218,27.71931388041696,28.27891810418674,0.0,698297000
2021-12-16,28.265975952148438,0.0,31.027154448930762,27.97323064778504,31.01918913294205,0.0,707366000
2021-12-17,27.682476043701172,0.0,28.798697151084145,27.641650475156073,27.865691608084173,0.0,713758000
2021-12-20,27.600826263427734,0.0,28.024013613704202,27.029273973350673,27.188591698105373,0.0,461847000
2021-12-21,28.951045989990234,0.0,28.99585421850797,27.28418102866078,28.25303433423604,0.0,524385000
2021-12-22,29.2746524810791,0.0,29.42899232103665,28.327706864600266,28.767823731054484,0.0,395184000
2021-12-23,29.513633728027344,0.0,29.93084800774143,29.30552513261703,29.628143214986842,0.0,343022000
2021-12-27,30.81307029724121,0.0,30.95446509890773,29.51363366651382,29.53354885530447,0.0,403686000
2021-12-28,30.192724227905273,0.0,31.19642609485194,29.884044529382255,31.17850318637374,0.0,420591000
2021-12-29,29.87309455871582,0.0,30.41776338511472,29.240801560831677,30.14393618740853,0.0,343139000
2021-12-30,29.45986557006836,0.0,30.32715249863817,29.41406215423733,29.69983733274605,0.0,308864000
2021-12-31,29.28561019897461,0.0,29.901972573947273,29.205951342168785,29.547489426670328,0.0,266530000
2022-01-03,29.992584228515625,0.0,30.580069009930835,29.658016270092954,29.687889053615017,0.0,391547000
2022-01-04,29.16512680053711,0.0,30.33810404913154,28.22813864702251,30.147918368019972,0.0,527154000
2022-01-05,27.486310958862305,0.0,29.290585804595278,27.41561451686952,28.825575893064034,0.0,498064000
2022-01-06,28.05786895751953,0.0,28.31676073412731,26.949615014905067,27.522162492695948,0.0,454186000
2022-01-07,27.130834579467773,0.0,28.300826210955492,26.941644095796043,28.02102409273095,0.0,409939000
2022-01-10,27.283185958862305,0.0,27.351892036172703,25.534671748451636,26.467677335784416,0.0,594681000
2022-01-11,27.69840431213379,0.0,27.94534808174242,26.72457518291045,27.206510950592097,0.0,404089000
2022-01-12,27.879634857177734,0.0,28.47309275177093,27.490301028814116,27.94734384957758,0.0,383413000
2022-01-13,26.461700439453125,0.0,28.358577413604603,26.38502715764647,28.258008185903833,0.0,540171000
2022-01-14,26.827136993408203,0.0,27.081050909641085,26.09825739628388,26.187873849164077,0.0,395832000
2022-01-18,25.79256820678711,0.0,26.524435305727852,25.660135800028776,26.148046566250244,0.0,424270000
2022-01-19,24.960128784179688,0.0,26.42983583830402,24.94519334293258,25.96781525631739,0.0,488315000
2022-01-20,24.047039031982422,0.0,25.46994751510898,23.97534549383341,25.19612032401024,0.0,435181000
2022-01-21,23.27434730529785,0.0,24.717169013281726,23.163820484440176,23.406779692719766,0.0,718958000
2022-01-24,23.272356033325195,0.0,23.280321348926336,20.798947012783948,22.234798657209716,0.0,913982000
2022-01-25,22.22882080078125,0.0,22.845183070459672,21.906202770713605,22.44987442301741,0.0,664616000
2022-01-26,22.674915313720703,0.0,23.954436811095526,22.204927473512953,23.140920495841154,0.0,755959000
2022-01-27,21.850444793701172,0.0,23.89270120895478,21.582590638157097,23.46752162349448,0.0,573353000
2022-01-28,22.74262809753418,0.0,22.76055101003184,21.2052098936802,21.918157029687126,0.0,543774000
2022-01-31,24.381603240966797,0.0,24.40450589385948,22.953717129211963,23.08316203452803,0.0,564680000
2022-02-01,24.532958984375,0.0,25.03779741322022,23.78814690915183,24.996971847725337,0.0,518925000
2022-02-02,25.134382247924805,0.0,25.70692961725198,24.448318695078196,25.684028862008926,0.0,543419000
2022-02-03,23.84589958190918,0.0,24.97008589250318,23.678616565700732,24.353725465820713,0.0,410178000
2022-02-04,24.215314865112305,0.0,24.529967566747224,23.531243653456503,23.869794196918324,0.0,354829000
2022-02-07,24.622573852539062,0.0,25.074636814466327,24.098815458966705,24.268090747101677,0.0,376868000
2022-02-08,25.00095558166504,0.0,25.122435194530542,23.877764383475125,24.255148284706152,0.0,410359000
2022-02-09,26.591142654418945,0.0,26.61105783985489,25.24490764594495,25.51275986295692,0.0,524282000
2022-02-10,25.713903427124023,0.0,26.81020934447509,25.490859383243375,25.884175827584478,0.0,513200000
2022-02-11,23.846893310546875,0.0,26.040501880764474,23.671644989793617,25.80550800141122,0.0,605472000
2022-02-14,24.163537979125977,0.0,24.76894557701756,23.653719855080432,23.831957540433464,0.0,440424000
2022-02-15,26.38204574584961,0.0,26.431831823132374,24.678339744131332,24.842635318538136,0.0,699869000
2022-02-16,26.397974014282227,0.0,26.468672364813905,25.44306293139375,26.147049472381745,0.0,732676000
2022-02-17,24.40251922607422,0.0,25.675070604494053,24.061978217389743,25.52073073259493,0.0,810595000
2022-02-18,23.54120445251465,0.0,24.87947428103264,23.00151540777712,24.562829258106373,0.0,761255000
2022-02-22,23.290281295776367,0.0,23.961407632998917,22.901944582346907,22.936795215643546,0.0,633422000
2022-02-23,22.291555404663086,0.0,24.052019342712313,22.205923511795177,23.700523668904758,0.0,566511000
2022-02-24,23.646757125854492,0.0,23.698535485921912,20.800941500265946,20.925408602396242,0.0,735801000
2022-02-25,24.05401039123535,0.0,24.113754059814244,23.28131966006848,23.6198702807105,0.0,528866000
2022-02-28,24.281036376953125,0.0,24.559843299003468,23.605927486955995,23.889712256178317,0.0,477319000
2022-03-01,23.376907348632812,0.0,24.27307180434672,23.033378906753704,24.187438016478104,0.0,412056000
2022-03-02,24.120849609375,0.004,24.309076976729223,23.319146643220492,23.658750292293792,0.0,389642000
2022-03-03,23.616918563842773,0.0,24.22641262648791,23.37292072724898,24.162673555504384,0.0,365095000
2022-03-04,22.842103958129883,0.0,23.583057606711368,22.389962101255723,23.288269861512525,0.0,431415000
2022-03-07,21.264591217041016,0.0,22.938711412053266,21.24268191605436,22.723594140609173,0.0,450821000
2022-03-08,21.425928115844727,0.0,22.281410884459255,20.565464751978574,21.22176739996016,0.0,557467000
2022-03-09,22.91978645324707,0.0,23.124942518382856,22.15592615939423,22.295352427006858,0.0,492742000
2022-03-10,22.565242767333984,0.0,22.694709732633942,21.792418612832495,22.43876187931811,0.0,428066000
2022-03-11,22.00952911376953,0.0,23.050251249791206,21.955749323787682,22.927753683517206,0.0,367209000
2022-03-14,21.2426815032959,0.0,22.170865393438028,21.072381995476352,21.779474563363422,0.0,385354000
2022-03-15,22.87895393371582,0.0,22.943688372057732,21.234713636338597,21.429910411009644,0.0,491996000
2022-03-16,24.395719528198242,0.0,24.49630589121448,23.077140259936503,23.403796625061247,0.0,671422000
2022-03-17,24.664615631103516,0.0,24.74030282145656,23.808135623978337,24.021260266549067,0.0,471941000
2022-03-18,26.34470558166504,0.0,26.460231824316143,24.523194587296928,24.69747741085638,0.0,730719000
2022-03-21,26.624561309814453,0.0,27.04085136071084,25.860700893224614,26.398491268211867,0.0,591727000
2022-03-22,26.415416717529297,0.0,27.126494456861913,25.965267440901066,26.6175847985813,0.0,547007000
2022-03-23,25.529062271118164,0.0,26.50305734840452,25.470303785598432,26.019046837158616,0.0,502120000
2022-03-24,28.034761428833008,0.0,28.204065572576116,25.80094361026962,26.058884112048176,0.0,877379000
2022-03-25,27.578641891479492,0.0,28.241915976911883,27.159365731299342,27.77184799320899,0.0,579016000
2022-03-28,28.103479385375977,0.0,28.134352617050098,27.094625830029123,27.642375427784486,0.0,425494000
2022-03-29,28.5386905670166,0.0,28.827502401169717,27.865457327415218,28.57753047133925,0.0,488984000
2022-03-30,27.576648712158203,0.0,28.37934902637745,27.390413942065525,28.188135560089133,0.0,463487000
2022-03-31,27.174301147460938,0.0,28.13236299140276,27.158367800089522,27.668271007248077,0.0,523440000
2022-04-01,26.602649688720703,0.0,27.383440643848896,26.15947167732759,27.26293568960486,0.0,517235000
2022-04-04,27.24799346923828,0.0,27.445182845672498,26.504051817215565,26.618580799031673,0.0,397120000
2022-04-05,25.824846267700195,0.0,27.207164711525582,25.714300606563835,27.142430269538746,0.0,436615000
2022-04-06,24.307083129882812,0.0,25.19642705051053,23.904737678545857,24.831926142575206,0.0,703833000
2022-04-07,24.108901977539062,0.0,24.620797799219233,23.381890771561523,24.340947967952697,0.0,557992000
2022-04-08,23.024364471435547,0.0,23.825074239357214,22.967598584698315,23.819098283003466,0.0,524781000
2022-04-11,21.827274322509766,0.0,22.22862436863828,21.57132647920845,22.12305932252328,0.0,575207000
2022-04-12,21.415966033935547,0.0,22.631968138584455,21.1948747421812,22.44473805178245,0.0,662258000
2022-04-13,22.112106323242188,0.0,22.40789137072251,21.367169228856223,21.639052358381548,0.0,516943000
2022-04-14,21.170976638793945,0.0,22.683759389398876,21.076366219253643,22.412871600546225,0.0,569097000
2022-04-18,21.693824768066406,0.0,21.9975745504491,20.992706362195054,21.11321129596641,0.0,525701000
2022-04-19,22.107128143310547,0.0,22.281410987109858,21.226746193463015,21.631084290617952,0.0,512781000
2022-04-20,21.394060134887695,0.0,22.577196581632325,21.11321496007185,22.424823034682213,0.0,468974000
2022-04-21,20.100378036499023,0.0,22.30033475649145,19.918126615701347,21.620130170301234,0.0,656209000
2022-04-22,19.435115814208984,0.0,20.40214174781397,19.420177823736154,20.219890285973232,0.0,624713000
2022-04-25,19.82052993774414,0.0,19.8633531842539,19.017829608738282,19.123394685988696,0.0,641566000
2022-04-26,18.711088180541992,0.0,19.706994507674615,18.593571203547693,19.637281368701824,0.0,653143000
2022-04-27,18.339616775512695,0.0,19.088537274074934,18.215128478854176,18.521866304544144,0.0,499460000
2022-04-28,19.70101547241211,0.0,19.95497260986267,18.41430488131408,18.88935141084662,0.0,570327000
2022-04-29,18.471078872680664,0.0,20.045606437706688,18.441200993626286,19.32257848055081,0.0,500435000
2022-05-02,19.45303726196289,0.0,19.493867882415657,18.315712153889976,18.46509770793821,0.0,572049000
2022-05-03,19.521757125854492,0.0,19.743845733779274,19.054677146970047,19.320584361321686,0.0,475751000
2022-05-04,20.25075912475586,0.0,20.316488927908352,18.67423920836695,19.84144231861461,0.0,648855000
2022-05-05,18.766857147216797,0.0,19.843431175196322,18.424265535645223,19.785669950252917,0.0,626331000
2022-05-06,18.59855079650879,0.0,19.432124326152934,17.916355461387795,18.659301905995807,0.0,633297000
2022-05-09,16.8806095123291,0.0,18.18026540474069,16.758111965299616,17.96017138288135,0.0,644455000
2022-05-10,17.522968292236328,0.0,18.1235003480761,16.955302082018957,17.6165833349949,0.0,761474000
2022-05-11,16.561922073364258,0.0,17.680326019393185,16.500177504520302,17.27598789699067,0.0,670167000
2022-05-12,16.10878562927246,0.0,16.719277132650767,15.503275671521447,16.15260613492584,0.0,708728000
2022-05-13,17.633512496948242,0.0,17.85460376912535,16.525070059013913,16.71927144143108,0.0,670437000
2022-05-16,17.193321228027344,0.0,17.71517614236815,17.03596903643624,17.437319035312363,0.0,521446000
2022-05-17,18.102588653564453,0.0,18.295794716695035,17.561812268275418,18.00000966759252,0.0,585830000
2022-05-18,16.8686580657959,0.0,18.04382762467623,16.794961603480765,17.632518279068112,0.0,545161000
2022-05-19,17.053903579711914,0.0,17.614598669841808,16.665498750139765,16.867668789295024,0.0,621310000
2022-05-20,16.625659942626953,0.0,17.33872845520384,15.69050380184821,17.26104864553038,0.0,739105000
2022-05-23,16.82882308959961,0.0,16.845753691955995,16.112766693765444,16.207377095601466,0.0,639889000
2022-05-24,16.087871551513672,0.0,16.529058883354868,15.715402955185922,16.442415131665932,0.0,588550000
2022-05-25,16.905506134033203,0.0,17.04094904216001,15.93449732347587,15.954415901019841,0.0,781132000
2022-05-26,17.777923583984375,0.0,18.01793623253497,15.9564104502552,15.970353077975645,0.0,996575000
2022-05-27,18.733993530273438,0.0,18.80370666474349,18.02590373672392,18.111552116018746,0.0,738379000
2022-05-31,18.595561981201172,0.0,19.121400348314285,18.27487967412374,18.902299762323565,0.0,664100000
2022-06-01,18.24500274658203,0.0,18.97500185230617,18.047813348721185,18.6473501146243,0.0,544514000
2022-06-02,19.51179313659668,0.0,19.53868302922962,18.12350080401456,18.217115849128234,0.0,648656000
2022-06-03,18.643362045288086,0.0,19.252858009305765,18.446172677395946,19.003881477132655,0.0,598779000
2022-06-06,18.709095001220703,0.0,19.25783996366541,18.488003681659272,19.06065056239769,0.0,422406000
2022-06-07,18.84852409362793,0.0,18.92222057056187,18.11354434422296,18.396382141540013,0.0,388914000
2022-06-08,18.57558822631836,0.004,19.105521994199414,18.463026152906487,18.726000947489727,0.0,363252000
2022-06-09,17.977914810180664,0.0,18.859478331118886,17.97094202357339,18.409233910241724,0.0,395574000
2022-06-10,16.908090591430664,0.0,17.6282827443318,16.803496864291528,17.531659275414107,0.0,465248000
2022-06-13,15.5862398147583,0.0,16.248657445936082,15.545398661343508,15.937868732069086,0.0,604153000
2022-06-14,15.774506568908691,0.0,16.0036129839423,15.35215229559049,15.669913807719103,0.0,469680000
2022-06-15,16.462818145751953,0.0,16.802493483762905,15.864151334669703,16.032494699699694,0.0,563936000
2022-06-16,15.540419578552246,0.0,15.880095995991596,15.341196388689442,15.79841368067241,0.0,545749000
2022-06-17,15.818333625793457,0.0,15.932886820587377,15.268477150817528,15.587234197190497,0.0,630334000
2022-06-21,16.501667022705078,0.0,16.941949982642416,16.343284093469975,16.411020810356447,0.0,483089000
2022-06-22,16.296470642089844,0.0,16.59729794626429,16.117169323053933,16.16299022237989,0.0,437135000
2022-06-23,16.1619930267334,0.0,16.520593728784007,15.791436941343258,16.45485004508153,0.0,463680000
2022-06-24,17.059494018554688,0.0,17.07343959152511,16.24666280838682,16.43592551294382,0.0,472153000
2022-06-27,16.803497314453125,0.0,17.262707696564117,16.561440850774616,17.244777939984676,0.0,427968000
2022-06-28,15.919939994812012,0.0,17.135201879170452,15.883083017438073,16.83437454206532,0.0,461149000
2022-06-29,15.481645584106445,0.0,15.758565905380278,15.111090429737093,15.752589638361185,0.0,482352000
2022-06-30,15.10013484954834,0.0,15.506550493203868,14.80428823063541,15.30135010720161,0.0,686070000
2022-07-01,14.466604232788086,0.0,15.004507273555733,14.336113363533372,14.84114455708728,0.0,577610000
2022-07-05,14.905892372131348,0.0,14.912865159719473,14.000422705433717,14.11995661407491,0.0,651397000
2022-07-06,15.071247100830078,0.0,15.259513302763182,14.731570721690755,14.951713200390376,0.0,529066000
2022-07-07,15.796419143676758,0.0,15.883081194089858,15.329240527095354,15.395980736594536,0.0,492903000
2022-07-08,15.776498794555664,0.0,15.974726402731946,15.329241976596508,15.37008313178978,0.0,467972000
2022-07-11,15.093160629272461,0.0,15.466704390913305,14.97960300654342,15.465707871427929,0.0,437321000
2022-07-12,15.02343463897705,0.0,15.371079409038126,14.819230753552452,15.20871225038852,0.0,458483000
2022-07-13,15.105114936828613,0.0,15.315296025509971,14.408829876158077,14.533344477991491,0.0,521918000
2022-07-14,15.31230640411377,0.0,15.412914028547368,14.670807164690196,15.04933164322953,0.0,456235000
2022-07-15,15.700793266296387,0.0,15.720715108541247,15.385023849466009,15.598193546303452,0.0,385935000
2022-07-18,16.038475036621094,0.0,16.83138346936928,15.939860454756344,16.23869470882499,0.0,670517000
2022-07-19,16.926015853881836,0.0,17.043557657032984,16.109200448917402,16.42198027766924,0.0,702366000
2022-07-20,17.737852096557617,0.0,17.86336417339984,16.735759920763662,16.88119289080597,0.0,760538000
2022-07-21,17.97990608215332,0.0,18.07354091727774,17.476867973237123,17.815547810901403,0.0,557049000
2022-07-22,17.251750946044922,0.0,17.897233590693222,17.070456538486788,17.823521523852246,0.0,536671000
2022-07-25,16.957887649536133,0.0,17.057499680619006,16.58434395793146,16.952906003014185,0.0,480748000
2022-07-26,16.468801498413086,0.0,16.853302299081996,16.414014765426856,16.823418108378,0.0,397865000
2022-07-27,17.720918655395508,0.0,17.86635161594308,16.84732342255859,16.965860804114296,0.0,569776000
2022-07-28,17.914161682128906,0.0,18.069556021471275,17.372275483342808,17.90519775674753,0.0,474646000
2022-07-29,18.092470169067383,0.0,18.173155009470385,17.623298471299282,17.743828897049305,0.0,435460000
2022-08-01,18.36939239501953,0.0,18.772820437934747,17.920143444250357,18.111397333511174,0.0,476469000
2022-08-02,18.454059600830078,0.0,18.864460391381805,18.021744878238078,18.051629067336524,0.0,489527000
2022-08-03,18.81963348388672,0.0,18.8943430004141,18.06656870107235,18.11338707008379,0.0,418146000
2022-08-04,19.140384674072266,0.0,19.199155581116848,18.68715160109545,18.77580669644715,0.0,409652000
2022-08-05,18.915264129638672,0.0,19.154331957599457,18.593518416599398,18.736958353398986,0.0,386068000
2022-08-08,17.723905563354492,0.0,18.168174706690454,17.175046511530418,17.43403710855411,0.0,981859000
2022-08-09,17.019651412963867,0.0,17.379249624350564,16.65905763199982,17.18500716001782,0.0,668263000
2022-08-10,18.026729583740234,0.0,18.047647949674293,17.249757634884343,17.62927873105072,0.0,597422000
2022-08-11,17.87232780456543,0.0,18.63435848013521,17.806584108237903,18.06059496674186,0.0,509327000
2022-08-12,18.6363525390625,0.0,18.645318367215353,17.883287572264184,18.08948452029827,0.0,478094000
2022-08-15,18.95809555053711,0.0,19.089582944835495,18.540723865569156,18.628381495120706,0.0,457666000
2022-08-16,18.80569076538086,0.0,19.067669997846224,18.429158316805072,18.846531923284925,0.0,451240000
2022-08-17,18.26380157470703,0.0,18.615431461944837,18.074540740730857,18.45107316928741,0.0,446799000
2022-08-18,18.700101852416992,0.0,18.791743657859055,18.11239277422747,18.229934589865376,0.0,415447000
2022-08-19,17.779691696166992,0.0,18.448085673185464,17.700997988903634,18.33452802598433,0.0,441588000
2022-08-22,16.967859268188477,0.0,17.48982480167744,16.900122514247478,17.42208804773644,0.0,409593000
2022-08-23,17.114286422729492,0.0,17.39718405399935,16.904105288938386,16.923032515648686,0.0,369986000
2022-08-24,17.155126571655273,0.0,17.33841210925702,16.829396656993374,16.94594102007404,0.0,522661000
2022-08-25,17.84343910217285,0.0,17.877307466202186,16.76763310909007,16.778590073936765,0.0,770691000
2022-08-26,16.196861267089844,0.0,17.85439937298572,16.17394986366487,17.78766010205869,0.0,769127000
2022-08-29,15.739641189575195,0.0,16.274555614443177,15.705773773179859,15.957791581811284,0.0,496132000
2022-08-30,15.40793514251709,0.0,15.976716986717125,15.123045485635457,15.898024237946384,0.0,530181000
2022-08-31,15.03538703918457,0.0,15.479655236596056,14.900911041431531,15.324260876966457,0.0,573710000
2022-09-01,13.882878303527832,0.0,14.32415782874737,13.218468667025244,14.153821399390251,0.0,1178865000
2022-09-02,13.59400749206543,0.0,14.11597195898287,13.538224239518152,14.045248511057261,0.0,743157000
2022-09-06,13.412713050842285,0.0,13.725493859595561,13.299155414870102,13.67767991813969,0.0,535751000
2022-09-07,13.66480541229248,0.004,13.788361151575964,13.298125457424504,13.51434705091727,0.0,512657000
2022-09-08,13.939815521240234,0.0,13.957751553071784,13.321043803751946,13.410720161896329,0.0,624873000
2022-09-09,14.335392951965332,0.0,14.42208077071564,14.075329495714405,14.106217483223217,0.0,486612000
2022-09-12,14.452966690063477,0.0,14.494815842064591,14.14706782384788,14.317454878749421,0.0,484159000
2022-09-13,13.08389663696289,0.0,13.872059562410795,13.052011836426038,13.752490135017588,0.0,714956000
2022-09-14,13.08090877532959,0.0,13.242327368226784,12.86667985035143,13.206456253054055,0.0,588507000
2022-09-15,12.882620811462402,0.0,13.185530199582288,12.744119495023593,12.968312751976555,0.0,523625000
2022-09-16,13.150656700134277,0.0,13.16460641916656,12.571740509534544,12.696292115324688,0.0,670751000
2022-09-19,13.333996772766113,0.0,13.414706540772462,12.963331449798705,12.965324131066843,0.0,569685000
2022-09-20,13.128734588623047,0.0,13.434633475375263,13.010161983326146,13.167595196842449,0.0,524818000
2022-09-21,13.213428497314453,0.0,13.980666732546284,13.062970156786745,13.16560130347165,0.0,807679000
2022-09-22,12.515939712524414,0.0,13.101830672720805,12.383417402056564,13.023113598616863,0.0,759162000
2022-09-23,12.471102714538574,0.0,12.565762199000392,12.213031967666868,12.375447364597502,0.0,663309000
2022-09-26,12.184136390686035,0.0,12.61359104915648,12.170186671175692,12.446193464778984,0.0,547343000
2022-09-27,12.368473052978516,0.0,12.690314364148412,12.21402932430884,12.462135725855696,0.0,553854000
2022-09-28,12.690314292907715,0.0,12.777002105621296,12.309684609382174,12.365483486484552,0.0,542414000
2022-09-29,12.176165580749512,0.0,12.455160919270222,11.903148286154517,12.403347404233896,0.0,532763000
2022-09-30,12.095455169677734,0.0,12.587683536419725,12.031684619918396,12.043641657389104,0.0,565638000
2022-10-03,12.467116355895996,0.0,12.632521236553906,12.061575828714862,12.302708290891008,0.0,547478000
2022-10-04,13.119767189025879,0.0,13.172577516081788,12.832800195456576,12.832800195456576,0.0,584182000
2022-10-05,13.161614418029785,0.0,13.273213099308617,12.575724429638687,12.864684062084223,0.0,507131000
2022-10-06,13.08289909362793,0.0,13.607012205791838,13.05599552454441,13.172576390235374,0.0,644157000
2022-10-07,12.032681465148926,0.0,12.624550545260242,11.978875271525471,12.460142467451544,0.0,672478000
2022-10-10,11.628137588500977,0.0,12.080508526082841,11.367077348214593,11.993820717893747,0.0,698699000
2022-10-11,11.544440269470215,0.0,11.803506900585397,11.242526713057343,11.519529376884742,0.0,667482000
2022-10-12,11.458746910095215,0.0,11.692903570079896,11.304303196073544,11.537463990629318,0.0,492590000
2022-10-13,11.917098045349121,0.0,12.03467479522763,10.77421216389864,10.931645390841727,0.0,850103000
2022-10-14,11.186728477478027,0.0,12.067557354538815,11.163811215184015,12.013751153814267,0.0,713432000
2022-10-17,11.845354080200195,0.0,11.90513926216049,11.475685618444233,11.476681483829186,0.0,580774000
2022-10-18,11.924072265625,0.0,12.44718861782601,11.576324213052954,12.299719755620746,0.0,659362000
2022-10-19,12.007770538330078,0.0,12.305698708951443,11.791548948755544,11.83638760168255,0.0,523131000
2022-10-20,12.15025806427002,0.0,12.72319524071747,12.061576624677791,12.069548299667495,0.0,652398000
2022-10-21,12.421279907226562,0.0,12.45316565230335,11.84435745216042,12.054600015489106,0.0,609494000
2022-10-24,12.553805351257324,0.0,12.664407237339118,12.020724633774568,12.463132178101741,0.0,517457000
2022-10-25,13.213428497314453,0.0,13.252289101955755,12.618569993696527,12.648463058883129,0.0,505482000
2022-10-26,12.849740982055664,0.0,13.339975768369426,12.662415625938275,12.822838357636293,0.0,532953000
2022-10-27,13.128734588623047,0.0,13.788360510627266,13.07492839668743,13.581106467465899,0.0,583113000
2022-10-28,13.784374237060547,0.0,13.800317586774417,13.014147382415905,13.05699335304701,0.0,521040000
2022-10-31,13.448582649230957,0.0,13.78835995245815,13.24930028897117,13.728574769253589,0.0,486341000
2022-11-01,13.494418144226074,0.0,13.875047785742884,13.470504070891979,13.761456412532556,0.0,432817000
2022-11-02,13.171581268310547,0.0,14.159026573083835,13.163610543300285,13.800318290781895,0.0,672628000
2022-11-03,13.372856140136719,0.0,13.731565367636188,12.909524971705448,12.996212781616933,0.0,500065000
2022-11-04,14.105218887329102,0.0,14.177956971752689,13.647864854214127,13.935828645472183,0.0,612576000
2022-11-07,14.249698638916016,0.0,14.360300516988321,13.90394423701555,14.176960552458848,0.0,410061000
2022-11-08,14.549620628356934,0.0,14.837583500238217,14.165004638425565,14.747906191962752,0.0,595292000
2022-11-09,13.726581573486328,0.0,14.160021522270355,13.709642359692431,14.111196561878556,0.0,454414000
2022-11-10,15.693500518798828,0.0,15.71641777595713,14.494815934563771,14.746908614064782,0.0,700819000
2022-11-11,16.268430709838867,0.0,16.330208574296904,15.426462616385566,15.750296571579392,0.0,655487000
2022-11-14,16.23654556274414,0.0,16.480667518589406,15.864883468839679,16.159822116780518,0.0,527852000
2022-11-15,16.60621452331543,0.0,16.937022370999905,16.32323291950231,16.662013391587355,0.0,545876000
2022-11-16,15.852928161621094,0.0,16.303306431643236,15.816061182952085,16.1040250035794,0.0,649547000
2022-11-17,15.620763778686523,0.0,16.20765162732223,15.47927296101109,15.658627572163233,0.0,710894000
2022-11-18,15.35372543334961,0.0,15.944598642065296,15.065761621009438,15.90872657967121,0.0,492072000
2022-11-21,15.262056350708008,0.0,15.421482258214427,15.025906036280436,15.092666086419097,0.0,404739000
2022-11-22,15.980470657348633,0.0,16.00039937204481,15.067756049737582,15.273017439942477,0.0,472866000
2022-11-23,16.459741592407227,0.0,16.467714217291594,15.990432410924427,16.040252289045704,0.0,427241000
2022-11-25,16.211637496948242,0.0,16.427858142364496,16.11398946353445,16.259465648152826,0.0,167934000
2022-11-28,15.77022647857666,0.0,16.298325994560756,15.668593078367639,15.968512050766721,0.0,303741000
2022-11-29,15.582900047302246,0.0,15.874849224323373,15.46432743853725,15.770225383983295,0.0,298384000
2022-11-30,16.866607666015625,0.004,16.873584309435355,15.54502609510109,15.644692293883454,0.0,565298000
2022-12-01,17.077898025512695,0.0,17.207463965478787,16.579564270117494,16.942351563411925,0.0,470977000
2022-12-02,16.819761276245117,0.0,16.876572437618908,16.390197799139116,16.60348535757367,0.0,371389000
2022-12-05,16.55465316772461,0.0,16.9383705081479,16.41711252133541,16.62342349091921,0.0,352255000
2022-12-06,15.933727264404297,0.0,16.51777403742583,15.766286867339783,16.474918055552177,0.0,352694000
2022-12-07,16.066282272338867,0.0,16.1320623176005,15.614790838365689,15.719441428825348,0.0,372388000
2022-12-08,17.11178970336914,0.0,17.12175660926792,15.905820703517822,16.218775465562125,0.0,515456000
2022-12-09,16.944347381591797,0.0,17.524408725344184,16.91843494852363,17.102817944678048,0.0,465338000
2022-12-12,17.4765682220459,0.0,17.47955848372448,16.741028482869503,16.9802285062354,0.0,457328000
2022-12-13,18.01177978515625,0.0,18.72738762856205,17.651982672461422,18.469249909930564,0.0,656589000
2022-12-14,17.61510467529297,0.0,18.191179623464766,17.36195136904166,17.927061390913362,0.0,496888000
2022-12-15,16.895509719848633,0.0,17.262283446585172,16.64435056625301,17.088863487866476,0.0,478542000
2022-12-16,16.515779495239258,0.0,16.98421452775994,16.355316696171542,16.80780430040909,0.0,478232000
2022-12-19,16.19983673095703,0.0,16.55365331311345,16.091200695343332,16.516777854754576,0.0,354039000
2022-12-20,16.031402587890625,0.0,16.25565325018952,15.799180110626692,16.01047265280894,0.0,403260000
2022-12-21,16.446014404296875,0.0,16.571595897427166,16.048343794868938,16.060304842306547,0.0,325025000
2022-12-22,15.287884712219238,0.0,16.084222895893255,14.832407820265537,16.040368896112454,0.0,565045000
2022-12-23,15.155329704284668,0.0,15.287885933378956,14.833406075775102,15.145362798947778,0.0,349326000
2022-12-27,14.073944091796875,0.0,15.049681806653775,14.009160162650081,15.023768425094323,0.0,464902000
2022-12-28,13.989229202270508,0.0,14.214475953122395,13.837735273982746,13.880592209011148,0.0,351066000
2022-12-29,14.554339408874512,0.0,14.634072755943127,14.179592867751314,14.354009920900088,0.0,354923000
2022-12-30,14.565301895141602,0.0,14.580251302126825,14.185570989377842,14.28623425846336,0.0,310490000
2023-01-03,14.267298698425293,0.0,14.946030156445817,14.049028593833635,14.801512873667992,0.0,401277000
2023-01-04,14.699851036071777,0.0,14.803504564817873,14.193544438500394,14.518458311262469,0.0,431324000
2023-01-05,14.217466354370117,0.0,14.515469810414057,14.100855645137985,14.442713107430109,0.0,389168000
2023-01-06,14.80948543548584,0.0,14.959982279736408,13.987234779976571,14.42576814608272,0.0,405044000
2023-01-09,15.575921058654785,0.0,16.00249427719532,15.090543487719035,15.23306755109054,0.0,504231000
2023-01-10,15.855989456176758,0.0,15.908812351147873,15.4204453255253,15.45532854871312,0.0,384101000
2023-01-11,15.947678565979004,0.0,15.974589018428674,15.511138407767845,15.787215773433328,0.0,353285000
2023-01-12,16.45598030090332,0.0,16.58155988533878,15.44037584745414,16.046350570153667,0.0,551409000
2023-01-13,16.842687606811523,0.0,16.865611678653806,16.11113426118995,16.22375667699758,0.0,447287000
2023-01-17,17.643009185791016,0.0,17.66892351620741,16.842685620041838,16.842685620041838,0.0,511102000
2023-01-18,17.319093704223633,0.0,17.813439222153065,17.224409065517293,17.608126319924487,0.0,439624000
2023-01-19,16.709129333496094,0.0,17.13969078574918,16.675244145492883,16.97922612350295,0.0,452932000
2023-01-20,17.779558181762695,0.0,17.796501732635843,16.76893705940326,16.954316196674295,0.0,564967000
2023-01-23,19.129043579101562,0.0,19.180870344101777,17.75862551866824,18.00380415598392,0.0,655163000
2023-01-24,19.2008056640625,0.0,19.430040716014094,18.75728877168834,18.764265416274096,0.0,496204000
2023-01-25,19.258609771728516,0.0,19.30545403532492,18.518085645970668,18.849976169985318,0.0,449537000
2023-01-26,19.73601531982422,0.0,20.09880270917431,19.213761238604867,19.63535204186898,0.0,489535000
2023-01-27,20.297138214111328,0.0,20.559262315315294,19.34033810009434,19.39714737022937,0.0,542142000
2023-01-30,19.098146438598633,0.0,20.072886152093297,19.08618539248616,19.883520664577752,0.0,488611000
2023-01-31,19.471895217895508,0.0,19.621394975107712,18.886851453283832,19.106117637128893,0.0,498017000
2023-02-01,20.87321662902832,0.0,21.121385582722432,19.545654255705372,19.625387611698173,0.0,660477000
2023-02-02,21.63665771484375,0.0,21.875857723454107,20.631021178314572,20.930020713829347,0.0,564276000
2023-02-03,21.029691696166992,0.0,21.672542905902933,20.719727178290317,20.930024532480385,0.0,429366000
2023-02-06,21.018722534179688,0.0,21.498118619101376,20.71673086922874,20.736664676346177,0.0,452197000
2023-02-07,22.099109649658203,0.0,22.1848234989371,21.079518043741285,21.310745262287682,0.0,664150000
2023-02-08,22.131010055541992,0.0,22.801767868997864,21.93466598259575,22.312402817710073,0.0,559651000
2023-02-09,22.2625675201416,0.0,22.943292158985646,22.046291560362647,22.530672149758068,0.0,523876000
2023-02-10,21.19413948059082,0.0,22.00443010232316,20.74165374341449,21.6177244226343,0.0,550737000
2023-02-13,21.715394973754883,0.0,21.974528792175906,20.892147277807663,21.466228060003054,0.0,474919000
2023-02-14,22.89445686340332,0.0,22.972196070287414,21.294803588437638,21.506097057062863,0.0,675474000
2023-02-15,22.68814468383789,0.0,22.778841054015846,22.032338260019806,22.473860964718224,0.0,420575000
2023-02-16,21.92868423461914,0.0,22.474856585066412,21.853933394359046,22.059246323523663,0.0,412026000
2023-02-17,21.31673240661621,0.0,21.667558774123847,20.905108479188826,21.558922723947695,0.0,465888000
2023-02-21,20.586170196533203,0.0,21.422373121018033,20.54929284097226,20.9300198380873,0.0,410015000
2023-02-22,20.68484115600586,0.0,21.03367523119019,20.352950629424083,20.637998793039895,0.0,513184000
2023-02-23,23.58514404296875,0.0,23.80839853574855,22.94827344265805,23.361891451181727,0.0,1117995000
2023-02-24,23.208402633666992,0.0,23.39577778263142,22.870533495406775,23.147606985640458,0.0,589716000
2023-02-27,23.422685623168945,0.0,23.800422369181604,23.375843263094975,23.59112307758857,0.0,452994000
2023-02-28,23.138639450073242,0.0,23.74561130134119,23.128672543867644,23.294119765093207,0.0,455963000
2023-03-01,22.622365951538086,0.0,23.1785071533375,22.432998534976818,23.11471933360439,0.0,460026000
2023-03-02,23.236309051513672,0.0,23.302089102000206,22.35724820401247,22.413063250752206,0.0,389415000
2023-03-03,23.810392379760742,0.0,23.82035928556431,23.052924647625705,23.24229205590769,0.0,412393000
2023-03-06,23.475515365600586,0.0,24.167201195099672,23.408737281422425,23.81139232423808,0.0,437429000
2023-03-07,23.214340209960938,0.004,24.04869267419401,23.167487988654617,23.525353628386604,0.0,515154000
2023-03-08,24.104516983032227,0.0,24.12345789128584,23.349911350313405,23.412711812029624,0.0,513573000
2023-03-09,23.361873626708984,0.0,24.37665338080257,23.309039864365545,24.098534615353046,0.0,501257000
2023-03-10,22.892362594604492,0.0,23.55226936391661,22.654118224508185,23.334958480231546,0.0,474866000
2023-03-13,22.893360137939453,0.0,23.224310780832916,22.226477404613806,22.680038203014842,0.0,421890000
2023-03-14,23.98689079284668,0.0,24.14239751688331,23.385797384475328,23.421684721601242,0.0,474910000
2023-03-15,24.1513671875,0.0,24.209182394285897,23.286112651373358,23.685843355775486,0.0,524486000
2023-03-16,25.46021270751953,0.0,25.507063024700976,23.818421001130595,23.95100163776788,0.0,583253000
2023-03-17,25.64362907409668,0.0,26.31549691711218,25.586808261666317,25.899816121394398,0.0,848547000
2023-03-20,25.818077087402344,0.0,25.94168541899632,25.050512165831673,25.533978703666488,0.0,432747000
2023-03-21,26.116132736206055,0.0,26.30852307379936,25.300721156644958,26.097193730071265,0.0,547408000
2023-03-22,26.3842830657959,0.0,27.50173767157012,26.154012813178745,26.34141790205971,0.0,797295000
2023-03-23,27.104995727539062,0.0,27.412022096248382,26.605580921982124,27.02923590014394,0.0,564889000
2023-03-24,26.69429588317871,0.0,27.081069104608634,26.271637231409848,26.94549959949804,0.0,454920000
2023-03-27,26.447084426879883,0.0,26.914600875564393,26.281609108296,26.752116326767855,0.0,361026000
2023-03-28,26.326465606689453,0.0,26.42914045882786,25.768237406573,26.363349230566957,0.0,356104000
2023-03-29,26.89864730834961,0.0,26.99234984404029,26.51287227864152,26.74015174035028,0.0,393694000
2023-03-30,27.29638671875,0.0,27.412020935167096,27.01627538766958,27.142874491555478,0.0,364516000
2023-03-31,27.68914222717285,0.0,27.74596114615361,27.019266870020537,27.054156013485166,0.0,433933000
2023-04-03,27.87654685974121,0.0,27.911436002639256,27.249536675681906,27.421989811329777,0.0,398716000
2023-04-04,27.366167068481445,0.0,27.911437825351527,27.2206289482267,27.87754496966134,0.0,368592000
2023-04-05,26.795978546142578,0.0,26.912607163282487,26.31151565571502,26.74414297141955,0.0,515015000
2023-04-06,26.95148277282715,0.0,26.994346033960124,26.34341159102696,26.49991459021249,0.0,397654000
2023-04-10,27.491771697998047,0.0,27.533638674959434,26.584650061202737,26.738162310061163,0.0,395279000
2023-04-11,27.08306312561035,0.0,27.702099147015957,27.040197966487828,27.63630792496598,0.0,314378000
2023-04-12,26.411197662353516,0.0,27.381119656216434,26.364345440236946,27.2834300542219,0.0,446259000
2023-04-13,26.37929916381836,0.0,26.801957875512077,26.245724119817375,26.64944192297439,0.0,353615000
2023-04-14,26.673362731933594,0.0,26.79796735162646,26.137064342301827,26.420166433717664,0.0,395660000
2023-04-17,26.91659164428711,0.0,26.920578703015185,26.34939118660513,26.480973631209377,0.0,321471000
2023-04-18,27.579490661621094,0.0,28.02109026862938,27.270471706452536,27.445915621619545,0.0,604812000
2023-04-19,27.842653274536133,0.0,27.911435269103396,27.145864822992923,27.274456503625604,0.0,358660000
2023-04-20,27.01827049255371,0.0,27.94134215983428,26.914599351934957,27.583476516154896,0.0,427713000
2023-04-21,27.033220291137695,0.0,27.09701893484949,26.63747666725273,26.86674870571586,0.0,345103000
2023-04-24,26.956470489501953,0.0,27.27944513842349,26.586643611517285,26.92756288092003,0.0,339282000
2023-04-25,26.157997131347656,0.0,27.160815601118838,26.14204889645108,26.99234953614374,0.0,378527000
2023-04-26,26.870737075805664,0.0,27.243554654828017,26.620531540784825,26.916593006788613,0.0,406337000
2023-04-27,27.139883041381836,0.0,27.40803318885761,26.540784192741274,27.27645073990056,0.0,377161000
2023-04-28,27.661230087280273,0.0,27.670200494580325,26.985373211032865,27.138887339013703,0.0,292216000
2023-05-01,28.818561553955078,0.0,28.966094165511826,27.692136422777327,27.751946118785327,0.0,570329000
2023-05-02,28.120771408081055,0.0,28.74479273603856,27.994174201759634,28.58928602409841,0.0,402730000
2023-05-03,27.71406364440918,0.0,28.277277108700098,27.385107494737166,27.75194355869358,0.0,383387000
2023-05-04,27.47481918334961,0.0,27.770878726472898,27.153837196427407,27.563536466695737,0.0,321850000
2023-05-05,28.58928108215332,0.0,28.66404270490473,27.643283507362757,27.73798232337403,0.0,361494000
2023-05-08,29.058794021606445,0.0,29.127576016939173,28.260328904734493,28.43178384704761,0.0,344979000
2023-05-09,28.480627059936523,0.0,28.881355931475877,28.360011403786928,28.807590591905967,0.0,314869000
2023-05-10,28.793638229370117,0.0,29.020917714127965,28.37097953587767,28.9132576098521,0.0,369350000
2023-05-11,28.487607955932617,0.0,28.858432976365187,28.15665923092003,28.80460292458763,0.0,322149000
2023-05-12,28.2503604888916,0.0,28.688969297483915,27.957289789783168,28.438761858901234,0.0,274222000
2023-05-15,28.861419677734375,0.0,28.877369814441632,28.06295457930079,28.4178275338678,0.0,293926000
2023-05-16,29.1205997467041,0.0,29.775523171518977,28.740806219257955,28.749776627024,0.0,449405000
2023-05-17,30.082548141479492,0.0,30.103481628369693,29.336914830555962,29.490427067750744,0.0,432535000
2023-05-18,31.577802658081055,0.0,31.727327831009532,30.224098180923058,30.31381366494329,0.0,748725000
2023-05-19,31.165109634399414,0.0,31.48011008821705,30.818210809592202,31.436248639784157,0.0,473908000
2023-05-22,31.077392578125,0.0,31.420304387689416,30.582961110509476,30.803260867315778,0.0,372000000
2023-05-23,30.5909366607666,0.0,31.189039301220525,30.53411773699589,30.901950109855278,0.0,356253000
2023-05-24,30.441410064697266,0.0,30.510192064798854,29.71172499125114,30.114446491845936,0.0,721419000
2023-05-25,37.859867095947266,0.0,39.3551225285011,36.51912017458201,38.40114883242656,0.0,1543911000
2023-05-26,38.82282257080078,0.0,39.046113140660246,37.43123786521868,37.77016268131208,0.0,714397000
2023-05-30,39.984130859375,0.0,41.8053518099001,39.82264450499864,40.4666011461992,0.0,923401000
2023-05-31,37.71433639526367,0.0,40.16755116297335,37.70237331513915,39.36310437329028,0.0,1002580000
2023-06-01,39.64420700073242,0.0,39.92332013723305,38.21872982052202,38.367256795979486,0.0,635873000
2023-06-02,39.202613830566406,0.0,40.37190412923741,38.934463636282324,39.97017888390724,0.0,482731000
2023-06-05,39.04710388183594,0.0,39.439854864368684,38.58457081030142,38.78593155134608,0.0,396094000
2023-06-06,38.53173828125,0.0,39.03613834073106,38.02733822176895,38.70718409484521,0.0,388729000
2023-06-07,37.36033248901367,0.004,39.378141523481524,37.241697122376735,38.79592881153469,0.0,511998000
2023-06-08,38.39216232299805,0.0,38.745079216522015,37.39024024122493,37.60856808894223,0.0,417772000
2023-06-09,38.6513671875,0.0,39.58948588191824,38.448989234454245,38.91754848393105,0.0,427717000
2023-06-12,39.36118698120117,0.0,39.4090404400651,38.49983232769968,39.08005218877828,0.0,388701000
2023-06-13,40.89647674560547,0.0,40.975237387752834,39.618401830821284,40.063036270092226,0.0,613208000
2023-06-14,42.86543655395508,0.0,42.868425731448234,40.427914429279454,40.699085309650826,0.0,740465000
2023-06-15,42.522491455078125,0.0,43.15654702262012,42.018039182120376,42.47164881165265,0.0,568622000
2023-06-16,42.56137466430664,0.0,43.58722551638536,42.53046747800974,43.31705479881207,0.0,655709000
2023-06-20,43.6739501953125,0.0,43.85539630398405,42.543421257103255,42.86643115503074,0.0,451153000
2023-06-21,42.913291931152344,0.0,43.481551381643484,41.9512482252179,43.36789797033513,0.0,551603000
2023-06-22,42.89335632324219,0.0,43.293126539128146,42.104776210367746,42.12371527633215,0.0,417737000
2023-06-23,42.07985305786133,0.0,42.67801572091921,41.88644639488769,42.334073901022386,0.0,358140000
2023-06-26,40.50767135620117,0.0,42.633147684220695,39.97729771593512,42.33107342513513,0.0,594322000
2023-06-27,41.747867584228516,0.0,41.81167093605906,40.3242393713419,40.674163315350505,0.0,462175000
2023-06-28,40.99119186401367,0.0,41.71696498768914,40.39402564201727,40.535589450400664,0.0,582639000
2023-06-29,40.69709014892578,0.0,41.4727094781301,40.47576930987673,41.430838173608656,0.0,380514000
2023-06-30,42.17256164550781,0.0,42.419803905460185,41.3740138694354,41.55246701356272,0.0,501148000
2023-07-03,42.28322219848633,0.0,42.76673879586181,42.07286928017555,42.38690406882019,0.0,198209000
2023-07-05,42.18751525878906,0.0,43.04488054432272,41.95622290579701,42.00606914984757,0.0,323618000
2023-07-06,41.97418212890625,0.0,42.04994981196666,41.21949827960862,41.71597569205505,0.0,303582000
2023-07-07,42.37294387817383,0.0,43.08177063947781,42.05093416959679,42.19249796154775,0.0,355881000
2023-07-10,42.05093002319336,0.0,42.679999688168024,41.52155283823929,42.52647159560561,0.0,353908000
2023-07-11,42.275245666503906,0.0,42.62716617688633,41.93828245284964,42.351013330555574,0.0,298244000
2023-07-12,43.767669677734375,0.0,43.80056964792914,42.64611193757971,42.901329149439654,0.0,481277000
2023-07-13,45.8363151550293,0.0,46.01376808541058,44.35585853064173,44.38177994624532,0.0,478204000
2023-07-14,45.32987976074219,0.0,47.940865860168145,44.922130787066145,46.44046966052176,0.0,772075000
2023-07-17,46.31882858276367,0.0,46.35372133117237,45.123499999402384,46.14735782088338,0.0,510488000
2023-07-18,47.34867858886719,0.0,47.74944898576326,45.594065463977465,46.5581057196224,0.0,569164000
2023-07-19,46.932952880859375,0.0,47.67168668562745,46.598978830711765,47.31876976791527,0.0,427502000
2023-07-20,45.380714416503906,0.0,46.942920912803515,44.9241156620399,46.36469382160293,0.0,537865000
2023-07-21,44.173423767089844,0.0,45.72566275241697,43.96506361938245,45.647898491989125,0.0,963769000
2023-07-24,44.47549057006836,0.0,44.97097143505105,43.90524224115585,44.59412592293156,0.0,382516000
2023-07-25,45.53923416137695,0.0,46.04168985274926,44.78554682129327,44.80349329728166,0.0,348081000
2023-07-26,45.31291961669922,0.0,45.91208233149028,44.49343628066657,45.88017875854229,0.0,364237000
2023-07-27,45.759552001953125,0.0,47.24997638304764,45.61000946610031,46.37665740516835,0.0,455976000
2023-07-28,46.60695266723633,0.0,46.883105518604516,46.23908226392985,46.525202843607126,0.0,331194000
2023-07-31,46.58601760864258,0.0,46.98579159307672,46.363700375175576,46.61094263427025,0.0,251055000
2023-08-01,46.36469650268555,0.0,46.75649554152621,45.886165676964275,46.31783943234634,0.0,237858000
2023-08-02,44.133548736572266,0.0,45.699741010536016,43.254247470375134,45.69076967402106,0.0,530142000
2023-08-03,44.37879180908203,0.0,44.979947380659944,43.66597942336427,43.66597942336427,0.0,324176000
2023-08-04,44.54328536987305,0.0,45.50233976816819,44.25716479958756,44.84735241415571,0.0,362666000
2023-08-07,45.27803039550781,0.0,45.400655128648054,44.42664342016852,44.97296695444659,0.0,322154000
2023-08-08,44.52733612060547,0.0,45.10356664242382,43.92119480836412,44.715756986658505,0.0,353843000
2023-08-09,42.423789978027344,0.0,44.17641010034291,42.00507315736143,44.13852436844698,0.0,586449000
2023-08-10,42.25829315185547,0.0,43.44066481177175,41.70698393305918,42.03099019324286,0.0,492705000
2023-08-11,40.729984283447266,0.0,41.88942754104393,40.51464563346433,41.623242454978985,0.0,533085000
2023-08-14,43.61912155151367,0.0,43.665978621737146,40.187655955736346,40.36211972462702,0.0,690286000
2023-08-15,43.805545806884766,0.0,45.12948515568442,43.5762500445296,44.423651395520004,0.0,676512000
2023-08-16,43.352943420410156,0.0,44.538304546583966,43.273186375605505,44.38378002605648,0.0,527451000
2023-08-17,43.21137237548828,0.0,43.927173858554056,42.86941961752367,43.83545631480397,0.0,452395000
2023-08-18,43.166507720947266,0.0,43.44465333013322,41.5325230130091,42.504538056513674,0.0,583768000
2023-08-21,46.82328414916992,0.0,46.92098385181181,44.08668467367108,44.35785173857862,0.0,692573000
2023-08-22,45.52825927734375,0.0,48.03955236680591,45.194285260085415,47.98770953500303,0.0,755293000
2023-08-23,46.97182846069336,0.0,47.05557105969461,45.06966590460551,45.72565339980645,0.0,779046000
2023-08-24,47.01869583129883,0.0,50.11220236963025,47.01471026045013,50.06235611284215,0.0,1156044000
2023-08-25,45.87718963623047,0.0,47.658720291728024,44.8862279220612,46.86814754737519,0.0,925341000
2023-08-28,46.69169616699219,0.0,46.83625296106333,44.75065488017665,46.33977561628421,0.0,685192000
2023-08-29,48.63473129272461,0.0,48.93082341552477,46.249051833640735,46.52321191086775,0.0,701397000
2023-08-30,49.11326217651367,0.0,49.77423173710802,48.27682864513261,48.893934114542816,0.0,735206000
2023-08-31,49.203983306884766,0.0,49.5917929853516,48.80819868484659,49.22890833319217,0.0,528570000
2023-09-01,48.36056900024414,0.0,49.64761910935292,47.99469138418687,49.609737178375475,0.0,463830000
2023-09-05,48.399452209472656,0.0,48.70152648362675,47.71355763922135,48.07544589025944,0.0,382653000
2023-09-06,46.920860290527344,0.004,48.404428217365016,46.44129363976494,48.29675192445169,0.0,468670000
2023-09-07,46.10330581665039,0.0,46.20599974475195,45.01754791417301,45.38943829933542,0.0,433330000
2023-09-08,45.43629455566406,0.0,46.46721591183993,45.136192180115536,45.80519551015305,0.0,473069000
2023-09-11,45.04347229003906,0.0,46.02553600450633,44.180049901886676,46.01058127939669,0.0,473966000
2023-09-12,44.736385345458984,0.0,45.53699557699163,44.39839411760551,44.60477844461375,0.0,349256000
2023-09-13,45.34955596923828,0.0,45.79323054977972,44.37047790444444,44.46718918081737,0.0,398355000
2023-09-14,45.445274353027344,0.0,45.85006363868303,44.996613561123056,45.8131750613874,0.0,370097000
2023-09-15,43.76927947998047,0.0,45.4632178335496,43.67755057038964,45.20598666420072,0.0,506831000
2023-09-18,43.8350830078125,0.0,44.11026214230338,41.87493751856223,42.62071131068282,0.0,500271000
2023-09-19,43.390411376953125,0.0,43.835082475156234,42.87395226873784,43.70247908606619,0.0,373064000
2023-09-20,42.113224029541016,0.0,43.7722706240914,42.09727282869751,43.470171462670386,0.0,367108000
2023-09-21,40.894859313964844,0.0,41.97463457715853,40.85797073876032,41.45917578549763,0.0,450736000
2023-09-22,41.48609924316406,0.0,41.98959657847822,41.10822617218465,41.448210386933276,0.0,479236000
2023-09-25,42.09626770019531,0.0,42.40933182158676,41.0543776162706,41.46714623078314,0.0,419091000
2023-09-26,41.78619384765625,0.0,42.6924873606105,41.53095566477393,41.87592599161224,0.0,402282000
2023-09-27,42.34153747558594,0.0,42.744337580019156,41.50503894981491,42.20395172792175,0.0,444935000
2023-09-28,42.960697174072266,0.0,43.31663260486512,41.98959836899157,42.33356849695518,0.0,424663000
2023-09-29,43.369468688964844,0.0,44.01254845640997,43.17803909015806,43.696491084144924,0.0,397830000
2023-10-02,44.64864730834961,0.0,45.040474760812266,43.73038848028064,43.89888394531724,0.0,433298000
2023-10-03,43.38741683959961,0.0,44.995616545503985,43.11722389309479,44.67457296774722,0.0,470850000
2023-10-04,43.90985870361328,0.0,44.011556163058,43.16308846642664,43.61174925416727,0.0,361821000
2023-10-05,44.554935455322266,0.0,44.76630599321606,43.75731831894087,43.91883469559828,0.0,393483000
2023-10-06,45.625736236572266,0.0,45.65265626506475,43.89490543600504,44.061407980133865,0.0,434436000
2023-10-09,45.1381950378418,0.0,45.469207213017526,44.23589096073579,44.708478616295075,0.0,409675000
2023-10-10,45.66162109375,0.0,46.12124684777387,44.95373627488307,45.17507531550578,0.0,368582000
2023-10-11,46.6666259765625,0.0,46.71946955859621,45.91287659330196,46.05844175921358,0.0,378137000
2023-10-12,46.80521011352539,0.0,47.4672343606174,46.19204354796514,46.637711102575786,0.0,481325000
2023-10-13,45.32563018798828,0.0,46.97570471236393,45.145169391645375,46.82016719199545,0.0,474115000
2023-10-16,45.95774841308594,0.0,46.08735858574587,44.77826845784265,44.92881981280981,0.0,375099000
2023-10-17,43.807159423828125,0.0,44.620731393430276,42.35350093093971,43.86897507163302,0.0,812333000
2023-10-18,42.07035827636719,0.0,43.0903148552471,41.7004645615441,42.46418259890881,0.0,627294000
2023-10-19,41.97563934326172,0.0,43.168077212016314,41.757289685675055,42.68352429308483,0.0,501233000
2023-10-20,41.26376724243164,0.0,42.34354268783243,40.955685402910255,41.7652678682802,0.0,477266000
2023-10-23,42.84703826904297,0.0,43.11922801460042,40.823083912534464,41.106238683892464,0.0,478530000
2023-10-24,43.532981872558594,0.0,43.5668810255137,42.56387990123347,42.9487282788918,0.0,401463000
2023-10-25,41.65459442138672,0.0,43.52002535417708,41.43126239759443,43.26877302407248,0.0,398379000
2023-10-26,40.20592498779297,0.0,42.130178498809435,39.76125385517592,41.72837859858881,0.0,541001000
2023-10-27,40.379398345947266,0.0,41.08329728392404,39.89584197944323,41.00752338515214,0.0,416784000
2023-10-30,41.03843307495117,0.0,41.64163109365404,40.3604576251133,40.96465592174652,0.0,388028000
2023-10-31,40.658565521240234,0.0,40.757273552176585,39.11318181784756,40.329550161466386,0.0,517969000
2023-11-01,42.198970794677734,0.0,42.25480380163395,40.74730500713954,40.7622597335259,0.0,437593000
2023-11-02,43.3764533996582,0.0,43.75332619208585,42.76627622905822,43.19898202777144,0.0,409172000
2023-11-03,44.87099075317383,0.0,45.17408258825645,43.59280664299351,43.88892315557369,0.0,424610000
2023-11-06,45.614768981933594,0.0,45.798223011195105,44.765304753189504,45.15015696243412,0.0,400733000
2023-11-07,45.81816482543945,0.0,46.08037839216094,45.02353711440928,45.582867485335434,0.0,343165000
2023-11-08,46.43531799316406,0.0,46.72744479735544,45.83111967900613,45.96272659241924,0.0,346719000
2023-11-09,46.8101921081543,0.0,48.08637928139042,46.610786911501705,47.32565087128028,0.0,540496000
2023-11-10,48.19106674194336,0.0,48.32765981676779,47.142201251891926,47.358554124348004,0.0,421245000
2023-11-13,48.4752197265625,0.0,48.96974494304787,47.9557712363459,48.176113818422,0.0,384136000
2023-11-14,49.50813674926758,0.0,49.6856081153753,48.89397370012533,49.532067353089744,0.0,416954000
2023-11-15,48.7424201965332,0.0,49.81122656013526,48.0564692193451,49.786303287958084,0.0,475497000
2023-11-16,49.33266067504883,0.0,49.37752865421783,48.186087364869636,48.534047157885986,0.0,339756000
2023-11-17,49.151206970214844,0.0,49.56895804695832,48.861073108178935,49.37653194691317,0.0,325205000
2023-11-20,50.25889205932617,0.0,50.39747808312561,49.034548168899995,49.16515859327281,0.0,414120000
2023-11-21,49.7952766418457,0.0,50.366568411025234,49.07542649691953,49.97673388984551,0.0,565747000
2023-11-22,48.57094192504883,0.0,50.185120642893004,47.54799598832388,49.703560932235554,0.0,899420000
2023-11-24,47.63373565673828,0.0,48.77532658141017,47.60282592861512,48.325669336815935,0.0,294645000
2023-11-27,48.098350524902344,0.0,48.38549115302334,47.51010721393193,47.65766532815117,0.0,395662000
2023-11-28,47.67860412597656,0.0,48.17911204503058,47.33164078012809,48.09236930689928,0.0,401491000
2023-11-29,47.99665451049805,0.0,48.616804044774916,47.71748947427739,48.23494506927642,0.0,382005000
2023-11-30,46.6307373046875,0.0,47.96674744990859,46.283773941411816,47.88100118212253,0.0,526247000
2023-12-01,46.62575149536133,0.0,47.05945760454386,46.04947343587655,46.38646825144851,0.0,369317000
2023-12-04,45.37448501586914,0.0,45.93979802137365,44.87597384591377,45.93979802137365,0.0,437543000
2023-12-05,46.431419372558594,0.004,46.46531769952222,45.14016013303565,45.33459625037478,0.0,371718000
2023-12-06,45.37149429321289,0.0,47.25005219470193,45.280757679582,47.07854839373765,0.0,380590000
2023-12-07,46.46133804321289,0.0,46.49424361639184,45.47220434901942,45.56792757808214,0.0,350823000
2023-12-08,47.368709564208984,0.0,47.60303102965734,46.41547109826504,46.4603430274887,0.0,359224000
2023-12-11,46.492244720458984,0.0,47.39363144924944,45.69755100849952,47.35374994188855,0.0,509728000
2023-12-12,47.51927185058594,0.0,47.52824471452688,45.912927610504205,45.912927610504205,0.0,372387000
2023-12-13,47.94902038574219,0.0,48.45355849420569,47.47040810748177,47.49134732333681,0.0,447792000
2023-12-14,48.210269927978516,0.0,48.529344843205315,47.28495419528999,48.25015524330012,0.0,391232000
2023-12-15,48.74870300292969,0.0,49.2612174369844,47.98092791403106,48.05471535600333,0.0,479948000
2023-12-18,49.932273864746094,0.0,50.28724399732617,49.0079548114807,49.25723229515319,0.0,412587000
2023-12-19,49.46063995361328,0.0,49.55636317420033,48.75368939419547,49.281159865930675,0.0,464444000
2023-12-20,47.971954345703125,0.0,49.85449831929735,47.95899143016388,49.511490749608875,0.0,397894000
2023-12-21,48.84841537475586,0.0,48.95311145717248,48.279062673701084,48.669931851728876,0.0,300425000
2023-12-22,48.688873291015625,0.0,49.24027260571634,48.32691966505345,49.05281623744541,0.0,252507000
2023-12-26,49.13658142089844,0.0,49.45665286845571,48.81850309781851,48.82647939940057,0.0,244200000
2023-12-27,49.2741813659668,0.0,49.53642176515991,48.943140137976336,49.36791146455285,0.0,233648000
2023-12-28,49.378875732421875,0.0,49.73982902864742,49.26919303504833,49.49952822100173,0.0,246587000
2023-12-29,49.378875732421875,0.0,49.85250521620105,48.610104092310245,49.66903507790819,0.0,389293000
2024-01-02,48.02878952026367,0.0,49.15253129584884,47.457447488056715,49.10167999879026,0.0,411254000
2024-01-03,47.431522369384766,0.0,48.04474284454288,47.183241449788504,47.34776550065434,0.0,320896000
2024-01-04,47.85927963256836,0.0,48.35982768135906,47.3706941328935,47.62894445792347,0.0,306535000
2024-01-05,48.955108642578125,0.0,49.4038088927802,48.16639428593929,48.3219454810566,0.0,415039000
2024-01-08,52.101985931396484,0.0,52.1239255155236,49.336004592518634,49.36891016503661,0.0,642510000
2024-01-09,52.986427307128906,0.0,54.16800408255062,51.54061697774943,52.24956456447165,0.0,773100000
2024-01-10,54.192928314208984,0.0,54.442205820352854,53.334416522190715,53.4610522035269,0.0,533796000
2024-01-11,54.6635627746582,0.0,55.18605048150879,53.40521272938546,54.840053191345746,0.0,596759000
2024-01-12,54.5518798828125,0.0,54.8111305781565,54.172980872190166,54.46213984268147,0.0,352994000
2024-01-16,56.21905517578125,0.0,56.670745116790805,54.74133972907017,54.8589987377964,0.0,449580000
2024-01-17,55.89100646972656,0.0,56.3077977062965,54.581801354818275,56.18415552246115,0.0,474394000
2024-01-18,56.941959381103516,0.0,57.43353464294008,55.94484937824919,57.094517089822695,0.0,491650000
2024-01-19,59.319068908691406,0.0,59.3280417723161,57.05961512425851,57.8214070619552,0.0,543501000
2024-01-22,59.481597900390625,0.0,60.15664330232137,58.89928603895681,59.87545679775879,0.0,452955000
2024-01-23,59.69996643066406,0.0,59.736858252012084,58.41568677878363,59.39784070948938,0.0,294654000
2024-01-24,61.18466567993164,0.0,62.66736781993211,59.764781198476165,60.12972459836109,0.0,560271000
2024-01-25,61.43892288208008,0.0,62.53773920716308,60.67413746929077,62.169802358134476,0.0,482777000
2024-01-26,60.85462188720703,0.0,61.60445135537022,60.39794910397368,60.7838279254581,0.0,390309000
2024-01-29,62.28447723388672,0.0,62.308406139769886,60.73098116954014,61.05503888144962,0.0,348733000
2024-01-30,62.59257888793945,0.0,63.309502714007664,62.08006442941247,62.71821799882993,0.0,410735000
2024-01-31,61.34918975830078,0.0,62.089045984947674,60.524580091271865,61.26243938962684,0.0,453795000
2024-02-01,62.844852447509766,0.0,63.00837994825412,61.471833071842404,61.92052952927185,0.0,369146000
2024-02-02,65.96880340576172,0.0,66.40752664709339,63.5059366044878,63.78911624931711,0.0,476578000
2024-02-05,69.13162231445312,0.0,69.29614635606846,67.01077071404906,68.02781943535477,0.0,680078000
2024-02-06,68.02582550048828,0.0,69.55239893007112,66.108386710131,69.42875675979734,0.0,683111000
2024-02-07,69.89640808105469,0.0,70.01706057362387,67.40462981569888,68.12155362100862,0.0,495575000
2024-02-08,69.43972778320312,0.0,70.58939534958982,69.2542683281726,69.87147502102263,0.0,414422000
2024-02-09,71.92453002929688,0.0,71.97637408306973,70.00907672049794,70.32914813919767,0.0,436637000
2024-02-12,72.03919219970703,0.0,74.39536169687851,71.04407549243956,72.39017224345903,0.0,613710000
2024-02-13,71.91954803466797,0.0,73.23772604754565,69.4188005504822,70.19654512895808,0.0,602580000
2024-02-14,73.6864242553711,0.0,74.0214517262709,71.73009661007124,72.99044348203591,0.0,504917000
2024-02-15,72.4480209350586,0.0,73.76121624211152,72.19077091766044,73.65552738205378,0.0,420122000
2024-02-16,72.40314483642578,0.0,74.18697602398943,72.29146900724291,73.8858468671519,0.0,495327000
2024-02-20,69.25128173828125,0.0,71.74804279084927,67.53824458047887,71.73906612377016,0.0,704833000
2024-02-21,67.2770004272461,0.0,68.68890843457064,66.05653886283757,67.80945371472042,0.0,673755000
2024-02-22,78.31101989746094,0.0,78.34790791274914,74.00549852714776,74.80817230671141,0.0,865100000
2024-02-23,78.58921813964844,0.0,82.15587637734276,77.3458203592003,80.55651569183838,0.0,829388000
2024-02-26,78.86341857910156,0.0,80.41292820605618,78.27810947244775,79.46965549121944,0.0,503973000
2024-02-27,78.47354125976562,0.0,79.25029679601072,76.9389952975712,79.151576284054,0.0,391705000
2024-02-28,77.43853759765625,0.0,78.70486365050525,76.90209053637011,77.39566260811601,0.0,393110000
2024-02-29,78.88335418701172,0.0,79.7588149945745,78.12355544458728,78.86540846143546,0.0,507289000
2024-03-01,82.04121398925781,0.0,82.06215701188974,79.20543135087004,79.76880094187264,0.0,479135000
2024-03-04,84.99065399169922,0.0,87.44155024884783,83.47704345209779,83.88685110747949,0.0,615616000
2024-03-05,85.7195816040039,0.004,85.85220668028344,83.17982622827054,85.02755456111447,0.0,520639000
2024-03-06,88.44779968261719,0.0,89.4688902523757,86.78254975478006,87.77173362164056,0.0,582520000
2024-03-07,92.405517578125,0.0,92.5032385135836,89.34723648723485,89.90165539673119,0.0,608119000
2024-03-08,87.27913665771484,0.0,97.12306982330983,86.26003928547323,94.86750020038097,0.0,1142269000
2024-03-11,85.53011322021484,0.0,88.54451266458084,83.9266836856204,86.18324958318006,0.0,678364000
2024-03-12,91.65167236328125,0.0,91.69853581019218,85.90505740123257,87.79866017993605,0.0,668075000
2024-03-13,90.62957763671875,0.0,91.24382347923168,88.18354935724443,90.7961026211969,0.0,635713000
2024-03-14,87.69396209716797,0.0,90.38828336998239,86.35378152826699,89.32232245586333,0.0,602318000
2024-03-15,87.5872573852539,0.0,89.29139794365639,86.01175546714047,86.68283850567245,0.0,642086000
2024-03-18,88.2034912109375,0.0,92.14225684199752,86.8373838940454,90.13099363074502,0.0,668976000
2024-03-19,89.14380645751953,0.0,90.28654400179565,84.76828290241504,86.45347234751878,0.0,672171000
2024-03-20,90.11505889892578,0.0,90.15295286698971,87.97216679685033,89.54168915568671,0.0,479063000
2024-03-21,91.1750259399414,0.0,92.38458214165158,90.1479556941056,92.0375720151123,0.0,480372000
2024-03-22,94.02092742919922,0.0,94.50853556583739,90.57574854959826,90.88187492352068,0.0,586719000
2024-03-25,94.73188018798828,0.0,96.49086455465545,93.24412560987103,93.67389990625729,0.0,552136000
2024-03-26,92.29781341552734,0.0,96.1009718491892,92.23898306006764,95.57845969689596,0.0,513648000
2024-03-27,89.9933853149414,0.0,92.97488149050997,88.86959089521561,92.84724708590295,0.0,586067000
2024-03-28,90.0990982055664,0.0,91.04041442208826,88.93940289555813,89.74410760252643,0.0,435212000
2024-04-01,90.1060791015625,0.0,91.96278458075767,88.95037777581965,90.04226569169144,0.0,452441000
2024-04-02,89.19766235351562,0.0,89.83783523468522,87.37087059473389,88.19651163521841,0.0,433064000
2024-04-03,88.71105194091797,0.0,90.11704664082849,88.14866014711569,88.23242095077572,0.0,370067000
2024-04-04,85.66075134277344,0.0,90.37630961608212,85.6358209019151,90.14895342900508,0.0,434965000
2024-04-05,87.75776672363281,0.0,88.22942139866663,85.68168582327746,86.61900791219938,0.0,399678000
2024-04-08,86.88525390625,0.0,88.57742734725042,86.48539311445134,88.44779211337963,0.0,283220000
2024-04-09,85.1113052368164,0.0,87.38582540473588,82.7859427996773,87.19337337953033,0.0,501700000
2024-04-10,86.79153442382812,0.0,87.15150809881327,83.4710003679758,83.68738625967652,0.0,431929000
2024-04-11,90.35836029052734,0.0,90.48101167566662,86.67885677486333,87.1714479258609,0.0,431637000
2024-04-12,87.93525695800781,0.0,89.91860764142923,87.28112393379013,89.44395551817271,0.0,426805000
2024-04-15,85.7564697265625,0.0,90.35535577476978,85.68467584656017,88.84466403718538,0.0,443077000
2024-04-16,87.16645050048828,0.0,87.86744694735988,85.81929391974823,86.18724040676238,0.0,370453000
2024-04-17,83.79606628417969,0.0,88.5225868752461,83.71130127056159,88.08881854088399,0.0,495400000
2024-04-18,84.43025970458984,0.0,85.94494566791495,82.16771376078896,84.72841317391251,0.0,447260000
2024-04-19,75.98333740234375,0.0,84.08423897081519,75.39103216599602,82.91358102333888,0.0,875198000
2024-04-22,79.29190063476562,0.0,79.84532288255929,76.18276995811692,77.8819196640173,0.0,596341000
2024-04-23,82.18865203857422,0.0,82.53366896329221,80.03579390039872,80.53935534918725,0.0,438559000
2024-04-24,79.45045471191406,0.0,83.84292866853282,78.95785602564062,83.71130021339918,0.0,512208000
2024-04-25,82.39706420898438,0.0,83.08609383460076,78.00059569231401,78.64375847887948,0.0,424641000
2024-04-26,87.48553466796875,0.0,88.07984066940489,83.14989820917565,83.57967245914212,0.0,551011000
2024-04-29,87.50748443603516,0.0,87.74180926182623,85.0235621625501,87.34594249418755,0.0,388971000
2024-04-30,86.15633392333984,0.0,88.5664614931565,86.05462655663052,86.99194868469957,0.0,363709000
2024-05-01,82.80488586425781,0.0,85.75547203094351,81.02396098069623,84.83509991070004,0.0,559863000
2024-05-02,85.572998046875,0.0,85.99180203592717,82.96343457532701,84.20888384405981,0.0,377898000
2024-05-03,88.53656005859375,0.0,89.02715799782622,86.79253219903528,87.53940321936913,0.0,398341000
2024-05-06,91.87801361083984,0.0,91.9577879691123,88.80178624215971,89.13583280876144,0.0,376203000
2024-05-07,90.2965316772461,0.0,91.52004037192769,88.75791956813879,90.83898366205493,0.0,437342000
2024-05-08,90.15493774414062,0.0,90.93471200217493,89.16575387590268,89.22857828050421,0.0,325721000
2024-05-09,88.49466705322266,0.0,90.81305333122494,87.9801353538175,90.27159797496299,0.0,378013000
2024-05-10,89.62245178222656,0.0,91.14112411341107,88.973301771079,90.04823965753017,0.0,335325000
2024-05-13,90.14197540283203,0.0,90.73927132421963,88.27728953555432,90.22074555223655,0.0,289680000
2024-05-14,91.09626007080078,0.0,91.39041950305226,88.68114159761363,89.34425178727211,0.0,296507000
2024-05-15,94.3609390258789,0.0,94.59228164011105,91.3385587292716,92.20907765380471,0.0,417735000
2024-05-16,94.09071350097656,0.0,95.54656142094716,93.83543705567772,94.64014935721045,0.0,323952000
2024-05-17,92.21604919433594,0.0,94.47062203748345,91.5449662156453,94.10068232469492,0.0,359691000
2024-05-20,94.51050567626953,0.0,94.92930964167746,93.17431942252952,93.48343554827802,0.0,318764000
2024-05-21,95.11479949951172,0.0,95.12875963376091,92.9150703346718,93.33287775310836,0.0,328946000
2024-05-22,94.6800308227539,0.0,95.74698824605449,92.98387077371804,95.18758628884531,0.0,548648000
2024-05-23,103.50387573242188,0.0,106.01770397120008,101.23134859062449,101.73790743867507,0.0,835065000
2024-05-24,106.1662826538086,0.0,106.17226230771774,102.70714415978955,104.15202177987621,0.0,429494000
2024-05-28,113.57714080810547,0.0,114.61219142145016,109.57056763172464,109.93054124400538,0.0,652728000
2024-05-29,114.49851989746094,0.0,115.16362326202471,110.58568085733936,112.7285727659483,0.0,557442000
2024-05-30,110.1858139038086,0.0,115.48969056494155,109.35119576529627,114.32401567603497,0.0,484553000
2024-05-31,109.3212890625,0.0,112.39652011050696,106.63594514688756,112.20007402311614,0.0,613263000
2024-06-03,114.67301940917969,0.0,114.67301940917969,111.68453916444382,113.29794252397816,0.0,438392000
2024-06-04,116.10594177246094,0.0,116.26848033786769,113.72074443192332,115.38699866419654,0.0,403324000
2024-06-05,122.09186553955078,0.0,122.10083501982173,117.13400243711465,118.0344347915748,0.0,528402000
2024-06-06,120.65397644042969,0.0,125.22992577254257,117.98358919974154,123.69530003662086,0.0,664696000
2024-06-07,120.54429626464844,0.0,121.34601121410144,117.6864474461413,119.42947108598517,0.0,412386000
2024-06-10,121.4437255859375,0.0,122.74999853797115,116.67731737762591,120.02776477909312,10.0,313434100
2024-06-11,120.57612609863281,0.01,122.53071289546243,118.41211249470811,121.43374431859081,0.0,222551200
2024-06-12,124.8542709350586,0.0,126.5296321042774,122.23153612962203,122.72018091821553,0.0,299595000
2024-06-13,129.25210571289062,0.0,129.4415834964467,126.80887399420205,129.0327119863157,0.0,260704500
2024-06-14,131.5158233642578,0.0,132.47316384016574,127.9656566008486,129.60112719578945,0.0,309320400
2024-06-17,130.61831665039062,0.0,133.36072299109455,129.2221885999668,132.62277611443673,0.0,288504400
2024-06-18,135.2056121826172,0.0,135.95354113797538,130.3291160023479,130.7778703322321,0.0,294335100
2024-06-20,130.4188690185547,0.0,140.3713064535189,129.16235380151105,139.41396587386305,0.0,517768400
2024-06-21,126.22048950195312,0.0,130.2692833981682,123.95676122395307,126.76897377617152,0.0,649445800
2024-06-24,117.78385162353516,0.0,124.1163152101961,117.71404522588668,122.89968290118539,0.0,476060900
2024-06-25,125.74181365966797,0.0,126.15068514494095,118.9905115651875,120.86531742755339,0.0,414192600
2024-06-26,126.05096435546875,0.0,127.76620840809865,122.26145451808375,125.7817056647018,0.0,362975900
2024-06-27,123.64761352539062,0.0,126.06093675176166,122.58056851355609,123.75731038151326,0.0,252571700
2024-06-28,123.19886779785156,0.0,127.35735127952529,122.41104832536521,124.23599694106169,0.0,315516700
2024-07-01,123.95677185058594,0.0,124.49527404629498,118.50187501478464,123.12906191428952,0.0,284885500
2024-07-02,122.33126831054688,0.0,123.0692304193492,120.69579746715523,120.79551981451768,0.0,218374000
2024-07-03,127.92576599121094,0.0,127.92576599121094,121.02487672675784,121.32405134915433,0.0,215749000
2024-07-05,125.4825439453125,0.0,128.4942089959331,125.33295662282136,127.02825932218164,0.0,214176700
2024-07-08,127.84599304199219,0.0,130.4089036996468,126.68920015386854,127.13795450709301,0.0,237677300
2024-07-09,131.0172119140625,0.0,133.4504765285805,128.29473958471138,129.99005737514514,0.0,285366600
2024-07-10,134.53746032714844,0.0,134.72693809179796,132.0543307877707,133.65988550841513,0.0,248978600
2024-07-11,127.04820251464844,0.0,135.7740328866088,126.69917051710233,135.37514352274295,0.0,374782700
2024-07-12,128.88314819335938,0.0,131.55574087758131,126.86872155351702,127.90584321182462,0.0,252680500
2024-07-15,128.08534240722656,0.0,131.02719355977734,126.82881950170466,130.19948360408995,0.0,208326200
2024-07-16,126.01107025146484,0.0,128.68366239858466,124.2359867587292,128.0853283678797,0.0,214769500
2024-07-17,117.66416931152344,0.0,121.51351055723977,116.39767975528693,121.01489130373585,0.0,390086200
2024-07-18,120.75562286376953,0.0,122.0620106514847,116.23813305693453,121.51352635797906,0.0,320979500
2024-07-19,117.60436248779297,0.0,121.26422676213605,117.04591123957188,120.0176783628371,0.0,217223800
2024-07-22,123.19886779785156,0.0,123.72740308245356,119.52902914046476,120.01767396475167,0.0,258068900
2024-07-23,122.25148010253906,0.0,124.34568731396223,121.76283530375956,122.44095787706307,0.0,173911000
2024-07-24,113.93450927734375,0.0,119.6187662154648,113.1267484514862,118.84092133007209,0.0,327776900
2024-07-25,111.9699478149414,0.0,116.30793416547407,106.00646529957123,112.72785127466838,0.0,460067000
2024-07-26,112.747802734375,0.0,115.87913158113766,111.27189374853045,115.8691646723326,0.0,293399100
2024-07-29,111.28185272216797,0.0,115.95890423286832,110.99266022089631,113.3760598876514,0.0,248152100
2024-07-30,103.44356536865234,0.0,111.68075088933978,102.2568489765504,111.21204752075072,0.0,486833300
2024-07-31,116.69685363769531,0.0,118.01320824039244,110.57380945153913,112.58823561538453,0.0,473174200
2024-08-01,108.9084243774414,0.0,119.82819139029307,106.51505026446524,117.20544905631927,0.0,523462300
2024-08-02,106.9737777709961,0.0,108.4197782586363,101.09007631034588,103.47347587762454,0.0,482027500
2024-08-05,100.17261505126953,0.0,103.12444802394918,90.43957172286065,91.80578374541406,0.0,552842400
2024-08-06,103.96212768554688,0.0,107.41257244920943,100.27234777984627,103.55325619325184,0.0,409012100
2024-08-07,98.63687896728516,0.0,108.4995686514933,98.41748524596572,107.51229690555586,0.0,411440400
2024-08-08,104.68013000488281,0.0,105.20866520993226,97.25069837056012,101.71833034514779,0.0,391910000
2024-08-09,104.46076202392578,0.0,106.3056522420622,103.1444071409407,105.34830392792105,0.0,290844200
2024-08-12,108.71895599365234,0.0,110.76329830179426,105.96658275414626,106.02641463942724,0.0,325559900
2024-08-13,115.81929779052734,0.0,115.90905322658823,111.27189191883488,112.1295177782614,0.0,312646700
2024-08-14,117.7539291381836,0.0,118.27248983356148,113.75500044516707,118.2026834397928,0.0,339246400
2024-08-15,122.52074432373047,0.0,122.89969228155606,117.1456284695593,118.43206727440648,0.0,318086700
2024-08-16,124.23597717285156,0.0,124.6548155270241,120.84536466885129,121.6032680775869,0.0,302589900
2024-08-19,129.64100646972656,0.0,129.64100646972656,123.07917523933753,123.93680096772643,0.0,318333600
2024-08-20,126.89862823486328,0.0,129.521370960835,125.54238295508182,128.0454466862765,0.0,300087400
2024-08-21,128.14515686035156,0.0,128.9928157355832,126.31024153473705,126.9684150377678,0.0,257883600
2024-08-22,123.39830017089844,0.0,130.3889447703718,122.7600680862335,129.66096486520394,0.0,376189100
2024-08-23,129.0127410888672,0.0,129.24211690201355,124.87420736161047,125.51243939894613,0.0,323230300
2024-08-26,126.11080169677734,0.0,130.8975427630235,124.0265765218376,129.21222218734667,0.0,331964700
2024-08-27,127.9457015991211,0.0,128.8432101554862,123.53790168104443,124.70467649930566,0.0,303134600
2024-08-28,125.26315307617188,0.0,127.97564354365645,122.30135293496008,127.76621672239743,0.0,448101100
2024-08-29,117.26528930664062,0.0,124.0864056350864,116.38772203285157,121.02488328117458,0.0,453023300
2024-08-30,119.0403823852539,0.0,121.4138076730475,116.89631773014244,119.1999366155988,0.0,333751600
2024-09-03,107.70177459716797,0.0,115.88910303086084,106.99373606605621,115.68965834345619,0.0,477155100
2024-09-04,105.91670227050781,0.0,112.9572037853356,103.83247741620994,105.11891601969701,0.0,372470300
2024-09-05,106.91394805908203,0.0,109.3472126473878,104.47071656289586,104.70007717737126,0.0,306850700
2024-09-06,102.54605102539062,0.0,107.85136027800363,100.67123751563678,107.74166341909986,0.0,413638100
2024-09-09,106.1760025024414,0.0,106.25578342210773,103.40368021481835,104.59038905946406,0.0,273912000
2024-09-10,107.80148315429688,0.0,109.09789628161208,104.660180275284,107.51228306871653,0.0,268283700
2024-09-11,116.58716583251953,0.0,116.86639141709085,107.12336624714985,109.08792746358935,0.0,441422400
2024-09-12,118.8211898803711,0.01,120.46677612859794,115.07124922174744,116.5273414605423,0.0,366052700
2024-09-13,118.78128051757812,0.0,119.6389797203674,117.28529459768677,118.76133738659651,0.0,238358300
2024-09-16,116.46749114990234,0.0,117.8637462195167,114.05396898625607,116.47746652004345,0.0,248772300
2024-09-17,115.28067779541016,0.0,118.48209453930119,114.52271703198278,117.85377554798693,0.0,231925900
2024-09-18,113.06661987304688,0.0,117.38502682895009,112.91701975753097,115.57987289959789,0.0,310318900
2024-09-19,117.55457305908203,0.0,119.3397837869768,116.93622949013678,117.03596036023049,0.0,293506400
2024-09-20,115.6895751953125,0.0,118.30256661567998,115.08120699289479,116.74673611998301,0.0,382462400
2024-09-23,115.94888305664062,0.0,116.67692526968904,114.55262802291854,116.23810791147417,0.0,206228500
2024-09-24,120.54655456542969,0.0,121.47406618937484,115.07124032940908,116.20818908018337,0.0,354966800
2024-09-25,123.17948150634766,0.0,124.60565503965537,121.28456450552947,121.69346336275538,0.0,284692900
2024-09-26,123.70806121826172,0.0,127.32834434574869,121.47405774507013,126.46067739619816,0.0,302582900
2024-09-27,121.07511901855469,0.0,123.69807805046355,118.9408465511356,123.63824105329503,0.0,271009200
2024-09-30,121.11502838134766,0.0,121.1748653861715,117.83383152489164,117.99339940741461,0.0,226553700
2024-10-01,116.68689727783203,0.0,122.11234177416986,115.48013626179672,121.44412897274735,0.0,302094500
2024-10-02,118.53195190429688,0.0,119.06053238913914,114.831880901423,116.12840510154699,0.0,221845900
2024-10-03,122.52124786376953,0.0,124.0272091849403,120.01796257527629,120.59641230247804,0.0,277118000
2024-10-04,124.58570861816406,0.0,124.70539023390367,121.50398120040512,124.60565935860969,0.0,243678100
2024-10-07,127.37820434570312,0.0,130.2903881845544,124.61561299835192,124.65550686574433,0.0,346250200
2024-10-08,132.53436279296875,0.0,133.12278019873037,129.07364789501582,129.91139625758697,0.0,285722500
2024-10-09,132.29501342773438,0.0,134.16001952786942,131.02842299164354,133.75111306364067,0.0,246191600
2024-10-10,134.44924926757812,0.0,134.6387432670493,130.64944717024784,131.55701568457982,0.0,242311300
2024-10-11,134.43927001953125,0.0,135.4166432187145,133.30232133780012,133.6513755856735,0.0,170209500
2024-10-14,137.70050048828125,0.0,139.22640464182354,135.93523315102433,136.1047763660898,0.0,232347700
2024-10-15,131.24781799316406,0.0,138.19916608738376,128.39547132022776,137.5010272539466,0.0,377831000
2024-10-16,135.35679626464844,0.0,136.25438165655956,131.22787606953918,133.6214472599385,0.0,264879700
2024-10-17,136.56356811523438,0.0,140.512977854023,136.50373111006368,138.96712260930138,0.0,306435900
2024-10-18,137.63070678710938,0.0,138.52829226592988,136.9126323168706,138.2989120156457,0.0,176090200
2024-10-21,143.32545471191406,0.0,143.32545471191406,137.6307273412408,137.76038434543935,0.0,264554500
2024-10-22,143.20574951171875,0.0,144.0335302578968,141.400595506541,142.5275764963188,0.0,226311600
2024-10-23,139.1865234375,0.0,142.04883820987033,137.09215234233463,141.649914730207,0.0,285930000
2024-10-24,140.03427124023438,0.0,140.97175826689335,138.08949241788707,140.4431777464081,0.0,172354900
2024-10-25,141.16122436523438,0.0,143.74430494634163,140.4232143860229,140.55285615055817,0.0,205122100
2024-10-28,140.14398193359375,0.0,142.75696611524302,139.6752384054106,142.6173413548028,0.0,173586700
2024-10-29,140.87200927734375,0.0,141.8793009979601,138.52829188537018,139.91457158033694,0.0,157593600
2024-10-30,138.9671173095703,0.0,139.9544735111022,136.4438889013892,139.16657905851807,0.0,179418100
2024-10-31,132.40472412109375,0.0,137.24175143875112,131.756469630996,137.2317836775648,0.0,270039600
2024-11-01,135.03765869140625,0.0,136.94255111570317,134.2098931927627,134.3395349599235,0.0,207127800
2024-11-04,135.68592834472656,0.0,138.58814473225323,135.207217103038,136.84282779526694,0.0,187528200
2024-11-05,139.5355987548828,0.0,139.99435925396384,136.9625011145287,137.08217511986183,0.0,160537400
2024-11-06,145.22035217285156,0.0,146.09800218631347,141.58012556166827,142.57744958861787,0.0,242043900
2024-11-07,148.4815673828125,0.0,148.53142139682768,145.7788132768486,145.9982257231462,0.0,207323300
2024-11-08,147.2349395751953,0.0,149.369212218998,145.8685954157921,148.37188826922187,0.0,175665800
2024-11-11,144.8712615966797,0.0,148.4516658981078,143.18579701946294,148.2821074463959,0.0,182325600
2024-11-12,147.89317321777344,0.0,149.24953450275174,145.61927565442116,146.38721941597868,0.0,198634700
2024-11-13,145.87857055664062,0.0,148.93037924410717,145.5095503668412,148.67108050956173,0.0,191903300
2024-11-14,146.3672637939453,0.0,148.60127501764129,145.16051028397845,147.24491377788954,0.0,194463300
2024-11-15,141.60003662109375,0.0,144.85132212671857,139.705127384455,144.48230195229198,0.0,250132900
2024-11-18,139.7749481201172,0.0,141.17121080701085,136.78297621414575,139.12669362767247,0.0,221205300
2024-11-19,146.6165771484375,0.0,146.7362663614533,140.61269838756368,140.94181709193657,0.0,227834900
2024-11-20,145.4995880126953,0.0,147.16511715506326,142.34804073132528,147.0155246522584,0.0,309871700
2024-11-21,146.27749633789062,0.0,152.48085228758558,140.3234713661803,148.95033233522298,0.0,400946600
2024-11-22,141.5701446533203,0.0,146.7662096056562,140.72242834878378,145.53949007763015,0.0,236406200
2024-11-25,135.656005859375,0.0,141.66986796819967,135.45654411602544,141.61003096699034,0.0,344941900
2024-11-26,136.55360412597656,0.0,138.9272401830298,135.30694909062626,137.33151565059862,0.0,190287700
2024-11-27,134.977783203125,0.0,136.85275659132833,131.447264071713,134.64866456256047,0.0,226370900
2024-11-29,137.8800506591797,0.0,138.97711320730366,135.6859407808891,136.41398308030372,0.0,141863200
2024-12-02,138.25901794433594,0.0,140.07413953973298,137.45118801543165,138.45847968192444,0.0,171682800
2024-12-03,139.88465881347656,0.0,140.16390831614373,137.58084280749418,137.89001081273594,0.0,164414000
2024-12-04,144.75157165527344,0.0,145.3998260198739,139.91454527402882,141.61997562000002,0.0,231224300
2024-12-05,144.68179321289062,0.01,146.15793025557377,143.57468662612678,144.73166589534063,0.0,172621200
2024-12-06,142.06861877441406,0.0,145.3201135010368,140.94156015213164,144.2229906612707,0.0,188505600
2024-12-09,138.4480743408203,0.0,139.58510137793925,136.77246195727844,138.60766082087318,0.0,189308600
2024-12-10,134.7178192138672,0.0,141.4502189353748,133.44114274667672,138.64753308216282,0.0,210020900
2024-12-11,138.94676208496094,0.0,139.8045203384501,134.85746151474785,137.00184953896905,0.0,184905200
2024-12-12,136.98190307617188,0.0,138.07904108019704,135.44592508954074,136.72258646567687,0.0,159211400
2024-12-13,133.8999481201172,0.0,139.23600428177866,132.1944001851312,138.5777215546611,0.0,231514900
2024-12-16,131.6558380126953,0.0,134.04957443441504,130.07995570111123,133.8301468202068,0.0,237951100
2024-12-17,130.050048828125,0.0,131.24691716498373,126.52925340087059,128.75343512194198,0.0,259410300
2024-12-18,128.57388305664062,0.0,136.34356467427952,127.94552085179448,133.51097335742298,0.0,277444500
2024-12-19,130.33924865722656,0.0,133.6805197239663,129.21220544602065,131.41643441707996,0.0,209719200
2024-12-20,134.34878540039062,0.0,134.92727495716574,127.88568536239204,129.4715360054975,0.0,306528600
2024-12-23,139.30581665039062,0.0,139.42549888718457,134.76767747092137,135.9246564899382,0.0,176053500
2024-12-24,139.8544158935547,0.0,141.53002844762267,138.28850193430708,139.63498826590208,0.0,105157000
2024-12-26,139.56517028808594,0.0,140.4827850771225,137.37090912331828,139.33577420033015,0.0,116205600
2024-12-27,136.65274047851562,0.0,138.65750913681617,134.35874991156737,138.18873344590025,0.0,170582600
2024-12-30,137.1315460205078,0.0,139.90429687736233,133.67059167418097,134.47847743347216,0.0,167734700
2024-12-31,133.93984985351562,0.0,137.71000800391963,133.48105776544256,137.67010377599792,0.0,155659200
2025-01-02,137.9493865966797,0.0,138.51790776015002,134.2789886408903,135.64541181631114,0.0,198247200
2025-01-03,144.09332275390625,0.0,144.52219430432945,139.36567593719187,139.6449446721197,0.0,229322500
2025-01-06,149.04037475585938,0.0,151.7632676182901,147.43458721714921,148.2025685915748,0.0,265377400
2025-01-07,139.77459716796875,0.0,152.73073241075815,139.6449312609891,152.63098706400407,0.0,351782200
2025-01-08,139.74468994140625,0.0,143.57467420574872,137.20133554653654,142.20825109505992,0.0,227349900
2025-01-10,135.55563354492188,0.0,139.55517244006612,133.870037595658,137.09161147098868,0.0,207602500
2025-01-13,132.88262939453125,0.0,133.14196124495902,129.1723272147668,129.65108668370792,0.0,204808900
2025-01-14,131.41644287109375,0.0,136.02440701006375,129.71091005586072,135.69526562735138,0.0,195590500
2025-01-15,135.88478088378906,0.0,136.094224818832,130.9476750631476,133.30152233922777,0.0,185217300
2025-01-16,133.22174072265625,0.0,138.38822723428095,133.14194748607855,138.2785134363621,0.0,209235600
2025-01-17,137.3509521484375,0.0,138.13888566634566,135.10681862678206,136.33360735729912,0.0,201188800
2025-01-21,140.46279907226562,0.0,141.46019165371834,136.7325453387914,138.79715528751996,0.0,197749000
2025-01-22,146.6865692138672,0.0,147.40467804215123,143.29542449743752,144.28284886721386,0.0,237651400
2025-01-23,146.83615112304688,0.0,146.8461195709751,143.34527675360425,144.67181084027297,0.0,155915500
2025-01-24,142.24815368652344,0.0,148.58160393928114,141.5100927680708,147.98316218253018,0.0,234657600
2025-01-27,118.11123657226562,0.0,128.06521102414737,116.39571998533557,124.47460659166907,0.0,818830900
2025-01-28,128.6536865234375,0.0,128.66365497133788,115.94689837533355,121.49239920882492,0.0,579666400
2025-01-29,123.37747955322266,0.0,126.55916484585856,119.73700212037913,126.17018228394103,0.0,467120600
2025-01-30,124.32499694824219,0.0,124.67408285834512,117.79207196266405,122.77903527699785,0.0,392925500
2025-01-31,119.7569351196289,0.0,127.51664871512425,118.8792323275003,123.45726093608867,0.0,388161100
2025-02-03,116.35581970214844,0.0,118.26083553480754,112.71533533624856,114.450796259988,0.0,371235700
2025-02-04,118.34062957763672,0.0,120.88397605738155,116.39570950659508,116.65503370463425,0.0,256550000
2025-02-05,124.50453186035156,0.0,124.67408679210826,120.44514389878061,121.44253659311748,0.0,262230800
2025-02-06,128.344482421875,0.0,128.43425932928383,124.88353622330139,127.08777312720079,0.0,251483600
2025-02-07,129.50144958496094,0.0,130.03006643749526,124.67407312607986,128.88307105233656,0.0,228186300
2025-02-10,133.22174072265625,0.0,134.64800487659767,129.621152724233,129.7508034170435,0.0,216989100
2025-02-11,132.45376586914062,0.0,134.12937845518158,130.67840791626125,132.23433823730105,0.0,178902400
2025-02-12,130.79808044433594,0.0,131.89521852186024,128.7434538800678,129.68100547013307,0.0,160278600
2025-02-13,134.937255859375,0.0,136.14410776005724,130.8280026783839,131.2169852346524,0.0,197430000
2025-02-14,138.4879913330078,0.0,138.88694235090182,135.14671948687393,136.12416013401827,0.0,195479600
2025-02-18,139.0365447998047,0.0,143.06602007700403,137.57037622357197,140.90167961185236,0.0,219176600
2025-02-19,138.86695861816406,0.0,140.99140959133538,136.86220509831378,139.1462273109093,0.0,167536000
2025-02-20,139.74468994140625,0.0,140.29325896288867,136.43333891646114,139.6648967001902,0.0,143903600
2025-02-21,134.07949829101562,0.0,141.09118323158302,133.68054728393315,139.67487215272783,0.0,228217600
2025-02-24,129.94032287597656,0.0,138.22865397806314,129.74084737496105,136.20394796569565,0.0,251381100
2025-02-25,126.29981994628906,0.0,129.8605111604116,124.11553536570229,129.64108357480436,0.0,271428700
2025-02-26,130.9376983642578,0.0,133.38130717279842,128.15497972672858,129.6510686159171,0.0,322553800
2025-02-27,119.83672332763672,0.0,134.65797047615226,119.69708897132982,134.64800202891726,0.0,443175800
2025-02-28,124.59429168701172,0.0,124.76384661623277,116.09650940652436,117.71228067710521,0.0,389091100
2025-03-03,113.76261138916016,0.0,123.3774766164976,111.9872535622559,123.18797717385785,0.0,411381400
2025-03-04,115.68757629394531,0.0,118.9989197292815,109.82291000037466,110.36150296756519,0.0,398163300
2025-03-05,116.9941635131836,0.0,117.97160407078815,114.21143704412195,117.27343224392774,0.0,284337900
2025-03-06,110.2817153930664,0.0,115.0492514915792,109.93262945458795,113.23399700198848,0.0,321181900
2025-03-07,112.39617919921875,0.0,113.18412029909872,107.27955007853643,110.95993136050063,0.0,341755500
2025-03-10,106.7010726928711,0.0,111.5583701943417,105.18503155172247,109.6134575041536,0.0,366487400
2025-03-11,108.4764175415039,0.0,111.94733940770921,104.4968157267925,106.71102843945867,0.0,354865700
2025-03-12,115.4488525390625,0.01,116.46629097878981,112.59604629385464,113.83293253862912,0.0,323857500
2025-03-13,115.28925323486328,0.0,117.46376961532557,113.50375517662202,116.73560262668995,0.0,299033100
2025-03-14,121.36392974853516,0.0,121.57340056729696,117.85278787516224,118.31162980343127,0.0,277593500
2025-03-17,119.22930908203125,0.0,122.58085727393843,117.73308248243704,122.43123309193861,0.0,255501500
2025-03-18,115.1396255493164,0.0,118.7205909220559,114.25186503478537,117.70316017412442,0.0,299686900
2025-03-19,117.22435760498047,0.0,120.14698705841565,115.3889900516623,116.97498651717953,0.0,273426200
2025-03-20,118.23181915283203,0.0,119.89761619602571,116.17700382075364,116.25680439544837,0.0,248829700
2025-03-21,117.4039077758789,0.0,117.6931791575635,115.1296446207881,116.64582513098318,0.0,266498500
2025-03-24,121.1045913696289,0.0,121.91255134314885,119.03979124138472,119.5784337604655,0.0,228452500
2025-03-25,120.38639831542969,0.0,120.9848874515059,118.6208466122723,120.24675110401866,0.0,167447200
2025-03-26,113.47382354736328,0.0,118.5410383402261,112.42646191953317,118.4313220614094,0.0,293463300
2025-03-27,111.1496810913086,0.0,114.16208047077859,110.38162149260253,111.0698805170997,0.0,236902100
2025-03-28,109.39411163330078,0.0,112.58606625933987,108.79562251910656,111.20953292547101,0.0,229872500
2025-03-31,108.10735321044922,0.0,110.68086470981991,103.38925640513808,104.86552901006266,0.0,299212700
2025-04-01,109.87290954589844,0.0,109.92277920039626,106.20216660392524,108.2470050831867,0.0,222614000
2025-04-02,110.14222717285156,0.0,111.69830803370559,106.52136148952614,107.02010369655069,0.0,220601200
2025-04-03,101.54391479492188,0.0,105.36427425680411,101.344413349133,103.24961220285616,0.0,338769400
2025-04-04,94.07276916503906,0.0,99.87812916933382,91.87830611304719,98.6612043631732,0.0,532273800
2025-04-07,97.39437103271484,0.0,101.49403230771996,86.40209687721266,87.23998007579976,0.0,611041300
2025-04-08,96.05775451660156,0.0,105.58372634261488,94.2223791915971,103.54885717389794,0.0,476243400
2025-04-09,114.04239654541016,0.0,114.8104562069238,97.28465510127192,98.6412345329499,0.0,612918300
2025-04-10,107.29940032958984,0.0,110.58112503277279,98.90058321638736,109.09487535601897,0.0,437812400
2025-04-11,110.65094757080078,0.0,111.26939065397997,107.20962934859612,108.22706011361765,0.0,313417300
2025-04-14,110.4314956665039,0.0,114.00249160148302,108.79562187923341,113.82294410726054,0.0,264705000
2025-04-15,111.9177474975586,0.0,113.33418114021705,110.22202704858428,110.69084593782598,0.0,228966900
2025-04-16,104.22714233398438,0.0,106.52135948725393,100.1973044637503,104.2869965726397,0.0,397016900
2025-04-17,101.23468780517578,0.0,104.20719461222582,99.79831546993584,104.1872406628714,0.0,292517500
2025-04-21,96.66622161865234,0.0,99.18985605733366,94.80092295909544,98.52153569265882,0.0,288501100
2025-04-22,98.6412353515625,0.0,99.55891920701856,97.03528479941322,98.53151145469249,0.0,241004800
2025-04-23,102.45161437988281,0.0,104.53636058197965,101.76334775853866,104.25705857766793,0.0,247526000
2025-04-24,106.1622543334961,0.0,106.27197821529161,102.85060676252529,103.21967869312851,0.0,220815000
2025-04-25,110.73074340820312,0.0,111.63845023877658,105.46402708737592,106.5812047250048,0.0,251064700
2025-04-28,108.45648193359375,0.0,110.09235573735528,105.75329251827114,109.4140660423662,0.0,207708500
2025-04-29,108.7457504272461,0.0,109.9227823722281,107.16973079396023,107.39914795371472,0.0,170444300
2025-04-30,108.64599609375,0.0,108.64599609375,103.81817538074749,104.20719367744803,0.0,235044600
2025-05-01,111.32923126220703,0.0,114.6508560442669,111.02001354244473,112.79553450528941,0.0,236121500
2025-05-02,114.21197509765625,0.0,115.10971266849934,113.08482035383273,113.89278036249011,0.0,190194800
2025-05-05,113.53368377685547,0.0,114.38154406705421,112.3766057315755,112.62597685282235,0.0,133163200
2025-05-06,113.25439453125,0.0,114.4513729240336,110.54123539005728,111.19957883323038,0.0,158525600
2025-05-07,116.7655258178711,0.0,117.38396890879066,111.99755142427854,112.7656187028628,0.0,206758800
2025-05-08,117.07474517822266,0.0,118.38144728921775,115.55856464909375,117.95252869863282,0.0,198428100
2025-05-09,116.35655975341797,0.0,117.9325869721132,114.92017974547274,117.05479580716789,0.0,132972200
2025-05-12,122.69058990478516,0.0,122.69058990478516,119.97743092665668,121.66318211752383,0.0,225023300
2025-05-13,129.60313415527344,0.0,130.88989748886456,124.1568781333485,124.66559728217729,0.0,330430100
2025-05-14,134.99951171875,0.0,135.0992662296767,131.34871579261423,132.8648960803714,0.0,281180800
2025-05-15,134.4907989501953,0.0,135.95710196840525,132.32626002340953,133.95214894900732,0.0,226632600
2025-05-16,135.05938720703125,0.0,136.0070096021913,133.1242801768634,135.87733175434735,0.0,226542500
2025-05-19,135.22897338867188,0.0,135.5282065455698,132.05696494191162,132.05696494191162,0.0,193154600
2025-05-20,134.0419464111328,0.0,134.24144022899694,132.28636428496227,133.9521612557517,0.0,161514200
2025-05-21,131.46844482421875,0.0,137.0543482410567,130.26148202288624,132.72526966841644,0.0,270608700
2025-05-22,132.49588012695312,0.0,133.91230642055785,131.2191010673543,131.8973832838381,0.0,187344000
2025-05-23,130.959716796875,0.0,132.3462194682512,128.8350854296202,129.67296865108418,0.0,198821300
2025-05-27,135.1591339111328,0.0,135.31873506532702,132.9746406768617,133.81252390577552,0.0,192953600
2025-05-28,134.4708709716797,0.0,136.904735369061,134.45091702175245,135.68780317037033,0.0,304021100
2025-05-29,138.83984375,0.0,143.12902933343943,137.56306504893934,141.89214330786072,0.0,369241900
2025-05-30,134.79005432128906,0.0,139.2687489540489,132.58560738686538,138.37101919890563,0.0,333170900
2025-06-02,137.034423828125,0.0,137.77255260816483,135.05939358324852,135.14917875467413,0.0,197663100
2025-06-03,140.86473083496094,0.0,141.64276735349586,137.60295298700936,138.4308667634816,0.0,225578800
2025-06-04,141.56297302246094,0.0,142.03179187100486,139.1889554677409,141.83229805086768,0.0,167120800
2025-06-05,139.63784790039062,0.0,143.63775490128222,138.48076233301106,141.8123566062966,0.0,231397900
2025-06-06,141.36349487304688,0.0,142.9095987862069,141.15401644541944,142.1515008770834,0.0,153986200
2025-06-09,142.27120971679688,0.0,144.63524295526028,141.58294302195193,142.8297985646697,0.0,185114500
2025-06-10,143.59788513183594,0.0,143.92704164537676,141.17398971655277,142.33107546853645,0.0,155881900
2025-06-11,142.48060607910156,0.01,144.6353258646159,141.52294776727436,144.25625056305435,0.0,167694000
2025-06-12,144.64529418945312,0.0,144.64529418945312,141.5030059559913,141.62270753548705,0.0,162365000
2025-06-13,141.62269592285156,0.0,143.22875794239724,140.50544068193668,142.13144281545507,0.0,180820600
2025-06-16,144.33602905273438,0.0,145.82237413621124,142.84966874779792,142.99931091676874,0.0,183133700
2025-06-17,143.76742553710938,0.0,144.8647406282524,143.42826095310537,144.13653073401778,0.0,139108000
2025-06-18,145.1240997314453,0.0,145.2936820241915,142.7698725249477,143.6576946584193,0.0,161494100
2025-06-20,143.4980926513672,0.0,145.84233449814036,142.30101614416546,145.09416929186932,0.0,242956200
2025-06-23,143.81732177734375,0.0,144.4258301714446,141.6825573691225,142.15140884759998,0.0,154308900
2025-06-24,147.53819274902344,0.0,147.59805875973223,145.14406985038545,145.20392063963206,0.0,187566100
2025-06-25,153.9324951171875,0.0,154.0721520137232,148.8948463426075,148.90483162044157,0.0,269146500
2025-06-26,154.64077758789062,0.0,156.33661581991106,153.6232685600938,155.59842060814296,0.0,198145700
2025-06-27,157.36410522460938,0.0,158.32176352912492,154.88019088903962,155.65828160206874,0.0,263234500
2025-06-30,157.603515625,0.0,158.2718747820143,155.57848281781088,158.01250107649778,0.0,194580300
2025-07-01,152.92498779296875,0.0,156.81544119896878,151.1194180014287,155.9076636637482,0.0,213143600
2025-07-02,156.86532592773438,0.0,157.2144758260153,152.5957971297394,152.60576718743292,0.0,171224100
2025-07-03,158.9501953125,0.0,160.58618269349765,157.3840439934681,157.98256705200242,0.0,143716100
2025-07-07,157.8529052734375,0.0,158.92027983286837,156.9550977974466,157.8129946008361,0.0,140139000
2025-07-08,159.60858154296875,0.0,159.82804456030718,158.0025195823342,158.94022243433284,0.0,138133000
2025-07-09,162.48155212402344,0.0,164.01777813022636,160.7657585360006,160.8256093227867,0.0,183656400
2025-07-10,163.6985626220703,0.0,164.0975779997467,161.214648514871,163.91802564623063,0.0,167704100
2025-07-11,164.5165557861328,0.0,167.4792915182188,163.07010595303956,163.319494380175,0.0,193633300
2025-07-14,163.6686248779297,0.0,165.08514914967665,161.62363697338392,164.96543236823985,0.0,136975800
2025-07-15,170.28240966796875,0.0,171.97824787505814,168.78607915204378,170.77121644956358,0.0,230627400
2025-07-16,170.9507598876953,0.0,171.32983513615645,168.48680121561864,170.64152069930245,0.0,158831500
2025-07-17,172.5767822265625,0.0,173.7339481189201,170.4120926228971,171.59918390717252,0.0,160841100
2025-07-18,171.9882354736328,0.0,173.8237306114437,170.841039596405,173.21522225123383,0.0,146456400
2025-07-21,170.9607391357422,0.0,172.95584631586675,170.58166390065136,172.32738268326037,0.0,123126100
2025-07-22,166.6213836669922,0.0,170.97071815657463,164.17738028748298,170.9208374301641,0.0,193114300
2025-07-23,170.36221313476562,0.0,170.84103463039327,167.55908978070133,169.1152710575868,0.0,154082200
2025-07-24,173.3149871826172,0.0,173.40476336343244,170.88095369299285,172.01816431437092,0.0,128984600
2025-07-25,173.07557678222656,0.0,174.29259358308082,172.53690445106827,173.18530830431874,0.0,122316800
2025-07-28,176.317626953125,0.0,176.56701539294556,173.54442872003753,173.59430945229414,0.0,140023500
2025-07-29,175.0806427001953,0.0,178.9411858321479,174.5918511336965,177.52466141853475,0.0,154077500
2025-07-30,178.83145141601562,0.0,179.4499298230835,175.60934208925488,176.07819353379378,0.0,174312200
2025-07-31,177.43487548828125,0.0,182.85160010862035,175.49961883405416,182.45256948733228,0.0,221685400
2025-08-01,173.29502868652344,0.0,176.1081221843386,170.47194991004753,173.6641186818972,0.0,204529000
2025-08-04,179.55966186523438,0.0,179.75916955634796,174.09307197712414,174.7315057215643,0.0,148174600
2025-08-05,177.8238983154297,0.0,179.81900550487381,175.4696712230272,179.18057181311008,0.0,156407600
2025-08-06,178.9810791015625,0.0,179.4599006050506,175.81883576850015,175.898641889325,0.0,137192300
2025-08-07,180.32778930664062,0.0,183.43018196887525,178.3626072705472,181.12583532286254,0.0,151878400
2025-08-08,182.25306701660156,0.0,182.85160535497593,179.95869034811614,181.10588629308998,0.0,123396700
2025-08-11,181.61460876464844,0.0,183.39025298215157,179.80903915640334,181.6046387082212,0.0,138323200
2025-08-12,182.71194458007812,0.0,184.02870758664506,179.02099882862018,182.51243687865426,0.0,145485700
2025-08-13,181.14576721191406,0.0,183.51994981646104,178.9112567337155,182.1732462738988,0.0,179871700
2025-08-14,181.57470703125,0.0,182.57226061200618,179.02097229994772,179.31025614092474,0.0,129554000
2025-08-15,180.008544921875,0.0,181.45499460438234,177.6044370814236,181.43505449173978,0.0,156602200
2025-08-18,181.5647430419922,0.0,182.49247589603021,180.14821861780752,180.15820389652,0.0,132008000
2025-08-19,175.2103271484375,0.0,182.0535459787435,175.06070018553257,181.98370991508045,0.0,185229200
2025-08-20,174.97091674804688,0.0,175.5694550698242,168.38707131580557,174.74148365399904,0.0,215142700
2025-08-21,174.55194091796875,0.0,176.4672421817212,173.38480492387563,174.42226928848822,0.0,140040900
2025-08-22,177.55458068847656,0.0,178.15310374912357,170.78118284108405,172.1877371490149,0.0,172789400
2025-08-25,179.37013244628906,0.0,181.46500135257926,176.13806812642193,177.91371253514103,0.0,163012800
2025-08-26,181.32533264160156,0.0,181.94381103857447,178.37256711704984,179.61950918930867,0.0,168688200
2025-08-27,181.15574645996094,0.0,182.04356858750407,178.6618623689453,181.53480649120215,0.0,235518900
2025-08-28,179.72923278808594,0.0,184.01871637210735,175.9784366795831,180.3776517699909,0.0,281787800
2025-08-29,173.75389099121094,0.0,177.714180280125,172.72641192849127,177.67428483075477,0.0,243257900
2025-09-02,170.36221313476562,0.0,171.9583050821389,166.81092453439402,169.58412249632292,0.0,231164900
2025-09-03,170.2025909423828,0.0,171.9882204164984,168.46685741418958,170.64151696331535,0.0,164424900
2025-09-04,171.2400665283203,0.0,171.43957421789176,168.99557077235426,170.15273668191406,0.0,141670100
2025-09-05,166.61141967773438,0.0,168.61649709218636,163.66863936987482,167.61894341349083,0.0,224441400
2025-09-08,167.8982391357422,0.0,170.54176523233733,166.94059623139324,167.14010390134433,0.0,163769100
2025-09-09,170.34226989746094,0.0,170.56173293634785,166.33211485189898,168.67635699060992,0.0,157548400
2025-09-10,176.89620971679688,0.0,178.851406558282,175.04075911822534,176.20789518840485,0.0,226852000
2025-09-11,176.7465362548828,0.01,179.84910351407555,176.05818301908454,179.25053151190707,0.0,151159300
2025-09-12,177.39501953125,0.0,178.17315412234487,176.02828346447401,177.34513598621658,0.0,124911000
2025-09-15,177.32516479492188,0.0,178.4225418052247,174.0929031464731,175.2501343169162,0.0,147061600
2025-09-16,174.46202087402344,0.0,177.0757538913052,173.96321593348455,176.5769489507663,0.0,140737800
2025-09-17,169.8829803466797,0.0,172.78602876073558,168.00748411706098,172.22736966160153,0.0,211843800
2025-09-18,175.8187713623047,0.0,176.67671647107687,172.54661216194535,173.56416328312818,0.0,191763300
2025-09-19,176.24774169921875,0.0,177.65437533147113,174.76129744715922,175.34989886544702,0.0,237182100
2025-09-22,183.17117309570312,0.0,184.1089289332547,174.29245016588177,174.8810364137678,0.0,269637000
2025-09-23,178.0035400390625,0.0,181.98400930831284,175.78885990523673,181.53508786527138,0.0,192559600
2025-09-24,176.5470428466797,0.0,179.35032450997934,174.98078784059663,179.34035389001875,0.0,143564100
2025-09-25,177.2653045654297,0.0,179.82915407834395,172.7162058826927,174.06297010669513,0.0,191586700
2025-09-26,177.7641143798828,0.0,179.3403398828169,174.51189629291883,177.74415791919978,0.0,148573700
2025-09-29,181.4153594970703,0.0,183.56021461148362,179.8890176259668,179.99874009736317,0.0,193063500
2025-09-30,186.13406372070312,0.0,186.90222763381766,181.04624695721463,181.6448190078555,0.0,236981000
2025-10-01,186.79248046875,0.0,187.6903232769056,183.46045188172369,184.79726069745416,0.0,173844900
2025-10-02,188.43853759765625,0.0,190.59337868298996,187.6105195355423,189.146847340247,0.0,136805800
2025-10-03,187.17156982421875,0.0,189.90502650703218,184.93693332773543,188.73782471792558,0.0,137596900
2025-10-06,185.09652709960938,0.0,186.78249020197808,182.89181782906448,185.05662940294908,0.0,157678100
2025-10-07,184.5977325439453,0.0,188.6081286768816,183.56022492696124,185.78489078203316,0.0,140088000
2025-10-08,188.65802001953125,0.0,189.14685437964263,186.0941551173159,186.12409742063042,0.0,130168900
2025-10-09,192.10975646972656,0.0,194.833227386451,190.60335569438294,191.7705575158363,0.0,182997200
2025-10-10,182.7222442626953,0.0,195.15245586263575,181.61489659616785,193.04749823427522,0.0,268774400
2025-10-13,187.86993408203125,0.0,189.65564939423433,185.51557372807815,187.52076447158947,0.0,153482800
2025-10-14,179.59971618652344,0.0,184.35831986008523,179.2705030798172,184.32839277968645,0.0,205641400
2025-10-15,179.4001922607422,0.0,184.42813951825556,176.86625456034105,184.35831474003746,0.0,214450500
2025-10-16,181.37545776367188,0.0,182.84194556906473,179.34034021746592,181.79445210488134,0.0,179723300
2025-10-17,182.78208923339844,0.0,183.65999082680747,179.3203816221287,179.74934657743225,0.0,173135200
2025-10-20,182.20347595214844,0.0,184.75735492260156,181.2956472677441,182.69231029505525,0.0,128544700
2025-10-21,180.72702026367188,0.0,182.35311411361405,179.37027013728058,182.35311411361405,0.0,124240200
2025-10-22,179.84910583496094,0.0,183.00155667206866,176.33751483638122,180.7070509305708,0.0,162249600
2025-10-23,181.72462463378906,0.0,182.59254038327154,179.3602787988416,179.988777912505,0.0,111363700
2025-10-24,185.8148193359375,0.0,187.02193404421294,183.06142142022418,183.40060514170608,0.0,131296700
2025-10-27,191.03231811523438,0.0,191.54109366524804,187.97961914819697,189.53590332097463,0.0,153452700
2025-10-28,200.54953002929688,0.0,202.6644582837766,191.45133202040452,192.58860677151606,0.0,297986200
2025-10-29,206.54513549804688,0.0,211.68283533037862,204.29054272961417,207.48289118740504,0.0,308829600
2025-10-30,202.40505981445312,0.0,205.66724825327245,200.92860151360617,204.6596525726598,0.0,178864400
2025-10-31,202.00604248046875,0.0,207.4729406961805,201.5870481318289,205.95656932325562,0.0,179802200
2025-11-03,206.3855438232422,0.0,210.83487551397138,205.06869143040765,207.58267267525224,0.0,180267300
2025-11-04,198.21511840820312,0.0,203.4824975937368,197.4569251230167,202.51481474882632,0.0,188919300
2025-11-05,194.74342346191406,0.0,202.43498679977526,194.18474916506034,198.29491205487744,0.0,171350300
2025-11-06,187.63046264648438,0.0,197.14765392942226,185.9345289438528,195.95052515240693,0.0,223029800
2025-11-07,187.70030212402344,0.0,187.86990920765928,178.4823961188316,184.45806985353664,0.0,264942300
2025-11-10,198.5742645263672,0.0,199.46213677715232,193.32682642239038,194.6436788693004,0.0,198897100
2025-11-11,192.69833374023438,0.0,194.9529266552934,190.84277869998112,194.69355355890158,0.0,176483300
2025-11-12,193.33680725097656,0.0,195.4218083488666,190.673190567689,195.25221648764446,0.0,154935300
2025-11-13,186.4134063720703,0.0,190.98246202725863,183.4106057333689,190.59339473372378,0.0,207423100
2025-11-14,189.71548461914062,0.0,190.55347333374138,180.14840873831534,182.4229582335574,0.0,186591900
2025-11-17,186.15403747558594,0.0,188.54829545593932,183.87948782755396,185.52553828625676,0.0,173628900
2025-11-18,180.92652893066406,0.0,184.35830936263392,179.22060933347112,182.94170515591497,0.0,213598900
2025-11-19,186.07420349121094,0.0,187.41099710874653,182.39302051116815,184.3483273978252,0.0,247246400
2025-11-20,180.208251953125,0.0,195.53154064523628,179.42014682895694,195.4816571057099,0.0,343504800
2025-11-21,178.4524688720703,0.0,184.11888595894638,172.51667761994415,180.80682891210233,0.0,346926200
2025-11-24,182.1136932373047,0.0,183.06141961318156,176.0581937395723,179.0610093294625,0.0,256618300
2025-11-25,177.39501953125,0.0,177.73420328176402,169.14478047484366,174.49197074476177,0.0,320600300
2025-11-26,179.82916259765625,0.0,182.47283807635972,177.81400147563977,181.19589856886267,0.0,183852000
2025-11-28,176.57696533203125,0.0,178.86148547381688,176.0781603452176,178.58215589898685,0.0,121332800
2025-12-01,179.48997497558594,0.0,179.8690716163194,173.2648835948944,174.3423041351479,0.0,188131000
2025-12-02,181.02630615234375,0.0,185.2162648499111,179.56978894419797,181.32557695606172,0.0,182632200
2025-12-03,179.16075134277344,0.0,182.013916155068,178.68190287158453,180.64719551618873,0.0,165138000
2025-12-04,182.95188903808594,0.01,184.08922700452197,179.53987513877786,181.19598816136636,0.0,167364900
2025-12-05,181.98414611816406,0.0,184.22889322931675,180.4876480440623,183.4606866221248,0.0,143971100
2025-12-08,185.1168212890625,0.0,187.5610985176648,181.97416608957425,182.21361127014939,0.0,204378100
2025-12-09,184.53817749023438,0.0,185.2864265695677,182.89203560496765,185.12679644575,0.0,144719700
2025-12-10,183.35096740722656,0.0,185.0469957406681,181.61502392815055,184.53819180758595,0.0,162785400
2025-12-11,180.5076141357422,0.0,180.896718300432,176.20767820623186,179.85913764092777,0.0,182136600
2025-12-12,174.61141967773438,0.0,182.39321360477518,174.21234434473615,180.6871989054384,0.0,204274900
2025-12-15,175.87843322753906,0.0,178.0034654802094,174.6213802569945,177.52459033283526,0.0,164775600
2025-12-16,177.3050994873047,0.0,178.0733061224419,174.4916756985292,175.84850127733236,0.0,148588100
2025-12-17,170.5409393310547,0.0,175.71882560019336,169.91240520818417,175.68889685369163,0.0,222775500
2025-12-18,173.73345947265625,0.0,175.7387615308714,171.41888356310693,174.1225483861358,0.0,176096000
2025-12-19,180.56747436523438,0.0,181.0263919449467,175.92832091222974,176.2575523358494,0.0,324925900
2025-12-22,183.26116943359375,0.0,183.73007341419415,181.9243013805983,183.49062822521734,0.0,129064400
2025-12-23,188.76828002929688,0.0,188.88799500778453,182.47299846788633,182.5428423541149,0.0,174873600
2025-12-24,188.169677734375,0.0,188.4689804086018,186.154389299292,187.50124372172942,0.0,65528500
2025-12-26,190.085205078125,0.0,192.240166195598,187.5611125998212,189.47662851874142,0.0,139740300
2025-12-29,187.7805938720703,0.0,188.31932652162573,185.47598909796272,187.2717899684254,0.0,120006100
2025-12-30,187.1021728515625,0.0,188.5487999407664,186.49359631469858,187.8005508490403,0.0,97687300
2025-12-31,186.06460571289062,0.0,190.11512498868174,186.05463453876877,189.12744593978846,0.0,120100500
2026-01-02,188.4091339111328,0.0,192.47959571470966,187.8204997023152,189.39681300359115,0.0,148240500
2026-01-05,187.68081665039062,0.0,193.17796293683364,185.7154145267434,191.31231822272787,0.0,183529700
2026-01-06,186.80288696289062,0.0,191.72137039337454,186.3838692947835,190.07522846701318,0.0,176862600
2026-01-07,188.66851806640625,0.0,190.9232365533545,186.12446806753155,188.12978540958392,0.0,153543200
2026-01-08,184.60801696777344,0.0,189.10749810453436,183.28113525242415,188.66852284990722,0.0,172457000
2026-01-09,184.42843627929688,0.0,185.9049768874807,183.2412119543349,184.64792389684447,0.0,131327500
2026-01-12,184.5082550048828,0.0,186.6831584288149,182.59273912358015,182.79226917353867,0.0,137968500
2026-01-13,185.37620544433594,0.0,187.6708389078061,182.97182817799478,184.56809890645206,0.0,160128900
2026-01-14,182.7124481201172,0.0,184.02937380837906,180.37791464347094,183.88970125566945,0.0,159586100
2026-01-15,186.6133270263672,0.0,189.25713440169068,185.895006678512,186.06460797964908,0.0,206188600
2026-01-16,185.7952423095703,0.0,189.99542077422674,185.64559857342888,188.63859508159712,0.0,187967200
2026-01-20,177.654296875,0.0,181.95423259865512,177.1953640623503,181.4753422141945,0.0,223345300
2026-01-21,182.8920440673828,0.0,184.94723253133864,177.9835164834521,178.6320081827799,0.0,200381000
2026-01-22,184.40847778320312,0.0,185.7353746560278,183.5005985718231,184.31869154642928,0.0,139636600
2026-01-23,187.23187255859375,0.0,189.15737478680413,186.38386606278428,187.06227125943187,0.0,142748100
2026-01-26,186.03468322753906,0.0,188.6784906596197,185.55580805974404,186.7230748442759,0.0,124799600
2026-01-27,188.07989501953125,0.0,189.55643562401056,185.2664711415707,186.80288446054914,0.0,143711600
2026-01-28,191.07289123535156,0.0,191.9009553855833,189.3968053634026,190.82347487286611,0.0,148552700
2026-01-29,192.06057739257812,0.0,193.0283141326731,185.62563804704834,190.89331059974717,0.0,171764400
2026-01-30,190.68380737304688,0.0,194.0359639826301,189.0276790286862,190.76362243793778,0.0,179489500
2026-02-02,185.1766815185547,0.0,189.8557348322644,184.44839001538193,186.7629659025267,0.0,165794100
2026-02-03,179.9189910888672,0.0,185.83515536968403,175.8185853097543,185.8052266227915,0.0,204019600
2026-02-04,173.78335571289062,0.0,179.16077214377114,171.50867959294058,179.04105715530034,0.0,207014100
2026-02-05,171.47874450683594,0.0,176.40721432559468,170.63072277473634,174.52161198787914,0.0,206312900
2026-02-06,184.97715759277344,0.0,186.56344202919422,174.19239634754115,176.27751351666032,0.0,231346200
2026-02-09,189.59632873535156,0.0,193.20788788877485,183.5205500126207,183.8298238555102,0.0,196387400
2026-02-10,188.09983825683594,0.0,192.0306425866914,187.6808205923615,190.93321971968697,0.0,136764800
2026-02-11,189.6063232421875,0.0,192.80882083578368,188.329312674443,192.00071425091673,0.0,144192700
2026-02-12,186.5035858154297,0.0,193.1580126884611,186.07458174632154,192.5793648877844,0.0,189932500
2026-02-13,182.38320922851562,0.0,187.0622623874058,181.16605622339495,187.04230481693136,0.0,161888000
2026-02-17,184.53817749023438,0.0,186.71308084037668,178.76168607280786,181.3256935584433,0.0,162276900
2026-02-18,187.5411376953125,0.0,189.92555739322245,186.3239846890322,188.3093443160685,0.0,164749100
2026-02-19,187.46133422851562,0.0,187.9900957055448,185.22657333636724,186.62329889395997,0.0,126554500
2026-02-20,189.37686157226562,0.0,189.88566546751952,185.5059147845697,186.13444888465776,0.0,178422300
2026-02-23,191.10281372070312,0.0,193.49720463285962,189.13741163084848,190.9531547742145,0.0,171584800
2026-02-24,192.39979553222656,0.0,193.31764595479845,186.96250644177093,191.04296985904048,0.0,175123600
2026-02-25,195.10345458984375,0.0,197.16862939564908,193.33758246616242,193.9960453222018,0.0,250637100
2026-02-26,184.4583740234375,0.0,193.83642365132246,183.8897126034445,193.81648130196652,0.0,360807900
2026-02-27,176.77635192871094,0.0,182.16373952566906,175.96824531148394,180.82687141264745,0.0,311636500
2026-03-02,182.05398559570312,0.0,183.03170868955394,174.23229218389588,174.6014235260267,0.0,209095300
2026-03-03,179.62966918945312,0.0,180.4776756968921,176.50697142699124,178.07331350693755,0.0,178099400
2026-03-04,182.6126708984375,0.0,184.26879914121506,179.6396322236537,180.01874995283958,0.0,177731200
2026-03-05,182.91197204589844,0.0,183.63029235671348,177.46472744924466,180.74703993972415,0.0,198779700
2026-03-06,177.40489196777344,0.0,182.33334690173646,176.40722643712078,179.4201653790109,0.0,189021900
2026-03-09,182.22360229492188,0.0,182.4830050745951,175.1501573668019,176.4171968477281,0.0,177213600
2026-03-10,184.33865356445312,0.0,186.00475307627937,181.5850871183009,181.97417604353973,0.0,179118500
2026-03-11,185.60574340820312,0.01,187.1921136401388,184.02934488988058,185.4860219488843,0.0,145280400
2026-03-12,182.7223358154297,0.0,184.5182338343672,181.3355064165816,183.63026415055788,0.0,155762700
2026-03-13,179.8389434814453,0.0,185.66562182453413,179.52965286608148,184.49829181300376,0.0,160988400
2026-03-16,182.80215454101562,0.0,188.44925014875608,180.99628481489137,182.55272468439094,0.0,217307400
2026-03-17,181.51510620117188,0.0,184.9771941770484,181.2656763194747,184.63797319169822,0.0,182497800
2026-03-18,179.98858642578125,0.0,182.96180140975886,179.91875397930713,182.06384475172882,0.0,156683100
2026-03-19,178.15277099609375,0.0,179.56953069628346,175.3890840362079,177.6040222894031,0.0,170968500
2026-03-20,172.30615234375,0.0,177.85347025510498,171.32839150930033,177.59406866914642,0.0,241323500
2026-03-23,175.23944091796875,0.0,177.96321071223454,174.36144294367455,176.85574153065542,0.0,182836300
2026-03-24,174.80044555664062,0.0,175.81812366395545,173.58322660302642,174.4312942297872,0.0,147667800
2026-03-25,178.2725067138672,0.0,180.8067226806179,176.44669348987364,176.69612335614488,0.0,162602100
2026-03-26,170.8494873046875,0.0,176.10745794358192,170.74970926821888,175.66847416549638,0.0,186152200
2026-03-27,167.13796997070312,0.0,170.58009909933227,166.629123297364,169.61230999497113,0.0,196212700
2026-03-30,164.79331970214844,0.0,169.0635577295173,163.89537828689438,168.3950875250076,0.0,185627000
2026-03-31,174.00225830078125,0.0,174.22175778800025,166.57923870897636,166.58921042239905,0.0,226181300
2026-04-01,175.34918212890625,0.0,176.9654826629128,174.35146274268203,175.5986119754623,0.0,168132000
2026-04-02,176.98545837402344,0.0,177.0852364118599,170.97918282725632,171.78733317216196,0.0,143143200
2026-04-06,177.23487854003906,0.0,177.3845303646084,175.35916114415525,176.75597747742694,0.0,107564300
2026-04-07,177.69383239746094,0.0,177.8235255680002,173.26395579650787,175.32922705160684,0.0,132534900
2026-04-08,181.66476440429688,0.0,184.83750503722598,179.8888249511496,184.079243714486,0.0,147732700
2026-04-09,183.4906005859375,0.0,183.66021107746678,180.2080948395415,181.42531387192042,0.0,116428500
2026-04-10,188.1998291015625,0.0,189.56669990817062,183.87970195572368,183.88967366981893,0.0,160459500
2026-04-13,188.87826538085938,0.0,189.2274732756209,185.3164148846483,185.605746824658,0.0,133648200
2026-04-14,196.0618438720703,0.0,196.0618438720703,190.33494396561244,190.40477641072036,0.0,161307000
2026-04-15,198.41647338867188,0.0,199.94298301571828,195.2936216855987,196.09178511161633,0.0,185338400
2026-04-16,197.8976593017578,0.0,199.39423847906178,195.36344336942167,196.97974400923295,0.0,134012900
2026-04-17,201.2200469970703,0.0,201.2400056483541,198.8155547450397,199.44410763257105,0.0,160324400
2026-04-20,201.59918212890625,0.0,201.70893187328167,197.38880498867078,199.52392392325544,0.0,119381400
2026-04-21,199.42417907714844,0.0,202.28762917830338,198.54618104306965,201.66904795828867,0.0,107945300
2026-04-22,202.03819274902344,0.0,202.03819274902344,198.54617460274403,200.53164182940822,0.0,107501000
2026-04-23,199.18470764160156,0.0,203.3651545152774,196.77022843278436,201.99828375930824,0.0,113561800
2026-04-24,207.79502868652344,0.0,210.46890943516505,199.35431566144254,199.50398270942756,0.0,214134400
2026-04-27,216.1160125732422,0.0,216.33551207209098,206.90706623150768,209.17187844164343,0.0,187172400
2026-04-28,212.68385314941406,0.0,214.2402930542568,207.72518626919629,209.01225288404052,0.0,180275400
2026-04-29,208.77279663085938,0.0,212.23488436877426,207.10660696252424,212.2149257168926,0.0,123711800
2026-04-30,199.1148681640625,0.0,209.82039307402036,198.24684193288383,209.45122654333912,0.0,225239200
2026-05-01,197.9974365234375,0.0,202.5370634031337,196.6704677294345,200.82098460367052,0.0,128647000
2026-05-04,198.02734375,0.0,201.2699318245734,194.29588290907526,199.04502180842945,0.0,125368100
2026-05-05,196.05186462402344,0.0,199.7833407086998,195.58293528206713,198.84548202478717,0.0,113406600
2026-05-06,207.3560333251953,0.0,207.7950323152332,198.15705885791613,199.43413852494058,0.0,188362800
2026-05-07,211.01766967773438,0.0,213.7115092245668,206.02907228582575,207.86487247229027,0.0,168307900
2026-05-08,214.709228515625,0.0,217.30330524675068,212.40449895841255,212.5441790763045,0.0,136421400
2026-05-11,218.93955993652344,0.0,221.79303819063418,213.40221390900197,213.55186573785767,0.0,160685800
2026-05-12,220.27650451660156,0.0,223.23973257586303,214.42986778297353,218.05159434962442,0.0,159176600
2026-05-13,225.3149871826172,0.0,227.32039781394542,221.0647077692387,224.41703053540263,0.0,150405400
2026-05-14,235.202392578125,0.0,236.00055597235212,228.77707677625682,229.32582552778115,0.0,180782900
2026-05-15,224.80615234375,0.0,230.97205119780003,223.72861351776262,229.23601388526635,0.0,180977600
2026-05-18,221.81300354003906,0.0,229.4754818886306,217.8719993892805,229.34577348371204,0.0,146280900
2026-05-19,220.1068878173828,0.0,223.96805720569674,217.41304835521052,219.11914008419038,0.0,140948200
2026-05-20,222.9603729248047,0.0,225.61431038954527,219.9971448577806,222.6710257508039,0.0,184201600
2026-05-21,219.0093994140625,0.0,226.8814055684356,217.43300079554024,221.78305837384474,0.0,203381800
2026-05-22,214.83892822265625,0.0,220.50596731800164,214.3101381389001,220.39621757095847,0.0,169275700
2026-05-26,214.37001037597656,0.0,217.68243116855118,211.5165320236786,216.04617181279934,0.0,187202600
2026-05-27,212.1151580810547,0.0,213.66161102691768,208.30386252985457,213.63168066177133,0.0,167601200
2026-05-28,213.7613983154297,0.0,215.0285063161196,210.73830951283205,210.79817024571656,0.0,143996000
2026-05-29,210.6584930419922,0.0,217.36316924965476,210.64852132770383,214.09065053210412,0.0,289410600
2026-06-01,223.8483428955078,0.0,224.35717434911126,215.20808855445495,215.23801892090273,0.0,212850700
2026-06-02,222.3118438720703,0.0,231.75026086454594,220.84519513709748,226.66188583823322,0.0,193362900
2026-06-03,214.26025390625,0.0,222.31185725112735,214.02079575535723,221.2143597561905,0.0,160907000
2026-06-04,218.4156036376953,0.25,221.35231998810906,210.73419644348996,213.67091279390368,0.0,169022200
2026-06-05,204.87075805664062,0.0,214.62982678346356,204.10161444712602,214.2902104723603,0.0,219655500
2026-06-08,208.40679931640625,0.0,210.23475572682116,205.76975069388217,209.94507132882276,0.0,138372800
2026-06-09,207.95730590820312,0.0,211.16370951624515,199.11719156565087,210.3845825512031,0.0,180962500
2026-06-10,200.19598388671875,0.0,206.98838641050182,199.696542748819,204.20149632565034,0.0,161746600
2026-06-11,204.64100646972656,0.0,205.43013200106668,199.31696212361035,201.26479475008583,0.0,158643200
2026-06-12,204.96066284179688,0.0,206.83856645475237,203.21261880599855,204.6310298517525,0.0,112001800
2026-06-15,212.21253967285156,0.0,212.47225882321928,208.10713284720606,208.68648640498938,0.0,149936700
2026-06-16,207.1781768798828,0.0,211.25361840198772,207.05830064217733,210.94395209283806,0.0,125694100
2026-06-17,204.42124938964844,0.0,208.9761653200819,202.8530121596522,208.29691745433288,0.0,128363500
2026-06-18,210.4545135498047,0.0,211.1537281092123,206.26919428756833,207.09826842291386,0.0,241272000
2026-06-22,208.41677856445312,0.0,213.7508214450341,207.48782537372824,211.2036686200953,0.0,122041400
2026-06-23,199.81640625,0.0,203.54224815949766,199.77645766483005,201.94403040148535,0.0,153496200
2026-06-24,198.77757263183594,0.0,201.44458647582786,196.36027935647695,199.89631590195674,0.0,151810700
2026-06-25,195.52122497558594,0.0,200.5755669254449,191.9152592982058,199.85637045714446,0.0,149550000
2026-06-26,192.31480407714844,0.0,195.33143282930595,191.0062707295152,192.90414096411192,0.0,179304100
2026-06-29,194.7520751953125,0.0,195.96071419295149,189.58785574691487,193.63333194293918,0.0,148835700
2026-06-30,199.86634826660156,0.0,200.4057532237791,194.89191886651452,197.0195429632178,0.0,166476700
2026-07-01,197.35916137695312,0.0,199.62662840490702,193.23377271109229,195.98069896251877,0.0,146147600
2026-07-02,194.61224365234375,0.0,199.8363939026278,192.1350197738411,196.9196593659626,0.0,142068700
2026-07-06,195.33143615722656,0.0,197.32920075051607,193.77318221313826,194.20269428466304,0.0,108999000
2026-07-07,196.7098846435547,0.0,198.18824142626735,190.92636281467173,192.15498377986222,0.0,124154600
2026-07-08,203.891845703125,0.0,204.93069180759116,194.84197470333905,194.9618356993413,0.0,147419100
2026-07-09,202.5533447265625,0.0,204.36131918975943,198.73762239526957,204.23147485952867,0.0,132037400
2026-07-10,210.72421264648438,0.0,210.7641612313501,201.69430829342895,201.7742207048944,0.0,148421000
2026-07-13,203.30250549316406,0.0,210.33464515051216,202.77309911383117,208.3069001369788,0.0,121411000
2026-07-14,211.5632781982422,0.0,212.31243993744155,203.57221964678251,207.96729575339148,0.0,124379600
2026-07-15,212.26248168945312,0.0,213.57101502024952,205.80969553973085,211.7230919717581,0.0,124797200
2026-07-16,207.16818237304688,0.0,210.84407715298516,205.61992700554663,209.93509060438328,0.0,122986100
2026-07-17,202.58331298828125,0.0,206.41901728963356,197.74872640584337,202.41350482950477,0.0,144281900
2026-07-20,203.05279541015625,0.0,207.50781723343968,202.05391309694542,205.63989694335598,0.0,88701500
2026-07-21,207.0583038330078,0.0,208.4167843613107,203.78197113093626,207.30802440628602,0.0,108685600
2026-07-22,211.82298278808594,0.0,214.15038042761168,204.72092886821054,205.57996827489498,0.0,137645600
2026-07-23,208.5266571044922,0.0,210.63429930291466,205.72979894313582,209.22588688656515,0.0,110505300
2026-07-24,206.6088104248047,0.0,211.6731509810223,204.5810805834776,207.21812923496972,0.0,114836800
2026-07-27,196.2903594970703,0.0,208.51668459839084,195.22156333884286,207.96729627325774,0.0,154353700
2026-07-28,196.789794921875,0.0,198.47790843456414,192.52457850774027,194.78204700134697,0.0,134111500
2026-07-29,189.79762268066406,0.0,196.84974460884015,189.79762268066406,195.63110696844683,0.0,147680800
2026-07-30,194.82199096679688,0.0,197.02952748682713,191.3059363552755,193.23377181769484,0.0,129010200
2026-07-31,200.52561950683594,0.0,201.77422236802423,194.73209918257555,198.2182038580375,0.0,139961200
2026-08-03,206.40904235839844,0.0,208.50670133078404,196.62999113475112,197.46904862701152,0.0,128406900
2026-08-04,211.70310974121094,0.0,212.82185300096492,208.8163406042335,211.06382570110384,0.0,134922000
2026-08-05,218.9749755859375,0.0,221.9716224388697,216.15812022814887,216.6176127852948,0.0,158187400
2026-08-06,218.7452392578125,0.0,223.38005249670454,216.75745800384053,221.28239358061882,0.0,113940600
2026-08-07,223.70968627929688,0.0,224.50877992471257,220.41337164588714,221.29237770419127,0.0,105669400
2026-08-10,217.3068389892578,0.0,223.88946943306019,216.5277120448001,223.15029107269072,0.0,115846600
2026-08-11,217.25689697265625,0.0,221.9516406634887,215.95834695389817,221.92167541427946,0.0,101273100
2026-08-12,223.8395233154297,0.0,224.84840415873398,219.95387191061064,220.7929293559802,0.0,108783600
2026-08-13,225.04818725585938,0.0,226.97602279610956,223.45996804263754,224.80845001468583,0.0,98867200
2026-08-14,224.90834045410156,0.0,227.23573802273873,224.24907448357243,226.51654155338588,0.0,75680900
2026-08-17,224.7584991455078,0.0,227.66525027466162,224.60867289832842,225.72741618855906,0.0,93678700
2026-08-18,219.49440002441406,0.0,221.39227027986857,218.44557057093272,220.20359791537197,0.0,103128200
2026-08-19,217.31683349609375,0.0,222.62089613745684,216.51772459764655,221.4222404106533,0.0,96797300
2026-08-20,216.60763549804688,0.0,219.6142657707553,215.41896310784705,218.1159423024499,0.0,92457000
2026-08-21,214.48001098632812,0.0,218.49552214328025,214.26025565862156,218.17587248780362,0.0,98869300
2026-08-24,208.24697875976562,0.0,215.34903256074918,207.01835779182306,215.28910206110334,0.0,135187300
2026-08-25,212.81187438964844,0.0,214.48998931653267,209.87515802586688,210.79412790131315,0.0,122309000
2026-08-26,209.4256591796875,0.0,213.3612577394914,208.99613188036045,212.40232405945306,0.0,179900000
2026-08-27,227.7251739501953,0.0,230.21239627098788,220.6530857022795,222.61090164325523,0.0,298909800
2026-08-28,217.3068389892578,0.0,229.00374173344596,216.56766062888835,227.10587153371227,0.0,195116400
2026-08-31,220.53323364257812,0.0,221.05265670783686,215.96834944345454,218.62536478578363,0.0,124702700
2026-09-01,217.1969757080078,0.0,220.1636574397174,214.8595947199138,216.50774446342592,0.0,109756200
2026-09-02,224.1591796875,0.0,227.6952163087265,218.23579974693772,218.5454508199983,0.0,157104700
2026-09-03,228.1946563720703,0.0,230.14247379152744,224.49879494304554,225.76737972053164,0.0,134681600
2026-09-04,230.10252380371094,0.0,234.49759976142684,229.37334400327853,230.83170360414334,0.0,135352400
2026-09-08,225.47769165039062,0.0,233.44878317831424,224.59868561283858,232.84944771666764,0.0,122965600
2026-09-09,223.4199981689453,0.0,225.92718720955042,223.21024142511232,225.0281992525124,0.0,82955500
2026-09-10,218.36000061035156,0.25,220.99000549316406,217.1999969482422,220.52999877929688,0.0,105768000
2026-09-11,218.2899932861328,0.0,222.0,218.14999389648438,221.24000549316406,0.0,89060100
2026-09-14,210.9600067138672,0.0,212.77000427246094,208.92999267578125,211.24000549316406,0.0,132267200
2026-09-15,212.1699981689453,0.0,213.94000244140625,211.16000366210938,213.3800048828125,0.0,88059700
2026-09-16,213.89999389648438,0.0,216.75999450683594,212.5,214.13999938964844,0.0,96563600
2026-09-17,219.33999633789062,0.0,219.91000366210938,217.14999389648438,218.3800048828125,0.0,94191300
2026-09-18,222.27000427246094,0.0,222.72999572753906,218.02999877929688,219.35000610351562,0.0,190287400
2026-09-21,227.3800048828125,0.0,228.5,221.55999755859375,222.94000244140625,0.0,109806100
2026-09-22,228.8699951171875,0.0,229.97999572753906,226.5,226.85000610351562,0.0,95746700
2026-09-23,225.50999450683594,0.0,228.9499969482422,224.02000427246094,228.02999877929688,0.0,89547300
2026-09-24,224.5800018310547,0.0,224.94000244140625,221.08999633789062,222.0800018310547,0.0,77469900
2026-09-25,225.07000732421875,0.0,226.94000244140625,223.1300048828125,225.1300048828125,0.0,89947700
2026-09-28,228.86000061035156,0.0,233.2100067138672,228.0399932861328,229.75,0.0,142344300
2026-09-29,227.2100067138672,0.0,232.82000732421875,227.02999877929688,230.97000122070312,0.0,101203000
