Date,Capital Gains,Close,Dividends,High,Low,Open,Stock Splits,Volume
2020-01-02,0.0,99.4202880859375,0.0,100.40750200666118,99.4202880859375,100.20183322440788,0.0,549180
2020-01-03,0.0,100.24296569824219,0.0,100.69543954101368,99.70822559583404,100.69543954101368,0.0,445580
2020-01-06,0.0,99.66709899902344,0.0,101.18904682193686,99.62596272954733,101.10678055949815,0.0,273320
2020-01-07,0.0,99.66709899902344,0.0,99.95503405581567,99.4202939351938,99.62596272954733,0.0,252460
2020-01-08,0.0,98.92667388916016,0.0,99.87275144361055,98.47420010504966,99.66708268292622,0.0,375840
2020-01-09,0.0,98.10399627685547,0.0,98.67986628108325,97.93946378322248,98.10399627685547,0.0,333360
2020-01-10,0.0,98.3096694946289,0.0,98.51533825926202,97.69266320072957,97.69266320072957,0.0,196660
2020-01-13,0.0,97.24018859863281,0.0,98.0628636503184,97.19905861195605,97.9394674137756,0.0,248800
2020-01-14,0.0,97.65154266357422,0.0,97.73381520388719,97.1579388042644,97.28134133822026,0.0,300460
2020-01-15,0.0,97.61041259765625,0.0,97.89834765899764,97.15793873232435,97.61041259765625,0.0,277560
2020-01-16,0.0,96.7054672241211,0.0,97.3224735919232,96.66433095566228,97.1579347946013,0.0,224000
2020-01-17,0.0,96.17072296142578,0.0,96.74659303588716,96.17072296142578,96.25298921827554,0.0,254280
2020-01-21,0.0,96.25298309326172,0.0,96.5409181121698,96.0061780619047,96.5409181121698,0.0,251580
2020-01-22,0.0,96.04732513427734,0.0,96.12959139514965,95.43031876296507,95.75939008296763,0.0,297120
2020-01-23,0.0,95.84165954589844,0.0,96.49980220789202,95.67712701865683,96.08846461327443,0.0,434000
2020-01-24,0.0,96.54093170166016,0.0,96.95226929414828,95.22465266100086,95.2657889308551,0.0,492500
2020-01-27,0.0,98.55648040771484,0.0,98.92668169555456,98.02174033243628,98.72101291864072,0.0,830400
2020-01-28,0.0,96.993408203125,0.0,98.10401847775914,96.82886939574462,97.81608341048566,0.0,418860
2020-01-29,0.0,96.91111755371094,0.0,97.28131879327076,96.37637754817067,96.45864379290482,0.0,252600
2020-01-30,0.0,96.54093170166016,0.0,97.77494447912453,96.49980170831947,97.52814568953978,0.0,724080
2020-01-31,0.0,98.0628662109375,0.0,98.39193749550695,96.12958104429687,96.12958104429687,0.0,648620
2020-02-03,0.0,96.5820541381836,0.0,97.65152795956514,96.37638537139722,97.56926170815312,0.0,444260
2020-02-04,0.0,94.44308471679688,0.0,95.59482460054113,94.19627972655931,95.22462339169643,0.0,622760
2020-02-05,0.0,94.03175354003906,0.0,94.60762352042815,93.20907855290491,93.20907855290491,0.0,544160
2020-02-06,0.0,93.20909118652344,0.0,94.15516252874917,93.20909118652344,93.78496124496631,0.0,373360
2020-02-07,0.0,93.70269012451172,0.0,93.94948887537997,93.16795008286165,93.70269012451172,0.0,439800
2020-02-10,0.0,92.59207916259766,0.0,93.99062423358649,92.55094289959283,93.99062423358649,0.0,502220
2020-02-11,0.0,92.59207916259766,0.0,92.79774792459675,91.72826785159644,92.01620286309267,0.0,539800
2020-02-12,0.0,91.64600372314453,0.0,92.22187375946487,91.60486745918766,92.05734125666268,0.0,396840
2020-02-13,0.0,91.76940155029297,0.0,92.38640781904927,91.44033028498714,92.34527155719391,0.0,511960
2020-02-14,0.0,91.56372833251953,0.0,91.93392956513001,91.48145581281763,91.68712455904834,0.0,369200
2020-02-18,0.0,91.48149108886719,0.0,92.05736756628333,91.31695853904226,91.97510129137088,0.0,318220
2020-02-19,0.0,90.61766052246094,0.0,91.02899805885293,90.41199175426493,90.9055955426328,0.0,242060
2020-02-20,0.0,91.52259826660156,0.0,92.5509420673499,90.6999232260029,90.86445572351765,0.0,684980
2020-02-21,0.0,93.29135131835938,0.0,93.62042259152098,91.81053372738839,91.97507250222544,0.0,863880
2020-02-24,0.0,96.78771209716797,0.0,97.32245208640332,95.71823211869727,96.70544585494221,0.0,1589840
2020-02-25,0.0,99.4202880859375,0.0,99.74935939284539,95.7593862724342,96.00618504523027,0.0,2631820
2020-02-26,0.0,98.96780395507812,0.0,99.70820642597175,97.28131771246024,98.88553143474587,0.0,2336500
2020-02-27,0.0,103.94500732421875,0.0,104.0272735865888,99.99617024183478,101.55924805640626,0.0,3503360
2020-02-28,0.0,103.61593627929688,0.0,107.77044844364589,103.20459868981732,107.48250710979939,0.0,8143300
2020-03-02,0.0,98.59761047363281,0.0,103.82159615599178,98.55648048412594,102.34078472697189,0.0,2851780
2020-03-03,0.0,101.76490783691406,0.0,102.58758294077437,97.15792851059896,98.22740865622254,0.0,4738260
2020-03-04,0.0,97.61041259765625,0.0,100.8599770891772,97.52814633391779,99.87276937128854,0.0,2154760
2020-03-05,0.0,100.48977661132812,0.0,101.23018554424381,98.4330886179588,100.03730274218141,0.0,1601640
2020-03-06,0.0,102.2173843383789,0.0,104.64427344788004,101.72378051840565,103.98613711342007,0.0,4213720
2020-03-09,0.0,109.2512435913086,0.0,114.59863114420448,105.6314660236875,111.06112609860693,0.0,2123540
2020-03-10,0.0,103.41027069091797,0.0,109.29240593467469,103.328004425774,105.13789364150999,0.0,1818860
2020-03-11,0.0,107.93497467041016,0.0,109.16898736683945,105.13788424638095,105.8371505758751,0.0,1959060
2020-03-12,0.0,117.80707550048828,0.0,118.01274428193223,110.44413563540017,115.54471890460485,0.0,4513040
2020-03-13,0.0,106.74210357666016,0.0,117.19007575140031,106.37190225983204,111.10228449926014,0.0,4268380
2020-03-16,0.0,118.91769409179688,0.0,120.27510305266146,111.84268286098236,118.4652202538332,0.0,3992220
2020-03-17,0.0,111.71928405761719,0.0,120.15170405656323,109.95052501382746,116.36739347485016,0.0,3829960
2020-03-18,0.0,114.84542846679688,0.0,120.85094558163296,113.28233852419035,118.13612827899136,0.0,2429180
2020-03-19,0.0,113.85823059082031,0.0,118.01274242108416,110.07393260373895,115.29791203822678,0.0,2040180
2020-03-20,0.0,118.50634765625,0.0,118.79427640212283,110.69093440471494,111.2668044494861,0.0,2358540
2020-03-23,0.0,118.30069732666016,0.0,122.16726829057106,115.75039916268305,118.1772885137421,0.0,2442800
2020-03-24,0.0,109.21012115478516,0.0,113.15896420432044,109.086724909154,111.39020518110907,0.0,2018340
2020-03-25,0.0,110.09602355957031,0.225,111.37332509232259,105.7284394712881,108.69509110862529,0.0,2107880
2020-03-26,0.0,104.20390319824219,0.0,109.14833526054873,103.75066736483305,109.10712914516132,0.0,2067640
2020-03-27,0.0,107.82982635498047,0.0,108.07703789579494,104.94556806445999,106.88213600927523,0.0,1499600
2020-03-30,0.0,103.79185485839844,0.0,107.04693639771396,103.50343094647435,106.75851877295962,0.0,1477260
2020-03-31,0.0,104.69833374023438,0.0,105.31638764357184,102.06129998035954,103.9978676200497,0.0,1375220
2020-04-01,0.0,109.02471160888672,0.0,109.88998959275465,106.18166615418258,107.78860379602936,0.0,1547740
2020-04-02,0.0,106.88211059570312,0.0,109.8899802286141,106.75850485468587,109.60155006712337,0.0,1300920
2020-04-03,0.0,108.36544799804688,0.0,109.56034966262531,106.26406227104974,107.25294597365472,0.0,678960
2020-04-06,0.0,100.66038513183594,0.0,104.90435672863272,100.00112508852334,104.20389057492443,0.0,1356540
2020-04-07,0.0,100.78398132324219,0.0,100.8251811399877,97.44648809558714,97.65250604082094,0.0,1607380
2020-04-08,0.0,98.6001968383789,0.0,100.6603764368107,98.22936073835967,99.71269256409823,0.0,1114740
2020-04-09,0.0,98.43537139892578,0.0,99.2594431771911,97.1992637315278,97.61129962066045,0.0,1714060
2020-04-13,0.0,97.28166961669922,0.0,99.34184892847033,97.03444558441936,98.723795134939,0.0,1058540
2020-04-14,0.0,92.99651336669922,0.0,95.63354723910938,92.79049539012826,95.30391721916189,0.0,1307340
2020-04-15,0.0,94.026611328125,0.0,95.09790741320543,93.3261514050356,94.5210532569428,0.0,646260
2020-04-16,0.0,92.29603576660156,0.0,93.94417926243374,91.88399989264352,93.03770159715974,0.0,922820
2020-04-17,0.0,91.5955810546875,0.0,92.91409466613008,90.97752720990172,91.14233905364372,0.0,1260240
2020-04-20,0.0,92.62567138671875,0.0,92.62567138671875,91.2247455573019,92.41965343714293,0.0,638160
2020-04-21,0.0,96.00437927246094,0.0,96.54002728120048,93.28493940481086,93.53216349720444,0.0,1409900
2020-04-22,0.0,93.12013244628906,0.0,94.39744651241153,92.54328458317127,93.9442044148403,0.0,690100
2020-04-23,0.0,93.36734008789062,0.0,93.53215193767087,91.63678422935266,92.83169214535121,0.0,1067780
2020-04-24,0.0,91.80159759521484,0.0,93.82057094235421,91.67798557071946,93.16131729032668,0.0,697000
2020-04-27,0.0,91.18355560302734,0.0,91.55438543750898,90.68911372799532,90.89513169985612,0.0,657700
2020-04-28,0.0,92.87288665771484,0.0,92.95529886506523,90.35947151274564,90.44187743292733,0.0,1091800
2020-04-29,0.0,89.70024108886719,0.0,91.22477311889888,89.12339317064031,90.77153726519799,0.0,974820
2020-04-30,0.0,89.49420928955078,0.0,90.23587527527468,89.16457926398797,89.16457926398797,0.0,1082100
2020-05-01,0.0,92.17243194580078,0.0,92.54326803765032,90.52428830336477,91.43076604927077,0.0,921840
2020-05-04,0.0,90.97753143310547,0.0,92.79048694710085,90.93632532667276,92.62567509570822,0.0,967000
2020-05-05,0.0,89.9886474609375,0.0,90.31827747286154,88.95855760315585,90.11225950130522,0.0,799540
2020-05-06,0.0,89.41178894042969,0.0,89.82382483416438,88.62892325720128,89.24697709780332,0.0,716360
2020-05-07,0.0,88.2992935180664,0.0,88.83494143877046,87.92845744042415,88.2992935180664,0.0,848700
2020-05-08,0.0,87.06319427490234,0.0,88.0108781823134,87.0219881665573,87.64004206871634,0.0,665980
2020-05-11,0.0,86.36273956298828,0.0,87.72245319860932,85.8682913822136,87.64004726420346,0.0,529840
2020-05-12,0.0,88.09326934814453,0.0,88.09326934814453,85.8682719009612,86.0330900195498,0.0,1022740
2020-05-13,0.0,89.12337493896484,0.0,90.23587071777753,87.1043950638453,87.84606101211025,0.0,1758820
2020-05-14,0.0,88.1756820678711,0.0,90.5242854262638,88.1756820678711,89.74141973585586,0.0,1080380
2020-05-15,0.0,87.5576171875,0.0,89.57659031601513,87.5576171875,89.41177849264706,0.0,929720
2020-05-18,0.0,85.95069122314453,0.0,86.69235081313569,85.53865532329661,86.36272712299245,0.0,985480
2020-05-19,0.0,86.15672302246094,0.0,86.23912895824321,85.0442208843056,85.82709299216195,0.0,801680
2020-05-20,0.0,84.46736907958984,0.0,85.20903504113724,84.3025572157658,85.20903504113724,0.0,596740
2020-05-21,0.0,85.41505432128906,0.0,85.57986618763461,84.1789464621884,84.46737037187796,0.0,1384240
2020-05-22,0.0,85.04420471191406,0.0,85.86827648736738,85.00300489544261,85.57985262339245,0.0,819800
2020-05-26,0.0,85.29141998291016,0.0,85.37382589454215,83.64327660159788,83.6844827009979,0.0,699500
2020-05-27,0.0,84.83818817138672,0.0,87.18679780001273,84.79698835423378,85.45624201320014,0.0,1255500
2020-05-28,0.0,85.00301361083984,0.0,85.33264361225201,83.64329378449546,85.33264361225201,0.0,1088700
2020-05-29,0.0,83.84931182861328,0.0,85.37384351351784,83.6020877555285,84.79699572587914,0.0,1491040
2020-06-01,0.0,83.35485076904297,0.0,84.1377163415315,83.27244485938647,84.01410433346281,0.0,589820
2020-06-02,0.0,82.8192138671875,0.0,84.17893356124671,82.8192138671875,83.31365567761756,0.0,783940
2020-06-03,0.0,82.48958587646484,0.0,82.9428278810791,82.24236810890434,82.61319790382954,0.0,577500
2020-06-04,0.0,83.02523803710938,0.0,83.51967988461118,82.07755416188223,82.65440822327533,0.0,1453040
2020-06-05,0.0,81.41830444335938,0.0,82.81922412766602,81.17108036393138,82.69561208795203,0.0,1272380
2020-06-08,0.0,80.71784210205078,0.0,81.99515609375611,80.71784210205078,81.41830826424585,0.0,606880
2020-06-09,0.0,80.223388671875,0.0,81.1298663966933,79.89375869362229,81.1298663966933,0.0,666220
2020-06-10,0.0,79.15208435058594,0.0,79.77013808693981,78.65763633176866,79.64652608223548,0.0,1245540
2020-06-11,0.0,83.06644439697266,0.0,83.14885032394567,80.09978072859067,80.51181665062492,0.0,2149920
2020-06-12,0.0,82.44837188720703,0.0,83.93169709911636,80.88263447977401,81.2534642109594,0.0,2553740
2020-06-15,0.0,81.45948791503906,0.0,84.01410897864402,81.21227017240079,83.72568513531523,0.0,1419520
2020-06-16,0.0,79.97618103027344,0.0,81.29469482306772,79.5229389668896,79.68775083330026,0.0,1664580
2020-06-17,0.0,79.8525619506836,0.0,80.05857990912851,79.1933019687922,79.56413806629453,0.0,722520
2020-06-18,0.0,79.56414031982422,0.0,80.14098810494065,79.48172810437674,79.93497014066058,0.0,660700
2020-06-19,0.0,79.56414031982422,0.0,80.18219421266438,78.69886235498026,78.740068462704,0.0,1467300
2020-06-22,0.0,78.65766143798828,0.0,79.72895743780863,78.57525550427204,79.56414557037616,0.0,550500
2020-06-23,0.0,77.95718383789062,0.0,78.28681378494511,77.21551802881011,78.12200195500202,0.0,1160940
2020-06-24,0.0,79.5229263305664,0.0,80.05857424204022,77.83357667603404,78.28681866739697,0.0,2294840
2020-06-25,0.0,78.78126525878906,0.0,80.38820909078333,78.69885933367452,79.56413726529983,0.0,1596640
2020-06-26,0.0,80.71784210205078,0.0,80.80025432384066,78.82248045711006,78.94609250262506,0.0,1591020
2020-06-29,0.0,79.7701644897461,0.0,81.62432631250927,79.7701644897461,80.8002543912812,0.0,1580100
2020-06-30,0.0,78.28680419921875,0.0,79.85254154063664,78.03958019740683,79.77013563575518,0.0,1247440
2020-07-01,0.0,77.3391342163086,0.0,78.36922392693383,77.0095042514748,78.24561190422507,0.0,1577620
2020-07-02,0.0,76.84468841552734,0.0,76.92709433065725,76.14422870617068,76.55626456898852,0.0,1069720
2020-07-06,0.0,74.8669204711914,0.0,75.77339817800078,74.70210862892381,75.73219836101826,0.0,1196620
2020-07-07,0.0,75.44377899169922,0.0,75.4849788111382,74.16646513287645,74.94933086107805,0.0,1022900
2020-07-08,0.0,74.45487976074219,0.0,75.40256351038286,74.37247384494047,74.99052764420591,0.0,971580
2020-07-09,0.0,73.75442504882812,0.0,75.07293865260247,73.58961320604463,73.87803707450014,0.0,1645600
2020-07-10,0.0,73.2599868774414,0.0,74.57850054680188,73.17758095195059,73.83683464304626,0.0,1244340
2020-07-13,0.0,74.7433090209961,0.0,74.99053307346847,71.65303980093559,72.47711159295172,0.0,2336900
2020-07-14,0.0,74.16647338867188,0.0,76.43267118665908,74.1252672774769,75.48498721370319,0.0,2487560
2020-07-15,0.0,74.12525939941406,0.0,75.07294327164972,73.54841162701106,73.83683551321256,0.0,1661380
2020-07-16,0.0,74.6609115600586,0.0,75.56738937656775,74.41369376673948,74.90813564054724,0.0,1227280
2020-07-17,0.0,74.53729248046875,0.0,75.15534633615148,74.2488686052506,74.45488655714485,0.0,1055680
2020-07-20,0.0,72.35350799560547,0.0,74.66090530925014,72.1886898600222,74.29007550673356,0.0,1384760
2020-07-21,0.0,73.13638305664062,0.0,73.38360714803804,71.90027517399318,71.94148128494935,0.0,1621320
2020-07-22,0.0,72.88915252685547,0.0,73.54841252090213,72.60072863714853,73.01276456163538,0.0,1149400
2020-07-23,0.0,74.7845230102539,0.0,75.19655894970434,72.76554942181457,73.01276721318314,0.0,2098860
2020-07-24,0.0,75.48497772216797,0.0,76.72108545655009,75.07294181070726,75.93821973964236,0.0,2062500
2020-07-27,0.0,74.16647338867188,0.0,75.19656329684787,74.00166151823166,74.99054531521267,0.0,884060
2020-07-28,0.0,75.03174591064453,0.0,75.15535166080322,74.20767404468323,74.37248590300774,0.0,892820
2020-07-29,0.0,74.16647338867188,0.0,74.74332122238249,73.96045540703668,74.57850935194227,0.0,870700
2020-07-30,0.0,73.75442504882812,0.0,75.11414475688274,73.67201912743639,74.78451478414696,0.0,1473580
2020-07-31,0.0,72.51832580566406,0.0,73.87804567195417,72.43591987468244,72.43591987468244,0.0,1546500
2020-08-03,0.0,71.48824310302734,0.0,71.9002790863301,71.28222511137596,71.9002790863301,0.0,1055060
2020-08-04,0.0,71.19979858398438,0.0,71.85905219433661,71.19979858398438,71.69424036354064,0.0,1290260
2020-08-05,0.0,70.99378967285156,0.0,71.36461948284679,70.91138374698252,71.11740170523969,0.0,755200
2020-08-06,0.0,70.08731079101562,0.0,71.24100630903592,70.00489857929786,71.11740056579734,0.0,823720
2020-08-07,0.0,70.87017822265625,0.0,71.488232102505,70.04610638285793,70.2933304496651,0.0,866980
2020-08-10,0.0,71.19979858398438,0.0,72.14748232898208,70.78776271982609,70.82896253394091,0.0,956360
2020-08-11,0.0,72.6007308959961,0.0,72.68313682602354,71.1998112240213,71.5706410527295,0.0,1393760
2020-08-12,0.0,70.70535278320312,0.0,71.9826601171485,70.4581287639012,71.9826601171485,0.0,1422280
2020-08-13,0.0,70.5817642211914,0.0,70.82898203545244,69.96371025478372,70.54055810856286,0.0,874280
2020-08-14,0.0,70.62296295166016,0.0,70.9937990980571,70.33453902924252,70.41694496605184,0.0,602860
2020-08-17,0.0,69.84009552001953,0.0,70.21092537074462,69.75768958509948,70.16972554686951,0.0,747240
2020-08-18,0.0,69.18083190917969,0.0,69.92249785966472,69.0160200478139,69.59286784976365,0.0,808380
2020-08-19,0.0,69.59286499023438,0.0,69.71647702476432,68.89240517745702,69.1396292465169,0.0,877840
2020-08-20,0.0,68.6864013671875,0.0,69.92250939282556,68.52158947863731,69.84010344855047,0.0,900060
2020-08-21,0.0,68.19194030761719,0.0,68.76878804308602,68.06832828225421,68.64518230489182,0.0,860780
2020-08-24,0.0,67.73870086669922,0.0,68.31555491110642,67.16185310946102,67.40907716951683,0.0,862760
2020-08-25,0.0,67.20307159423828,0.0,68.02714356332926,67.20307159423828,67.94473133668403,0.0,742120
2020-08-26,0.0,65.80213928222656,0.0,66.95584118781984,65.71973335050625,66.95584118781984,0.0,931640
2020-08-27,0.0,66.0081558227539,0.0,66.50259768951618,65.34890209612736,65.55492006454243,0.0,1368700
2020-08-28,0.0,65.67852020263672,0.0,65.96695036350266,65.51370835685809,65.71972630766582,0.0,868300
2020-08-31,0.0,65.01927185058594,0.0,65.63732575356266,64.68964184489779,65.47250760713388,0.0,898260
2020-09-01,0.0,64.03038787841797,0.0,64.8956659391412,63.94798194100862,64.5248360772141,0.0,1133820
2020-09-02,0.0,63.41232681274414,0.0,64.60723477640424,63.24751495639,63.24751495639,0.0,1364140
2020-09-03,0.0,66.66742706298828,0.0,67.24427495682079,64.23641085401867,64.31882308499803,0.0,3625060
2020-09-04,0.0,67.45027160644531,0.0,70.21091071668413,66.21416397912927,66.9970359153972,0.0,4547200
2020-09-08,0.0,70.66415405273438,0.0,70.78776607527492,68.72758665682785,70.21091206580856,0.0,3743740
2020-09-09,0.0,68.60397338867188,0.0,69.92248693510454,68.06832549216746,69.26323330547247,0.0,1854200
2020-09-10,0.0,70.04611206054688,0.0,70.4169419036466,67.57389634076287,67.82112042760915,0.0,2594680
2020-09-11,0.0,70.45814514160156,0.0,71.36462294446898,69.26324344061761,69.51046123021631,0.0,1831740
2020-09-14,0.0,69.26324462890625,0.0,69.75768650375578,68.68639053560717,69.51046242274624,0.0,951840
2020-09-15,0.0,68.23316192626953,0.0,68.68639773942962,67.90353187940843,68.31556786619225,0.0,985540
2020-09-16,0.0,69.3868408203125,0.0,69.42804692385882,67.94471521655282,68.02712742364547,0.0,755540
2020-09-17,0.0,70.45814514160156,0.0,71.36462294446898,69.88129734536851,71.1174051548703,0.0,1622440
2020-09-18,0.0,71.40583038330078,0.0,72.43592024374317,70.00490440079739,70.08731661936842,0.0,1767480
2020-09-21,0.0,71.07618713378906,0.0,73.01275445333398,70.9937812177343,72.43590675378219,0.0,1939080
2020-09-22,0.0,69.71649169921875,0.0,71.28222979610489,69.55167980993413,70.29334588605604,0.0,961180
2020-09-23,0.0,71.85906982421875,0.0,72.10629391823494,69.79888999798347,69.84009610937612,0.0,1743240
2020-09-24,0.0,71.44703674316406,0.0,72.6419448629188,70.6229647794036,72.6419448629188,0.0,2023360
2020-09-25,0.0,69.84009552001953,0.0,71.77666328290469,69.63407753913451,71.32342749725956,0.0,975840
2020-09-28,0.0,68.3979721069336,0.0,69.22204406002918,68.3979721069336,68.56278398268469,0.0,1592960
2020-09-29,0.0,68.6864013671875,0.0,68.81001342718541,68.27436535864148,68.52158947863731,0.0,564780
2020-09-30,0.0,68.19194030761719,0.0,68.6863821219003,67.40907462559967,68.6863821219003,0.0,1175960
2020-10-01,0.0,67.07945251464844,0.0,67.73870624856013,66.95584047479952,67.20306455449736,0.0,948460
2020-10-02,0.0,69.05721282958984,0.0,69.22202465914907,67.73869304444285,68.64517696852349,0.0,1765760
2020-10-05,0.0,67.53268432617188,0.0,68.56277411935429,67.4502784001511,68.56277411935429,0.0,724260
2020-10-06,0.0,68.6864013671875,0.0,68.93362548718333,67.28548145299925,67.69751746154527,0.0,1123120
2020-10-07,0.0,67.45027160644531,0.0,68.19193744026865,67.32665958628002,68.02712560482725,0.0,656640
2020-10-08,0.0,67.12065124511719,0.0,67.45028125029808,66.91463327777531,66.95583938611145,0.0,560660
2020-10-09,0.0,66.17298126220703,0.0,66.87344117457671,66.13177514911523,66.79103523556324,0.0,675140
2020-10-12,0.0,63.98918151855469,0.0,65.26648913588265,63.45353354934067,64.97806524081952,0.0,1464840
2020-10-13,0.0,64.07158660888672,0.0,64.40121660771678,63.577144754226275,63.659550682141465,0.0,885300
2020-10-14,0.0,64.60723114013672,0.0,65.0192670450009,63.74195322505437,63.906771359301416,0.0,743360
2020-10-15,0.0,65.06047058105469,0.0,65.88454243787447,64.93686483226718,65.76093668908696,0.0,885680
2020-10-16,0.0,65.47250366210938,0.0,65.47250366210938,64.36000796121822,64.73084405296129,0.0,688780
2020-10-19,0.0,66.5025863647461,0.0,66.74981039961202,64.77203698218983,64.93685510115657,0.0,1102640
2020-10-20,0.0,66.29656982421875,0.0,66.70860569953936,65.59611009360742,66.33777592661822,0.0,881440
2020-10-21,0.0,66.33778381347656,0.0,66.50259566833178,65.67852381971717,66.25537788604895,0.0,569520
2020-10-22,0.0,66.42019653320312,0.0,67.20306864174707,65.96696074241758,66.21417854998154,0.0,762200
2020-10-23,0.0,66.21416473388672,0.0,66.9558305761641,66.21416473388672,66.21416473388672,0.0,537000
2020-10-26,0.0,67.24425506591797,0.0,68.10953293788738,66.13175943564919,66.91462510101682,0.0,1248380
2020-10-27,0.0,66.70861053466797,0.0,67.32666439244625,66.50259258207521,67.07944662163632,0.0,430200
2020-10-28,0.0,69.30445098876953,0.0,69.38685692782326,67.69751317212632,67.77991911118005,0.0,1970220
2020-10-29,0.0,68.0683364868164,0.0,69.09842634372092,67.32667053241124,69.01602041260247,0.0,879080
2020-10-30,0.0,69.79888153076172,0.0,70.4169354036569,68.39796193373361,68.56277378497136,0.0,2524640
2020-11-02,0.0,69.6340560913086,0.0,70.45812776102822,68.72757851205058,69.22202025644877,0.0,1233040
2020-11-03,0.0,68.48036193847656,0.0,69.42804571907871,67.90351422185017,69.13962186076552,0.0,1076600
2020-11-04,0.0,65.43130493164062,0.0,66.62620657707019,64.93686308826182,66.13176473369138,0.0,3009000
2020-11-05,0.0,63.618350982666016,0.0,64.23640493503842,63.45353911023467,63.90678119017575,0.0,1537200
2020-11-06,0.0,63.6595573425293,0.0,64.6896472671657,63.49474546945545,63.90678143931001,0.0,770120
2020-11-09,0.0,64.93685913085938,0.0,65.01926505187231,62.67066172357539,63.00028540762714,0.0,3206560
2020-11-10,0.0,66.04936981201172,0.0,66.7086236172974,65.39010971955584,65.63733382601934,0.0,1676860
2020-11-11,0.0,64.56603240966797,0.0,65.59612228948771,64.48362647671632,65.55492246659674,0.0,680300
2020-11-12,0.0,64.93685913085938,0.0,65.18407689389818,64.11278734639247,64.40121121352213,0.0,821980
2020-11-13,0.0,64.27759552001953,0.0,65.01926134114575,64.1951896037096,64.5660193706885,0.0,644440
2020-11-16,0.0,63.90677261352539,0.0,64.52482648295148,63.74195447604365,64.44241427062607,0.0,543640
2020-11-17,0.0,64.03038787841797,0.0,64.153999928117,63.70076412878056,63.78317006618992,0.0,506160
2020-11-18,0.0,64.56603240966797,0.0,64.56603240966797,63.78316661587283,64.11279663484909,0.0,451000
2020-11-19,0.0,63.98918151855469,0.0,64.77204727475024,63.947975410473084,64.64843523767479,0.0,409800
2020-11-20,0.0,64.48362731933594,0.0,64.48362731933594,63.86557338336786,63.98918542799543,0.0,407720
2020-11-23,0.0,64.36000061035156,0.0,64.93685459145473,63.906764932879426,64.23638859388886,0.0,535040
2020-11-24,0.0,63.53594207763672,0.0,64.60723805989227,63.41233003550421,64.195202110897,0.0,728140
2020-11-25,0.0,63.08270263671875,0.0,63.49473856174717,63.00029042197765,63.28872059923296,0.0,329940
2020-11-27,0.0,62.505859375,0.0,62.79428331494697,62.29984137687069,62.71187737312932,0.0,460840
2020-11-30,0.0,62.423431396484375,0.0,63.41231492354162,62.341025483757626,62.46463749643181,0.0,582040
2020-12-01,0.0,61.558162689208984,0.0,62.176216556719794,61.26973880847108,61.928998782016905,0.0,741960
2020-12-02,0.0,61.51696014404297,0.0,62.21741990541186,61.43455422279406,61.88778993324745,0.0,351960
2020-12-03,0.0,61.39334487915039,0.0,61.59936281498646,61.10492102641358,61.434550981184984,0.0,414720
2020-12-04,0.0,61.18733596801758,0.0,61.55816579234993,61.14612985990537,61.39335393423986,0.0,449960
2020-12-07,0.0,60.857704162597656,0.0,61.187334156226655,60.7752982359827,61.187334156226655,0.0,426300
2020-12-08,0.0,60.65168762207031,0.0,61.26974151690222,60.5692816935266,60.940111515558,0.0,537480
2020-12-09,0.0,61.929012298583984,0.0,62.21743624227302,60.61049835088381,60.69290429377062,0.0,980700
2020-12-10,0.0,61.76417541503906,0.0,62.67065937369846,61.51695766126984,62.46464143530651,0.0,735540
2020-12-11,0.0,61.84659957885742,0.0,62.58825927074175,61.84659957885742,62.13502349094241,0.0,677920
2020-12-14,0.0,61.43455123901367,0.0,61.64056917571436,61.022515365612286,61.59936307350683,0.0,600500
2020-12-15,0.0,60.73408889770508,0.0,61.39334884988684,60.73408889770508,60.98131295156546,0.0,439140
2020-12-16,0.0,60.445655822753906,0.0,60.898897756763574,60.28084400338743,60.65167374054596,0.0,347200
2020-12-17,0.0,60.07482147216797,0.0,60.363245277493846,59.992415568813065,60.07482147216797,0.0,529000
2020-12-18,0.0,60.280853271484375,0.0,60.651683065657465,59.86881737255033,59.86881737255033,0.0,397860
2020-12-21,0.0,60.36326599121094,0.0,61.352149745141105,60.23965395017728,60.816508045944516,0.0,705040
2020-12-22,0.0,60.15724182128906,0.0,60.73408957046125,59.992429975002416,60.15724182128906,0.0,343420
2020-12-23,0.0,60.486873626708984,0.0,60.486873626708984,60.07483771138695,60.116037530617675,0.0,514580
2020-12-24,0.0,60.23964309692383,0.0,60.40446121766363,60.11603107816109,60.36325511568657,0.0,141340
2020-12-28,0.0,59.62159729003906,0.0,60.03363321642105,59.49798525469061,59.62159729003907,0.0,305820
2020-12-29,0.0,59.580406188964844,0.0,59.70401195523303,59.20957002864967,59.33318208208806,0.0,545120
2020-12-30,0.0,59.580406188964844,0.0,59.66281212886704,59.25077614218587,59.33318208208806,0.0,546160
2020-12-31,0.0,59.37437057495117,0.0,59.74520033804411,59.29195837233644,59.49797630453659,0.0,496360
2021-01-04,0.0,60.19845199584961,0.0,61.022523857327805,59.08594995311857,59.12715606106022,0.0,774500
2021-01-05,0.0,59.7039909362793,0.0,60.44565670863397,59.7039909362793,60.44565670863397,0.0,434320
2021-01-06,0.0,60.528076171875,0.0,60.85770617641163,59.70400430411812,60.61048838838621,0.0,1304560
2021-01-07,0.0,59.04475021362305,0.0,59.99243411306135,58.92113817679729,59.99243411306135,0.0,907200
2021-01-08,0.0,58.261871337890625,0.0,59.08594310384194,58.261871337890625,58.63270740486989,0.0,782500
2021-01-11,0.0,59.12716293334961,0.0,59.29197480993342,58.673920841989,58.838739005742895,0.0,474460
2021-01-12,0.0,59.20956039428711,0.0,59.745208347247996,58.9623426148069,59.168360574625,0.0,566680
2021-01-13,0.0,58.797515869140625,0.0,59.291957642904514,58.71510995470802,59.16835191483974,0.0,384840
2021-01-14,0.0,59.12716293334961,0.0,59.25077498437251,58.55031507813618,58.75633306745099,0.0,332200
2021-01-15,0.0,59.580406188964844,0.0,59.86883012220762,59.04475814884528,59.168370202283675,0.0,615280
2021-01-19,0.0,58.71512222290039,0.0,59.3743822504464,58.63271629124954,59.20956409997511,0.0,483860
2021-01-20,0.0,57.35539627075195,0.0,58.138268256440895,57.19058442490634,58.097062151395036,0.0,844840
2021-01-21,0.0,56.860958099365234,0.0,57.3553999558389,56.778552171147844,57.14938199171076,0.0,544980
2021-01-22,0.0,57.108184814453125,0.0,57.190590746484695,56.9021668407894,57.108184814453125,0.0,374220
2021-01-25,0.0,56.53133010864258,0.0,57.80864404650484,56.20170009688753,56.490130286654164,0.0,1289240
2021-01-26,0.0,56.4901237487793,0.0,56.778547617995706,56.366511722781176,56.44891764439032,0.0,784000
2021-01-27,0.0,58.09706497192383,0.0,58.426694966787025,56.902163313610096,56.902163313610096,0.0,1967340
2021-01-28,0.0,57.72623062133789,0.0,58.01465448649179,56.81974663489888,57.891042462234765,0.0,849800
2021-01-29,0.0,58.9211311340332,0.0,59.29196091301632,57.849835325819704,58.014653450943335,0.0,1331700
2021-02-01,0.0,57.437808990478516,0.0,58.67391684210003,57.314203235052084,58.26188089155952,0.0,1036600
2021-02-02,0.0,56.572532653808594,0.0,56.98456857075233,56.325308588774696,56.9433624641903,0.0,1194980
2021-02-03,0.0,56.81974411010742,0.0,56.81974411010742,56.119284386667594,56.20169030345432,0.0,505660
2021-02-04,0.0,56.11928939819336,0.0,56.737343260039474,56.07808957970502,56.490125487602434,0.0,463360
2021-02-05,0.0,55.8720703125,0.0,56.20169400133502,55.748458285602446,55.95447623470876,0.0,652620
2021-02-08,0.0,55.54244613647461,0.0,55.91327596872206,55.501240027482886,55.624852067288536,0.0,524540
2021-02-09,0.0,55.54244613647461,0.0,55.70725799810247,55.33642816585502,55.70725799810247,0.0,667180
2021-02-10,0.0,55.624839782714844,0.0,56.20168745818686,55.21280393247251,55.295209845087356,0.0,1043580
2021-02-11,0.0,55.377628326416016,0.0,55.748464448101345,55.29522239509802,55.4188344356598,0.0,724580
2021-02-12,0.0,55.006797790527344,0.0,55.66605780700445,55.006797790527344,55.50123965930044,0.0,555860
2021-02-16,0.0,55.21281814575195,0.0,55.37763001340869,54.759576078941315,54.88318812326874,0.0,652980
2021-02-17,0.0,55.4188232421875,0.0,56.07808313391355,55.4188232421875,55.70724708712954,0.0,810380
2021-02-18,0.0,55.666053771972656,0.0,56.407713377787324,55.583641560509676,56.11928949917395,0.0,889180
2021-02-19,0.0,55.99568557739258,0.0,56.078097800788946,55.418837736637556,55.418837736637556,0.0,761800
2021-02-22,0.0,57.35539627075195,0.0,57.43780219367476,56.490124649309124,56.73734241807754,0.0,1165880
2021-02-23,0.0,57.56142044067383,0.0,59.41558219902375,57.27299653569776,58.303086401447715,0.0,2709460
2021-02-24,0.0,57.108184814453125,0.0,58.55031063009922,57.02577259525195,58.0146626411396,0.0,1299240
2021-02-25,0.0,59.12716293334961,0.0,59.33318092266442,57.10818915293253,57.602631069854056,0.0,2844040
2021-02-26,0.0,58.71512222290039,0.0,59.415582072687045,57.891050332052664,58.509104250188464,0.0,2313820
2021-03-01,0.0,57.108184814453125,0.0,58.09706857317117,56.98457277282097,57.84984448990686,0.0,1340640
2021-03-02,0.0,57.973453521728516,0.0,58.0146596291898,56.90216388659709,56.90216388659709,0.0,992740
2021-03-03,0.0,59.62159729003906,0.0,59.66280339754498,57.973453584511134,58.17947154770213,0.0,1742120
2021-03-04,0.0,60.56929016113281,0.0,61.39336213611421,59.08595809129821,59.74521818615142,0.0,3920020
2021-03-05,0.0,59.662811279296875,0.0,61.92900917377371,59.497993114669214,60.07484726011084,0.0,3276600
2021-03-08,0.0,61.35213851928711,0.0,61.47575053770297,59.415571188,59.78640724324759,0.0,2601960
2021-03-09,0.0,58.9211311340332,0.0,59.910014736100585,58.55030135505009,59.82760881712307,0.0,2016920
2021-03-10,0.0,59.0859489440918,0.0,59.2507670858744,58.05585913483518,58.138271349311104,0.0,1885800
2021-03-11,0.0,57.767433166503906,0.0,58.34428721122695,57.39660336338618,58.1794690753765,0.0,1366140
2021-03-12,0.0,58.17947769165039,0.0,58.962349806751654,58.17947769165039,58.46790161314246,0.0,1451700
2021-03-15,0.0,57.56142044067383,0.0,58.42669844277163,57.56142044067383,58.179474360123805,0.0,1007080
2021-03-16,0.0,57.231788635253906,0.0,57.52021881837376,56.613734735144604,57.19058881421492,0.0,1031380
2021-03-17,0.0,56.98456573486328,0.0,58.13826750232454,56.69614186479017,57.849837345082605,0.0,1371940
2021-03-18,0.0,58.797515869140625,0.0,58.838721969941055,57.72622640718024,57.93224433684588,0.0,1991440
2021-03-19,0.0,58.5503044128418,0.0,59.20955808626006,58.261874250604315,58.83872828791035,0.0,1577560
2021-03-22,0.0,57.47901153564453,0.0,58.13827153049096,57.066975610657835,58.09706542312458,0.0,1157640
2021-03-23,0.0,57.767433166503906,0.0,57.84983909084462,57.02576727309943,57.23178522753573,0.0,1327260
2021-03-24,0.0,58.67390823364258,0.0,58.75632044139513,57.479006667255305,57.479006667255305,0.0,1353520
2021-03-25,0.0,58.83873748779297,0.0,59.539197375958494,58.50910745595921,59.044755471792826,0.0,1851440
2021-03-26,0.0,57.89104080200195,0.0,59.127148434784914,57.84983469937511,58.8387245779026,0.0,1448300
2021-03-29,0.0,57.9322509765625,0.0,58.55030483639566,57.726233023284784,57.97345079491666,0.0,1241200
2021-03-30,0.0,58.17947769165039,0.0,58.71512570994705,58.09707175510551,58.26188362819527,0.0,898460
2021-03-31,0.0,57.31420135498047,0.0,57.932255260517266,57.02577116932773,57.8498430433768,0.0,1693640
2021-04-01,0.0,56.32530212402344,0.0,56.65493207717889,56.32530212402344,56.6137259753463,0.0,857420
2021-04-05,0.0,55.21281814575195,0.0,55.95448412454675,55.08920610142453,55.87207819071838,0.0,908640
2021-04-06,0.0,55.29521560668945,0.0,55.37762152789075,54.92438581769921,55.21280968548815,0.0,806820
2021-04-07,0.0,55.08919906616211,0.0,55.501234969853925,54.96558703762078,55.29521701800802,0.0,621880
2021-04-08,0.0,54.553550720214844,0.0,54.75956867049839,54.51235090245947,54.63596293006337,0.0,760000
2021-04-09,0.0,54.22393035888672,0.0,54.8831840679714,54.14151814397801,54.80077814023197,0.0,1008500
2021-04-12,0.0,54.306331634521484,0.0,54.594755500486535,54.22392571384129,54.34753145127721,0.0,1168040
2021-04-13,0.0,53.564666748046875,0.0,54.01790875078251,53.564666748046875,54.01790875078251,0.0,1192640
2021-04-14,0.0,54.306331634521484,0.0,54.429943659126145,53.60587187798673,53.60587187798673,0.0,1869580
2021-04-15,0.0,53.39986038208008,0.0,53.8118963224135,53.39986038208008,53.72948410461122,0.0,1499380
2021-04-16,0.0,53.39986038208008,0.0,53.68828428287957,53.358654273178935,53.358654273178935,0.0,1213780
2021-04-19,0.0,53.8118896484375,0.0,54.18271943387792,53.441053575828356,53.605871703822,0.0,1764780
2021-04-20,0.0,54.306331634521484,0.0,54.594755500486535,53.77068371934711,54.017907768556434,0.0,1923700
2021-04-21,0.0,53.72948455810547,0.0,54.67716848630501,53.72948455810546,54.51235662364837,0.0,1247040
2021-04-22,0.0,54.429954528808594,0.0,54.635972515235316,53.68828852023838,53.89430650666511,0.0,2084100
2021-04-23,0.0,53.770687103271484,0.0,54.34753487150406,53.523463038503735,54.34753487150406,0.0,1103580
2021-04-26,0.0,53.35865783691406,0.0,53.81189991641991,53.35865783691406,53.729487693113455,0.0,1266000
2021-04-27,0.0,53.60588073730469,0.0,53.77069260590314,53.31745053650271,53.31745053650271,0.0,1288260
2021-04-28,0.0,53.853092193603516,0.0,53.93549811819119,53.523462208083785,53.68828034442817,0.0,1278440
2021-04-29,0.0,53.68827819824219,0.0,54.14151390894083,53.193836383312394,53.193836383312394,0.0,2134400
2021-04-30,0.0,54.017913818359375,0.0,54.141519569638675,53.605877881643195,54.059113639729325,0.0,1385000
2021-05-03,0.0,54.265132904052734,0.0,54.34753883593011,53.647078984218034,53.770691025618895,0.0,1354280
2021-05-04,0.0,55.254024505615234,0.0,55.83087233218689,54.63597056835855,54.71837650255882,0.0,2298160
2021-05-05,0.0,55.4188232421875,0.0,55.54243525778217,54.71836353670875,54.88317536605612,0.0,1476060
2021-05-06,0.0,55.006797790527344,0.0,55.83086966753899,54.965591681808974,55.46003983775154,0.0,2194560
2021-05-07,0.0,54.51235580444336,0.0,54.718373773252914,54.141519688284475,54.471149695813665,0.0,2330300
2021-05-10,0.0,55.99568557739258,0.0,55.99568557739258,54.75957767248617,54.75957767248617,0.0,2018340
2021-05-11,0.0,55.95447540283203,0.0,57.108177158109044,55.83086337777221,56.943359028973035,0.0,3082180
2021-05-12,0.0,57.437808990478516,0.0,57.60262714299651,56.49013133397108,56.81975506466775,0.0,2680320
2021-05-13,0.0,57.02577209472656,0.0,57.43780803843751,56.44892428839907,56.902166341348924,0.0,2163420
2021-05-14,0.0,55.70725631713867,0.0,56.49012835417168,55.54244446048399,56.36651631809602,0.0,1601700
2021-05-17,0.0,56.03688430786133,0.0,56.57253225353206,55.91327227621899,56.03688430786133,0.0,1252840
2021-05-18,0.0,56.36652755737305,0.0,56.4901396180965,55.707267424961664,55.8720856016498,0.0,939360
2021-05-19,0.0,56.36652755737305,0.0,57.479023529542985,56.36652755737305,57.43781741357831,0.0,1562900
2021-05-20,0.0,55.254024505615234,0.0,56.119296245472725,55.13041246072994,56.078096421957476,0.0,1364840
2021-05-21,0.0,55.54244613647461,0.0,55.66605817628026,54.92439222461584,54.92439222461584,0.0,1614680
2021-05-24,0.0,54.67716979980469,0.0,55.212817797060865,54.42995199988087,55.212817797060865,0.0,1244380
2021-05-25,0.0,54.553550720214844,0.0,54.75956867049839,54.26512684725166,54.30633295217593,0.0,1380020
2021-05-26,0.0,54.429954528808594,0.0,54.59476640308197,54.306342479518555,54.42995452880859,0.0,826480
2021-05-27,0.0,54.553550720214844,0.0,54.59475682513911,54.30633295217593,54.42994497977983,0.0,1153320
2021-05-28,0.0,54.429954528808594,0.0,54.47115435379194,54.14152431807518,54.38874841665525,0.0,837800
2021-06-01,0.0,54.59475326538086,0.0,54.80077120223135,54.10031147437337,54.182717391679866,0.0,1005720
2021-06-02,0.0,54.51235580444336,0.0,54.75957359471315,54.34753765709404,54.471149695813665,0.0,865660
2021-06-03,0.0,55.048011779785156,0.0,55.33643572059541,54.71838172435757,54.965599550550486,0.0,1537400
2021-06-04,0.0,54.059112548828125,0.0,54.75957236967662,54.01791272828957,54.75957236967662,0.0,1111960
2021-06-07,0.0,53.97669982910156,0.0,54.30632978778169,53.93549372657835,54.18271776738058,0.0,768240
2021-06-08,0.0,53.93550491333008,0.0,54.182729005409,53.48226912741182,53.60588117345128,0.0,944600
2021-06-09,0.0,53.93550491333008,0.0,53.93550491333007,53.56467506238152,53.60588117345128,0.0,1034160
2021-06-10,0.0,53.31743621826172,0.0,53.89429017778344,53.31743621826172,53.811884265614076,0.0,1122060
2021-06-11,0.0,53.193843841552734,0.0,53.44106164009532,53.193843841552734,53.35865570724779,0.0,554860
2021-06-14,0.0,52.69939422607422,0.0,53.27624513654485,52.6581912632373,53.152633104449514,0.0,791100
2021-06-15,0.0,53.02902603149414,0.0,53.152638075149355,52.69939915438831,52.78180823135341,0.0,1119320
2021-06-16,0.0,53.235042572021484,0.0,53.77069055529356,52.781806807075526,52.946618669388684,0.0,1622460
2021-06-17,0.0,52.49338150024414,0.0,53.399862490926935,52.369769455828575,53.35865638039849,0.0,1973900
2021-06-18,0.0,52.987815856933594,0.0,53.02901567199025,52.61697979841276,52.822997735201504,0.0,1985780
2021-06-21,0.0,52.57578659057617,0.0,53.276249591717644,52.57578659057617,52.98782568415545,0.0,1256060
2021-06-22,0.0,52.1225471496582,0.0,52.65819513669335,52.040141217922695,52.65819513669335,0.0,1114520
2021-06-23,0.0,52.1225471496582,0.0,52.204953081393704,51.91652917673465,52.08134418379045,0.0,1186840
2021-06-24,0.0,51.7516975402832,0.0,51.87530954175095,51.54567963355947,51.79290049291119,0.0,1630920
2021-06-25,0.0,51.83412170410156,0.0,51.916527633387346,51.6281037373024,51.71050966658819,0.0,1532460
2021-06-28,0.0,51.133663177490234,0.0,51.669311195182644,51.133663177490234,51.669311195182644,0.0,1291480
2021-06-29,0.0,51.010040283203125,0.0,51.33966708219495,51.010040283203125,51.21605821141706,0.0,865140
2021-06-30,0.0,51.05125045776367,0.0,51.17485934601741,50.96884138867662,51.05125045776367,0.0,1114060
2021-07-01,0.0,51.09245681762695,0.0,51.33967775415658,51.01005088664533,51.133659783117764,0.0,1278000
2021-07-02,0.0,50.391990661621094,0.0,50.845229512418584,50.391990661621094,50.76282044817444,0.0,1333700
2021-07-06,0.0,50.26838684082031,0.0,50.8040348432794,50.22718387376613,50.39199888556776,0.0,1441500
2021-07-07,0.0,50.144771575927734,0.0,50.4331986139549,49.93875361030176,49.9799597182947,0.0,2270100
2021-07-08,0.0,50.474395751953125,0.0,51.05124661783516,50.309580769760494,50.88643163564254,0.0,2617960
2021-07-09,0.0,50.144771575927734,0.0,50.59801361517261,50.062365647111214,50.51560454277142,0.0,1283000
2021-07-12,0.0,49.93875503540039,0.0,50.14477300690548,49.89755206981633,49.93875503540039,0.0,831720
2021-07-13,0.0,49.979957580566406,0.0,50.06236350585828,49.52671556070746,49.979957580566406,0.0,1588160
2021-07-14,0.0,49.856346130371094,0.0,49.97995816333477,49.526716138191006,49.65032817115468,0.0,1779600
2021-07-15,0.0,50.18598175048828,0.0,50.47440566830175,49.81514875359602,49.81514875359602,0.0,1710740
2021-07-16,0.0,50.63921356201172,0.0,50.63921356201172,49.93875063447289,50.06236266391636,0.0,1406580
2021-07-19,0.0,50.968841552734375,0.0,51.380877468742206,50.92763858985051,51.13365654785442,0.0,2325800
2021-07-20,0.0,50.43320083618164,0.0,51.13366069274028,50.18597989525417,50.8864397518128,0.0,1390440
2021-07-21,0.0,50.02116394042969,0.0,50.51560581293034,50.02116394042969,50.474402847486076,0.0,1111420
2021-07-22,0.0,49.6915397644043,0.0,49.97996684355027,49.6915397644043,49.97996684355027,0.0,866480
2021-07-23,0.0,49.155887603759766,0.0,49.69153242549014,49.07347853178109,49.52671742511746,0.0,929600
2021-07-26,0.0,49.073482513427734,0.0,49.32070346225304,48.99107657834761,49.155891592092786,0.0,489540
2021-07-27,0.0,49.60912322998047,0.0,50.18597412150275,49.114678261425176,49.114678261425176,0.0,1285340
2021-07-28,0.0,49.40311050415039,0.0,49.77394348389229,49.19709253135876,49.40311050415039,0.0,1210280
2021-07-29,0.0,49.27949523925781,0.0,49.52671616171803,49.15588634982,49.52671616171803,0.0,671560
2021-07-30,0.0,49.56791687011719,0.0,49.89754368297035,49.48550780921571,49.89754368297035,0.0,880460
2021-08-02,0.0,49.56791687011719,0.0,49.65032278743442,49.27948987233839,49.320692830997004,0.0,1190620
2021-08-03,0.0,49.320709228515625,0.0,49.93876324463028,49.238303283801116,49.485524261529925,0.0,1110720
2021-08-04,0.0,49.2382926940918,0.0,49.44431065515494,49.07347769652436,49.32069862108321,0.0,834640
2021-08-05,0.0,48.86745834350586,0.0,49.15588536692939,48.86745834350586,49.073476298700726,0.0,435420
2021-08-06,0.0,49.073482513427734,0.0,49.27950049471298,48.94987361080754,49.03227954588767,0.0,469860
2021-08-09,0.0,49.03227615356445,0.0,49.19709115590682,48.9086641159115,49.03227615356445,0.0,517140
2021-08-10,0.0,49.27949523925781,0.0,49.40310727228022,48.867459320629266,48.94986839050573,0.0,791500
2021-08-11,0.0,49.320709228515625,0.0,49.52672723388718,48.991082306072315,49.11469122314407,0.0,754640
2021-08-12,0.0,49.114681243896484,0.0,49.609126242476776,49.114681243896484,49.44431124295001,0.0,530820
2021-08-13,0.0,48.99107360839844,0.0,49.197091577194406,48.949870643356185,49.155888612152154,0.0,549620
2021-08-16,0.0,48.94987106323242,0.0,49.69153387110882,48.94987106323242,49.155889033795546,0.0,806100
2021-08-17,0.0,49.40311050415039,0.0,49.73273737446613,49.19709253135876,49.361907538309026,0.0,1091620
2021-08-18,0.0,49.856346130371094,0.0,49.89754909349746,49.27949521584823,49.48551317506464,0.0,658660
2021-08-19,0.0,49.65032958984375,0.0,50.185977556545645,49.40310866043698,50.14477144865729,0.0,1438140
2021-08-20,0.0,49.114681243896484,0.0,49.52671717092107,49.07347827991096,49.52671717092107,0.0,808220
2021-08-23,0.0,48.331809997558594,0.0,48.99106677706168,48.24940093538053,48.94986381776479,0.0,875340
2021-08-24,0.0,48.20820236206055,0.0,48.373017357827244,48.12579643596949,48.249405325106075,0.0,765140
2021-08-25,0.0,48.20820236206055,0.0,48.29060828815161,48.084590329339385,48.20820236206055,0.0,583140
2021-08-26,0.0,48.45542907714844,0.0,48.53783815667673,48.20820812573346,48.2906140616768,0.0,792160
2021-08-27,0.0,47.96097946166992,0.0,48.45542128498824,47.91977650032414,48.37301536229667,0.0,733040
2021-08-30,0.0,47.42533493041992,0.0,47.91977993273896,47.38413196612284,47.91977993273896,0.0,757120
2021-08-31,0.0,47.50774002075195,0.0,47.713757968554724,47.38412799463653,47.38412799463653,0.0,667160
2021-09-01,0.0,47.384132385253906,0.0,47.42533534991545,47.13691145369995,47.384132385253906,0.0,678200
2021-09-02,0.0,47.384132385253906,0.0,47.59015035214631,47.178114418361496,47.26052034768458,0.0,589340
2021-09-03,0.0,47.30171585083008,0.0,47.5901396823806,47.2193067963985,47.54893672695681,0.0,701460
2021-09-07,0.0,47.17811965942383,0.0,47.42534061844179,47.13691669018501,47.26052559790146,0.0,758000
2021-09-08,0.0,47.384132385253906,0.0,47.6725562814694,47.26052034768458,47.26052034768458,0.0,1201240
2021-09-09,0.0,47.54894256591797,0.0,47.59014552640144,47.17810963439796,47.30172165943276,0.0,645340
2021-09-10,0.0,47.91978454589844,0.0,47.96098751416206,47.21932151107686,47.342933559452725,0.0,923940
2021-09-13,0.0,47.91978454589844,0.0,48.20820846732881,47.50774857609221,47.59015451261946,0.0,1014260
2021-09-14,0.0,48.084590911865234,0.0,48.20820294608391,47.631352025704444,47.75496405992312,0.0,1028600
2021-09-15,0.0,47.71376419067383,0.0,48.29061200487796,47.631355114655506,48.043391063992644,0.0,940660
2021-09-16,0.0,47.67255401611328,0.0,48.125796036606694,47.59014809070605,47.83736901051229,0.0,831940
2021-09-17,0.0,48.16699981689453,0.0,48.37301777749409,47.713760932292416,47.713760932292416,0.0,1435900
2021-09-20,0.0,49.197086334228516,0.0,49.85634313540124,48.74384747989629,49.03227134803923,0.0,2765040
2021-09-21,0.0,49.155887603759766,0.0,49.32069946054778,48.78505463881741,48.99107260338709,0.0,1804700
2021-09-22,0.0,48.74385452270508,0.0,49.19709344252402,48.49663043590852,48.991075465916786,0.0,1343320
2021-09-23,0.0,48.249412536621094,0.0,48.620245546625924,48.12580362900951,48.537839608218206,0.0,1071940
2021-09-24,0.0,48.16699981689453,0.0,48.57903573809366,48.12579685349154,48.53783277469066,0.0,1440200
2021-09-27,0.0,48.5378303527832,0.0,48.94986625342284,48.45542128650461,48.5378303527832,0.0,1491340
2021-09-28,0.0,49.979957580566406,0.0,50.02116054321234,49.114679647078994,49.23829167860135,0.0,2250960
2021-09-29,0.0,49.979957580566406,0.0,50.14476943115015,49.48551259806152,49.81514258639811,0.0,1402840
2021-09-30,0.0,50.227176666259766,0.0,50.2683796274014,49.56791985724024,49.81514076767451,0.0,1732540
2021-10-01,0.0,49.93875503540039,0.0,50.72162395583669,49.77394317306413,50.227182081658384,0.0,1716280
2021-10-04,0.0,50.92763900756836,0.0,51.29847196373396,50.10356716879352,50.14477013201534,0.0,2126120
2021-10-05,0.0,50.3095817565918,0.0,50.80402671286831,49.938748825280506,50.80402671286831,0.0,1354840
2021-10-06,0.0,49.897552490234375,0.0,50.845236424576534,49.897552490234375,50.680421417266835,0.0,1464840
2021-10-07,0.0,49.5267219543457,0.0,49.56792806589568,49.114685987525576,49.48551898638068,0.0,1320100
2021-10-08,0.0,49.6915397644043,0.0,49.81515181883616,49.27950377441158,49.32070674469383,0.0,1231860
2021-10-11,0.0,50.06236267089844,0.0,50.103565632857176,49.44430881076389,49.897547679479,0.0,970660
2021-10-12,0.0,50.26838684082031,0.0,50.39199888556776,49.815147916054485,49.856350883108675,0.0,993280
2021-10-13,0.0,49.856346130371094,0.0,50.22717908567755,49.77394020411836,49.93875205662383,0.0,893840
2021-10-14,0.0,48.90866470336914,0.0,49.4443126815195,48.90866470336914,49.40310971633518,0.0,730460
2021-10-15,0.0,48.661441802978516,0.0,48.90866272768257,48.62023883945861,48.74385087360294,0.0,1250820
2021-10-18,0.0,48.125797271728516,0.0,48.86746005018159,48.125797271728516,48.826257086420526,0.0,1020000
2021-10-19,0.0,47.75495910644531,0.0,48.08458592419623,47.75495910644531,47.960977046383746,0.0,708920
2021-10-20,0.0,47.796165466308594,0.0,48.043386383107084,47.631350473914765,47.71375954190394,0.0,833560
2021-10-21,0.0,47.50774002075195,0.0,48.002181838044834,47.50774002075195,47.91977591635749,0.0,630340
2021-10-22,0.0,47.91978454589844,0.0,48.16700549906518,47.59015451261946,47.67256044914672,0.0,727720
2021-10-25,0.0,47.42533493041992,0.0,48.00218586133313,47.34292900182575,47.713761967668866,0.0,1123920
2021-10-26,0.0,47.30171585083008,0.0,47.46652767252524,46.848473910416395,47.17810384097471,0.0,1270560
2021-10-27,0.0,47.21931838989258,0.0,47.2605213554327,46.80728244732182,47.13691245881233,0.0,641320
2021-10-28,0.0,46.6424674987793,0.0,47.05450344185538,46.6424674987793,46.972097510674075,0.0,821380
2021-10-29,0.0,46.43644332885742,0.0,47.095703264648286,46.39524036876658,47.0544971609731,0.0,1020740
2021-11-01,0.0,46.271636962890625,0.0,46.64246679116542,46.230430854340334,46.35404289282175,0.0,647500
2021-11-02,0.0,46.06560516357422,0.0,46.35402897532048,46.0243990673958,46.35402897532048,0.0,624760
2021-11-03,0.0,45.57117462158203,0.0,46.14802556992302,45.529971656040125,46.02441352971254,0.0,700440
2021-11-04,0.0,45.0355224609375,0.0,45.48876129538491,44.870707481979096,45.44755833654138,0.0,758000
2021-11-05,0.0,44.99432373046875,0.0,45.11793577083646,44.66469686212949,44.78830575891242,0.0,918960
2021-11-08,0.0,44.99432373046875,0.0,45.076732805242145,44.8295118680915,44.99432373046875,0.0,1025600
2021-11-09,0.0,45.323951721191406,0.0,45.48876671980357,44.87071283269642,44.9119157964533,0.0,1147560
2021-11-10,0.0,46.024410247802734,0.0,46.2304282044063,45.32395045278443,45.653580440783955,0.0,1636780
2021-11-11,0.0,45.81840515136719,0.0,45.90081424328967,45.61238713693913,45.61238713693913,0.0,720720
2021-11-12,0.0,45.4063606262207,0.0,45.942008620939134,45.32395469330318,45.73599064506048,0.0,662580
2021-11-15,0.0,45.4063606262207,0.0,45.69478767860172,45.20034265034205,45.241548760385655,0.0,994820
2021-11-16,0.0,45.0355224609375,0.0,45.48876129538491,44.99431635850971,45.48876129538491,0.0,635580
2021-11-17,0.0,45.07673263549805,0.0,45.159138566376356,44.78830559025444,45.03552967005889,0.0,704320
2021-11-18,0.0,44.58229064941406,0.0,45.03553273080268,44.499884712935206,44.78830863419617,0.0,988040
2021-11-19,0.0,44.293861389160156,0.0,44.49987934910974,44.170249355756575,44.37626731570615,0.0,935320
2021-11-22,0.0,44.788307189941406,0.0,44.829513300437064,43.799423409743056,44.129050288614216,0.0,1294380
2021-11-23,0.0,44.99432373046875,0.0,45.529971713949124,44.7058998277238,44.95312076487444,0.0,1826740
2021-11-24,0.0,44.82950973510742,0.0,45.5711725112711,44.82950973510742,45.32395158588321,0.0,1021960
2021-11-26,0.0,45.73599624633789,0.0,45.85960830443776,45.03553629999924,45.200348186018765,0.0,1088980
2021-11-29,0.0,44.66469192504883,0.0,45.282745771400286,44.62348896400895,45.200336705736106,0.0,949840
2021-11-30,0.0,45.36515808105469,0.0,45.61237902568797,44.582289136728576,44.78830711452046,0.0,1821320
2021-12-01,0.0,46.14801788330078,0.0,46.18922084197974,44.62348640708972,44.8707073027477,0.0,1896220
2021-12-02,0.0,45.859588623046875,0.0,46.51884531494988,45.61236461294736,46.35403035607816,0.0,1916140
2021-12-03,0.0,46.60125732421875,0.0,47.13690522478966,45.571167625878,45.571167625878,0.0,2862980
2021-12-06,0.0,46.271636962890625,0.0,47.09570883654079,46.06561899447808,46.601263826199855,0.0,1623380
2021-12-07,0.0,44.87071228027344,0.0,45.44756319652185,44.78830321018962,45.40635708968764,0.0,1188240
2021-12-08,0.0,44.62348937988281,0.0,45.03552528129047,44.62348937988281,44.78830122557831,0.0,883400
2021-12-09,0.0,45.323951721191406,0.0,45.323951721191406,44.58228579922897,44.788303761598016,0.0,1239520
2021-12-10,0.0,44.82950973510742,0.0,45.36515454951709,44.78830362788892,44.99432158964294,0.0,1151240
2021-12-13,0.0,45.488765716552734,0.0,45.488765716552734,44.788302773795834,44.788302773795834,0.0,1108280
2021-12-14,0.0,45.942012786865234,0.0,46.436454716375025,45.69479182211034,46.02441872725516,0.0,1999240
2021-12-15,0.0,44.82950973510742,0.0,46.43644732192104,44.82950973510742,45.98320843477913,0.0,2028120
2021-12-16,0.0,46.024410247802734,0.0,46.2304282044063,44.705896582973736,44.747099545577534,0.0,2361920
2021-12-17,0.0,46.230430603027344,0.0,46.64246653761256,45.735988738958966,46.43644857031995,0.0,2577080
2021-12-20,0.0,46.72487258911133,0.0,47.095705534974215,46.60126055929553,46.84848147534262,0.0,2212720
2021-12-21,0.0,45.653587341308594,0.0,46.76608321768742,45.612381228891955,46.271641304537944,0.0,1245780
2021-12-22,0.0,45.07673263549805,0.0,45.77719247871796,45.07673263549805,45.69478654783965,0.0,1209180
2021-12-23,0.0,44.74710464477539,0.0,45.035531703039084,44.58228963199399,45.035531703039084,0.0,1267820
2021-12-27,0.0,44.00545120239258,0.0,44.62350527465323,44.00545120239258,44.582299154967394,0.0,914520
2021-12-28,0.0,44.170249938964844,0.0,44.293861974000556,43.88182604866102,43.88182604866102,0.0,1878460
2021-12-29,0.0,44.21146011352539,0.0,44.49988403036229,44.04664509951077,44.17025400233304,0.0,1085840
2021-12-30,0.0,44.37627029418945,0.0,44.41747640381275,44.00544045625821,44.252661396073975,0.0,1040080
2021-12-31,0.0,44.62348937988281,0.0,44.66469234130669,44.252656439899035,44.41747142917898,0.0,1789060
2022-01-03,0.0,44.170249938964844,0.0,44.7058978993401,44.170249938964844,44.49987993667033,0.0,1826200
2022-01-04,0.0,44.705894470214844,0.0,45.11793036394954,44.12904359026938,44.12904359026938,0.0,3109500
2022-01-05,0.0,46.14801788330078,0.0,46.14801788330078,44.829504344068745,44.95311322010561,0.0,4578640
2022-01-06,0.0,46.14801788330078,0.0,46.64245967461674,45.77718496802169,46.395238778958756,0.0,4841380
2022-01-07,0.0,46.6424674987793,0.0,46.88969157949276,45.98321061857451,46.18922859011255,0.0,3484720
2022-01-10,0.0,46.60125732421875,0.0,47.96097698346226,46.56005436500198,47.26051410243998,0.0,5533620
2022-01-11,0.0,45.859588623046875,0.0,46.97208409415921,45.859588623046875,46.6836602738216,0.0,3478160
2022-01-12,0.0,45.777191162109375,0.0,46.024412091218686,45.40635819665307,45.61237616150828,0.0,3641680
2022-01-13,0.0,46.80727767944336,0.0,47.01329562974336,45.48876405495713,45.57116997764335,0.0,5175300
2022-01-14,0.0,46.60125732421875,0.0,47.2193111432232,46.518851405785206,47.2193111432232,0.0,9677840
2022-01-18,0.0,47.67255401611328,0.0,47.83736901051229,47.05450014480541,47.3017242081962,0.0,7469380
2022-01-19,0.0,48.29061508178711,0.0,48.29061508178711,47.21932217396849,47.548952211875,0.0,8758060
2022-01-20,0.0,48.90866470336914,0.0,48.9498708121382,47.26052094731849,47.79616892546885,0.0,8549480
2022-01-21,0.0,50.26838684082031,0.0,50.26838684082031,48.82626098882957,49.23829694654121,0.0,10913340
2022-01-24,0.0,49.93875503540039,0.0,52.74060070530355,49.89755206981633,51.13365989884688,0.0,8788660
2022-01-25,0.0,51.17486572265625,0.0,51.66931076803514,50.30959082272437,50.968847739644616,0.0,5411800
2022-01-26,0.0,51.25727462768555,0.0,51.83412560687324,49.403112786886844,49.97996376607454,0.0,7822320
2022-01-27,0.0,51.71050262451172,0.0,51.91652056325479,50.268377053310196,50.55680091011679,0.0,7326940
2022-01-28,0.0,50.06236267089844,0.0,52.246154234140974,50.06236267089844,51.54569130650446,0.0,5260520
2022-01-31,0.0,48.49662399291992,0.0,50.18597369152961,48.41421807065896,49.89754667644737,0.0,7698420
2022-02-01,0.0,48.20820236206055,0.0,49.03227419730945,48.084590329339385,48.29060828815161,0.0,6888720
2022-02-02,0.0,47.75495910644531,0.0,48.37301292626061,47.59014412577771,47.59014412577771,0.0,7913860
2022-02-03,0.0,49.773929595947266,0.0,49.89753845898197,48.62022801278656,49.1146697520932,0.0,5333400
2022-02-04,0.0,49.114681243896484,0.0,49.93875309794565,48.62023938890084,49.609126242476776,0.0,5562900
2022-02-07,0.0,49.5267219543457,0.0,49.650334001825726,48.66144705274042,49.03228005159553,0.0,5024440
2022-02-08,0.0,48.86745834350586,0.0,49.81514219483606,48.74384945653965,49.69153016428533,0.0,3840920
2022-02-09,0.0,47.87857437133789,0.0,48.49662827360258,47.87857437133789,48.249407341413644,0.0,3615280
2022-02-10,0.0,49.114681243896484,0.0,49.23829327943772,47.91977957039291,48.86746031639866,0.0,7455920
2022-02-11,0.0,50.43320083618164,0.0,50.68042177710911,48.702647962519706,49.032277979479545,0.0,6004840
2022-02-14,0.0,50.474395751953125,0.0,50.96883755494669,49.93874784572316,50.68041369379783,0.0,6323600
2022-02-15,0.0,49.155887603759766,0.0,49.81514446166581,49.155887603759766,49.65032946129313,0.0,4823640
2022-02-16,0.0,49.197086334228516,0.0,49.93874905670368,49.03227134803923,49.48551020237146,0.0,2967040
2022-02-17,0.0,50.63921356201172,0.0,50.7216194859177,49.567920833311476,49.65032675721746,0.0,3146840
2022-02-18,0.0,51.25727462768555,0.0,51.586901513232135,50.47440566618688,50.556811601677296,0.0,4574920
2022-02-22,0.0,51.79292678833008,0.0,52.328574875195365,50.8864487959577,51.751723814783226,0.0,6535440
2022-02-23,0.0,53.070228576660156,0.0,53.152634504504604,51.13365783646928,51.25726987182059,0.0,7975680
2022-02-24,0.0,51.29846954345703,0.0,54.88318061556604,51.21606362090132,54.84198079787262,0.0,12142400
2022-02-25,0.0,50.474395751953125,0.0,51.75170636267344,50.474395751953125,51.13365253713932,0.0,6829680
2022-02-28,0.0,50.3095817565918,0.0,51.13365354013494,50.103563810706014,51.01004465875409,0.0,4874520
2022-03-01,0.0,51.133663177490234,0.0,51.46329321046787,50.14477622214232,50.51560922334591,0.0,4643060
2022-03-02,0.0,50.227176666259766,0.0,51.339672335006185,50.06236167810877,50.92763643642093,0.0,4016440
2022-03-03,0.0,51.010040283203125,0.0,51.25726116834302,49.8151356708455,49.856338627771464,0.0,5071520
2022-03-04,0.0,51.7516975402832,0.0,52.081327448474674,51.13364382011202,51.29845877420776,0.0,5900500
2022-03-07,0.0,53.64707946777344,0.0,53.64707946777344,51.54569675011131,51.751714725246515,0.0,5757060
2022-03-08,0.0,53.89430236816406,0.0,54.429950349175556,52.20495249432077,53.6882843975573,0.0,7665960
2022-03-09,0.0,51.87532043457031,0.0,52.90540704090353,51.66930248458678,52.45217132324109,0.0,4220340
2022-03-10,0.0,52.49338150024414,0.0,53.19384451262424,52.287363521941444,52.61699040107484,0.0,3980200
2022-03-11,0.0,53.60588073730469,0.0,53.64708056086941,51.9577337590561,51.99893672620571,0.0,3023740
2022-03-14,0.0,54.6359748840332,0.0,54.71838082474269,53.23504874329091,53.81190290259783,0.0,5910420
2022-03-15,0.0,52.90541076660156,0.0,54.42994873357562,52.74059890987593,54.18272466131785,0.0,4571460
2022-03-16,0.0,50.886436462402344,0.0,52.864210149144135,50.886436462402344,52.163747194280134,0.0,7176860
2022-03-17,0.0,50.35079574584961,0.0,51.42209181397902,50.35079574584961,51.17486770989681,0.0,5561520
2022-03-18,0.0,49.2382926940918,0.0,50.72162138502952,49.2382926940918,50.55680638746209,0.0,5142060
2022-03-21,0.0,49.44430160522461,0.0,50.06235537528992,49.07346871446862,49.361895693316185,0.0,4374180
2022-03-22,0.0,48.414222717285156,0.0,49.36190663216378,48.29061067844543,49.320700523494054,0.0,4612360
2022-03-23,0.0,49.155887603759766,0.0,49.155887603759766,48.33181574548104,48.86746056721141,0.0,3045360
2022-03-24,0.0,48.084590911865234,0.0,49.155886825534786,48.04338794832054,48.82625683000806,0.0,3352440
2022-03-25,0.0,48.04338455200195,0.0,48.66143839223419,47.87856956588982,48.04338455200195,0.0,3001500
2022-03-28,0.0,47.34292984008789,0.0,48.24940764501272,47.30172687506126,48.04338967629483,0.0,3255320
2022-03-29,0.0,46.518856048583984,0.0,47.178112892602115,46.436446978341344,46.724874008813686,0.0,4659180
2022-03-30,0.0,47.05450439453125,0.0,47.21931940381552,46.51885954383842,46.72487751954754,0.0,3434300
2022-03-31,0.0,47.71376419067383,0.0,47.71376419067383,46.93089525821631,46.97209822443306,0.0,3774320
2022-04-01,0.0,47.67255401611328,0.0,48.125796036606694,47.46653605901066,47.59014809070605,0.0,3728620
2022-04-04,0.0,46.72487258911133,0.0,47.6313503291455,46.72487258911133,47.5901473670684,0.0,3090580
2022-04-05,0.0,47.71376419067383,0.0,47.91978216534239,46.80728321598124,46.93089525821631,0.0,4926940
2022-04-06,0.0,48.78505325317383,0.0,49.1558862075834,48.331814372710824,48.537832331428966,0.0,8329040
2022-04-07,0.0,48.702640533447266,0.0,49.44430638668122,48.373013710353334,48.949864580248146,0.0,6730800
2022-04-08,0.0,49.40311050415039,0.0,49.44431346999176,48.78505658577549,48.949871592725756,0.0,6710160
2022-04-11,0.0,50.55680847167969,0.0,50.55680847167969,49.815145667427885,49.97996067178987,0.0,5699520
2022-04-12,0.0,50.680419921875,0.0,50.96884381846805,49.48551508361792,49.81514508851115,0.0,5645800
2022-04-13,0.0,49.73273468017578,0.0,50.80403059552223,49.52671671854525,50.680418561110066,0.0,4762040
2022-04-14,0.0,50.84523391723633,0.0,50.8864368811357,49.6091261387472,49.65032910264658,0.0,3393900
2022-04-18,0.0,50.762821197509766,0.0,51.257266159520256,50.43319436642052,51.010045250307215,0.0,4926980
2022-04-19,0.0,49.65032958984375,0.0,51.05125238126167,49.567923661236385,50.92764034476595,0.0,4047460
2022-04-20,0.0,50.43320083618164,0.0,50.55680973485296,49.444313928886935,49.526719861334485,0.0,5940840
2022-04-21,0.0,51.422080993652344,0.0,51.54568987609838,49.40310447785637,49.77393741236328,0.0,6813780
2022-04-22,0.0,52.78180694580078,0.0,52.823006767902584,51.2160691010324,51.42208707305009,0.0,7024400
2022-04-25,0.0,52.040138244628906,0.0,53.235039904447405,52.040138244628906,53.11142787032189,0.0,6913880
2022-04-26,0.0,54.059112548828125,0.0,54.10031865653599,52.410968835222576,52.45217494293044,0.0,9232980
2022-04-27,0.0,54.100318908691406,0.0,54.42994891038275,53.07022908288681,54.05911280079149,0.0,9654260
2022-04-28,0.0,52.24616241455078,0.0,53.976712236453466,51.87532941169021,53.23504623073232,0.0,7213660
2022-04-29,0.0,54.59475326538086,0.0,54.63595936761835,52.328555960025426,52.946609770576906,0.0,5918340
2022-05-02,0.0,53.60588073730469,0.0,55.17161235049937,53.60588073730469,54.63597063396949,0.0,8509520
2022-05-03,0.0,53.564666748046875,0.0,54.059108568287385,53.19383695465871,53.60587285272061,0.0,7618220
2022-05-04,0.0,51.7516975402832,0.0,54.42993347127542,51.62808868239923,53.482249842912765,0.0,9387560
2022-05-05,0.0,54.347537994384766,0.0,54.924392082933274,52.45217644187554,52.45217644187554,0.0,10480460
2022-05-06,0.0,54.9655876159668,0.0,55.74845961351996,54.01791005723934,54.75956966195317,0.0,11616400
2022-05-09,0.0,57.190589904785156,0.0,57.437807697241446,55.62485207055057,56.078094120808046,0.0,12188780
2022-05-10,0.0,56.44892501831055,0.0,57.272996916388074,55.542447187859196,55.74846516237858,0.0,9861720
2022-05-11,0.0,58.17947769165039,0.0,58.34429585191011,55.87208003254391,56.90216995727983,0.0,11892900
2022-05-12,0.0,58.303096771240234,0.0,59.53920482999444,57.396618785587954,59.00355674710014,0.0,11637700
2022-05-13,0.0,56.160491943359375,0.0,57.726229551537905,55.91326789942696,57.31419366976296,0.0,7050900
2022-05-16,0.0,56.7785530090332,0.0,57.02577079733359,56.07809317809467,56.49012911243139,0.0,6618180
2022-05-17,0.0,55.29521560668945,0.0,56.366511443812705,55.21280968548815,55.62484557866344,0.0,7472000
2022-05-18,0.0,58.01466369628906,0.0,58.26188149688008,56.03688985571233,56.11929578924267,0.0,6731240
2022-05-19,0.0,58.34429931640625,0.0,58.75633531076739,57.39661527194155,58.467905084978334,0.0,6472520
2022-05-20,0.0,58.5503044128418,0.0,60.23964784519698,57.479008548679836,57.60262057718605,0.0,6578280
2022-05-23,0.0,57.60261535644531,0.0,58.83872295513655,57.479003339142515,58.34428117309373,0.0,4740760
2022-05-24,0.0,58.797515869140625,0.0,59.74519960303623,58.46788592424194,58.632704040275414,0.0,5042220
2022-05-25,0.0,57.973453521728516,0.0,59.127155371782514,57.52021777550074,59.08594926432123,0.0,4652280
2022-05-26,0.0,56.32530212402344,0.0,58.17946353745838,56.03687827270058,58.055851519129035,0.0,5153320
2022-05-27,0.0,54.51235580444336,0.0,55.789663438760954,54.471149695813665,55.70725750867102,0.0,6325740
2022-05-31,0.0,54.6359748840332,0.0,55.33643481081921,54.100326838666156,54.51236282938385,0.0,7082960
2022-06-01,0.0,55.048011779785156,0.0,55.460047777277055,53.89430972937378,54.223939784801374,0.0,5870800
2022-06-02,0.0,53.523468017578125,0.0,55.50124185819715,53.523468017578125,55.29522388078203,0.0,5762440
2022-06-03,0.0,55.006797790527344,0.0,55.171609651061885,54.223932022234074,54.429949991486986,0.0,6862460
2022-06-06,0.0,54.75957489013672,0.0,55.04800508302894,53.81189724092951,54.141520969087004,0.0,5985920
2022-06-07,0.0,54.265132904052734,0.0,55.58364667559951,54.14152086265188,55.41883481184476,0.0,4930320
2022-06-08,0.0,54.67716979980469,0.0,54.84198795359028,53.935503825693814,54.388745889642045,0.0,4108000
2022-06-09,0.0,56.160491943359375,0.0,56.160491943359375,54.42994249733831,54.96558411391086,0.0,5387320
2022-06-10,0.0,58.138275146484375,0.0,58.22068107917322,57.02577305009122,57.272997135327394,0.0,6992680
2022-06-13,0.0,60.81650161743164,0.0,61.02251956832108,59.45678188412752,60.0336296317504,0.0,7550080
2022-06-14,0.0,60.65168762207031,0.0,61.26974151690222,60.11603965578213,60.3220576207261,0.0,5935460
2022-06-15,0.0,59.168357849121094,0.0,60.528071291551974,58.30307994287518,59.868817622803135,0.0,6534900
2022-06-16,0.0,61.558162689208984,0.0,62.011404706917865,60.610485122094325,60.775296971896246,0.0,5967540
2022-06-17,0.0,60.81650161743164,0.0,61.805385266833405,60.2808536876853,61.43455547009997,0.0,6648260
2022-06-21,0.0,59.33317184448242,0.0,59.86881979217894,58.79752389678591,59.74520776006911,0.0,4648060
2022-06-22,0.0,59.37437057495117,0.0,59.99242437155163,58.46788664353583,59.786406439351474,0.0,4928780
2022-06-23,0.0,58.46790313720703,0.0,59.497993088793976,58.344297372752685,58.87993911784181,0.0,4046880
2022-06-24,0.0,56.44892501831055,0.0,57.97345677232004,56.44892501831055,57.89105083994622,0.0,4754660
2022-06-27,0.0,56.943363189697266,0.0,57.14938115079398,56.11929134531042,56.24290337940229,0.0,4355120
2022-06-28,0.0,58.71512222290039,0.0,58.71512222290039,56.32531248200807,56.81975435908279,0.0,4450260
2022-06-29,0.0,58.59150695800781,0.0,59.250766949279914,58.303083069514734,58.756325099410454,0.0,4265420
2022-06-30,0.0,59.33317184448242,0.0,60.280855707765625,58.59150593899257,59.33317184448242,0.0,4988100
2022-07-01,0.0,59.00354766845703,0.0,60.07484366940954,58.87993562416716,59.62160160273661,0.0,4246960
2022-07-05,0.0,57.973453521728516,0.0,60.11603907916064,57.9322537014365,59.78641536814745,0.0,4644120
2022-07-06,0.0,57.60261535644531,0.0,58.26186897011295,57.149373388724506,57.84983310388254,0.0,5530280
2022-07-07,0.0,56.36652755737305,0.0,57.39661758478421,56.20170938068491,57.39661758478421,0.0,3609600
2022-07-08,0.0,56.28410720825195,0.0,57.108179019282474,56.03688315007521,56.94336088477499,0.0,4384740
2022-07-11,0.0,57.520206451416016,0.0,57.68501827447587,56.73733457396159,56.819740485491515,0.0,4400240
2022-07-12,0.0,58.05585861206055,0.0,58.3854886054883,56.86095695895028,57.27299287894268,0.0,4602680
2022-07-13,0.0,58.138275146484375,0.0,59.33317688839673,57.685033085941264,59.20956484577864,0.0,6445220
2022-07-14,0.0,57.9322509765625,0.0,59.374376649506544,57.80863894716207,58.75632278967338,0.0,4943680
2022-07-15,0.0,56.90217590332031,0.0,57.68504181305786,56.90217590332031,57.3554117452634,0.0,6267460
2022-07-18,0.0,57.437808990478516,0.0,57.60262714299651,56.07809538343057,56.32531318145308,0.0,4995700
2022-07-19,0.0,55.666053771972656,0.0,56.98456742218308,55.583641560509676,56.65493743783822,0.0,4983660
2022-07-20,0.0,54.75957489013672,0.0,55.70725882651353,54.5123570940186,55.54244696243479,0.0,6772560
2022-07-21,0.0,54.017913818359375,0.0,55.17160941142913,53.976707709819976,54.718373653343,0.0,4393940
2022-07-22,0.0,54.9655876159668,0.0,55.295217599822394,53.811892103225716,54.141515799912305,0.0,5715860
2022-07-25,0.0,55.254024505615234,0.0,55.624854353101334,54.84198854744411,54.924394481644384,0.0,4313000
2022-07-26,0.0,56.36652755737305,0.0,56.4901396180965,55.54245553544411,55.58365536423821,0.0,4125880
2022-07-27,0.0,53.97669982910156,0.0,55.54243741745577,53.64706987042144,55.46003149957787,0.0,4020020
2022-07-28,0.0,53.48226547241211,0.0,54.67716716573724,53.35865343482035,54.01791344386349,0.0,5335060
2022-07-29,0.0,52.452171325683594,0.0,53.44105497078304,52.32855929825394,53.15263109822644,0.0,5448220
2022-08-01,0.0,52.49338150024414,0.0,52.98782653432154,51.916530532279616,52.78180855601884,0.0,5695880
2022-08-02,0.0,52.69939422607422,0.0,53.11142699802803,51.957728320671336,52.94661514668033,0.0,6039780
2022-08-03,0.0,51.29846954345703,0.0,52.41096521588136,51.09245159348331,52.41096521588136,0.0,6120380
2022-08-04,0.0,51.05125045776367,0.0,51.58689526069898,50.96884138867662,51.298471377855705,0.0,5230880
2022-08-05,0.0,51.422080993652344,0.0,51.99892873223599,51.13365398077611,51.834116888974606,0.0,5606720
2022-08-08,0.0,51.628108978271484,0.0,51.87532993480989,50.68042497735842,51.257275971671376,0.0,5463660
2022-08-09,0.0,52.2049446105957,0.0,52.493371612039255,51.91652075273644,51.91652075273644,0.0,6187280
2022-08-10,0.0,50.80402755737305,0.0,51.38087530057456,50.72161849149823,50.9688394019538,0.0,5786000
2022-08-11,0.0,51.09245681762695,0.0,51.174862748608575,50.06236696243286,50.3507908644533,0.0,7078940
2022-08-12,0.0,50.06236267089844,0.0,50.92763744636991,50.0211597089397,50.76282245495047,0.0,4784680
2022-08-15,0.0,49.65032958984375,0.0,50.22718052084932,49.567923661236385,50.22718052084932,0.0,5751820
2022-08-16,0.0,49.773929595947266,0.0,50.2683713352539,49.444299674020236,49.85633550463707,0.0,5088180
2022-08-17,0.0,50.35079574584961,0.0,50.68042578890252,49.93875976382601,50.30959277636427,0.0,5433440
2022-08-18,0.0,50.26838684082031,0.0,50.63921983147777,50.062368861964494,50.43320185262195,0.0,4286060
2022-08-19,0.0,51.21605682373047,0.0,51.38086864696879,50.63920601164427,50.76281487907301,0.0,5206080
2022-08-22,0.0,52.61698532104492,0.0,52.74059735352608,51.91652551987723,51.99893144580829,0.0,6538800
2022-08-23,0.0,52.65818786621094,0.0,52.78179989033195,52.16374291331124,52.69939082638982,0.0,6256860
2022-08-24,0.0,52.49338150024414,0.0,52.823008379377534,52.16375147752588,52.7406024454904,0.0,4986740
2022-08-25,0.0,51.5869026184082,0.0,52.36977159667872,51.5869026184082,52.204956578582035,0.0,5008980
2022-08-26,0.0,53.68827819824219,0.0,53.729478015304544,51.4220807832426,51.66930169070749,0.0,8272380
2022-08-29,0.0,54.22393035888672,0.0,54.42994832181992,53.729482218111606,54.22393035888672,0.0,8404360
2022-08-30,0.0,54.84197998046875,0.0,55.295215691354265,53.85309006303267,53.97670208860828,0.0,7408020
2022-08-31,0.0,55.130401611328125,0.0,55.2128075293113,54.14151173402441,54.26512375458344,0.0,5963420
2022-09-01,0.0,55.130401611328125,0.0,56.366509242581365,55.08919550875227,55.66604950897157,0.0,7827900
2022-09-02,0.0,55.913272857666016,0.0,56.28410895644939,54.34753511064206,54.635965283196626,0.0,8550200
2022-09-06,0.0,56.32530212402344,0.0,56.77854409550824,55.70724831954512,55.91326625437123,0.0,6868380
2022-09-07,0.0,55.254024505615234,0.0,56.325314224558284,55.048006526529676,56.284114401043034,0.0,5335500
2022-09-08,0.0,54.9655876159668,0.0,55.91327146186326,54.67716373778153,55.66605368934832,0.0,5425360
2022-09-09,0.0,53.770687103271484,0.0,54.553552829754146,53.64707507088761,54.471146903887934,0.0,5566940
2022-09-12,0.0,53.15262985229492,0.0,53.56466574262279,53.0702239316631,53.482259821990965,0.0,5279340
2022-09-13,0.0,56.03688430786133,0.0,56.201696158605046,54.42994675801824,54.718370640404295,0.0,8145040
2022-09-14,0.0,55.58364486694336,0.0,56.16049894565371,55.41883300855148,55.87207504988323,0.0,4921120
2022-09-15,0.0,56.53133010864258,0.0,56.860960120397635,55.501240251389,55.995682125436815,0.0,3949460
2022-09-16,0.0,56.90217590332031,0.0,57.64383569689457,56.819763670993744,57.23179968394416,0.0,7194060
2022-09-19,0.0,56.4901237487793,0.0,57.47900738242664,56.407711540001344,57.47900738242664,0.0,4076860
2022-09-20,0.0,56.943363189697266,0.0,57.396605218977726,56.448921340499005,56.9845692967843,0.0,4415120
2022-09-21,0.0,57.9322509765625,0.0,57.97345079491666,55.8720714437853,56.73734307525034,0.0,6280780
2022-09-22,0.0,58.67390823364258,0.0,58.92113228256278,58.0558543985108,58.26187234355473,0.0,5468220
2022-09-23,0.0,59.62159729003906,0.0,60.36326321496049,59.16836154332046,59.250767471162995,0.0,5527740
2022-09-26,0.0,59.95122146606445,0.0,60.074833489407595,58.79751972680954,59.78640962638604,0.0,4790940
2022-09-27,0.0,59.86882400512695,0.0,60.404471990516825,58.59151006205645,59.168364156772306,0.0,5306700
2022-09-28,0.0,58.71512222290039,0.0,60.19845414129413,58.385492209127385,59.86882412752112,0.0,4784660
2022-09-29,0.0,60.32206726074219,0.0,61.06373331049933,59.497995269272096,59.497995269272096,0.0,4061180
2022-09-30,0.0,61.47575759887695,0.0,61.47575759887695,59.70400189719288,60.651685764341956,0.0,3463420
2022-10-03,0.0,59.992435455322266,0.0,61.393355138239805,59.62159933654797,61.06372512838582,0.0,4628120
2022-10-04,0.0,58.138275146484375,0.0,58.83873500509402,57.973456993937035,58.75632907240518,0.0,6314600
2022-10-05,0.0,58.17947769165039,0.0,59.49799153787837,57.76744172175603,58.962349806751654,0.0,4339000
2022-10-06,0.0,58.67390823364258,0.0,58.715114337518855,57.72623071617551,58.38548436801483,0.0,3008860
2022-10-07,0.0,60.89891052246094,0.0,61.18733441039596,59.62159664953111,59.74520868355161,0.0,4527520
2022-10-10,0.0,61.558162689208984,0.0,62.135016737853846,60.775296971896246,60.89890900283223,0.0,5471520
2022-10-11,0.0,62.29981994628906,0.0,62.753061901130515,61.228530496832846,61.928990192086566,0.0,4847100
2022-10-12,0.0,62.38224411010742,0.0,62.547062272435795,61.76419014750859,62.176226122574484,0.0,3625940
2022-10-13,0.0,60.94010925292969,0.0,64.40121470778354,60.61048555099332,64.23639656964625,0.0,8122900
2022-10-14,0.0,62.835472106933594,0.0,62.917878026033556,60.23964478868884,60.40446291405738,0.0,5582220
2022-10-17,0.0,60.65168762207031,0.0,61.35214744544594,60.48687576498288,61.31094762475875,0.0,4261940
2022-10-18,0.0,60.11604690551758,0.0,60.85771292619145,58.921145079610305,59.08595695657334,0.0,4736780
2022-10-19,0.0,60.445655822753906,0.0,60.98130366644682,59.745196159694515,60.56926783086272,0.0,3849520
2022-10-20,0.0,60.77530288696289,0.0,61.06372679577217,59.49798892158936,60.65169084399615,0.0,3132540
2022-10-21,0.0,59.33317184448242,0.0,61.269739390306015,59.25076591879891,61.06372143251267,0.0,4624080
2022-10-24,0.0,58.71512222290039,0.0,60.11604192247369,58.509104250188464,59.25077020938533,0.0,4020260
2022-10-25,0.0,57.520206451416016,0.0,58.55029606346022,57.43779425271804,58.50908996411124,0.0,3714440
2022-10-26,0.0,58.797515869140625,0.0,58.879921783573224,57.56140829114677,58.71510995470802,0.0,3326620
2022-10-27,0.0,59.86882400512695,0.0,59.992436045935314,58.756328212190795,59.08595193812035,0.0,3158460
2022-10-28,0.0,58.09706497192383,0.0,60.074838653933796,57.93225311807684,60.03363254688744,0.0,3441580
2022-10-31,0.0,58.75632095336914,0.0,59.12715074281195,58.38548487675755,58.46789079805942,0.0,2885220
2022-11-01,0.0,59.33317184448242,0.0,59.41557777016594,57.849840033502716,57.93225224635535,0.0,2503140
2022-11-02,0.0,61.35213851928711,0.0,61.393344621148536,58.673905364673246,59.374371373307,0.0,4267240
2022-11-03,0.0,62.62945556640625,0.0,62.71186148734935,61.72297786169465,62.09380764952297,0.0,5772960
2022-11-04,0.0,61.558162689208984,0.0,62.95908856120159,61.14612677753511,61.43455694544207,0.0,5690100
2022-11-07,0.0,60.94010925292969,0.0,61.88779311391952,60.8165035082881,61.352145167519254,0.0,3845380
2022-11-08,0.0,60.528076171875,0.0,61.434560256143094,59.74521041237373,60.65168820947242,0.0,3474460
2022-11-09,0.0,61.970211029052734,0.0,62.011417143351665,60.77530916042771,60.9813271575817,0.0,2983240
2022-11-10,0.0,57.396602630615234,0.0,59.49798196673616,57.31419670732658,58.92113421654664,0.0,6168860
2022-11-11,0.0,56.32530212402344,0.0,57.72622785314201,56.16049029102992,57.39659789998655,0.0,5727220
2022-11-14,0.0,56.81974411010742,0.0,57.02576204565845,56.078084571858454,56.696138378511556,0.0,2934040
2022-11-15,0.0,56.078102111816406,0.0,56.737355939478284,55.254030111861255,55.46004811185004,0.0,4696820
2022-11-16,0.0,56.81974411010742,0.0,56.98456223084931,56.36650842419621,56.44891434098294,0.0,3064960
2022-11-17,0.0,56.98456573486328,0.0,57.76743142322869,56.69614186479017,57.76743142322869,0.0,3524740
2022-11-18,0.0,56.98456573486328,0.0,57.47900755315558,56.32530578569432,56.40771170754824,0.0,2855460
2022-11-21,0.0,57.56142044067383,0.0,57.76743841382382,57.02577245304993,57.31420264519559,0.0,2554780
2022-11-22,0.0,56.73734664916992,0.0,57.891048517631326,56.73734664916992,57.479012585121495,0.0,2150620
2022-11-23,0.0,56.2429084777832,0.0,56.819756306277164,56.07809660883344,56.77855648262462,0.0,2673760
2022-11-25,0.0,56.654945373535156,0.0,56.69615148503841,56.407721278855405,56.53133332619528,0.0,1079020
2022-11-28,0.0,57.437808990478516,0.0,57.643826965748765,56.65494319931942,57.06697914985992,0.0,2329940
2022-11-29,0.0,57.9322509765625,0.0,58.179468748194374,57.31419711672934,57.43780285896079,0.0,2395000
2022-11-30,0.0,55.254024505615234,0.0,58.05586399144304,55.254024505615234,57.80864618884223,0.0,4250340
2022-12-01,0.0,55.21281814575195,0.0,55.78966596972027,54.88318812326874,55.1716120352529,0.0,4630900
2022-12-02,0.0,55.50123977661133,0.0,56.24290572492333,55.29522180692296,56.24290572492333,0.0,2664880
2022-12-05,0.0,56.407711029052734,0.0,56.696141182825315,55.66605145411969,55.87206939986081,0.0,2837060
2022-12-06,0.0,57.56142044067383,0.0,57.891050455147735,56.44892464309779,56.490130752595626,0.0,3984800
2022-12-07,0.0,57.89104080200195,0.0,58.22067076151112,57.39659900632248,57.89104080200196,0.0,3237240
2022-12-08,0.0,57.190589904785156,0.0,58.01466178731183,56.984571934153486,57.60262584604849,0.0,3312600
2022-12-09,0.0,57.520206451416016,0.0,57.68501827447587,56.819740485491515,57.43779425271804,0.0,3734760
2022-12-12,0.0,56.81974411010742,0.0,57.76742787107586,56.81974411010742,57.52021012071569,0.0,2316100
2022-12-13,0.0,56.201690673828125,0.0,56.81974448455425,54.5947532808076,54.67715919813739,0.0,6021560
2022-12-14,0.0,56.696144104003906,0.0,57.31419797307152,55.70725414119427,56.40771393537042,0.0,4632120
2022-12-15,0.0,58.59150695800781,0.0,58.838731026527164,57.396605296892524,57.56141715112593,0.0,4591320
2022-12-16,0.0,59.168357849121094,0.0,59.53918764484427,58.426691970505864,58.83872787116223,0.0,3632500
2022-12-19,0.0,59.992435455322266,0.0,60.32205917800674,59.12715746535176,59.168363574272064,0.0,2719860
2022-12-20,0.0,60.07482147216797,0.0,60.692875178080875,59.662785668226036,60.322039182232686,0.0,3427440
2022-12-21,0.0,59.250770568847656,0.0,60.03363635503465,58.921140553074856,59.82761838107285,0.0,3388960
2022-12-22,0.0,60.7021598815918,0.255,61.65321676220186,59.91650145432847,59.95785422243843,0.0,3955020
2022-12-23,0.0,60.61945724487305,0.0,61.48780854041555,60.45405249128433,61.07430612076306,0.0,3072540
2022-12-27,0.0,61.4878044128418,0.0,61.61185639231938,60.743498845522076,60.743498845522076,0.0,2675340
2022-12-28,0.0,62.356170654296875,0.0,62.39751711352405,61.032964077640955,61.570512214420766,0.0,4238700
2022-12-29,0.0,60.78487014770508,0.0,61.85997921835431,60.57811888869927,61.65322795934851,0.0,3306140
2022-12-30,0.0,60.86756134033203,0.0,61.81861826790143,60.86756134033203,61.52916780547949,0.0,2956160
2023-01-03,0.0,61.28106689453125,0.0,61.81862138588315,59.99921297928138,60.37136269123037,0.0,3523420
2023-01-04,0.0,60.991615295410156,0.0,61.735921015161864,60.61946559030784,60.82621682859737,0.0,3830940
2023-01-05,0.0,61.9839973449707,0.0,62.06670285940954,61.40509660116822,61.40509660116822,0.0,4220500
2023-01-06,0.0,60.33000946044922,0.0,62.31482263136815,59.99921252325201,61.61186967550338,0.0,4721060
2023-01-09,0.0,59.957855224609375,0.0,60.081907221466174,58.8413998719915,59.833803227752576,0.0,4881060
2023-01-10,0.0,59.337608337402344,0.0,60.288665342698756,59.337608337402344,60.16461333165186,0.0,3554240
2023-01-11,0.0,58.427894592285156,0.0,59.3789514427285,58.38654182548687,59.17220022782979,0.0,3679260
2023-01-12,0.0,58.1384391784668,0.0,59.2548943814762,57.8903352179999,58.26248484915443,0.0,5878440
2023-01-13,0.0,57.72493362426758,0.0,58.758689553716884,57.683580863271416,58.634637580273875,0.0,3852420
2023-01-17,0.0,57.642242431640625,0.0,58.055744906213505,57.35279196134901,57.76629443592189,0.0,3167200
2023-01-18,0.0,58.427894592285156,0.0,58.46924104953709,56.98063608799418,57.35278575099332,0.0,5111680
2023-01-19,0.0,59.048152923583984,0.0,59.29625061542593,58.55195123035323,58.80004892219518,0.0,4829580
2023-01-20,0.0,57.39414596557617,0.0,58.924103892453246,57.35279319341173,58.71735265072534,0.0,4470440
2023-01-23,0.0,56.15363311767578,0.0,57.39414044880464,55.90552912763138,57.27008845378244,0.0,4983860
2023-01-24,0.0,56.236328125,0.0,56.608477772597006,56.02957691865809,56.48443209642873,0.0,4431480
2023-01-25,0.0,56.44308853149414,0.0,57.724948743574025,56.2776900632793,57.27009349166255,0.0,5665060
2023-01-26,0.0,55.36798095703125,0.0,56.277691483816724,55.32663449370745,55.78148344755291,0.0,4283840
2023-01-27,0.0,54.8304328918457,0.0,55.6574378747722,54.416930400382455,55.61608510180696,0.0,5186760
2023-01-30,0.0,55.946876525878906,0.0,55.988222980553374,55.20257093673286,55.45067490296353,0.0,4418080
2023-01-31,0.0,55.1198844909668,0.0,55.98823595490841,55.078531717163536,55.94688949065258,0.0,3643120
2023-02-01,0.0,53.962074279785156,0.0,55.53338498432436,53.465872559811515,55.16122896218373,0.0,6205280
2023-02-02,0.0,52.059959411621094,0.0,52.92831393109851,51.687806573338385,52.762912319109155,0.0,7867220
2023-02-03,0.0,53.01102066040039,0.0,53.21777191594762,51.93591476250955,53.13507267563825,0.0,7280300
2023-02-06,0.0,53.42451095581055,0.0,53.672614929556495,53.01100853926473,53.46586372128359,0.0,5622560
2023-02-07,0.0,52.30805969238281,0.0,53.67261903322387,52.10130846830225,53.465867809143305,0.0,7126420
2023-02-08,0.0,53.30046081542969,0.0,53.383166349240945,52.39075672942317,52.55615833272613,0.0,5504640
2023-02-09,0.0,53.75531768798828,0.0,54.044768136706594,52.47346074330629,52.51481035672701,0.0,5168360
2023-02-10,0.0,54.12746810913086,0.0,54.58232332734405,53.838017656425485,54.21017364665809,0.0,5798740
2023-02-13,0.0,53.30046081542969,0.0,54.127465677171315,53.176415133805534,53.92071446173591,0.0,5518020
2023-02-14,0.0,52.845611572265625,0.0,53.920714099581076,52.7215595819283,53.548564438115406,0.0,6359860
2023-02-15,0.0,52.514808654785156,0.0,53.34181351549043,52.473459042704526,53.21776152447537,0.0,3822940
2023-02-16,0.0,53.54856872558594,0.0,53.54856872558594,52.63886457285214,53.3831702649241,0.0,5637580
2023-02-17,0.0,53.92071533203125,0.0,54.45826976274886,53.796669648404965,53.96206809960432,0.0,4860480
2023-02-21,0.0,55.202579498291016,0.0,55.24393226892499,54.37557456198704,54.66502502778404,0.0,4378500
2023-02-22,0.0,55.202579498291016,0.0,55.533382734722004,54.789077030139026,55.07852749593604,0.0,6287360
2023-02-23,0.0,54.74772644042969,0.0,55.53338494694404,54.45827596310216,54.49962873538346,0.0,5544960
2023-02-24,0.0,55.657432556152344,0.0,56.02958223908775,55.49202778964473,55.7401317846328,0.0,5596760
2023-02-27,0.0,55.2852783203125,0.0,55.40933032174818,54.78907662411667,55.07852708776866,0.0,4892200
2023-02-28,0.0,55.36798095703125,0.0,55.492032966097206,54.871779230314715,55.40933372990233,0.0,5126480
2023-03-01,0.0,55.822818756103516,0.0,56.029569936681675,55.326617184624986,55.40931639494719,0.0,5836500
2023-03-02,0.0,55.36798095703125,0.0,56.4017371833354,55.243935257512575,56.3603907200116,0.0,6126500
2023-03-03,0.0,54.29287338256836,0.0,55.16122474880822,54.210174153814094,55.037179060450185,0.0,4896940
2023-03-06,0.0,54.25151443481445,0.0,54.25151443481445,53.507208841700205,54.044763231701936,0.0,5396400
2023-03-07,0.0,54.87177658081055,0.0,54.9958285838866,54.04477163969947,54.21017641364987,0.0,5384140
2023-03-08,0.0,54.623680114746094,0.0,55.161228290940386,54.49962810887544,54.83043135468147,0.0,6558860
2023-03-09,0.0,55.6160774230957,0.0,55.74012941531672,54.08611967782689,54.54096856990874,0.0,6479500
2023-03-10,0.0,56.360382080078125,0.0,56.608479750629876,55.285273245714926,55.57472368279846,0.0,10962680
2023-03-13,0.0,56.02958679199219,0.0,57.10469577824044,55.24393459326653,56.77389252789119,0.0,12243980
2023-03-14,0.0,54.70637512207031,0.0,55.49202724930461,54.62367589439511,55.28527602534331,0.0,6055820
2023-03-15,0.0,54.4996223449707,0.0,55.53337843531709,54.375570352219846,55.285274449815375,0.0,7504300
2023-03-16,0.0,53.0523681640625,0.0,54.78907727619086,52.9696689319701,54.62367881200605,0.0,6272780
2023-03-17,0.0,53.34181594848633,0.0,53.672619169766115,52.68021266070008,53.05236549594651,0.0,7767100
2023-03-20,0.0,53.176414489746094,0.0,53.83801458539844,53.093708956936545,53.50721138279912,0.0,6303980
2023-03-21,0.0,52.43212127685547,0.0,53.093721529170274,52.308069257812754,52.80427102443581,0.0,4769700
2023-03-22,0.0,53.10688018798828,0.46,53.14853200747166,51.56574062229244,52.44044154276387,0.0,6432420
2023-03-23,0.0,52.482093811035156,0.0,53.0235770024398,51.774003340272294,52.482093811035156,0.0,6539460
2023-03-24,0.0,52.357139587402344,0.0,53.02358147233697,52.357139587402344,52.648708706518846,0.0,8296720
2023-03-27,0.0,52.73200988769531,0.0,52.89862035113897,52.06557121175096,52.23218167519461,0.0,5360580
2023-03-28,0.0,53.02357482910156,0.0,53.44009936608483,52.81531256060993,52.81531256060993,0.0,4029640
2023-03-29,0.0,52.02391052246094,0.0,52.52373864976198,51.94060371602428,52.357128214718394,0.0,5180360
2023-03-30,0.0,51.56573486328125,0.0,51.89895255976367,51.48242805578832,51.64903849294441,0.0,3922220
2023-03-31,0.0,50.73269271850586,0.0,51.60739365961868,50.69103772020937,51.482435020389616,0.0,4568180
2023-04-03,0.0,50.85763931274414,0.0,51.31581561364948,50.81598749953996,51.06590155659472,0.0,4537720
2023-04-04,0.0,51.06590270996094,0.0,51.27416495851529,50.649378212852234,50.81598864726166,0.0,5323380
2023-04-05,0.0,51.60738754272461,0.0,51.898953429260246,51.23251484730035,51.27416666282975,0.0,6461040
2023-04-06,0.0,51.23251724243164,0.0,52.14886993823745,51.190865424955014,51.94060767302432,0.0,5883460
2023-04-10,0.0,51.27417755126953,0.0,52.06557492570637,51.27417755126953,51.73235397504965,0.0,4365540
2023-04-11,0.0,51.649051666259766,0.0,51.73235531716988,51.31583070695811,51.31583070695811,0.0,4837620
2023-04-12,0.0,52.14887237548828,0.0,52.1905273727417,51.232519636855436,51.315823275702016,0.0,7360200
2023-04-13,0.0,51.10755920410156,0.0,51.857304638684425,51.02425556818347,51.81565282072538,0.0,5530240
2023-04-14,0.0,51.23251724243164,0.0,51.73234540781118,50.940951342265244,51.44077950764478,0.0,6905220
2023-04-17,0.0,51.19086837768555,0.0,51.64904475201644,51.149216557806405,51.31582383732298,0.0,6056660
2023-04-18,0.0,51.19086837768555,0.0,51.399130654911424,50.77434382323381,50.89929928287123,0.0,6045140
2023-04-19,0.0,51.19086837768555,0.0,51.64904475201644,51.06590974021796,51.607392932137294,0.0,5796020
2023-04-20,0.0,51.69070053100586,0.0,51.89896282418302,51.19087229851283,51.77400735497496,0.0,5741140
2023-04-21,0.0,51.60738754272461,0.0,52.06556386920767,51.48242891830658,51.73234298931281,0.0,6332480
2023-04-24,0.0,51.77399826049805,0.0,52.10721596435117,51.44077737881508,51.64903963540947,0.0,7584760
2023-04-25,0.0,52.773651123046875,0.0,52.773651123046875,51.898950337714815,52.02390895468924,0.0,9769140
2023-04-26,0.0,52.4404411315918,0.0,52.52374476990539,51.898957949063146,52.148872041834025,0.0,12144880
2023-04-27,0.0,51.024253845214844,0.0,51.94060652069083,50.940950212109726,51.81565107103314,0.0,8718860
2023-04-28,0.0,50.6910400390625,0.0,51.27417508575653,50.6910400390625,51.10756461843961,0.0,7507940
2023-05-01,0.0,50.73269271850586,0.0,50.94095499866749,50.524430438344226,50.774344538972144,0.0,8905040
2023-05-02,0.0,51.19086837768555,0.0,51.48243429466971,50.732692003354664,50.81599564311295,0.0,10152540
2023-05-03,0.0,51.56573486328125,0.0,51.56573486328125,50.73268585533054,51.14921035930589,0.0,10108760
2023-05-04,0.0,51.77399826049805,0.0,51.94060552350969,51.39912556306217,51.64903963540947,0.0,11710220
2023-05-05,0.0,50.6910400390625,0.0,51.48243737544509,50.524432749575936,51.3991337307018,0.0,7093480
2023-05-08,0.0,50.60772705078125,0.0,50.9409479238936,50.52442342141804,50.77433748733743,0.0,5592260
2023-05-09,0.0,50.89930725097656,0.0,50.940962255206806,50.691044941147965,50.81600359817738,0.0,3928320
2023-05-10,0.0,50.39946746826172,0.0,50.9409506212841,50.232857022883294,50.48277110203596,0.0,9946560
2023-05-11,0.0,50.23286437988281,0.0,50.56608531944249,50.14956073390809,50.274516202870174,0.0,10333020
2023-05-12,0.0,50.39946746826172,0.0,50.774340175905685,50.10790157222193,50.14955338910905,0.0,8519440
2023-05-15,0.0,50.14955520629883,0.0,50.60773156431925,50.10790338790243,50.357817476110846,0.0,9453580
2023-05-16,0.0,50.1078987121582,0.0,50.31616096253653,49.8579814694404,50.27450597019707,0.0,8727040
2023-05-17,0.0,49.48311996459961,0.0,50.14955863803649,49.39981314427609,49.94129635397307,0.0,8228240
2023-05-18,0.0,48.60841369628906,0.0,49.524769612655746,48.56676187687015,49.524769612655746,0.0,10254980
2023-05-19,0.0,48.733367919921875,0.0,48.899978360342274,48.48345384820619,48.56675747950147,0.0,10969740
2023-05-22,0.0,48.56675720214844,0.0,48.81667127243692,48.4418017559191,48.81667127243692,0.0,8786140
2023-05-23,0.0,49.23320007324219,0.0,49.27485507011234,48.69172007006134,48.816675527181495,0.0,10171860
2023-05-24,0.0,49.52476501464844,0.0,49.81633090134122,49.274850943507516,49.56641683020029,0.0,7019680
2023-05-25,0.0,48.31684875488281,0.0,48.7750251333717,48.10858647576694,48.400152395397086,0.0,9433640
2023-05-26,0.0,47.108924865722656,0.0,48.19188803478397,46.9839694103483,48.19188803478397,0.0,6368420
2023-05-30,0.0,46.900657653808594,0.0,47.10891990198522,46.35917771524721,46.525784971524736,0.0,9431460
2023-05-31,0.0,47.192230224609375,0.0,47.35883749330208,46.85900933156405,47.108923412433064,0.0,8213520
2023-06-01,0.0,46.6507453918457,0.0,47.35883579184,46.44248313563211,47.23388034480974,0.0,8712460
2023-06-02,0.0,46.317535400390625,0.0,46.69240818527662,46.15092809851292,46.400842229160055,0.0,8989860
2023-06-05,0.0,46.317535400390625,0.0,46.442494054629485,45.94266579333521,46.317535400390625,0.0,6685520
2023-06-06,0.0,46.317535400390625,0.0,46.567452708868345,46.19257992398235,46.400842229160055,0.0,7061440
2023-06-07,0.0,47.108924865722656,0.0,47.19223168046894,46.02596169666134,46.31752760369822,0.0,6913040
2023-06-08,0.0,46.56743240356445,0.0,47.150564061528335,46.484125611120184,47.150564061528335,0.0,5512480
2023-06-09,0.0,46.40083312988281,0.0,46.60909539421996,45.98430860120852,46.35918131258138,0.0,4927200
2023-06-12,0.0,45.65108871459961,0.0,46.317527339619964,45.609436896378966,46.192571884958035,0.0,3812580
2023-06-13,0.0,45.276214599609375,0.0,45.692739124639196,45.192910965735386,45.317869594376305,0.0,5642860
2023-06-14,0.0,44.98465347290039,0.0,45.65109214804397,44.94300165154709,45.31787439938732,0.0,6319000
2023-06-15,0.0,44.44316864013672,0.0,45.234565928293286,44.27656136080283,45.15126228862635,0.0,8308560
2023-06-16,0.0,44.77638626098633,0.0,44.81803807775615,44.19325129271913,44.19325129271913,0.0,4956000
2023-06-20,0.0,44.81804656982422,0.0,45.23457117210479,44.65143609334588,44.98465704630255,0.0,5099780
2023-06-21,0.0,45.43025207519531,0.725,45.55691763707228,44.92359627016554,44.965817050378185,0.0,5379820
2023-06-22,0.0,44.9235954284668,0.0,45.683579121772226,44.9235954284668,45.683579121772226,0.0,5772700
2023-06-23,0.0,45.388031005859375,0.0,45.64135890676055,45.1347031049582,45.472472565746756,0.0,6324000
2023-06-26,0.0,46.063575744628906,0.0,46.063575744628906,45.13470564856429,45.51469913195044,0.0,5851100
2023-06-27,0.0,45.2613639831543,0.0,45.93690932539394,45.13470164741356,45.810243768414274,0.0,5716960
2023-06-28,0.0,45.219146728515625,0.0,45.51469864408765,44.923598034182774,45.51469864408765,0.0,7034140
2023-06-29,0.0,45.2613639831543,0.0,45.51469509711362,45.1769224259938,45.219143204574046,0.0,6155260
2023-06-30,0.0,44.6280403137207,0.0,44.88137141447074,44.45915720820568,44.88137141447074,0.0,4888960
2023-07-03,0.0,44.501380920410156,0.0,44.712488037469754,44.45916014124603,44.54360169957428,0.0,2684660
2023-07-05,0.0,44.54359817504883,0.0,44.712484499581116,44.332491074693145,44.712484499581116,0.0,5198500
2023-07-06,0.0,44.881370544433594,0.0,45.26136074571493,44.839146547634606,45.00803287111447,0.0,6706300
2023-07-07,0.0,45.09247970581055,0.0,45.09247970581055,44.543599934707245,44.92359337460655,0.0,4136920
2023-07-10,0.0,45.050254821777344,0.0,45.43024825420922,44.96581326845416,45.1346995963393,0.0,6022780
2023-07-11,0.0,44.839149475097656,0.0,45.30358770029925,44.796928696780846,45.0502565879206,0.0,5205340
2023-07-12,0.0,44.33249282836914,0.0,44.628041492062735,44.12138571966262,44.33249282836914,0.0,7142040
2023-07-13,0.0,43.53028106689453,0.0,43.99471601801304,43.44583951986882,43.910274470987325,0.0,5771400
2023-07-14,0.0,43.6147346496582,0.0,43.69917621374948,43.150296383438594,43.530289864327735,0.0,6927500
2023-07-17,0.0,43.23473358154297,0.0,43.57250299987241,43.10806803639529,43.530282225236064,0.0,5212580
2023-07-18,0.0,42.854740142822266,0.0,43.53028220033332,42.68585382313485,43.2769543314215,0.0,5142720
2023-07-19,0.0,42.89696502685547,0.0,43.023630584064925,42.601416355018635,42.728078690989165,0.0,7537760
2023-07-20,0.0,43.910282135009766,0.0,43.99472369677376,43.06585363241342,43.27696075806251,0.0,7433080
2023-07-21,0.0,44.03694534301758,0.0,44.07916612164086,43.53028633582143,43.61473111430691,0.0,6751220
2023-07-24,0.0,43.95249938964844,0.0,44.2058272758554,43.82583705716438,43.910278612153746,0.0,7308240
2023-07-25,0.0,43.69917297363281,0.0,43.91028008944747,43.488065857818164,43.868059310532324,0.0,5253020
2023-07-26,0.0,43.86806106567383,0.0,44.12138897053916,43.6147331608085,43.825840285069454,0.0,6057840
2023-07-27,0.0,43.994720458984375,0.0,44.12138601354752,43.02362968520942,43.19251601754733,0.0,9467000
2023-07-28,0.0,43.150299072265625,0.0,43.57251336150987,43.065857502912536,43.488071792156774,0.0,6859100
2023-07-31,0.0,43.1925163269043,0.0,43.31917866113577,43.02362999335678,43.150292327588254,0.0,5975240
2023-08-01,0.0,43.319183349609375,0.0,43.530290484082364,43.19252100166912,43.361404132256126,0.0,5648700
2023-08-02,0.0,44.248050689697266,0.0,44.374713020507045,43.699170925805156,43.699170925805156,0.0,7760880
2023-08-03,0.0,44.33249282836914,0.0,44.585820714569195,44.079164942169086,44.585820714569195,0.0,9078320
2023-08-04,0.0,44.585819244384766,0.0,44.628040020486104,43.8258356108445,44.121384264792596,0.0,8387140
2023-08-07,0.0,44.163604736328125,0.0,44.62803971271741,44.163604736328125,44.374711836617685,0.0,6761660
2023-08-08,0.0,44.585819244384766,0.0,44.96581267177427,44.501377692182096,44.501377692182096,0.0,7457600
2023-08-09,0.0,45.09247970581055,0.0,45.17692126079313,44.543599934707245,44.58582071219853,0.0,7005980
2023-08-10,0.0,45.00803756713867,0.0,45.21914468820521,44.29027464400804,44.75470966610663,0.0,10713340
2023-08-11,0.0,45.34580993652344,0.0,45.51469627645942,45.13470281691322,45.34580993652344,0.0,7233840
2023-08-14,0.0,44.839149475097656,0.0,45.55691559143901,44.796928696780846,45.47247081356649,0.0,6604740
2023-08-15,0.0,45.34580993652344,0.0,45.43025149587192,44.881374917628754,45.00803725665148,0.0,5586720
2023-08-16,0.0,45.81024932861328,0.0,45.81024932861328,45.21914869302847,45.38803504908689,0.0,7318080
2023-08-17,0.0,46.359127044677734,0.0,46.40134782643735,45.59914008804793,45.64136086980755,0.0,8159020
2023-08-18,0.0,46.40135192871094,0.0,46.86578701160508,46.23246556550231,46.78134544062049,0.0,8946440
2023-08-21,0.0,45.641361236572266,0.0,46.31690341387218,45.59914045447337,46.232461849674394,0.0,6645400
2023-08-22,0.0,45.768028259277344,0.0,45.852469826159904,45.34581398238593,45.34581398238593,0.0,5654980
2023-08-23,0.0,45.050254821777344,0.0,45.64135535875595,44.88137171513098,45.59913458209436,0.0,5567240
2023-08-24,0.0,46.063575744628906,0.0,46.063575744628906,44.58582581464661,44.58582581464661,0.0,7697680
2023-08-25,0.0,45.68357849121094,0.0,46.40134461642659,45.472471375777914,45.97913038556054,0.0,11855080
2023-08-28,0.0,45.388031005859375,0.0,45.68357968670424,45.21914466484558,45.303589445971994,0.0,6743080
2023-08-29,0.0,44.41693115234375,0.0,45.430245844671454,44.3324896034992,45.38802507024918,0.0,7001940
2023-08-30,0.0,44.12138748168945,0.0,44.50138093678434,44.079166702509795,44.33249459882673,0.0,6974840
2023-08-31,0.0,44.03694534301758,0.0,44.2058284575107,43.82583822866225,44.163607678887416,0.0,4900320
2023-09-01,0.0,44.07916259765625,0.0,44.290269695134256,43.74138995319596,43.74138995319596,0.0,6528520
2023-09-05,0.0,44.07916259765625,0.0,44.332490470382126,43.91027627542611,44.20582492339985,0.0,4600540
2023-09-06,0.0,44.45915985107422,0.0,44.71248774564454,44.12138717748782,44.205828735264944,0.0,6795360
2023-09-07,0.0,44.79692840576172,0.0,45.1769218506222,44.712486849676665,44.965814739170696,0.0,7741680
2023-09-08,0.0,44.754703521728516,0.0,44.881369065474125,44.45915488130687,44.83914507006653,0.0,5698320
2023-09-11,0.0,44.205833435058594,0.0,44.6280477113103,44.16361265168128,44.37471978980714,0.0,5845260
2023-09-12,0.0,44.71248245239258,0.0,44.796924000173156,44.29026827101255,44.416930592683414,0.0,5937260
2023-09-13,0.0,44.585819244384766,0.0,44.8813711195716,44.374712142639346,44.754705570028854,0.0,8520540
2023-09-14,0.0,44.205833435058594,0.0,44.67027171592691,44.12139186830397,44.37471978980714,0.0,6693320
2023-09-15,0.0,45.050254821777344,0.0,45.1346995963393,44.374712731475555,44.41693350813714,0.0,5974340
2023-09-18,0.0,45.00803756713867,0.0,45.17692390823971,44.83915122603763,45.17692390823971,0.0,5882020
2023-09-19,0.0,45.134708404541016,0.0,45.47247790498946,45.00804282859822,45.17692918944215,0.0,6131900
2023-09-20,0.0,45.74665832519531,0.715,45.74665832519531,44.93357395306188,44.976367180034394,0.0,5290760
2023-09-21,0.0,46.602535247802734,0.0,46.64532847415404,46.13180322811056,46.17459645446187,0.0,9900980
2023-09-22,0.0,46.64532470703125,0.0,46.68811792992654,46.13179950246058,46.388562104745915,0.0,5945340
2023-09-25,0.0,46.43136215209961,0.0,46.90209420296296,46.388568922914594,46.7309180213088,0.0,8640580
2023-09-26,0.0,47.116058349609375,0.0,47.244441287734524,46.68811957574387,46.773709289465216,0.0,6201140
2023-09-27,0.0,47.030479431152344,0.0,47.54400473604927,46.77371677870388,46.98768619989664,0.0,9123420
2023-09-28,0.0,46.64532470703125,0.0,47.28723284520141,46.388562104745915,47.20164639941084,0.0,9153540
2023-09-29,0.0,46.602535247802734,0.0,46.81650464447316,46.046213510494056,46.13180322811056,0.0,11985780
2023-10-02,0.0,46.26018524169922,0.0,46.73091728514703,46.08900906274164,46.64533082812527,0.0,8371240
2023-10-03,0.0,47.116058349609375,0.0,47.33002773654213,46.302974026282165,46.64532635134007,0.0,8732320
2023-10-04,0.0,46.43136215209961,0.0,47.07327038461712,46.345775693729585,46.94488743214797,0.0,8313320
2023-10-05,0.0,46.602535247802734,0.0,47.073267267494906,46.43135907748361,46.47415230383492,0.0,5998080
2023-10-06,0.0,45.87503433227539,0.0,47.158850628121684,45.70386143809349,47.03047095748526,0.0,7366700
2023-10-09,0.0,45.6182746887207,0.0,46.38856582221971,45.57548146239606,46.131803199358004,0.0,5447360
2023-10-10,0.0,45.404300689697266,0.0,45.66106328653178,45.06195164888909,45.575476842558125,0.0,5620100
2023-10-11,0.0,45.06195068359375,0.0,45.44709293813841,45.06195068359375,45.23312356787427,0.0,4945180
2023-10-12,0.0,45.233123779296875,0.0,45.575476079285075,44.80518503676838,45.01915440803263,0.0,7241240
2023-10-13,0.0,45.832244873046875,0.0,46.04621427326177,45.14754344534201,45.23312989946239,0.0,5540740
2023-10-16,0.0,45.3187141418457,0.0,45.70385966867144,45.19033121126594,45.70385966867144,0.0,5034500
2023-10-17,0.0,45.489891052246094,0.0,46.04620947589591,45.27592167432379,45.789446875371866,0.0,5795040
2023-10-18,0.0,46.131797790527344,0.0,46.26017745444908,45.532682897485394,45.78944549024237,0.0,7767840
2023-10-19,0.0,46.55973815917969,0.0,46.68811782758413,45.789447089098566,45.96062324521811,0.0,8936100
2023-10-20,0.0,47.244441986083984,0.0,47.330028436156695,46.559740590760924,46.60253381579728,0.0,8349800
2023-10-23,0.0,47.116058349609375,0.0,47.757966510407634,46.64532635134007,47.50120389907108,0.0,9974160
2023-10-24,0.0,46.6881217956543,0.0,47.15885381630581,46.60253534277726,46.90209119276079,0.0,6641720
2023-10-25,0.0,47.84355545043945,0.0,47.92914189786302,46.987677916549046,47.07326436397261,0.0,7930660
2023-10-26,0.0,48.785011291503906,0.0,48.99898063927366,47.929133900424894,48.01472033356754,0.0,9206440
2023-10-27,0.0,48.57105255126953,0.0,48.78502194576852,48.057527310437514,48.39987638268757,0.0,9625280
2023-10-30,0.0,48.01472473144531,0.0,48.44266346618159,47.84355184948155,48.22869409881345,0.0,7256280
2023-10-31,0.0,47.84355545043945,0.0,48.39987388852001,47.7579657381022,48.05752483391206,0.0,6304860
2023-11-01,0.0,46.9876823425293,0.0,47.757970236639316,46.90209262212996,47.71517700889665,0.0,6787560
2023-11-02,0.0,46.21739196777344,0.0,46.60253755382103,46.131805510835775,46.38856814656282,0.0,5887320
2023-11-03,0.0,45.66106414794922,0.0,46.08900290571787,45.48989125677266,46.003416460129586,0.0,5513620
2023-11-06,0.0,45.489891052246094,0.0,45.789446875371866,45.40430134212901,45.57547749744957,0.0,3894820
2023-11-07,0.0,45.06195068359375,0.0,45.53268264519216,44.933567755469866,45.36150649599815,0.0,4558220
2023-11-08,0.0,45.0191535949707,0.0,45.31871266827861,44.93356715397613,45.0191535949707,0.0,3845540
2023-11-09,0.0,45.404300689697266,0.0,45.48989039858447,44.8479822740414,45.01915516198871,0.0,6186640
2023-11-10,0.0,44.420047760009766,0.0,45.31871856707991,44.377251269028534,45.233128850031314,0.0,5497720
2023-11-13,0.0,44.591217041015625,0.0,44.80518641888022,44.42004415065483,44.591217041015625,0.0,3175540
2023-11-14,0.0,43.60696029663086,0.0,43.86372289964606,43.52137058568337,43.820929676629135,0.0,4932080
2023-11-15,0.0,43.564170837402344,0.0,43.7781402358868,43.35020143891788,43.39299466563199,0.0,4915720
2023-11-16,0.0,43.60696029663086,0.0,43.86372289964606,43.56416707361394,43.735339965681646,0.0,6614220
2023-11-17,0.0,43.564170837402344,0.0,43.7781402358868,43.47858111906021,43.64975729083056,0.0,4620040
2023-11-20,0.0,43.05064010620117,0.0,43.60696181959151,43.0078468816897,43.60696181959151,0.0,2829960
2023-11-21,0.0,43.30739974975586,0.0,43.521369122560806,43.26460652817757,43.26460652817757,0.0,2843620
2023-11-22,0.0,43.22181701660156,0.0,43.307403467104564,42.83667145951047,43.13623056609857,0.0,5909140
2023-11-24,0.0,43.264610290527344,0.0,43.39299323134008,43.17902383992806,43.2218170652277,0.0,1562400
2023-11-27,0.0,43.30739974975586,0.0,43.43578267940424,43.09343037695091,43.30739974975586,0.0,4200060
2023-11-28,0.0,43.264610290527344,0.0,43.43578645663972,43.13623061462842,43.39299323134008,0.0,4233840
2023-11-29,0.0,43.30739974975586,0.0,43.30739974975586,42.793874560989394,42.922257490637776,0.0,3806480
2023-11-30,0.0,43.4357795715332,0.0,43.73533536606122,43.221810214037966,43.26460343255436,0.0,5073740
2023-12-01,0.0,43.264610290527344,0.0,43.73534229865102,43.2218170652277,43.56416939745245,0.0,6072780
2023-12-04,0.0,43.735347747802734,0.0,44.12049335331387,43.649761286539906,43.735347747802734,0.0,5080000
2023-12-05,0.0,43.60696029663086,0.0,43.94930934567992,43.47857736266644,43.94930934567992,0.0,5183640
2023-12-06,0.0,43.906524658203125,0.0,43.906524658203125,43.2646163934197,43.30740962475574,0.0,4903640
2023-12-07,0.0,43.22181701660156,0.0,43.69254902419565,43.17902379135007,43.56416934844116,0.0,5143520
2023-12-08,0.0,43.09342956542969,0.0,43.52136830298078,43.05063634465727,43.478575082208366,0.0,4669060
2023-12-11,0.0,42.70828628540039,0.0,43.17901823239145,42.70828628540039,43.13622501264924,0.0,3051900
2023-12-12,0.0,42.408729553222656,0.0,42.87946152614131,42.408729553222656,42.75108185984362,0.0,3435880
2023-12-13,0.0,41.852413177490234,0.0,42.40873162174223,41.80961668839001,42.32314517336922,0.0,3862440
2023-12-14,0.0,41.93799591064453,0.0,42.280348203635576,41.63844010296245,41.76681976414901,0.0,5533600
2023-12-15,0.0,41.80961608886719,0.0,41.93799902449949,41.63844319457568,41.89520580092662,0.0,4364760
2023-12-18,0.0,41.46726989746094,0.0,41.766825748060235,41.42447667093445,41.72403252153374,0.0,2099980
2023-12-19,0.0,41.29608917236328,0.0,41.51005854631335,41.29608917236328,41.51005854631335,0.0,3664060
2023-12-20,0.0,41.950889587402344,0.95,41.950889587402344,41.16513089416234,41.38339775292145,0.0,4343020
2023-12-21,0.0,41.470703125,0.0,41.81993143087939,41.427050419387065,41.514355830612935,0.0,5422560
2023-12-22,0.0,41.42705535888672,0.0,41.64532224346411,41.25244118512713,41.33974660676275,0.0,3989040
2023-12-26,0.0,41.20878219604492,0.0,41.38339634320159,41.12147345722266,41.33974030854654,0.0,1994720
2023-12-27,0.0,41.07781982421875,0.0,41.25243396742711,41.07781982421875,41.165128561066815,0.0,4783960
2023-12-28,0.0,41.165130615234375,0.0,41.20878332059282,40.99051646331265,41.0341691686711,0.0,3714480
2023-12-29,0.0,41.38340377807617,0.0,41.558014626115295,41.1214808450406,41.16513688753883,0.0,3797300
2024-01-02,0.0,42.03820037841797,0.0,42.30011995559899,41.68897205518452,41.77627747074882,0.0,4976440
2024-01-03,0.0,42.51838684082031,0.0,42.562039548618706,42.25646726354182,42.387425386937004,0.0,5156940
2024-01-04,0.0,42.78030776977539,0.0,42.78030776977539,42.38742672620022,42.78030776977539,0.0,4716140
2024-01-05,0.0,42.736663818359375,0.0,42.867621972728735,42.431088130519726,42.736663818359375,0.0,5336760
2024-01-08,0.0,41.81993865966797,0.0,42.60569748798707,41.81993865966797,42.60569748798707,0.0,3046060
2024-01-09,0.0,41.77627944946289,0.0,42.21281320893685,41.68897402976341,42.16916049908711,0.0,3653620
2024-01-10,0.0,41.470703125,0.0,41.86358413649233,41.38339771377413,41.73262268916557,0.0,3036540
2024-01-11,0.0,41.42705535888672,0.0,41.994547260494926,41.25244118512713,41.38340264806891,0.0,6192740
2024-01-12,0.0,41.42705535888672,0.0,41.6016695326463,41.25244118512713,41.38340264806891,0.0,3984920
2024-01-16,0.0,41.470703125,0.0,41.73262268916557,41.2960889720603,41.55800853622587,0.0,4335640
2024-01-17,0.0,41.6889762878418,0.0,42.16916278317475,41.645323575627614,41.863590467186995,0.0,4429260
2024-01-18,0.0,41.165130615234375,0.0,41.558008293948326,41.077821874029546,41.38339747251454,0.0,3729880
2024-01-19,0.0,40.33572006225586,0.0,40.99052070180388,40.33572006225586,40.90321195157118,0.0,3928460
2024-01-22,0.0,40.29206466674805,0.0,40.3793700806732,39.9864890570339,40.11745050840968,0.0,4615740
2024-01-23,0.0,40.1174430847168,0.0,40.423015307397044,40.1174430847168,40.20474848248617,0.0,2236120
2024-01-24,0.0,39.89918518066406,0.0,39.98649059795361,39.549956850529476,39.768223724241544,0.0,3370680
2024-01-25,0.0,39.89918518066406,0.0,40.16110476302091,39.637265598307216,39.68091830695199,0.0,4223640
2024-01-26,0.0,40.16110610961914,0.0,40.24841152983604,39.9428392285886,40.07380068940225,0.0,3204300
2024-01-29,0.0,39.76823043823242,0.0,40.20476425935569,39.724577722217845,40.161111543341114,0.0,2605640
2024-01-30,0.0,40.0301399230957,0.0,40.11744866349377,39.811873067832394,39.85552910327538,0.0,2233460
2024-01-31,0.0,40.81591033935547,0.0,40.859563053299844,40.24841506661284,40.4666819668233,0.0,6731920
2024-02-01,0.0,40.33572006225586,0.0,40.77225382195454,40.33572006225586,40.684945071721835,0.0,6017440
2024-02-02,0.0,39.724571228027344,0.0,40.29206643490873,39.5936097709045,40.2047576866641,0.0,4166660
2024-02-05,0.0,39.724571228027344,0.0,40.07379956002946,39.63726581027092,39.68091851914913,0.0,3902300
2024-02-06,0.0,39.85552978515625,0.0,40.073796644153845,39.59360688996877,39.637262926158655,0.0,4130480
2024-02-07,0.0,39.41899871826172,0.0,39.724571009214245,39.37534267913577,39.59360955281277,0.0,3111880
2024-02-08,0.0,39.41899871826172,0.0,39.54995684417501,39.331689970498005,39.46265142689948,0.0,3170620
2024-02-09,0.0,39.026119232177734,0.0,39.41900028652453,38.9388104809405,39.331691535287284,0.0,2891480
2024-02-12,0.0,39.244380950927734,0.0,39.28803365555856,38.85149994827457,39.069766801916565,0.0,2943920
2024-02-13,0.0,39.8118782043457,0.0,40.11745383943233,39.54995861033455,39.94283966659545,0.0,5238520
2024-02-14,0.0,39.375343322753906,0.0,39.811877077243366,39.375343322753906,39.54995749064734,0.0,3437820
2024-02-15,0.0,39.28803634643555,0.0,39.593608630268136,39.2443836388149,39.37534176167683,0.0,3330560
2024-02-16,0.0,39.724571228027344,0.0,39.76822393690556,39.24438476939059,39.24438476939059,0.0,3795760
2024-02-20,0.0,39.98648452758789,0.0,40.335712804705985,39.76821768701101,39.85552642153437,0.0,4464920
2024-02-21,0.0,40.16110610961914,0.0,40.55398716157177,40.16110610961914,40.292067570432785,0.0,3573120
2024-02-22,0.0,38.982460021972656,0.0,39.418993713907454,38.89515128529304,39.33168497722784,0.0,3469700
2024-02-23,0.0,39.157073974609375,0.0,39.24438271829083,38.80784899134763,38.89515440454106,0.0,2982280
2024-02-26,0.0,39.157073974609375,0.0,39.20073001169411,38.98246314822252,39.06976856141595,0.0,3592600
2024-02-27,0.0,39.11342239379883,0.0,39.33168926355271,39.026116978092524,39.11342239379883,0.0,2060940
2024-02-28,0.0,39.28803634643555,0.0,39.41899779978557,39.157074893085515,39.28803634643555,0.0,1918420
2024-02-29,0.0,38.982460021972656,0.0,39.37533768032377,38.89515128529304,39.026112725068586,0.0,1983580
2024-03-01,0.0,38.371315002441406,0.0,38.93880684530045,38.32766229614271,38.93880684530045,0.0,2242120
2024-03-04,0.0,38.58959197998047,0.0,38.58959197998047,38.3713250607843,38.45863049626722,0.0,2273620
2024-03-05,0.0,39.244380950927734,0.0,39.50630050920055,38.85149994827457,38.85149994827457,0.0,3289560
2024-03-06,0.0,39.026119232177734,0.0,39.2007334041639,38.764199639442644,38.89515777056603,0.0,4320540
2024-03-07,0.0,38.45862579345703,0.0,38.895159578469006,38.327667656246525,38.72054539836652,0.0,2415020
2024-03-08,0.0,39.026119232177734,0.0,39.11342465292666,38.19670441310969,38.414971295470316,0.0,5927480
2024-03-11,0.0,39.157073974609375,0.0,39.37534083808097,39.06976856141595,39.157073974609375,0.0,3868920
2024-03-12,0.0,38.63323974609375,0.0,39.288040419756356,38.58958703394727,38.98246810424252,0.0,3270120
2024-03-13,0.0,38.938804626464844,0.0,39.0697660683864,38.76419381121985,38.76419381121985,0.0,2729420
2024-03-14,0.0,39.06977081298828,0.0,39.33169039815089,38.807851227825665,38.851503936938066,0.0,4227620
2024-03-15,0.0,39.54996109008789,0.0,39.637269847224694,39.288041479654574,39.37534690630283,0.0,2885040
2024-03-18,0.0,39.20073318481445,0.0,39.20073318481445,38.851504842796245,39.06977172393555,0.0,2560440
2024-03-19,0.0,39.11342239379883,0.0,39.5499561333066,39.06976968594567,39.41899800974714,0.0,3464980
2024-03-20,0.0,38.61853790283203,0.54,39.14876818681266,38.61853790283203,38.9720236351118,0.0,2930600
2024-03-21,0.0,38.44179153442383,0.0,38.48597682748042,38.1766764049625,38.1766764049625,0.0,3363780
2024-03-22,0.0,38.44179153442383,0.0,38.61853607777197,38.35342094831064,38.530162120537014,0.0,1720720
2024-03-25,0.0,38.57435607910156,0.0,38.79528594582924,38.48598210973715,38.70691197646482,0.0,2138640
2024-03-26,0.0,38.7510986328125,0.0,38.7510986328125,38.39761285634099,38.48598345767828,0.0,2028020
2024-03-27,0.0,38.66272735595703,0.0,38.883657226562505,38.4859827852482,38.4859827852482,0.0,3073760
2024-03-28,0.0,38.706912994384766,0.0,38.75109829466785,38.574357093535525,38.66272769410168,0.0,2489420
2024-04-01,0.0,38.66272735595703,0.0,38.839471926665865,38.39761218545493,38.6185420560604,0.0,1853160
2024-04-02,0.0,38.97203063964844,0.0,39.281334503497334,38.97203063964844,39.060404616943494,0.0,1732820
2024-04-03,0.0,38.92783737182617,0.0,39.237141172390714,38.75109282452098,39.237141172390714,0.0,2022400
2024-04-04,0.0,39.590633392333984,0.0,39.590633392333984,38.48598400431617,38.57435797803104,0.0,4054180
2024-04-05,0.0,39.060401916503906,0.0,39.50226165906363,38.88365734525556,39.45807635903211,0.0,3886280
2024-04-08,0.0,39.060401916503906,0.0,39.237146487752256,38.927842645287065,39.01621661647239,0.0,2353900
2024-04-09,0.0,38.97203063964844,0.0,39.36970510966986,38.839474730389654,38.88366003347592,0.0,2976360
2024-04-10,0.0,39.299007415771484,0.0,39.4757486196472,39.21947252557847,39.422727606933435,0.2,8400000
2024-04-11,0.0,38.68040466308594,0.0,39.35203003006617,38.60970548176038,39.14877494043896,0.0,7941600
2024-04-12,0.0,39.32551193237305,0.0,39.4492321046909,38.98969762813754,39.06923250621642,0.0,5900500
2024-04-15,0.0,39.97947311401367,0.0,40.05900800674462,38.98970481089023,38.98970481089023,0.0,5707200
2024-04-16,0.0,39.97947311401367,0.0,40.11202902115026,39.732029352671574,40.005983621216494,0.0,7474500
2024-04-17,0.0,40.483192443847656,0.0,40.56272733552997,39.802728008592865,39.802728008592865,0.0,4784700
2024-04-18,0.0,40.73946762084961,0.0,40.80132771618912,40.28877215892995,40.44784193869509,0.0,4022700
2024-04-19,0.0,41.58783721923828,0.0,41.746906984912194,40.82783797682336,40.880858984633285,0.0,6938300
2024-04-22,0.0,41.190162658691406,0.0,41.67620766491371,40.95155801102837,41.340393341781805,0.0,4733400
2024-04-23,0.0,40.58039855957031,0.0,41.039933112458854,40.474353161556785,40.99574781088008,0.0,4957400
2024-04-24,0.0,40.465518951416016,0.0,40.67760975531404,40.156215086641126,40.29761007961399,0.0,3711800
2024-04-25,0.0,40.695281982421875,0.0,41.278536713014255,40.598072298802755,41.190166112154515,0.0,4178600
2024-04-26,0.0,40.05900573730469,0.0,40.45667680730791,39.926446466555426,40.38598100173132,0.0,3839500
2024-04-29,0.0,39.90877151489258,0.0,40.16505097273127,39.829236626981334,39.87342192668263,0.0,2635300
2024-04-30,0.0,40.66877365112305,0.0,40.67760936323257,39.95295960984105,40.06784409399996,0.0,3500100
2024-05-01,0.0,40.978065490722656,0.0,41.05760036740745,40.15620622202036,40.83667052896322,0.0,4977900
2024-05-02,0.0,40.483192443847656,0.0,41.1017934112407,40.40365755216534,40.651097939122565,0.0,4443100
2024-05-03,0.0,39.696678161621094,0.0,39.93528283019262,39.59063276596342,39.793887845608275,0.0,4311500
2024-05-06,0.0,39.254825592041016,0.0,39.59947909042029,39.254825592041016,39.52877989963798,0.0,3457800
2024-05-07,0.0,39.26365661621094,0.0,39.32551670988502,39.122261634795564,39.23714611067126,0.0,4005500
2024-05-08,0.0,39.2901611328125,0.0,39.51993004954058,39.18411575569587,39.51993004954058,0.0,2885800
2024-05-09,0.0,39.237144470214844,0.0,39.46691004123775,39.19295580133317,39.29900456130263,0.0,2369100
2024-05-10,0.0,39.1576042175293,0.0,39.29899917364873,38.96318488869446,39.122254635719024,0.0,2377600
2024-05-13,0.0,39.0869140625,0.0,39.201798544300665,38.99854345872868,38.99854345872868,0.0,1879900
2024-05-14,0.0,38.83063507080078,0.0,39.1399389300592,38.795288851529875,39.13109984689961,0.0,3026800
2024-05-15,0.0,38.2562141418457,0.0,38.75993393682867,38.22086455630816,38.63621375856928,0.0,3025900
2024-05-16,0.0,38.34458541870117,0.0,38.36226021178529,38.12365556183276,38.282725328467784,0.0,3984800
2024-05-17,0.0,38.37993621826172,0.0,38.56551649482905,38.30040133242969,38.34458663097588,0.0,2646700
2024-05-20,0.0,38.123653411865234,0.0,38.379932840449115,38.070632406725046,38.37109375884449,0.0,2209900
2024-05-21,0.0,38.061798095703125,0.0,38.30040276210583,38.03528758981027,38.282727967803154,0.0,1635300
2024-05-22,0.0,38.07063674926758,0.0,38.29156661887719,37.98226277875037,38.04412287255128,0.0,2907900
2024-05-23,0.0,38.273895263671875,0.0,38.43296505377295,37.69064049034211,37.69947620262658,0.0,6359900
2024-05-24,0.0,37.92923355102539,0.0,38.22086255979352,37.823188171074186,38.15016339241148,0.0,5505900
2024-05-28,0.0,37.79668045043945,0.0,38.03528510123069,37.78784136830528,37.83203003673195,0.0,2604200
2024-05-29,0.0,38.061798095703125,0.0,38.15900777880671,37.920403112404,38.15016869609421,0.0,3115000
2024-05-30,0.0,38.477142333984375,0.0,38.60086250690364,38.15016373855847,38.159002820122346,0.0,2981300
2024-05-31,0.0,38.49481964111328,0.0,39.23714409825173,38.43295955061192,38.49481964111328,0.0,5038400
2024-06-03,0.0,38.397613525390625,0.0,38.83947328202085,38.18551935891426,38.2650542499526,0.0,3813800
2024-06-04,0.0,38.29156494140625,0.0,38.57435489242836,38.194355263657,38.424120834691664,0.0,3894200
2024-06-05,0.0,37.53156280517578,0.0,38.09714266383976,37.522723723628104,37.999932993546544,0.0,3492000
2024-06-06,0.0,37.54924392700195,0.0,37.64645024255983,37.46086995223692,37.48738045910521,0.0,2274000
2024-06-07,0.0,37.61110305786133,0.0,37.71714845373351,37.39900889499461,37.61993876954969,0.0,2323400
2024-06-10,0.0,37.48737716674805,0.0,37.74365661437505,37.45203095106878,37.72598182097435,0.0,1305700
2024-06-11,0.0,37.22226333618164,0.0,37.708308373117035,37.213427624727075,37.584588186019545,0.0,1883200
2024-06-12,0.0,36.75389099121094,0.0,36.97482084728431,36.568310721178605,36.93063555029405,0.0,3515500
2024-06-13,0.0,36.559471130371094,0.0,36.73621568699475,36.43575095207114,36.488775330394844,0.0,2198400
2024-06-14,0.0,36.409244537353516,0.0,36.63901012698232,36.400405454412564,36.59482482564475,0.0,1387200
2024-06-17,0.0,35.95854187011719,0.0,36.47993646107894,35.82598598021833,36.38272678581322,0.0,2422400
2024-06-18,0.0,35.96738052368164,0.0,36.099936412001526,35.923195227575015,35.98505531634869,0.0,1634400
2024-06-20,0.0,36.267845153808594,0.0,36.3915653310047,35.852495955117114,35.88784554035085,0.0,2333300
2024-06-21,0.0,36.391563415527344,0.0,36.4799340028383,36.205983159501244,36.2943537468122,0.0,1946100
2024-06-24,0.0,36.81575012207031,0.0,36.81575012207031,36.356215628875184,36.47993580567349,0.0,2583500
2024-06-25,0.0,36.382728576660156,0.0,36.71854291561988,36.373892865347464,36.647847111751744,0.0,1633700
2024-06-26,0.0,36.32511520385742,0.756,36.487160608306034,36.28910778501192,36.46015418562592,0.0,2005300
2024-06-27,0.0,36.24409484863281,0.0,36.41514469450716,36.13606571673293,36.35212741471688,0.0,1452700
2024-06-28,0.0,36.46015548706055,0.0,36.505167337862076,35.85698913111507,36.20808637522472,0.0,3369000
2024-07-01,0.0,36.26209259033203,0.0,36.68521146568477,36.21708074776298,36.39713155222266,0.0,3680700
2024-07-02,0.0,35.89298629760742,0.0,36.38812338334538,35.883985303692086,36.379122389430044,0.0,2736000
2024-07-03,0.0,35.613922119140625,0.0,35.96501937412781,35.58691226047563,35.95601494317808,0.0,2116500
2024-07-05,0.0,35.253814697265625,0.0,35.58690647034217,35.226808277178876,35.56890104555646,0.0,3783200
2024-07-08,0.0,35.1907958984375,0.0,35.316830432277165,35.15478505043088,35.24481217044742,0.0,2459800
2024-07-09,0.0,35.17279815673828,0.0,35.27182629329407,35.01075273949868,35.08277445124261,0.0,2404500
2024-07-10,0.0,34.803688049316406,0.0,35.12777881469901,34.767677201122005,35.037751694213014,0.0,4710500
2024-07-11,0.0,35.586910247802734,0.0,35.66793295084696,34.80369307449782,34.8126940707543,0.0,7498800
2024-07-12,0.0,35.4068603515625,0.0,35.59591216726845,35.05575970701519,35.56890231203635,0.0,3005400
2024-07-15,0.0,35.316837310791016,0.0,35.46988172753522,34.96574005980348,35.280826455770715,0.0,4152600
2024-07-16,0.0,35.307830810546875,0.0,35.53289346806605,35.16379084710195,35.226808116472625,0.0,2223500
2024-07-17,0.0,36.34312057495117,0.0,36.36112600143845,35.856987796530625,35.892995215321214,0.0,6388400
2024-07-18,0.0,36.541175842285156,0.0,36.77523951191138,36.07304506884884,36.08204949894054,0.0,4726400
2024-07-19,0.0,36.892269134521484,0.0,36.98229625493062,36.397131991913504,36.58618379349743,0.0,6245300
2024-07-22,0.0,36.34312057495117,0.0,36.694217805993105,36.27110230318604,36.442148703539196,0.0,3962500
2024-07-23,0.0,36.487159729003906,0.0,36.514169585217076,36.19907978007857,36.42414245481298,0.0,3010000
2024-07-24,0.0,37.810523986816406,0.0,37.86454025738931,36.991296104469384,37.01830252266414,0.0,7301600
2024-07-25,0.0,38.242645263671875,0.0,38.44070149558306,37.44142277520718,37.783518966458274,0.0,7156500
2024-07-26,0.0,37.87354278564453,0.0,38.1256118568248,37.63047470949919,37.89154820989791,0.0,4015000
2024-07-29,0.0,37.810523986816406,0.0,37.98157035902217,37.46842780822148,37.64847860928109,0.0,2723800
2024-07-30,0.0,38.33267593383789,0.0,38.602750453333414,37.59446721041384,37.648483487986475,0.0,3667500
2024-07-31,0.0,37.21635818481445,0.0,37.594461770560486,37.063313804262485,37.468427241978475,0.0,5642500
2024-08-01,0.0,38.107608795166016,0.0,38.40468970153403,36.86526203008589,37.1623429364539,0.0,6870600
2024-08-02,0.0,39.0618782043457,0.0,39.40397443963119,38.66576912371995,38.87282637728686,0.0,15541700
2024-08-05,0.0,40.17818832397461,0.0,41.2764918050445,39.63803586199803,41.16846268632269,0.0,13226400
2024-08-06,0.0,39.86309814453125,0.0,40.31322347474207,39.169904723904544,40.07015538432618,0.0,10610800
2024-08-07,0.0,40.30421829223633,0.0,40.34022913911636,39.016859706833976,39.23292135393078,0.0,7089800
2024-08-08,0.0,39.07988357543945,0.0,40.07916242302489,38.99886087335999,39.728065192075185,0.0,6704000
2024-08-09,0.0,38.89083480834961,0.0,39.313950344333755,38.77380124409755,39.223926639022466,0.0,2461000
2024-08-12,0.0,38.81880569458008,0.0,39.0708782029168,38.56673662042693,38.82781012390473,0.0,2208300
2024-08-13,0.0,37.882545471191406,0.0,38.45870528404577,37.85553561896279,38.45870528404577,0.0,3499800
2024-08-14,0.0,37.86454391479492,0.0,38.224642117513305,37.68449309634387,37.80152664346461,0.0,1929000
2024-08-15,0.0,36.91927719116211,0.0,37.4234187852647,36.89227077093321,37.378406940155315,0.0,4892300
2024-08-16,0.0,36.901275634765625,0.0,37.171350142784156,36.79324308421126,37.090327446960224,0.0,1964900
2024-08-19,0.0,36.433143615722656,0.0,37.0453143108036,36.42413918639829,36.91027534440673,0.0,1765200
2024-08-20,0.0,36.523162841796875,0.0,36.6401963694305,36.316105637019334,36.505157419531464,0.0,2048600
2024-08-21,0.0,36.34312057495117,0.0,36.59519311158904,36.21708602372422,36.46915512617813,0.0,3159200
2024-08-22,0.0,36.9462890625,0.0,37.01830733176982,36.14506649958922,36.19907934299562,0.0,3262300
2024-08-23,0.0,36.559181213378906,0.0,36.928283860355386,36.35212396597102,36.63119948308503,0.0,4030100
2024-08-26,0.0,36.93728256225586,0.0,37.09032695642529,36.559178942867234,36.62219621276534,0.0,2704500
2024-08-27,0.0,36.82925033569336,0.0,37.21635835189505,36.75723207654461,37.07231839941419,0.0,2319200
2024-08-28,0.0,37.2703742980957,0.0,37.531444348698074,36.82925001572733,36.88326628525713,0.0,3271300
2024-08-29,0.0,37.31538391113281,0.0,37.4234130095595,36.74822513457224,37.12633213034032,0.0,5606500
2024-08-30,0.0,36.910274505615234,0.0,37.369400799400445,36.87426365750328,37.00029819171163,0.0,2658100
2024-09-03,0.0,38.044593811035156,0.0,38.233649071692575,37.15334752384084,37.16234851997503,0.0,5576700
2024-09-04,0.0,38.15262222290039,0.0,38.386685872972066,37.8375324455081,38.314667609174464,0.0,4692700
2024-09-05,0.0,38.12561798095703,0.0,38.3686860961465,37.7655197405973,38.29666782174818,0.0,3824000
2024-09-06,0.0,39.16990661621094,0.0,39.2149218987537,38.152625793401725,38.22464406393913,0.0,7301100
2024-09-09,0.0,38.674766540527344,0.0,39.08888100933482,38.602748275344304,38.809805509748045,0.0,3023400
2024-09-10,0.0,38.35067367553711,0.0,38.89082608885297,38.296660838133946,38.54872990383794,0.0,3092400
2024-09-11,0.0,37.54045104980469,0.0,38.9628452250242,37.45942835769713,38.25164985450621,0.0,4627900
2024-09-12,0.0,37.1623420715332,0.0,37.66648362216731,37.09932480697686,37.52244366972662,0.0,4399800
2024-09-13,0.0,37.018306732177734,0.0,37.26137482612104,36.91927860862486,37.24336940054926,0.0,4902100
2024-09-16,0.0,37.1983528137207,0.0,37.45042187123817,37.15334097261878,37.1983528137207,0.0,3089300
2024-09-17,0.0,37.18034744262695,0.0,37.3874046593331,36.86526112028789,36.96428923136112,0.0,4952000
2024-09-18,0.0,37.36040115356445,0.0,37.40541299823805,36.784241299701755,37.099327646600536,0.0,4433300
2024-09-19,0.0,36.42414474487305,0.0,36.64920743375761,36.199082055988484,36.478161026511614,0.0,4436100
2024-09-20,0.0,36.532169342041016,0.0,36.83825123536387,36.43314123105616,36.51416391875437,0.0,2672400
2024-09-23,0.0,36.44214630126953,0.0,36.541174423329615,36.36112360450981,36.43314530571122,0.0,1803500
2024-09-24,0.0,36.27110290527344,0.0,36.65821099571578,36.19908119812881,36.34312117823405,0.0,3031800
2024-09-25,0.0,36.232643127441406,0.678,36.33336622295334,36.09529281665905,36.33336622295334,0.0,1878900
2024-09-26,0.0,35.985408782958984,0.0,36.25095081082861,35.66492943412525,35.68324303876759,0.0,3466900
2024-09-27,0.0,36.205169677734375,0.0,36.28757915472017,35.92131403634706,35.92131403634706,0.0,2474000
2024-09-30,0.0,36.11360549926758,0.0,36.49818426382936,36.09529189210146,36.27842447079928,0.0,4315500
2024-10-01,0.0,36.62637710571289,0.0,36.91023278574903,36.13192017647452,36.150233784183,0.0,6456700
2024-10-02,0.0,36.58974838256836,0.0,36.891917657861704,36.44324301990099,36.699630024291416,0.0,3210700
2024-10-03,0.0,36.61721420288086,0.0,36.80950180317583,36.38829939501653,36.76371954019552,0.0,3775300
2024-10-04,0.0,36.196014404296875,0.0,36.58059316268839,36.17770079742458,36.186859347342406,0.0,4810100
2024-10-07,0.0,36.60805892944336,0.0,36.69046840736533,36.27842101775547,36.36083049567744,0.0,3708700
2024-10-08,0.0,36.05867004394531,0.0,36.47071749418003,36.00372921959282,36.42493172740449,0.0,3609300
2024-10-09,0.0,35.77480697631836,0.0,36.15938568151027,35.73817976764048,36.09528631984256,0.0,3422100
2024-10-10,0.0,35.83890914916992,0.0,36.05866894693054,35.701562331912584,35.9579458518304,0.0,3339100
2024-10-11,0.0,35.820594787597656,0.0,36.040354580732405,35.738185301792555,36.00372736638271,0.0,2373000
2024-10-14,0.0,35.50927734375,0.0,35.67409634735086,35.4177127830669,35.63746912589198,0.0,4818000
2024-10-15,0.0,36.00373077392578,0.0,36.14108109425483,35.45433647853707,35.500118754325506,0.0,3800300
2024-10-16,0.0,36.00373077392578,0.0,36.232645645831695,35.93047983125703,35.98541716501766,0.0,2115100
2024-10-17,0.0,35.967098236083984,0.0,35.97625678566524,35.59167804140661,35.60083659098787,0.0,2524800
2024-10-18,0.0,35.76565170288086,0.0,35.857216231055205,35.68324223033881,35.793120362740595,0.0,1921600
2024-10-21,0.0,35.70156478881836,0.0,36.00373060194969,35.64662396235642,35.857225224348255,0.0,2895200
2024-10-22,0.0,35.67409133911133,0.0,35.957947026121374,35.57336824072184,35.90300620164612,0.0,3181200
2024-10-23,0.0,36.232643127441406,0.0,36.470716533735704,35.81144063072196,35.86637796066411,0.0,3791600
2024-10-24,0.0,35.94878005981445,0.0,36.150226209434116,35.90299779661802,35.96709366368559,0.0,2301800
2024-10-25,0.0,35.75649642944336,0.0,35.81143724715805,35.39938984670584,35.76565497887739,0.0,3271600
2024-10-28,0.0,35.75649642944336,0.0,35.77481003534825,35.52758159507693,35.52758159507693,0.0,3188200
2024-10-29,0.0,35.417701721191406,0.0,35.86637281855663,35.33529224512961,35.72902602042897,0.0,3184300
2024-10-30,0.0,35.69240188598633,0.0,35.7290290991617,35.41770477309765,35.47264559286071,0.0,3496300
2024-10-31,0.0,36.59891128540039,0.0,36.60806634348448,35.9854176048529,35.99457615590077,0.0,5084600
2024-11-01,0.0,36.369991302490234,0.0,36.52565171880356,36.104449246818135,36.50733811224376,0.0,4509600
2024-11-04,0.0,36.4798698425293,0.0,36.608061596867856,36.223486333852186,36.41577396536002,0.0,3326300
2024-11-05,0.0,36.02204132080078,0.0,36.3699928745502,35.967100498746625,36.36083432439278,0.0,3052600
2024-11-06,0.0,35.03313064575195,0.0,35.4909603919968,34.98734836972022,35.40855089795418,0.0,8072900
2024-11-07,0.0,34.50204849243164,0.0,34.868313671071384,34.45626621834258,34.868313671071384,0.0,5033200
2024-11-08,0.0,34.492889404296875,0.0,34.60277105195456,34.44710713092128,34.56614383606867,0.0,3187300
2024-11-11,0.0,34.52035903930664,0.0,34.71264666920632,34.40132234286066,34.41963594946491,0.0,3749500
2024-11-12,0.0,34.58445358276367,0.0,34.7858997546817,34.4745754403371,34.52035770860124,0.0,4426000
2024-11-13,0.0,34.63023376464844,0.0,34.785897658923986,34.4562597585409,34.62107870873244,0.0,3918800
2024-11-14,0.0,34.895774841308594,0.0,34.94155710556361,34.61191921418689,34.67601508273649,0.0,3883300
2024-11-15,0.0,35.75649642944336,0.0,35.88468817781445,35.28035315480561,35.2986667607105,0.0,6788500
2024-11-18,0.0,35.5001106262207,0.0,35.729025445714285,35.344446732624334,35.637457422139086,0.0,1834900
2024-11-19,0.0,35.25288772583008,0.0,35.71071743655514,35.234574118245455,35.69240382897052,0.0,3272600
2024-11-20,0.0,35.29866409301758,0.0,35.74733867137104,35.27119543271776,35.29866409301758,0.0,5054800
2024-11-21,0.0,35.170475006103516,0.0,35.69240054892938,35.033124708322745,35.088065526027684,0.0,5223500
2024-11-22,0.0,35.13385009765625,0.0,35.353609889920186,35.097226376415094,35.23457319023708,0.0,3748300
2024-11-25,0.0,35.088069915771484,0.0,35.24373383892846,34.75843195422833,34.85915505280692,0.0,3745300
2024-11-26,0.0,34.90493392944336,0.0,35.05143928776249,34.85915165989924,34.98734341180808,0.0,3200700
2024-11-27,0.0,35.197940826416016,0.0,35.426855642258126,35.00565321941974,35.00565321941974,0.0,2286400
2024-11-29,0.0,34.92324447631836,0.0,35.22541371617114,34.877462210785104,35.179627957674924,0.0,1304500
2024-12-02,0.0,34.538673400878906,0.0,34.84999773402969,34.48373257986522,34.83168412702513,0.0,2506900
2024-12-03,0.0,34.43795394897461,0.0,34.67602387927147,34.428795398022565,34.64855521234284,0.0,2220400
2024-12-04,0.0,34.035057067871094,0.0,34.26397191011277,34.01674695429946,34.227348190006204,0.0,2882500
2024-12-05,0.0,34.12662124633789,0.0,34.15408990655637,33.980115903567835,34.0350532240048,0.0,2638800
2024-12-06,0.0,33.851924896240234,0.0,34.117463434332834,33.83361129137816,34.117463434332834,0.0,2058100
2024-12-09,0.0,34.12662124633789,0.0,34.19987217124147,33.87023776973101,33.916020034416114,0.0,2263000
2024-12-10,0.0,34.25481414794922,0.0,34.33722362436622,33.93433479130701,34.04421292887534,0.0,2528200
2024-12-11,0.0,33.63216781616211,0.0,33.989274407077644,33.595540603513534,33.97096080075335,0.0,2908500
2024-12-12,0.0,33.8702507019043,0.0,33.8885608203991,33.71458675098464,33.79699625606817,0.0,1389600
2024-12-13,0.0,33.63216781616211,0.0,33.842769049446574,33.45819379552623,33.64132636580588,0.0,2754800
2024-12-16,0.0,33.14686965942383,0.0,33.47650758917914,33.09192884014352,33.46734903948413,0.0,3003200
2024-12-17,0.0,33.29337692260742,0.0,33.403255074490964,33.20180888523491,33.265908257877406,0.0,2248600
2024-12-18,0.0,34.50204849243164,0.0,34.59361304060977,33.247596018980495,33.34831562479099,0.0,4873900
2024-12-19,0.0,34.676021575927734,0.0,34.694335183651596,34.163254531513736,34.19987825399794,0.0,6093000
2024-12-20,0.0,34.37385177612305,0.0,35.023969056241484,33.98927304465487,34.950714633880644,0.0,5729800
2024-12-23,0.0,34.06501007080078,0.699,34.5128687380064,34.03702023881393,34.288939404403585,0.0,2649300
2024-12-24,0.0,33.626502990722656,0.0,33.99038521350981,33.626502990722656,33.96239536844547,0.0,1854100
2024-12-26,0.0,33.654483795166016,0.0,33.86908085456657,33.55184964518386,33.73845686703899,0.0,2686700
2024-12-27,0.0,34.13033676147461,0.0,34.428906930999524,33.87841751358099,33.906407354712336,0.0,4897400
2024-12-30,0.0,34.59684753417969,0.0,34.830105664072796,34.33559600841851,34.59684753417969,0.0,4876400
2024-12-31,0.0,34.895416259765625,0.0,34.95139593078917,34.46621861291189,34.522201843171885,0.0,6049100
2025-01-02,0.0,34.97938919067383,0.0,35.277959299103095,34.5408627867524,34.69014784096703,0.0,5904100
2025-01-03,0.0,34.42890548706055,0.0,34.83010980289022,34.34493240795115,34.78345532397842,0.0,4650600
2025-01-06,0.0,34.0276985168457,0.0,34.19564466196359,33.81310145569213,34.06501711413221,0.0,6344600
2025-01-07,0.0,34.652828216552734,0.0,34.77412344421558,33.94372504709229,33.96238612513556,0.0,6924800
2025-01-08,0.0,34.643497467041016,0.0,34.97005741594698,34.54086332331728,34.662158544012286,0.0,4759400
2025-01-10,0.0,35.212650299072266,0.0,35.436576119782096,34.9234089248156,34.932737684329865,0.0,4996200
2025-01-13,0.0,35.3432731628418,0.0,35.75380619390184,35.305951007499075,35.641843287110305,0.0,3884000
2025-01-14,0.0,35.380592346191406,0.0,35.62318280070896,35.02604254226067,35.119344372929454,0.0,3872700
2025-01-15,0.0,34.58751678466797,0.0,34.93273783598242,34.49421495217329,34.83010724393297,0.0,3500300
2025-01-16,0.0,34.820770263671875,0.0,34.830102581214085,34.42889834857012,34.42889834857012,0.0,3108700
2025-01-17,0.0,34.260955810546875,0.0,34.447559470083426,34.14898934374096,34.18631149934293,0.0,2589100
2025-01-21,0.0,34.06501007080078,0.0,34.382241217183754,33.99036933242385,34.083671145204015,0.0,1962900
2025-01-22,0.0,33.63582229614258,0.0,33.78510735991121,33.49586955093012,33.775778600591714,0.0,2018800
2025-01-23,0.0,33.57051086425781,0.0,33.84109115912211,33.57051086425781,33.80376900274702,0.0,2251000
2025-01-24,0.0,33.79444122314453,0.0,33.87841429780492,33.533189680180634,33.57984415662061,0.0,1581800
2025-01-27,0.0,34.79278564453125,0.0,35.044704867386116,34.35425919446129,34.98872163145054,0.0,6104600
2025-01-28,0.0,34.270286560058594,0.0,34.95139992278496,34.18631348469579,34.727474094642055,0.0,3117000
2025-01-29,0.0,34.335594177246094,0.0,34.606174447708405,34.23296003608891,34.23296003608891,0.0,3829400
2025-01-30,0.0,34.19564437866211,0.0,34.522204347443235,34.00903715682859,34.158322222448064,0.0,3491200
2025-01-31,0.0,34.27961730957031,0.0,34.34492930305798,33.67314473091431,33.971714860925566,0.0,4978700
2025-02-03,0.0,34.550193786621094,0.0,35.0167100562076,34.372918885503424,34.86742499230939,0.0,7091800
2025-02-04,0.0,34.13033676147461,0.0,34.55019861539346,34.0930146004747,34.52220877426212,0.0,4427500
2025-02-05,0.0,33.99970626831055,0.0,34.391581806568354,33.981045189418566,34.316937491000445,0.0,2551700
2025-02-06,0.0,33.81310272216797,0.0,34.0650183900436,33.81310272216797,33.971716554477574,0.0,2875300
2025-02-07,0.0,34.270286560058594,0.0,34.31693747765196,33.68247503251896,33.8037702656512,0.0,4912400
2025-02-10,0.0,33.869083404541016,0.0,34.0277008007929,33.794442645721354,33.99037864176457,0.0,3513100
2025-02-11,0.0,33.95305252075195,0.0,34.083676502871576,33.831757297682344,34.07434774382156,0.0,2062800
2025-02-12,0.0,33.934391021728516,0.0,34.344927599559014,33.878411349650925,34.31693420428369,0.0,2830800
2025-02-13,0.0,33.449214935302734,0.0,33.8877413654364,33.43055741674257,33.831758132045934,0.0,4299800
2025-02-14,0.0,33.34659194946289,0.0,33.49587704663854,33.29993746471505,33.45855488253526,0.0,3268200
2025-02-18,0.0,33.271942138671875,0.0,33.486539208048015,33.23461998071858,33.253281059695226,0.0,3354000
2025-02-19,0.0,33.28126907348633,0.0,33.458547534424575,33.18796724295639,33.31859122939298,0.0,3517100
2025-02-20,0.0,33.42122268676758,0.0,33.71046403289355,33.30925978730182,33.3185885459088,0.0,3055600
2025-02-21,0.0,34.1396598815918,0.0,34.15832095900859,33.36524118535953,33.36524118535953,0.0,5350500
2025-02-24,0.0,34.550193786621094,0.0,34.55952610518536,33.95305353102823,34.02769784259568,0.0,5507300
2025-02-25,0.0,34.98871994018555,0.0,35.24063915086328,34.59684798528906,34.60617674454232,0.0,6628300
2025-02-26,0.0,34.92340850830078,0.0,35.11934448889423,34.559526384559604,34.839435436726916,0.0,4858500
2025-02-27,0.0,35.884429931640625,0.0,35.90309100918368,34.60617637345244,34.68081712438806,0.0,7850300
2025-02-28,0.0,35.3432731628418,0.0,36.15501046574451,35.29662224828171,35.92175233370745,0.0,8082400
2025-03-03,0.0,36.099029541015625,0.0,36.36028108588329,35.007383121712465,35.11934603566326,0.0,8894100
2025-03-04,0.0,36.24831008911133,0.0,36.808131707476434,35.65116987691101,36.34161547179039,0.0,8702800
2025-03-05,0.0,35.772464752197266,0.0,36.556212163013655,35.66050185329104,36.210991148498216,0.0,12688600
2025-03-06,0.0,36.7614860534668,0.0,36.91077112786797,36.03371820142878,36.37894282786149,0.0,7080900
2025-03-07,0.0,36.51889419555664,0.0,37.35862493168189,36.416260043448354,36.8734475685025,0.0,9135500
2025-03-10,0.0,37.909114837646484,0.0,38.24500713694918,37.10670624692045,37.14402840445116,0.0,7278300
2025-03-11,0.0,38.03973388671875,0.0,38.41294473581867,37.47058351566226,37.993082975485805,0.0,8944900
2025-03-12,0.0,37.610538482666016,0.0,38.03040022819697,37.29330731453482,37.442592360759136,0.0,8362100
2025-03-13,0.0,38.300987243652344,0.0,38.46893339518764,37.67585711456632,37.67585711456632,0.0,6771600
2025-03-14,0.0,37.405277252197266,0.0,37.93710555195823,37.33996525462921,37.89978339356594,0.0,4953800
2025-03-17,0.0,37.162689208984375,0.0,37.55456118245458,36.92943106499397,37.423937191297846,0.0,4161800
2025-03-18,0.0,37.80647659301758,0.0,37.983751483250266,37.4239334178149,37.4239334178149,0.0,4798800
2025-03-19,0.0,37.330631256103516,0.0,37.79714753731031,36.966749126240096,37.64786246969361,0.0,4084900
2025-03-20,0.0,37.45192337036133,0.0,37.685181491561124,37.04139035837482,37.629201820384516,0.0,3780600
2025-03-21,0.0,37.32130432128906,0.0,37.965095539506,37.293314482003915,37.88112246241362,0.0,3907300
2025-03-24,0.0,36.55621337890625,0.0,36.81746133812226,36.47224031212446,36.761481666425404,0.0,5062300
2025-03-25,0.0,36.3509521484375,0.0,36.565549236488444,36.33229106783691,36.490908473323294,0.0,2716300
2025-03-26,0.0,37.01078414916992,0.341,37.13315041337434,36.380134154164,36.4366081294393,0.0,4600400
2025-03-27,0.0,37.23668670654297,0.0,37.34022351332549,36.86958795450466,37.1707980155612,0.0,5278100
2025-03-28,0.0,38.23442840576172,0.0,38.30973181202029,37.3496349262078,37.406112480901726,0.0,5761900
2025-03-31,0.0,38.24384689331055,0.0,39.194529151636374,38.17795820167729,38.82743398663269,0.0,6286100
2025-04-01,0.0,37.952049255371094,0.0,38.62976557478763,37.87674943691602,38.40385893809406,0.0,7457200
2025-04-02,0.0,37.66967010498047,0.0,38.507400815080615,37.40611534422923,38.49798968390992,0.0,6118500
2025-04-03,0.0,39.702816009521484,0.0,39.74046771596777,38.96862568714078,39.26983215738232,0.0,8336000
2025-04-04,0.0,42.150115966796875,0.0,42.15953068795638,40.64408374104162,40.86057564907743,0.0,14772900
2025-04-07,0.0,42.103057861328125,0.0,44.22091793638888,40.201689718616066,43.656156685971794,0.0,16306000
2025-04-08,0.0,42.87489700317383,0.0,43.486724641829184,40.20168699064471,40.662911400030715,0.0,15301800
2025-04-09,0.0,37.82027053833008,0.0,42.95019840599921,37.556715797091165,42.95019840599921,0.0,20501200
2025-04-10,0.0,39.34512710571289,0.0,40.43700132274808,38.60152215350288,38.7521253699676,0.0,12216700
2025-04-11,0.0,38.66741943359375,0.0,39.796941907997244,38.54505318228976,39.49573543606773,0.0,9506800
2025-04-14,0.0,38.413272857666016,0.0,38.80860497529675,37.76379353489537,37.79203410805764,0.0,7148200
2025-04-15,0.0,38.3662109375,0.0,38.507403047897526,37.99911575926385,38.319148097589,0.0,5204700
2025-04-16,0.0,39.52397537231445,0.0,40.06991074736012,38.82743317307487,39.12863964013406,0.0,6489700
2025-04-17,0.0,39.57103729248047,0.0,39.81576619479533,39.251004979813814,39.30747894691343,0.0,6084400
2025-04-21,0.0,40.54054641723633,0.0,41.020596694070335,40.03225915611714,40.098147846558774,0.0,5642400
2025-04-22,0.0,39.505149841308594,0.0,40.145214486692815,39.213354503050844,40.022848236369974,0.0,5338500
2025-04-23,0.0,38.63917922973633,0.0,38.76154548221671,37.83910020423136,38.29090991646922,0.0,7469400
2025-04-24,0.0,37.547306060791016,0.0,38.507403076479065,37.50965435256846,38.46034023653313,0.0,6052700
2025-04-25,0.0,37.151973724365234,0.0,37.71673498242959,37.095496162292996,37.59436872660533,0.0,4860100
2025-04-28,0.0,37.151973724365234,0.0,37.660257420357354,36.97312990646873,37.133147870341155,0.0,4145800
2025-04-29,0.0,36.926063537597656,0.0,37.38728794044563,36.85076371936249,37.34963623599597,0.0,3247200
2025-04-30,0.0,36.93547821044922,0.0,37.94263796383564,36.80369724504877,37.57553923193061,0.0,6240800
2025-05-01,0.0,36.49307632446289,0.0,36.53072802542116,36.031851964383655,36.323647260814504,0.0,5750700
2025-05-02,0.0,35.9471435546875,0.0,36.23893890081377,35.78712918435868,36.125987369366115,0.0,5758600
2025-05-05,0.0,36.16363525390625,0.0,36.29541622885769,35.9377321924612,36.276590375293196,0.0,2235200
2025-05-06,0.0,36.502498626708984,0.0,36.75664229996745,36.24835495345052,36.653101885973456,0.0,4253600
2025-05-07,0.0,36.361305236816406,0.0,36.86958892481467,36.19187614392884,36.45543091479197,0.0,4874400
2025-05-08,0.0,36.00362014770508,0.0,36.31424133916495,35.67417669373038,35.984794294525905,0.0,4610700
2025-05-09,0.0,36.0412712097168,0.0,36.18245972003992,35.796538713427196,35.890667977640234,0.0,3643300
2025-05-12,0.0,34.60112380981445,0.0,35.05293709438299,34.59171267877373,34.648190237010866,0.0,6704100
2025-05-13,0.0,34.06460189819336,0.0,34.55406333098614,33.95165036467641,34.50700049124279,0.0,5053200
2025-05-14,0.0,33.876346588134766,0.0,34.064597925151936,33.838694884465696,33.99870923906311,0.0,4296200
2025-05-15,0.0,33.84811019897461,0.0,34.11166856657214,33.66926997043644,34.01753929576426,0.0,3859300
2025-05-16,0.0,33.71632766723633,0.0,33.99870825525503,33.71632766723633,33.76339050012878,0.0,2230600
2025-05-19,0.0,33.697505950927734,0.0,34.196382094663406,33.65985424372798,34.18696737253125,0.0,3103800
2025-05-20,0.0,33.81987380981445,0.0,34.045776882410344,33.77281096891236,33.876351373295726,0.0,2291500
2025-05-21,0.0,34.29050827026367,0.0,34.40345980283977,33.6410324696205,34.08342746832042,0.0,5343700
2025-05-22,0.0,34.2246208190918,0.0,34.34698707837767,33.989303023130674,34.26227252820508,0.0,4785800
2025-05-23,0.0,34.5728874206543,0.0,34.81761991989348,34.41287305556003,34.78937934495706,0.0,5980100
2025-05-27,0.0,33.78221893310547,0.0,34.22461749556405,33.73515609661641,34.12107710088955,0.0,4292700
2025-05-28,0.0,33.92341995239258,0.0,33.96107166774894,33.62221341087214,33.70692797509134,0.0,3993600
2025-05-29,0.0,33.876346588134766,0.0,34.0457720733174,33.44335917726863,33.46218502910317,0.0,4882700
2025-05-30,0.0,33.942237854003906,0.0,34.41287341364568,33.84810858767693,33.92341200073851,0.0,7487600
2025-06-02,0.0,33.678672790527344,0.0,34.14930825642365,33.678672790527344,34.08341957845126,0.0,4084800
2025-06-03,0.0,33.415122985839844,0.0,33.71632944099428,33.33981957671915,33.67867773643393,0.0,3683900
2025-06-04,0.0,33.339820861816406,0.0,33.518664670039584,33.273932171628175,33.39629842083388,0.0,2187700
2025-06-05,0.0,33.61279296875,0.0,33.73515922750955,33.07626868351954,33.264523637611624,0.0,6698800
2025-06-06,0.0,33.29275131225586,0.0,33.405706407517165,33.17038867838483,33.29275131225586,0.0,4177500
2025-06-09,0.0,33.245689392089844,0.0,33.34922977024065,33.15156373413294,33.28334109153808,0.0,2386200
2025-06-10,0.0,33.029205322265625,0.0,33.36806351615953,32.99155361390752,33.236286127570686,0.0,2882200
2025-06-11,0.0,33.160980224609375,0.0,33.29275760331821,32.88801074547578,32.963314156546126,0.0,4289300
2025-06-12,0.0,33.0950927734375,0.0,33.26452186402033,33.029204081618,33.25511073261657,0.0,4171800
2025-06-13,0.0,33.528072357177734,0.0,33.603375761465806,33.21745479114932,33.481009524829666,0.0,8723500
2025-06-16,0.0,33.05744171142578,0.0,33.31158535225823,32.99155301832083,33.30217422067087,0.0,5692300
2025-06-17,0.0,33.40571212768555,0.0,33.46218609432283,33.13274265339134,33.236283046445294,0.0,4893900
2025-06-18,0.0,33.415122985839844,0.0,33.50924865657654,33.18921634914193,33.33981957671915,0.0,3316600
2025-06-20,0.0,33.58455276489258,0.0,33.69750429026098,33.15156892542683,33.226868745451014,0.0,5303800
2025-06-23,0.0,33.226871490478516,0.0,33.7351587826247,33.19863450446969,33.53749269923381,0.0,7162800
2025-06-24,0.0,32.727996826171875,0.0,32.944488749934585,32.671519267104266,32.90683704388951,0.0,4390000
2025-06-25,0.0,32.65277099609375,0.401,32.75751945463385,32.51945609706401,32.60515905109149,0.0,3100000
2025-06-26,0.0,32.348045349121094,0.0,32.633720608950696,32.319475280347525,32.52897216608297,0.0,3799100
2025-06-27,0.0,32.2528190612793,0.0,32.471836889855076,32.15759518191875,32.30995556843052,0.0,4038300
2025-06-30,0.0,32.05284881591797,0.0,32.21473378041005,31.986191369526637,32.090939823158266,0.0,3192500
2025-07-01,0.0,32.33852005004883,0.0,32.47183492611461,32.11950223471819,32.17663873841407,0.0,3678500
2025-07-02,0.0,32.1004638671875,0.0,32.39566375304838,32.1004638671875,32.39566375304838,0.0,4516500
2025-07-03,0.0,31.81478500366211,0.0,31.995711836566766,31.757648493638268,31.98619090117529,0.0,3176800
2025-07-07,0.0,32.071895599365234,0.0,32.21473506593716,31.93858070126265,32.00523815031394,0.0,4113300
2025-07-08,0.0,32.071895599365234,0.0,32.138553048416526,31.967147141553625,31.995713581844598,0.0,3850600
2025-07-09,0.0,31.83382797241211,0.0,32.024279358102945,31.757645965112555,31.94809735080339,0.0,4253400
2025-07-10,0.0,31.88144302368164,0.0,32.0528489242841,31.79574007338041,31.80526464150188,0.0,4396000
2025-07-11,0.0,31.986188888549805,0.0,32.109982836199634,31.890965010393387,32.024279892835615,0.0,5410600
2025-07-14,0.0,31.871919631958008,0.0,32.138549397877355,31.843349562353705,32.014755449747035,0.0,3724300
2025-07-15,0.0,31.852872848510742,0.0,31.862393782957135,31.624330463659682,31.652900532114796,0.0,4818800
2025-07-16,0.0,31.81478500366211,0.0,32.15759679868848,31.795739500320828,31.833830507003388,0.0,6427000
2025-07-17,0.0,31.55767822265625,0.0,31.843353526354544,31.54815728664169,31.786220645150028,0.0,3531500
2025-07-18,0.0,31.62433433532715,0.0,31.700516350456883,31.51958588080297,31.51958588080297,0.0,5111100
2025-07-21,0.0,31.47197151184082,0.0,31.595765460605687,31.367223065390405,31.586240893169393,0.0,3319900
2025-07-22,0.0,31.633861541748047,0.0,31.795742888561943,31.47197656237543,31.47197656237543,0.0,3812300
2025-07-23,0.0,31.51006317138672,0.0,31.748126506428154,31.500542236310675,31.595766117303963,0.0,5357100
2025-07-24,0.0,31.443408966064453,0.0,31.53863285686342,31.36722694737841,31.443408966064453,0.0,3053300
2025-07-25,0.0,31.386266708374023,0.0,31.50053971549117,31.31008833618718,31.47196964743292,0.0,5312100
2025-07-28,0.0,31.300565719604492,0.0,31.37674772909604,31.25295377995135,31.31961122197738,0.0,4670500
2025-07-29,0.0,31.35770606994629,0.0,31.395797079360523,31.08155170053098,31.167254655433712,0.0,7074200
2025-07-30,0.0,31.310094833374023,0.0,31.48150074706042,31.167255361115803,31.300570264525515,0.0,5512300
2025-07-31,0.0,31.491016387939453,0.0,31.557673828435444,30.95775323141345,30.95775323141345,0.0,6510100
2025-08-01,0.0,32.129032135009766,0.0,32.271867969123214,31.852877770141824,31.86239870605931,0.0,9884400
2025-08-04,0.0,31.54815673828125,0.0,31.843352972863094,31.529111234024597,31.833832037014023,0.0,4870400
2025-08-05,0.0,31.76717185974121,0.0,31.79573829739321,31.414839142653168,31.48149658554663,0.0,5931000
2025-08-06,0.0,31.376750946044922,0.0,31.748129198996953,31.348180873277325,31.729083694671395,0.0,3820400
2025-08-07,0.0,31.281522750854492,0.0,31.500544229603086,31.043459400748876,31.138686920326187,0.0,3674500
2025-08-08,0.0,31.014890670776367,0.0,31.24343306832614,30.995845168267373,31.224387565817146,0.0,3466500
2025-08-11,0.0,31.110111236572266,0.0,31.167247738012446,30.89109342988826,31.00536643276862,0.0,3538000
2025-08-12,0.0,30.710168838500977,0.0,31.12915898159994,30.70064790385334,30.98632316653709,0.0,4274700
2025-08-13,0.0,30.700651168823242,0.0,30.786354119998556,30.5482907703514,30.57685720989036,0.0,3699400
2025-08-14,0.0,30.748258590698242,0.0,30.843482463531025,30.63398558422942,30.82443696245289,0.0,3038200
2025-08-15,0.0,30.900623321533203,0.0,30.986326272183828,30.757783859596024,30.757783859596024,0.0,4434600
2025-08-18,0.0,30.91014289855957,0.0,31.014891348368433,30.872051892709393,30.957754839593168,0.0,2458300
2025-08-19,0.0,31.338655471801758,0.0,31.39579197663678,30.948231770157477,30.948231770157477,0.0,4086500
2025-08-20,0.0,31.529104232788086,0.0,31.919527901957157,31.395789365153433,31.40531029888832,0.0,5219000
2025-08-21,0.0,31.68146514892578,0.0,31.814780018868408,31.500538344369044,31.62432864785419,0.0,4119100
2025-08-22,0.0,31.205345153808594,0.0,31.700517370408594,31.100596695914177,31.614814416909393,0.0,5339700
2025-08-25,0.0,31.300565719604492,0.0,31.36722316163052,31.148205333179547,31.310090287070008,0.0,3845000
2025-08-26,0.0,31.186296463012695,0.0,31.39579335739658,31.176775528067136,31.348177784994306,0.0,3055700
2025-08-27,0.0,31.148202896118164,0.0,31.319608771505052,31.100590960190218,31.262475901414668,0.0,3318000
2025-08-28,0.0,30.957754135131836,0.0,31.214862969932494,30.910142195181677,31.129160024998942,0.0,5182200
2025-08-29,0.0,31.348175048828125,0.0,31.443402552762763,31.100590803713768,31.11011173782831,0.0,4836300
2025-09-02,0.0,31.614809036254883,0.0,31.95762079190715,31.60528446939903,31.852872351840297,0.0,5551000
2025-09-03,0.0,31.386266708374023,0.0,31.567197153363875,31.281518268128934,31.424357710746406,0.0,4257500
2025-09-04,0.0,31.091073989868164,0.0,31.433882151789128,31.08154942193356,31.348179203169305,0.0,3998400
2025-09-05,0.0,31.081552505493164,0.0,31.319615871659696,30.8053981289259,30.833968203005792,0.0,5340600
2025-09-08,0.0,30.929187774658203,0.0,30.995845217265973,30.824439326972225,30.967278779736407,0.0,3394700
2025-09-09,0.0,30.853010177612305,0.0,31.04345794270513,30.824440106801767,30.891097551095907,0.0,3079100
2025-09-10,0.0,30.853010177612305,0.0,30.957754995390047,30.68160428298215,30.68160428298215,0.0,4644700
2025-09-11,0.0,30.67207908630371,0.0,30.805393972158555,30.633988081042844,30.7196910266007,0.0,3367800
2025-09-12,0.0,30.548290252685547,0.0,30.69112608051831,30.491153742017417,30.64351413790739,0.0,2865600
2025-09-15,0.0,30.310224533081055,0.0,30.48162861309402,30.300701781478253,30.472107677770374,0.0,3052600
2025-09-16,0.0,30.338790893554688,0.0,30.376880081308478,30.253087950759863,30.253087950759863,0.0,2809800
2025-09-17,0.0,30.41497230529785,0.0,30.691124830496285,30.31022385628511,30.348314861845786,0.0,5670100
2025-09-18,0.0,30.138818740844727,0.0,30.253089944193718,29.986458347232173,30.157864244116084,0.0,4867500
2025-09-19,0.0,29.938846588134766,0.0,30.119773421479906,29.910278333053295,30.043593224208486,0.0,4879800
2025-09-22,0.0,29.776962280273438,0.0,29.995980111849804,29.74839402630644,29.995980111849804,0.0,4216200
2025-09-23,0.0,29.98645782470703,0.0,30.043592517246356,29.767439989740353,29.776962741210095,0.0,6142000
2025-09-24,0.0,30.082786560058594,0.36,30.22727604371144,29.8997674048306,29.909398444761788,0.0,5719000
2025-09-25,0.0,30.21764373779297,0.0,30.47772406255848,30.140582560587745,30.294704914998192,0.0,7511800
2025-09-26,0.0,30.111684799194336,0.0,30.362134091660263,30.102051922105247,30.198378855712672,0.0,5328700
2025-09-29,0.0,29.97682762145996,0.0,30.04425592251113,29.81307238864281,29.967194744555023,0.0,6229200
2025-09-30,0.0,29.89976692199707,0.0,30.130950459565078,29.890134044937973,30.00572489508026,0.0,7581800
2025-10-01,0.0,29.76490592956543,0.0,30.111682124840026,29.745640177098334,30.06351774367229,0.0,5891100
2025-10-02,0.0,29.649314880371094,0.0,29.793804348289434,29.581884747211483,29.591517623377143,0.0,6726000
2025-10-03,0.0,29.80344009399414,0.0,29.89013415054889,29.591520472512116,29.630051980884645,0.0,7415900
2025-10-06,0.0,29.581886291503906,0.0,29.658949304852168,29.495194076053835,29.543356622113137,0.0,7287100
2025-10-07,0.0,29.736011505126953,0.0,29.813072683846105,29.485562214968855,29.524091885686715,0.0,6644200
2025-10-08,0.0,29.398866653442383,0.0,29.707111352530728,29.38923377693546,29.707111352530728,0.0,4931600
2025-10-09,0.0,29.447031021118164,0.0,29.601153380200696,29.408501349989255,29.41813422709234,0.0,7396500
2025-10-10,0.0,30.496990203857422,0.0,30.506623080790952,29.350703570735195,29.42776474892002,0.0,18972800
2025-10-13,0.0,29.841968536376953,0.0,30.082784941939614,29.79380599017777,29.957561219451716,0.0,11144900
2025-10-14,0.0,30.044254302978516,0.0,30.439193048374854,29.822701820674496,30.1887437741971,0.0,10788000
2025-10-15,0.0,29.841968536376953,0.0,30.150213241531823,29.620417884207313,29.755274483391727,0.0,9792700
2025-10-16,0.0,29.94792938232422,0.0,30.17911291921534,29.543357733443898,29.69748009137131,0.0,12351200
2025-10-17,0.0,29.774539947509766,0.0,30.159845825209903,29.70711164857266,30.082784649669875,0.0,11010200
2025-10-20,0.0,29.398866653442383,0.0,29.63005017775864,29.341069394400822,29.620417301251713,0.0,6735700
2025-10-21,0.0,29.418134689331055,0.0,29.524092664563028,29.35070454854992,29.408501812076608,0.0,6736500
2025-10-22,0.0,29.716747283935547,0.0,29.99609338222004,29.42776647087034,29.447032225864724,0.0,11788900
2025-10-23,0.0,29.4566650390625,0.0,29.755276891689554,29.427766406634007,29.726380096544574,0.0,6727600
2025-10-24,0.0,29.16768455505371,0.0,29.264009650265386,29.10025441620875,29.21584710265955,0.0,7901200
2025-10-27,0.0,28.647520065307617,0.0,28.849806806169575,28.62825431145726,28.820908175394035,0.0,5853800
2025-10-28,0.0,28.43560218811035,0.0,28.608990297607175,28.358541010254363,28.560825913145056,0.0,7118100
2025-10-29,0.0,28.310375213623047,0.0,28.560824488483025,28.26221266884676,28.320008090034968,0.0,8283000
2025-10-30,0.0,28.763111114501953,0.0,28.763111114501953,28.42596779043779,28.483763211416896,0.0,7731900
2025-10-31,0.0,28.62825584411621,0.0,28.753481413564288,28.397072297385346,28.40670517482624,0.0,8824900
2025-11-03,0.0,28.50303077697754,0.0,28.608990586581076,28.329642665729356,28.358541296698526,0.0,8772200
2025-11-04,0.0,29.090621948242188,0.0,29.129151616978472,28.743845743198992,28.91723384572059,0.0,12274000
2025-11-05,0.0,28.89797019958496,0.0,29.186949166667425,28.74384783883652,29.129153740707626,0.0,7375900
2025-11-06,0.0,29.447031021118164,0.0,29.51445932355634,28.965398189664395,28.97503106676748,0.0,10598100
2025-11-07,0.0,29.552989959716797,0.0,30.092418200584515,29.552989959716797,29.639684013802388,0.0,16486200
2025-11-10,0.0,28.926868438720703,0.0,29.21584740188224,28.859438299185136,29.11952046840058,0.0,10473100
2025-11-11,0.0,29.003929138183594,0.0,29.17731724812521,28.946131876680784,29.042458808568725,0.0,8670200
2025-11-12,0.0,29.013561248779297,0.0,29.16768360081588,28.8401731434173,28.8401731434173,0.0,8956800
2025-11-13,0.0,29.620418548583984,0.0,29.726378357338877,29.167684357393508,29.196581150847816,0.0,8248900
2025-11-14,0.0,29.620418548583984,0.0,30.188745425441926,29.398867891445033,30.082785616687033,0.0,13860200
2025-11-17,0.0,29.8804988861084,0.0,30.063518024404996,29.437395761643916,29.755273331186203,0.0,10174400
2025-11-18,0.0,30.236907958984375,0.0,30.487357246747262,29.947929000872108,30.082785603020042,0.0,13469600
2025-11-19,0.0,30.073152542114258,0.0,30.333234705194073,29.745642078373024,30.20801098072049,0.0,11382000
2025-11-20,0.0,30.785968780517578,0.0,30.83413132730387,29.360336083156074,29.485561644453853,0.0,14105000
2025-11-21,0.0,30.57404899597168,0.0,31.055683618643194,30.208008887481252,30.7185384641315,0.0,13320500
2025-11-24,0.0,29.78417205810547,0.0,30.313967396657144,29.716743760902524,30.313967396657144,0.0,8978200
2025-11-25,0.0,29.610782623291016,0.0,30.179109441640666,29.552987205048925,29.87086476130524,0.0,14874700
2025-11-26,0.0,29.360336303710938,0.0,29.552990166870092,29.27364224901766,29.447030358404216,0.0,9875200
2025-11-28,0.0,29.148418426513672,0.0,29.331439412174028,29.148418426513672,29.292907904757783,0.0,3992400
2025-12-01,0.0,29.254377365112305,0.0,29.466295137752724,29.138784683582678,29.40849971562958,0.0,6568100
2025-12-02,0.0,29.023193359375,0.0,29.235112979209564,28.94613218051246,29.13878604631053,0.0,8818200
2025-12-03,0.0,28.96539878845215,0.0,29.215848086459538,28.92686911652673,29.14841978262745,0.0,6081200
2025-12-04,0.0,29.003929138183594,0.0,29.148418617373807,28.897969329378515,28.90760220629565,0.0,7004300
2025-12-05,0.0,28.888338088989258,0.0,28.965399271408454,28.73421572415086,28.926869598840614,0.0,7899600
2025-12-08,0.0,28.95576286315918,0.0,29.07135554133468,28.734212220379703,28.811273393402274,0.0,6654800
2025-12-09,0.0,28.917234420776367,0.0,29.080989650049542,28.888335790686973,29.02319238987075,0.0,9555100
2025-12-10,0.0,28.811275482177734,0.0,29.11952019661531,28.743847180554944,28.975030716383124,0.0,14513900
2025-12-11,0.0,28.917234420776367,0.0,29.26400879543228,28.897968667383438,28.984662720368256,0.0,13705700
2025-12-12,0.0,29.48556137084961,0.0,29.581886463528363,29.023192474488077,29.080989734835377,0.0,13545600
2025-12-15,0.0,29.649314880371094,0.0,29.69747742391612,29.264007182877823,29.273640059043483,0.0,11266800
2025-12-16,0.0,29.581886291503906,0.0,29.813071656981972,29.495194076053835,29.74564152030224,0.0,12660700
2025-12-17,0.0,30.130949020385742,0.0,30.14058189698473,29.495193863119177,29.533723532231786,0.0,12090000
2025-12-18,0.0,29.697479248046875,0.0,29.813071931851646,29.51445826422406,29.67821349453218,0.0,13009200
2025-12-19,0.0,29.321805953979492,0.0,29.581886274749127,29.30254020065334,29.581886274749127,0.0,10608600
2025-12-22,0.0,29.206212997436523,0.0,29.264008419589672,29.08098927655748,29.09062215313023,0.0,10560300
2025-12-23,0.0,29.061725616455078,0.0,29.26401052720145,29.052092739188563,29.25437948721841,0.0,5864500
2025-12-24,0.0,29.003150939941406,0.4,29.100772153243092,28.97386587932974,29.071487092631425,0.0,3562500
2025-12-26,0.0,29.012914657592773,0.0,29.042201581597656,28.934818055549623,28.98362959555776,0.0,4344400
2025-12-29,0.0,29.149581909179688,0.0,29.256963561475295,29.07148531570576,29.18862927493182,0.0,8268100
2025-12-30,0.0,29.227680206298828,0.0,29.23744251379831,29.100772070775346,29.208155591299867,0.0,6334800
2025-12-31,0.0,29.481494903564453,0.0,29.491255349189576,29.217918184411253,29.22768049200616,0.0,9239500
2026-01-02,0.0,29.549829483032227,0.0,29.696260374444805,29.091010331444394,29.227680777136634,0.0,10491300
2026-01-05,0.0,29.325302124023438,0.0,29.383874108458063,29.188631677716224,29.266728277619,0.0,10686300
2026-01-06,0.0,29.061725616455078,0.0,29.296015417899444,29.042201000842258,29.276490802286624,0.0,12611700
2026-01-07,0.0,29.042200088500977,0.0,29.120296686529077,28.866482277445304,29.091009764029877,0.0,12183400
2026-01-08,0.0,29.227680206298828,0.0,29.34482417235306,29.091009763275864,29.100772070775346,0.0,16846100
2026-01-09,0.0,28.934816360473633,0.0,29.305776594924183,28.886006685294763,29.188630767737234,0.0,12617500
2026-01-12,0.0,28.9250545501709,0.0,29.149583900974,28.846957951360626,29.149583900974,0.0,10628200
2026-01-13,0.0,28.973867416381836,0.0,29.09101138898248,28.827436519646092,28.925055876156673,0.0,14115400
2026-01-14,0.0,29.286251068115234,0.0,29.510778546098056,29.11053326379139,29.15934479942007,0.0,15939200
2026-01-15,0.0,29.18863296508789,0.0,29.22768219774646,28.925056230552237,28.964105463210807,0.0,13392100
2026-01-16,0.0,29.247203826904297,0.0,29.34482504282513,29.01291402587619,29.042200949243387,0.0,10783000
2026-01-20,0.0,29.86221694946289,0.0,29.911026627689825,29.5303059240041,29.745071114960428,0.0,15060100
2026-01-21,0.0,29.461971282958984,0.0,29.871978905937393,29.256966540484854,29.78411999658703,0.0,19146400
2026-01-22,0.0,29.237442016601562,0.0,29.39363520999758,29.169105865267287,29.169105865267287,0.0,15424400
2026-01-23,0.0,29.16910743713379,0.0,29.364349870384913,29.042201158899445,29.30577788519751,0.0,14389700
2026-01-26,0.0,29.051963806152344,0.0,29.19839470181642,28.954342588386343,29.149585023918345,0.0,12209100
2026-01-27,0.0,28.79814910888672,0.0,28.97386692678832,28.749339431456203,28.88600801783752,0.0,8754100
2026-01-28,0.0,28.710289001464844,0.0,28.768860984330423,28.544333498370893,28.59314503573368,0.0,14488900
2026-01-29,0.0,28.88600730895996,0.0,29.38387382680665,28.690764880089564,28.729814110651564,0.0,17460000
2026-01-30,0.0,29.237442016601562,0.0,29.364348287997178,28.94457838250673,29.071486515872078,0.0,16401800
2026-02-02,0.0,29.042200088500977,0.0,29.403398018112057,28.93481656797367,29.383873403112588,0.0,12424500
2026-02-03,0.0,29.50101661682129,0.0,29.75483101943217,28.934815830064615,28.95434044456616,0.0,20236200
2026-02-04,0.0,30.02817153930664,0.0,30.262461339141034,29.569354247377184,29.579114693146696,0.0,19046000
2026-02-05,0.0,30.447940826416016,0.0,30.56508479290203,30.07698058794749,30.30150993732361,0.0,23073000
2026-02-06,0.0,29.82316780090332,0.0,30.36984588082072,29.735308890272663,30.301511586323514,0.0,12359100
2026-02-09,0.0,29.5986385345459,0.0,30.047695368961868,29.50101732167549,29.930549541123426,0.0,9575100
2026-02-10,0.0,29.745067596435547,0.0,29.764592210204714,29.471730451545795,29.5595893515374,0.0,8214100
2026-02-11,0.0,29.66697120666504,0.0,29.940310215397897,29.46196834659264,29.520540326331947,0.0,9650100
2026-02-12,0.0,30.281986236572266,0.0,30.330795913753544,29.549829907034077,29.588877276385134,0.0,16496500
2026-02-13,0.0,30.233173370361328,0.0,30.50651239170007,30.008645886031157,30.31126996760529,0.0,11893100
2026-02-17,0.0,30.281986236572266,0.0,30.672469239932,30.145315788918985,30.428417130085936,0.0,10470400
2026-02-18,0.0,30.04769515991211,0.0,30.311270012267755,29.85245273552965,30.24293572232482,0.0,9981400
2026-02-19,0.0,30.17460060119629,0.0,30.311269177317506,30.057456639369445,30.213649829785037,0.0,8300300
2026-02-20,0.0,29.93054962158203,0.0,30.399129210255897,29.84269071595946,30.360081842184627,0.0,10624800
2026-02-23,0.0,30.291748046875,0.0,30.39912970730409,29.96959934164813,30.028171325697613,0.0,9051800
2026-02-24,0.0,29.959835052490234,0.0,30.369842637659094,29.911023517369134,30.252696815338126,0.0,7912500
2026-02-25,0.0,29.540067672729492,0.0,29.813406706746566,29.530305364874973,29.813406706746566,0.0,7543000
2026-02-26,0.0,29.901264190673828,0.0,30.155078612692794,29.58887778264121,29.58887778264121,0.0,10515800
2026-02-27,0.0,30.018407821655273,0.0,30.262459917766293,29.969598147220964,30.22341068864306,0.0,12510900
2026-03-02,0.0,29.979360580444336,0.0,30.477227112960392,29.89150353303077,30.428417435289543,0.0,11228700
2026-03-03,0.0,30.301509857177734,0.0,30.779851753331627,30.19412633654143,30.57484701956866,0.0,14649000
2026-03-04,0.0,29.852453231811523,0.0,30.213651164332887,29.735307402840604,30.174601934019318,0.0,16702200
2026-03-05,0.0,29.950075149536133,0.0,30.26246155150749,29.75483271731912,30.018409442221138,0.0,13682500
2026-03-06,0.0,30.399127960205078,0.0,30.477224555105956,30.106266194819202,30.389365653096256,0.0,13850700
2026-03-09,0.0,30.00864601135254,0.0,30.83842352426603,29.930549413782433,30.70175494401078,0.0,17124200
2026-03-10,0.0,30.018407821655273,0.0,30.125791339774437,29.745068803701834,30.008645514374468,0.0,13532500
2026-03-11,0.0,30.018407821655273,0.0,30.145314092366323,29.793880340105872,29.959835839940155,0.0,11067400
2026-03-12,0.0,30.545560836791992,0.0,30.555321281973274,30.203887534386347,30.272221822473536,0.0,11777700
2026-03-13,0.0,30.740802764892578,0.0,30.799374748441,30.242936249806547,30.42841637000796,0.0,12731200
2026-03-16,0.0,30.408891677856445,0.0,30.46746366125659,30.223411558124567,30.4186539854181,0.0,9422500
2026-03-17,0.0,30.242937088012695,0.0,30.330795996755295,30.12579311766912,30.272224011583507,0.0,6736900
2026-03-18,0.0,30.691991806030273,0.0,30.701754113208587,30.272221907211435,30.36008080984653,0.0,9707900
2026-03-19,0.0,30.77985382080078,0.0,31.09224023421314,30.643183368455453,30.975094398198557,0.0,16939100
2026-03-20,0.0,31.37533950805664,0.0,31.551057329889048,30.90675989115014,30.90675989115014,0.0,17878500
2026-03-23,0.0,31.00438117980957,0.0,31.121525153314394,30.633420919114563,30.867712590063984,0.0,16516500
2026-03-24,0.0,31.238670349121094,0.0,31.336289704386218,31.023905160780032,31.199621117439165,0.0,11800100
2026-03-25,0.0,31.036596298217773,0.154,31.154308614102103,30.850221115280448,30.958122044619483,0.0,10847000
2026-03-26,0.0,31.782106399536133,0.0,31.801721689895377,31.213165688475293,31.321068495190126,0.0,11642600
2026-03-27,0.0,32.4099006652832,0.0,32.478565407807075,31.958674145284117,31.968481790524176,0.0,11535800
2026-03-30,0.0,32.67475128173828,0.0,32.831699795811254,32.11562196648158,32.13523725653643,0.0,10829600
2026-03-31,0.0,31.576107025146484,0.0,32.331422896566984,31.487823254670122,32.32161525182412,0.0,24452300
2026-04-01,0.0,31.18373680114746,0.0,31.399538657336496,30.997359749385996,31.340685306533818,0.0,12538000
2026-04-02,0.0,31.18373680114746,0.0,31.870387915443104,31.124879708397252,31.772292760859422,0.0,11638800
2026-04-06,0.0,30.987550735473633,0.0,31.193544950512162,30.879647934658898,31.124880212165987,0.0,5867200
2026-04-07,0.0,30.987550735473633,0.0,31.536872384190644,30.977741219856494,31.154308759017404,0.0,14485500
2026-04-08,0.0,30.08509635925293,0.0,30.29109057757698,29.869292625155282,29.928147848823038,0.0,11095700
2026-04-09,0.0,29.879100799560547,0.0,30.24204540572149,29.859483638639468,30.075287376562223,0.0,10041800
2026-04-10,0.0,29.85948371887207,0.0,29.928148459715004,29.73196188218617,29.81043613900293,0.0,5987300
2026-04-13,0.0,29.54558563232422,0.0,30.00662164072169,29.535776116702085,29.94776641796269,0.0,8639800
2026-04-14,0.0,29.025691986083984,0.0,29.418063248745007,29.01588247064574,29.40825373330676,0.0,8753700
2026-04-15,0.0,28.623512268066406,0.0,29.04531209266367,28.603893236463318,28.996264513655948,0.0,7396600
2026-04-16,0.0,28.486181259155273,0.0,28.721604012829236,28.40770513695689,28.535226964555534,0.0,8378500
2026-04-17,0.0,28.12323760986328,0.0,28.3390413401392,28.07419190283769,28.270376601913853,0.0,13665200
2026-04-20,0.0,28.231142044067383,0.0,28.40770772216067,28.14285826953379,28.182094463229888,0.0,10885700
2026-04-21,0.0,28.329233169555664,0.0,28.42732645923792,28.084000880836967,28.152667493296264,0.0,11133700
2026-04-22,0.0,27.878005981445312,0.0,28.152666811711228,27.858386949789068,28.074192556060087,0.0,5587000
2026-04-23,0.0,28.03495216369629,0.0,28.27037491109157,27.789719901287828,27.94666839955135,0.0,14131100
2026-04-24,0.0,27.49544334411621,0.0,27.8191498722486,27.475824313084242,27.730866103578514,0.0,9196400
2026-04-27,0.0,27.49544334411621,0.0,27.64258233490843,27.485633828600225,27.534679535206372,0.0,6367700
2026-04-28,0.0,27.7799129486084,0.0,27.927051945430385,27.681819660402454,27.7799129486084,0.0,7356000
2026-04-29,0.0,27.6131534576416,0.0,27.809340023664046,27.603343942243104,27.730865771449817,0.0,6687200
2026-04-30,0.0,27.358112335205078,0.0,27.77991215272454,27.309066627994177,27.446396104963746,0.0,7198400
2026-05-01,0.0,27.11288070678711,0.0,27.318876798150626,27.034406450785255,27.309067282278665,0.0,9051500
2026-05-04,0.0,27.171735763549805,0.0,27.318874748642934,27.0049777481846,27.09326151343522,0.0,6950000
2026-05-05,0.0,26.828411102294922,0.0,26.975550092239658,26.76955588051178,26.96574057678017,0.0,6089600
2026-05-06,0.0,26.2692813873291,0.0,26.63222409851204,26.25947187203041,26.57336887769362,0.0,8711800
2026-05-07,0.0,26.298707962036133,0.0,26.416420274198146,26.063285208685837,26.239852741441993,0.0,10176800
2026-05-08,0.0,25.71015167236328,0.0,26.14176101466364,25.71015167236328,26.131951498818875,0.0,6120800
2026-05-11,0.0,25.631675720214844,0.0,25.778816577174318,25.58263001521083,25.739578516392136,0.0,8739000
2026-05-12,0.0,25.85729217529297,0.0,26.230044417280762,25.749389373492427,25.80824459675917,0.0,7504200
2026-05-13,0.0,25.582632064819336,0.0,25.945576672237774,25.50415780794155,25.759199610537827,0.0,5995100
2026-05-14,0.0,25.406063079833984,0.0,25.602249646401315,25.327588827401804,25.58263061554983,0.0,6847800
2026-05-15,0.0,25.79843521118164,0.0,25.916147529282693,25.582631477465842,25.759199019130506,0.0,8875400
2026-05-18,0.0,25.916147232055664,0.0,26.1711890258714,25.69053398517114,25.700343500814878,0.0,11855100
2026-05-19,0.0,26.082904815673828,0.0,26.30851805874915,25.906337279015304,26.141760037568744,0.0,8413600
2026-05-20,0.0,25.66110610961914,0.0,26.004431682237225,25.66110610961914,25.945576457808766,0.0,7759100
2026-05-21,0.0,25.602251052856445,0.0,25.886719531935167,25.51396728014867,25.808245275192018,0.0,6586000
2026-05-22,0.0,25.513965606689453,0.0,25.56301131232182,25.347207588176172,25.50415609136823,0.0,11335700
2026-05-26,0.0,25.072546005249023,0.0,25.288351593767906,25.033309816137933,25.229494503640748,0.0,5200300
2026-05-27,0.0,25.10197639465332,0.0,25.239305873092793,24.964646916213844,24.97445456098196,0.0,6037100
2026-05-28,0.0,24.905790328979492,0.0,25.200070194309273,24.856744620244793,25.111786421807725,0.0,5686000
2026-05-29,0.0,24.80769920349121,0.0,24.915600138172294,24.709605913893416,24.8175068485745,0.0,6009700
2026-06-01,0.0,24.68017578125,0.0,24.895979507731408,24.572272982522417,24.856743316995587,0.0,8990900
2026-06-02,0.0,24.56246566772461,0.0,24.788078912661394,24.552656152165557,24.68998562804468,0.0,3291500
2026-06-03,0.0,24.63113021850586,0.0,24.72922163140344,24.483989357211943,24.523227419149993,0.0,4446800
2026-06-04,0.0,24.74884033203125,0.0,25.01369163365661,24.65074704946922,24.925407866448158,0.0,9153400
2026-06-05,0.0,25.945575714111328,0.0,25.965192874375948,25.072547533739794,25.121595111835834,0.0,11201900
2026-06-08,0.0,25.553203582763672,0.0,25.661106387864056,25.29816365048364,25.484538841690288,0.0,10076200
2026-06-09,0.0,25.847482681274414,0.0,26.622415713020512,25.20987912759055,25.307970542792827,0.0,20165000
2026-06-10,0.0,26.367374420166016,0.0,26.396802967872176,25.729770854323345,26.09271545880392,0.0,15090100
2026-06-11,0.0,25.513965606689453,0.0,26.31832715329219,25.435491355093422,26.161378650100133,0.0,17286900
2026-06-12,0.0,25.34720802307129,0.0,25.71015074131497,25.258924254639307,25.47472798248761,0.0,13257800
2026-06-15,0.0,24.57227325439453,0.0,24.788078854237412,24.533037063224597,24.758650307629626,0.0,7516200
2026-06-16,0.0,25.023502349853516,0.0,25.033311865677838,24.55265681612904,24.621321555925462,0.0,5599500
2026-06-17,0.0,25.288352966308594,0.0,25.347208188656474,24.83712460571143,24.84693412126504,0.0,9351900
2026-06-18,0.0,24.699796676635742,0.0,24.95483848407925,24.631131934434393,24.79788996734077,0.0,7962000
2026-06-22,0.0,24.739030838012695,0.0,24.856743151383398,24.493798566883004,24.601701364891667,0.0,6589700
2026-06-23,0.0,25.553203582763672,0.0,25.612060678804173,25.219687522429634,25.50415787370379,0.0,7473600
2026-06-24,0.0,25.680866241455078,0.229,25.888687368261063,25.334495809211433,25.502732768440232,0.0,7841700
2026-06-25,0.0,25.47304344177246,0.0,25.858998044846174,25.087088838698747,25.116776492740097,0.0,13419200
2026-06-26,0.0,25.858997344970703,0.0,25.957960593419802,25.5126288067493,25.809516664529635,0.0,9543400
2026-06-29,0.0,25.205842971801758,0.0,25.878790807495307,25.186051831832593,25.562109917184696,0.0,4970300
2026-06-30,0.0,24.800094604492188,0.0,25.205842219030906,24.73082089775147,25.205842219030906,0.0,4845900
2026-07-01,0.0,25.146465301513672,0.0,25.17615484225681,24.928747665431555,25.027710913675048,0.0,4219100
2026-07-02,0.0,25.62148666381836,0.0,25.789723619797392,24.978228380686875,25.156361850260787,0.0,7654700
2026-07-06,0.0,25.255325317382812,0.0,25.403769247457777,25.13656904078265,25.374079706415994,0.0,4491100
2026-07-07,0.0,25.7303466796875,0.0,25.888687123634064,25.482939500075123,25.562109722048405,0.0,6441100
2026-07-08,0.0,25.661073684692383,0.0,26.037131777626794,25.63138414278952,25.888687843246554,0.0,6380900
2026-07-09,0.0,25.24542999267578,0.0,25.522526726081814,25.195947421942343,25.42356347218201,0.0,4849800
2026-07-10,0.0,25.17615509033203,0.0,25.47304295042096,25.136569035617782,25.344392047733617,0.0,6075600
2026-07-13,0.0,25.661073684692383,0.0,25.710554366963454,25.413666498202975,25.4433541525388,0.0,7097500
2026-07-14,0.0,25.36418342590332,0.0,25.572006439972334,25.27511857709317,25.354288799698747,0.0,7704900
2026-07-15,0.0,25.4433536529541,0.0,25.71055386213223,25.215739498869176,25.235532526415778,0.0,7578900
2026-07-16,0.0,25.868894577026367,0.0,25.987650855976884,25.60169625262998,25.66107344832173,0.0,5123500
2026-07-17,0.0,26.264747619628906,0.0,26.59132502775422,26.027235061385934,26.4131915528555,0.0,8580100
2026-07-20,0.0,26.24495506286621,0.0,26.274642717504122,25.87879159260652,26.02723552849724,0.0,8365300
2026-07-21,0.0,25.76003646850586,0.0,25.99754713670991,25.73034692714273,25.858997831248963,0.0,9319600
2026-07-22,0.0,25.908479690551758,0.0,25.96785688408467,25.75013924941935,25.957960370568028,0.0,9117200
2026-07-23,0.0,26.383501052856445,0.0,26.551738007753592,26.145990390807583,26.294434318642253,0.0,10783100
2026-07-24,0.0,26.710079193115234,0.0,26.769456388389635,26.383501787755534,26.472568524450633,0.0,12613700
2026-07-27,0.0,26.79914665222168,0.0,27.036657327288736,26.403295527109915,26.42308855525727,0.0,6615200
2026-07-28,0.0,27.046552658081055,0.0,27.353337030675036,26.89810872860442,27.026759630799646,0.0,8959100
2026-07-29,0.0,27.62053871154785,0.0,27.640331739886452,26.88821365112328,27.06634713103654,0.0,10483200
2026-07-30,0.0,26.710079193115234,0.0,27.135619848976937,26.650701997840837,27.07624265370254,0.0,11556100
2026-07-31,0.0,26.551738739013672,0.0,26.86841963046718,26.244954361363963,26.39339829328692,0.0,13238500
2026-08-03,0.0,26.08661460876465,0.0,26.640806183533286,26.027235524364148,26.551739444499585,0.0,11656100
2026-08-04,0.0,25.205842971801758,0.0,25.809517098685735,25.14646577676027,25.78972407114957,0.0,12479400
2026-08-05,0.0,25.4433536529541,0.0,25.463146680500703,25.05739905363036,25.136569276249766,0.0,9244200
2026-08-06,0.0,25.532421112060547,0.0,25.760037160155306,25.374080662339786,25.690761561781304,0.0,5257900
2026-08-07,0.0,25.265222549438477,0.0,25.49283670786306,25.23553300755252,25.35428928752932,0.0,5694900
2026-08-10,0.0,25.344392776489258,0.0,25.354289290452385,25.195946954609383,25.285013692710493,0.0,11127500
2026-08-11,0.0,25.42356300354004,0.0,25.512629741651356,25.25532604128167,25.25532604128167,0.0,5875900
2026-08-12,0.0,25.235532760620117,0.0,25.27511881608071,25.11677648180536,25.136569509535654,0.0,7851700
2026-08-13,0.0,24.968332290649414,0.0,25.235532499543005,24.88916206811431,25.195946444491955,0.0,6790700
2026-08-14,0.0,24.998022079467773,0.0,25.10688184436909,24.899058828427215,24.928748370009487,0.0,7736300
2026-08-17,0.0,25.05739974975586,0.0,25.077192777852336,24.88916278606991,24.94853998279229,0.0,5596500
2026-08-18,0.0,25.482940673828125,0.0,25.532421357002903,25.324600222588344,25.393873934059865,0.0,7902300
2026-08-19,0.0,25.532421112060547,0.0,25.651177393134642,25.344393007746554,25.383977176393216,0.0,8691800
2026-08-20,0.0,25.7303466796875,0.0,25.809516901660782,25.58190274943347,25.670969485099285,0.0,7431000
2026-08-21,0.0,25.641281127929688,0.0,25.79962157918714,25.56211090230096,25.572007416450436,0.0,7612400
2026-08-24,0.0,25.908479690551758,0.0,26.03713059113423,25.779826902402334,25.779826902402334,0.0,6954800
2026-08-25,0.0,25.750139236450195,0.0,25.868893623456213,25.63138296187723,25.730346209426877,0.0,7344800
2026-08-26,0.0,25.7303466796875,0.0,25.849102956430915,25.68086599879182,25.82930992904585,0.0,6544400
2026-08-27,0.0,25.383975982666016,0.0,25.61159013248976,25.374079469077987,25.54231642494053,0.0,6949500
2026-08-28,0.0,25.552213668823242,0.0,25.611590864481474,25.285013457010674,25.43345927750678,0.0,8868300
2026-08-31,0.0,25.542316436767578,0.0,25.680865739497154,25.53241992317497,25.611590144348884,0.0,6181500
2026-09-01,0.0,25.888687133789062,0.0,25.987650383186228,25.720450176083972,25.898583647485477,0.0,9298400
2026-09-02,0.0,25.83920669555664,0.0,25.97775411347373,25.80951715418855,25.89858389072582,0.0,7960200
2026-09-03,0.0,25.522525787353516,0.0,25.809517136783516,25.482939732222757,25.769932969219756,0.0,8679700
2026-09-04,0.0,25.50273323059082,0.0,25.591799968712277,25.393873464538586,25.492836716625433,0.0,8519100
2026-09-08,0.0,25.51262855529785,0.0,25.621486428708693,25.40376879432006,25.433458334832263,0.0,6751200
2026-09-09,0.0,25.601696014404297,0.0,25.680866237112284,25.482939736558812,25.59179950061992,0.0,11396300
2026-09-10,0.0,25.888687133789062,0.0,25.94806432840057,25.760036230869634,25.92827318857472,0.0,17010800
2026-09-11,0.0,25.661073684692383,0.0,25.710554366963454,25.572006946550832,25.641280656757143,0.0,9297000
2026-09-14,0.0,25.868894577026367,0.0,26.106405247360385,25.740243671766404,26.08661410717448,0.0,13505800
2026-09-15,0.0,26.047027587890625,0.0,26.086613642691624,25.868894116420098,25.888687143820597,0.0,10349800
2026-09-16,0.0,26.047027587890625,0.0,26.225161059361156,25.779827380684832,25.928273198621596,0.0,17000300
2026-09-17,0.0,25.591798782348633,0.0,25.730346196307327,25.55221272832218,25.631382948808138,0.0,12447200
2026-09-18,0.0,25.453250885009766,0.0,25.68086693308494,25.443354370957188,25.54231762391591,0.0,10331600
2026-09-21,0.0,24.720924377441406,0.0,25.205842212059242,24.661547184189637,25.195945698589455,0.0,14554900
2026-09-22,0.0,24.523000717163086,0.0,24.750614873051642,24.49331117560792,24.750614873051642,0.0,17733200
2026-09-23,0.0,24.729999542236328,0.257,24.84000015258789,24.549999237060547,24.549999237060547,0.0,16690900
2026-09-24,0.0,24.739999771118164,0.0,24.959999084472656,24.700000762939453,24.950000762939453,0.0,22901000
2026-09-25,0.0,24.639999389648438,0.0,24.809999465942383,24.600000381469727,24.709999084472656,0.0,19278700
