Date,Capital Gains,Close,Dividends,High,Low,Open,Stock Splits,Volume
2020-01-02,0.0,372.0361328125,0.0,379.5685646111488,372.0361328125,378.2585732132089,0.0,179860
2020-01-03,0.0,378.7497863769531,0.0,381.69726048994994,374.32858770046056,381.69726048994994,0.0,153155
2020-01-06,0.0,374.16485595703125,0.0,385.62723666468645,373.83736436258533,384.80849518556823,0.0,133910
2020-01-07,0.0,374.16485595703125,0.0,376.29358879994004,371.872389809903,373.83736436258533,0.0,91115
2020-01-08,0.0,368.76123046875,0.0,375.3111636031364,364.99501391927544,374.32868862458565,0.0,189270
2020-01-09,0.0,362.0475158691406,0.0,366.46871514992074,361.06501603518564,362.53874080010945,0.0,155895
2020-01-10,0.0,364.17626953125,0.0,365.4862611454511,359.42757803903424,359.42757803903424,0.0,150930
2020-01-13,0.0,355.9888610839844,0.0,362.37506097534214,355.6613694196612,361.2288276572048,0.0,132500
2020-01-14,0.0,358.6087646484375,0.0,359.5912644090003,355.1700404724744,356.3162985218,0.0,144665
2020-01-15,0.0,358.4450378417969,0.0,360.57377085264443,355.0063383498206,358.1175462215147,0.0,116965
2020-01-16,0.0,351.73138427734375,0.0,356.4800753998505,351.56762596856356,355.00635056486834,0.0,112180
2020-01-17,0.0,348.29266357421875,0.0,352.22263815478306,347.8014136283969,348.62015520942987,0.0,135215
2020-01-21,0.0,348.45635986328125,0.0,350.4213343108136,346.98261028812766,350.4213343108136,0.0,107370
2020-01-22,0.0,346.8190002441406,0.0,347.63774197040823,342.8890249664476,345.18151679160553,0.0,93615
2020-01-23,0.0,345.0176696777344,0.0,350.42136867791316,344.52641977117116,347.47389422454216,0.0,105110
2020-01-24,0.0,350.5850830078125,0.0,353.5325321055294,340.7601860527426,341.4151691886786,0.0,208965
2020-01-27,0.0,364.99493408203125,0.0,367.9424083449911,361.39247664330543,365.9774338316867,0.0,315655
2020-01-28,0.0,353.6963806152344,0.0,361.72003851441616,352.05889737164534,359.75506361931156,0.0,262155
2020-01-29,0.0,353.04132080078125,0.0,355.825036714391,349.11134687626804,349.93008832062424,0.0,131560
2020-01-30,0.0,350.25762939453125,0.0,359.42754486148317,349.93013776771363,357.6263034349717,0.0,267995
2020-01-31,0.0,361.5562744140625,0.0,363.848740765599,347.31017640435,347.47390972316873,0.0,288320
2020-02-03,0.0,350.91265869140625,0.0,358.44506650424825,348.7839255103381,358.1175748577788,0.0,165320
2020-02-04,0.0,334.5378112792969,0.0,343.21647693873626,333.22781976704016,340.9239855457846,0.0,239895
2020-02-05,0.0,332.08160400390625,0.0,336.3390454098214,326.3504126995499,326.6779043483109,0.0,277290
2020-02-06,0.0,326.5141296386719,0.0,333.0640622291047,326.5141296386719,330.6078375076924,0.0,148410
2020-02-07,0.0,329.46160888671875,0.0,331.4265836939934,326.02290922049076,329.6253671981626,0.0,186675
2020-02-10,0.0,321.60162353515625,0.0,331.7540372504539,321.60162353515625,331.7540372504539,0.0,130675
2020-02-11,0.0,321.60162353515625,0.0,323.23910639426805,316.0341918085783,317.9991662423114,0.0,155315
2020-02-12,0.0,315.3792724609375,0.0,319.3092221234371,315.0517558340537,317.83549724650237,0.0,119980
2020-02-13,0.0,316.1980285644531,0.0,320.455470063173,313.5780453452319,319.80048675137357,0.0,164920
2020-02-14,0.0,314.56048583984375,0.0,317.34420186782324,313.90547766584405,315.5429606218328,0.0,115770
2020-02-18,0.0,314.396728515625,0.0,318.1629443231698,312.9230038451108,317.83545272816747,0.0,133700
2020-02-19,0.0,308.0106201171875,0.0,311.1218284068511,307.02812013833983,310.7943367425726,0.0,120905
2020-02-20,0.0,314.0693054199219,0.0,321.43798035163326,308.3381138063686,309.81183879830587,0.0,233205
2020-02-21,0.0,326.18658447265625,0.0,328.6428087909533,316.1979539031848,317.18042863890014,0.0,329710
2020-02-24,0.0,351.2401123046875,0.0,354.67883668529055,343.2164553979581,350.5851290826718,0.0,648405
2020-02-25,0.0,370.07122802734375,0.0,372.3636946667365,343.21651174011845,345.5089783795112,0.0,848155
2020-02-26,0.0,366.7961730957031,0.0,372.19987171440357,353.5325514848934,365.9774316379002,0.0,562805
2020-02-27,0.0,403.6396484375,0.0,403.9671401124576,374.0011896125927,385.46357313820124,0.0,770470
2020-02-28,0.0,400.8558654785156,0.0,432.9505190548585,397.7446326155274,428.85681132935485,0.0,1253875
2020-03-02,0.0,361.5562744140625,0.0,402.4933520201382,361.5562744140625,391.1947036092557,0.0,833185
2020-03-03,0.0,384.8085632324219,0.0,391.358496223612,351.40391497175665,359.2638145723757,0.0,864490
2020-03-04,0.0,353.5325927734375,0.0,378.4223559862894,352.87760952510325,371.05368200548673,0.0,704750
2020-03-05,0.0,374.65618896484375,0.0,379.56863892945444,359.42758907734816,371.7087139888748,0.0,590330
2020-03-06,0.0,386.77349853515625,0.0,405.60455395692645,383.4985323748484,399.38211325513976,0.0,864495
2020-03-09,0.0,441.13787841796875,0.0,443.7578610235804,413.1369361272725,443.10287786518046,0.0,677075
2020-03-10,0.0,392.9959716796875,0.0,440.97420990010727,392.9959716796875,407.07833732594736,0.0,722320
2020-03-11,0.0,427.2193603515625,0.0,437.3717762627361,406.5870868557824,412.31827810227867,0.0,458945
2020-03-12,0.0,505.6547546386719,0.0,507.61975432162717,447.52410535345325,484.6949912232311,0.0,919815
2020-03-13,0.0,410.0257873535156,0.0,501.0698641711802,407.40582919912913,447.03291803507256,0.0,678200
2020-03-16,0.0,508.4385070800781,0.0,512.5322148665522,448.3428567858314,495.50240046922386,0.0,629900
2020-03-17,0.0,439.8280334472656,0.0,512.5322834726186,426.2368917936901,479.7826167970519,0.0,697490
2020-03-18,0.0,466.355224609375,0.0,512.5322737332579,453.25535818807765,490.5900074719898,0.0,569070
2020-03-19,0.0,458.1677551269531,0.0,491.73615895065967,427.2193342790128,469.7938952261528,0.0,658110
2020-03-20,0.0,495.1748962402344,0.0,497.7948792834989,432.45931137194367,437.6992274864526,0.0,686100
2020-03-23,0.0,492.0636291503906,0.0,525.7957880981979,472.08631706296677,491.4086459612322,0.0,700210
2020-03-24,0.0,417.88568115234375,0.0,450.9628346983269,417.7219478343295,442.1204359732653,0.0,576135
2020-03-25,0.0,425.02691650390625,1.3,434.2202474528902,391.37279524574274,414.1919461531162,0.0,582435
2020-03-26,0.0,378.4036560058594,0.0,417.311098489775,375.77698286398515,416.81859414444716,0.0,624445
2020-03-27,0.0,405.4910888671875,0.0,406.80442533906745,384.14945261101974,397.939422941235,0.0,408655
2020-03-30,0.0,374.13531494140625,0.0,399.08863440825064,372.6578269689429,396.1336334135126,0.0,413310
2020-03-31,0.0,381.0302734375,0.0,385.46276179775583,362.1511350087963,376.26943219515954,0.0,490855
2020-04-01,0.0,412.5503234863281,0.0,418.9528054761829,391.7011878490572,403.35699160620493,0.0,456660
2020-04-02,0.0,396.2978210449219,0.0,419.4453017277071,395.80534170896726,416.65447694143853,0.0,579485
2020-04-03,0.0,406.80450439453125,0.0,416.32616435376974,392.02952257668977,398.76033259715103,0.0,376290
2020-04-06,0.0,349.5104064941406,0.0,381.85122129832894,344.7495888584032,376.43372274916237,0.0,439245
2020-04-07,0.0,349.83868408203125,0.0,350.6595162595585,327.8403666944153,328.9895267329914,0.0,626825
2020-04-08,0.0,334.8995361328125,0.0,349.3461877994842,332.27286308439557,342.7795302282526,0.0,458440
2020-04-09,0.0,333.7503967285156,0.0,339.66037387859285,325.54207425634263,329.1537311341363,0.0,548185
2020-04-13,0.0,325.87042236328125,0.0,340.31707582058345,324.5570856762876,336.21291432986203,0.0,467355
2020-04-14,0.0,297.6337890625,0.0,315.03541832912003,295.99212450622565,312.57292149470857,0.0,694145
2020-04-15,0.0,304.5287780761719,0.0,310.9312598864194,299.439607883545,307.31960283833587,0.0,512390
2020-04-16,0.0,293.2012634277344,0.0,303.8720817208518,290.24626258275526,297.63375217029807,0.0,687105
2020-04-17,0.0,288.2763366699219,0.0,296.64881176483294,284.33632628718505,285.8138395743923,0.0,490180
2020-04-20,0.0,295.007080078125,0.0,295.007080078125,286.3062539720758,293.529592176072,0.0,374370
2020-04-21,0.0,316.5129089355469,0.0,319.796237814443,299.11125585747294,300.42459241899365,0.0,598135
2020-04-22,0.0,297.305419921875,0.0,305.6778929676377,293.69373835919845,303.05124507182984,0.0,367025
2020-04-23,0.0,298.7829895019531,0.0,299.93214983622806,287.7838405027786,295.17133200145327,0.0,526610
2020-04-24,0.0,288.9330139160156,0.0,301.7380047699844,288.2763579952245,297.6338426404955,0.0,423345
2020-04-27,0.0,285.3213195800781,0.0,287.61964005726486,281.8738138144835,283.1871505370821,0.0,332310
2020-04-28,0.0,295.33544921875,0.0,295.9921300835213,279.90381211892253,279.90381211892253,0.0,620855
2020-04-29,0.0,275.1429443359375,0.0,285.157081450012,271.85961576414735,282.2020807254391,0.0,413935
2020-04-30,0.0,274.157958984375,0.0,278.5904479220643,271.8596388092209,272.02379022183976,0.0,394975
2020-05-01,0.0,290.2462463378906,0.0,292.7087427292475,280.39626077246317,285.81375784341,0.0,402725
2020-05-04,0.0,283.1871032714844,0.0,294.51457738241965,282.694598951485,293.0370894722317,0.0,345285
2020-05-05,0.0,276.78466796875,0.0,279.082988441875,270.3821608510772,277.44132380398156,0.0,366960
2020-05-06,0.0,273.337158203125,0.0,275.635478642565,268.4121643616272,272.6805023775176,0.0,370975
2020-05-07,0.0,266.11383056640625,0.0,269.72548752561244,264.1438130888276,266.77048635905726,0.0,463540
2020-05-08,0.0,259.21875,0.0,264.63624651132756,258.8904221916966,262.50207818264624,0.0,365540
2020-05-11,0.0,254.78631591796875,0.0,262.6663102349804,251.99549138168436,262.337982357149,0.0,357575
2020-05-12,0.0,264.80047607421875,0.0,265.1288039484032,251.66716070835358,253.30882512908673,0.0,392350
2020-05-13,0.0,271.3671569824219,0.0,277.93381522736945,259.2188241993809,263.81548998080683,0.0,664930
2020-05-14,0.0,265.45721435546875,0.0,279.90387075946967,265.45721435546875,274.97887596604795,0.0,509770
2020-05-15,0.0,262.17388916015625,0.0,273.8297203986679,262.00973769401145,272.8447114025218,0.0,461135
2020-05-18,0.0,252.15966796875,0.0,256.92048482416135,249.86132272318378,254.78631604249676,0.0,434340
2020-05-19,0.0,253.6371612548828,0.0,253.96548913974877,246.90632689097734,251.83132031340224,0.0,347995
2020-05-20,0.0,243.2946319580078,0.0,247.72712033410232,242.6379762911079,247.72712033410232,0.0,321155
2020-05-21,0.0,248.71218872070312,0.0,249.69719750783943,241.817202360191,243.29469049108144,0.0,443545
2020-05-22,0.0,247.07046508789062,0.0,251.6671299134409,246.41380941987262,249.69713785957882,0.0,276470
2020-05-26,0.0,248.05551147460938,0.0,248.87634370973407,238.53385253720046,238.86218042128797,0.0,308930
2020-05-27,0.0,245.42884826660156,0.0,259.2188203566393,245.26467179298638,249.20468171143492,0.0,486375
2020-05-28,0.0,246.41392517089844,0.0,248.21974163112029,238.69807967328404,248.21974163112029,0.0,422560
2020-05-29,0.0,239.68299865722656,0.0,248.71215271623169,238.36966214777283,244.9363196452311,0.0,570480
2020-06-01,0.0,237.05633544921875,0.0,241.65300089764088,236.72800757071963,240.99634514064263,0.0,229670
2020-06-02,0.0,234.26547241210938,0.0,241.48880980118867,234.10132102473935,236.72796867092583,0.0,231515
2020-06-03,0.0,231.96717834472656,0.0,234.7580027379429,230.6538418509159,233.1163383831321,0.0,252295
2020-06-04,0.0,235.578857421875,0.0,238.04135418935107,229.99720810218764,232.78803276203132,0.0,382525
2020-06-05,0.0,226.05723571777344,0.0,234.10140818822921,224.74389888077894,233.28057579633474,0.0,561820
2020-06-08,0.0,222.28138732910156,0.0,229.17639901493524,222.28138732910156,226.38554902313825,0.0,313290
2020-06-09,0.0,219.32638549804688,0.0,224.41553037820586,217.52054454229918,224.08720249074594,0.0,329885
2020-06-10,0.0,213.90887451171875,0.0,217.0280268252814,210.95387360687434,216.2071946322585,0.0,595380
2020-06-11,0.0,235.08633422851562,0.0,235.2505106864555,218.50553901881653,220.968035589052,0.0,725955
2020-06-12,0.0,231.80299377441406,0.0,239.68298741160683,222.28133583988154,224.74383228589122,0.0,1195060
2020-06-15,0.0,225.8930206298828,0.0,240.01131876311948,224.41550771083308,238.36965444182619,0.0,663335
2020-06-16,0.0,217.68472290039062,0.0,224.908036686454,215.0580496782881,216.20720981927835,0.0,693520
2020-06-17,0.0,216.5355224609375,0.0,218.01303543800182,213.0880422807419,215.2222109921833,0.0,318650
2020-06-18,0.0,215.55056762695312,0.0,218.50556892564845,214.8938867551242,217.35638366240133,0.0,307720
2020-06-19,0.0,215.55056762695312,0.0,218.50556892564845,210.4613973319882,210.9539017234064,0.0,493440
2020-06-22,0.0,210.13307189941406,0.0,216.20722599904366,209.96890794197407,215.55057016928367,0.0,360820
2020-06-23,0.0,206.685546875,0.0,208.49137517865296,202.74554987845386,207.34221512857522,0.0,541080
2020-06-24,0.0,215.05804443359375,0.0,217.84886900788416,206.0288898963055,208.1630587059905,0.0,694070
2020-06-25,0.0,211.11805725097656,0.0,219.65470733900395,210.62555290843795,215.0580418916626,0.0,576080
2020-06-26,0.0,221.29638671875,0.0,221.95304251991908,211.2822229271363,211.61055082772083,0.0,781265
2020-06-29,0.0,216.3713836669922,0.0,226.3855219740388,216.3713836669922,221.62470499771638,0.0,607730
2020-06-30,0.0,208.16305541992188,0.0,216.5355290106249,206.68555492307195,216.37137759697075,0.0,467540
2020-07-01,0.0,203.0738983154297,0.0,208.65556024891814,201.10390588003682,207.83472798002003,0.0,490005
2020-07-02,0.0,200.28305053710938,0.0,200.9397187815563,196.67139398000876,198.80555011833005,0.0,454465
2020-07-06,0.0,190.26893615722656,0.0,195.02976616515463,189.44810382913232,195.02976616515463,0.0,492795
2020-07-07,0.0,192.7314453125,0.0,193.223937225513,186.49311421507022,190.59727611471925,0.0,555335
2020-07-08,0.0,187.9705810546875,0.0,193.05973838612144,187.6422531719779,190.59724169108188,0.0,444200
2020-07-09,0.0,184.68724060058594,0.0,191.25389804416233,183.53808055792211,185.17974491881623,0.0,767520
2020-07-10,0.0,181.89639282226562,0.0,188.79137724201252,181.73221638734978,184.8513807771985,0.0,481760
2020-07-13,0.0,189.4480743408203,0.0,190.7613983464028,174.01642646966167,178.2847514063893,0.0,1305355
2020-07-14,0.0,186.82142639160156,0.0,197.98473755324082,186.1647580821154,193.22390796559915,0.0,1429700
2020-07-15,0.0,186.3289031982422,0.0,190.92556837520928,183.37390236663407,184.68723885288324,0.0,839645
2020-07-16,0.0,188.62722778320312,0.0,193.55222061031077,187.6422317227625,190.2688920589057,0.0,621655
2020-07-17,0.0,188.134765625,0.0,191.41809491173615,186.8214414252499,187.64227374693394,0.0,366725
2020-07-20,0.0,177.46395874023438,0.0,189.1197760765204,176.47896238539056,187.1497833668328,0.0,676640
2020-07-21,0.0,181.0756072998047,0.0,182.22476749023085,175.1656048207367,175.49394525007753,0.0,642450
2020-07-22,0.0,179.9264373779297,0.0,183.04560261810752,178.61311321489637,180.58310572189978,0.0,369745
2020-07-23,0.0,189.283935546875,0.0,191.25392807936052,179.43394783463324,180.41894410087602,0.0,843350
2020-07-24,0.0,192.89559936523438,0.0,198.96975365443194,190.7614302771879,195.1939324158442,0.0,1082320
2020-07-27,0.0,186.00059509277344,0.0,191.41808049286297,185.34392677990934,190.1047563920411,0.0,551255
2020-07-28,0.0,190.7613983154297,0.0,191.08973871045106,186.32890944433714,186.8214137744165,0.0,484870
2020-07-29,0.0,186.1647491455078,0.0,188.955573670721,184.85141258958063,188.46308185592753,0.0,499635
2020-07-30,0.0,184.03057861328125,0.0,190.76140021699663,183.538086803198,189.1197358002414,0.0,623000
2020-07-31,0.0,177.46395874023438,0.0,184.52312224561328,177.46395874023438,177.79229920845444,0.0,717225
2020-08-03,0.0,173.03146362304688,0.0,174.83729230620452,171.88229080655907,174.67312833953704,0.0,515570
2020-08-04,0.0,171.38978576660156,0.0,174.50895099377718,171.38978576660156,173.52394221947455,0.0,354975
2020-08-05,0.0,170.56893920898438,0.0,172.04643972198866,170.07643486301433,171.0614310300486,0.0,306690
2020-08-06,0.0,166.1364288330078,0.0,171.71809018251548,165.6439370381397,170.89725799949687,0.0,477340
2020-08-07,0.0,169.91224670410156,0.0,172.70307086705756,165.80808615569333,166.957246099286,0.0,502950
2020-08-10,0.0,171.38978576660156,0.0,175.9864391054174,169.41978074290319,169.58395722189152,0.0,518385
2020-08-11,0.0,178.12057495117188,0.0,178.61307924671297,171.2255899630238,173.0314181718336,0.0,594750
2020-08-12,0.0,168.76312255859375,0.0,175.00144040050577,167.61394984633418,175.00144040050577,0.0,540340
2020-08-13,0.0,168.27061462402344,0.0,169.419774787103,165.31561345480972,168.10645067571298,0.0,529635
2020-08-14,0.0,168.59890747070312,0.0,170.404748101422,167.12141971815686,167.44974754652185,0.0,322295
2020-08-17,0.0,164.65896606445312,0.0,166.464794637836,164.16646166948186,166.464794637836,0.0,333415
2020-08-18,0.0,161.37564086914062,0.0,165.15146206707627,160.8831364618455,163.50979740930234,0.0,421045
2020-08-19,0.0,163.67398071289062,0.0,164.1664851783893,160.22648702912622,161.53982392051685,0.0,361055
2020-08-20,0.0,159.07730102539062,0.0,164.9872910350994,158.42063268544368,164.6589631275793,0.0,391265
2020-08-21,0.0,156.943115234375,0.0,159.56977578779316,156.45062342586843,158.74894358204338,0.0,437210
2020-08-24,0.0,154.8089599609375,0.0,157.59978446758885,152.18228686655326,153.16729553940013,0.0,476290
2020-08-25,0.0,152.5106201171875,0.0,156.28644059479646,152.34645618770972,155.95811273584087,0.0,355915
2020-08-26,0.0,145.9439697265625,0.0,151.3614548081458,145.7798057892246,151.19729087080793,0.0,542825
2020-08-27,0.0,146.76483154296875,0.0,149.2273286744786,143.97399394564607,144.79482632281602,0.0,685255
2020-08-28,0.0,145.28729248046875,0.0,146.92895680228196,144.79478817396287,145.61562033486948,0.0,389785
2020-08-31,0.0,142.82481384277344,0.0,145.28731063316607,141.01898536813343,144.794806265125,0.0,626265
2020-09-01,0.0,138.22816467285156,0.0,142.00399854588446,137.89983673819995,140.36233382281065,0.0,634150
2020-09-02,0.0,135.4373016357422,0.0,140.8547987111336,134.944797347105,135.10897379325363,0.0,799715
2020-09-03,0.0,149.22731018066406,0.0,151.85397095710292,139.21315892523103,139.37732287533848,0.0,2562790
2020-09-04,0.0,153.1673126220703,0.0,165.31562067641696,147.42148650586049,150.868979670605,0.0,2393040
2020-09-08,0.0,167.6139678955078,0.0,168.10647232878293,158.74897577091167,165.47981124276765,0.0,1855640
2020-09-09,0.0,158.09228515625,0.0,164.00227443243858,155.30144818908784,161.04727353189168,0.0,1048635
2020-09-10,0.0,164.49478149414062,0.0,166.30062250363179,153.00312974235698,154.3164663810948,0.0,1331315
2020-09-11,0.0,166.3006134033203,0.0,170.8972663375516,160.7189517814841,161.8681118838155,0.0,1294890
2020-09-14,0.0,160.71896362304688,0.0,163.3456244254088,158.25646677241255,161.86812381004688,0.0,591240
2020-09-15,0.0,156.122314453125,0.0,158.25648362760492,154.48064971118907,156.286478422337,0.0,658460
2020-09-16,0.0,161.37564086914062,0.0,161.53980482993654,154.64480575234163,155.46563808122858,0.0,640945
2020-09-17,0.0,166.1364288330078,0.0,170.40476620462877,163.67393228395193,169.4197575650823,0.0,1051110
2020-09-18,0.0,170.73313903808594,0.0,175.65813343341534,164.00231586945077,164.6589842938097,0.0,1031530
2020-09-21,0.0,169.09141540527344,0.0,178.61307293320192,168.9272514875307,175.49390839647336,0.0,1215130
2020-09-22,0.0,162.68893432617188,0.0,170.24058781940786,162.0322660822155,165.97226302104883,0.0,732345
2020-09-23,0.0,172.86729431152344,0.0,173.85229060598104,163.01730631713252,163.34563424031592,0.0,792130
2020-09-24,0.0,171.0614471435547,0.0,176.47894535991486,166.79312166773815,175.8222770117338,0.0,1137255
2020-09-25,0.0,163.01730346679688,0.0,172.37478688789093,162.0322946646546,170.24061784979227,0.0,835110
2020-09-28,0.0,156.4506378173828,0.0,160.390622747487,156.2864613412063,157.10729362246244,0.0,628630
2020-09-29,0.0,157.92816162109375,0.0,158.42066611119597,155.62984073370862,156.7790011774012,0.0,328970
2020-09-30,0.0,155.13731384277344,0.0,157.7639748525902,151.85398444927557,157.7639748525902,0.0,628480
2020-10-01,0.0,150.5406494140625,0.0,153.33148694559216,149.88399354773344,151.03315383871708,0.0,534665
2020-10-02,0.0,158.9131317138672,0.0,160.0622918763502,153.33146979986446,157.43563113002728,0.0,1050645
2020-10-05,0.0,152.0181427001953,0.0,156.77897264680757,151.85397874167225,156.61480868828448,0.0,389570
2020-10-06,0.0,157.5997772216797,0.0,158.58477332433418,151.19728376706794,153.33145242690685,0.0,653670
2020-10-07,0.0,151.8539581298828,0.0,155.3014508905531,151.19728986001573,154.48061868444563,0.0,362645
2020-10-08,0.0,150.5406494140625,0.0,151.68982222995393,149.39148912307886,149.7198170562434,0.0,378500
2020-10-09,0.0,145.77980041503906,0.0,149.22729307166458,145.77980041503906,148.89895268418758,0.0,407145
2020-10-12,0.0,137.0789794921875,0.0,142.00397276735592,133.9598145795997,141.01897661730334,0.0,524050
2020-10-13,0.0,136.91482543945312,0.0,138.22814955937227,134.6164925734615,135.27316089587433,0.0,549915
2020-10-14,0.0,139.0489959716797,0.0,140.85483717318567,135.27317465241208,136.2581709737468,0.0,517815
2020-10-15,0.0,141.0189971923828,0.0,144.46649048301884,140.52649278304594,143.97398607368194,0.0,515725
2020-10-16,0.0,142.82481384277344,0.0,142.82481384277344,137.89982026198814,139.377320841205,0.0,400060
2020-10-19,0.0,147.42147827148438,0.0,148.40647447426383,139.70564754574826,140.52647980221553,0.0,713595
2020-10-20,0.0,146.6006317138672,0.0,148.07811961145174,143.3173030082926,146.108127398069,0.0,556905
2020-10-21,0.0,146.6006317138672,0.0,147.2572874350581,143.64563086888805,146.27229132836672,0.0,420975
2020-10-22,0.0,146.6006317138672,0.0,150.37645221033495,144.9589673610799,146.108127398069,0.0,491745
2020-10-23,0.0,145.9439697265625,0.0,149.39146251028015,145.9439697265625,146.27229760123825,0.0,399930
2020-10-26,0.0,150.5406494140625,0.0,154.31648326999354,145.61565526714782,148.57065676525974,0.0,579500
2020-10-27,0.0,148.2423095703125,0.0,150.8689702690584,147.25730084898987,149.71979760248405,0.0,402405
2020-10-28,0.0,159.8981170654297,0.0,160.06228100250243,152.5106271730065,153.00311898422473,0.0,772600
2020-10-29,0.0,154.3164825439453,0.0,158.91314873606848,150.5406487057793,158.09231638211133,0.0,568775
2020-10-30,0.0,161.7039337158203,0.0,164.6589344688124,155.62978080955338,156.61477688558253,0.0,992000
2020-11-02,0.0,161.21144104003906,0.0,164.82311027911683,156.94311605286128,159.24144874592795,0.0,616755
2020-11-03,0.0,155.79397583007812,0.0,160.22646531935408,153.00313844524277,158.9131411308202,0.0,700670
2020-11-04,0.0,141.67564392089844,0.0,147.58563330559718,139.70563910939518,145.45146455769503,0.0,1007955
2020-11-05,0.0,134.4523468017578,0.0,136.7506799784792,133.30317395094303,135.60150712766443,0.0,680650
2020-11-06,0.0,134.2881622314453,0.0,138.5564874621102,133.46732997459029,134.9448180170043,0.0,447145
2020-11-09,0.0,139.8698272705078,0.0,140.0340037602467,130.01983908174225,131.16901188537616,0.0,1208360
2020-11-10,0.0,144.4665069580078,0.0,147.25733219609668,141.5115052148123,142.98900608641006,0.0,874670
2020-11-11,0.0,137.89981079101562,0.0,142.49647616067836,137.73564685457885,142.1681357628993,0.0,410720
2020-11-12,0.0,139.37730407714844,0.0,140.52646409781684,135.92981149023834,137.57147581971026,0.0,444960
2020-11-13,0.0,136.75062561035156,0.0,140.0339538360512,136.25812136653533,137.89978547938514,0.0,382280
2020-11-16,0.0,135.10899353027344,0.0,137.89981817382895,134.45232522446446,137.07898592279423,0.0,384485
2020-11-17,0.0,135.60147094726562,0.0,136.2581391832502,134.2881470002013,134.61647485574116,0.0,340450
2020-11-18,0.0,137.89981079101562,0.0,137.89981079101562,134.61648196265813,136.25814637683686,0.0,312150
2020-11-19,0.0,135.7656707763672,0.0,138.884836328435,135.27317886282478,138.3923444148926,0.0,419225
2020-11-20,0.0,137.57147216796875,0.0,137.57147216796875,134.94479929061302,135.43730358634335,0.0,257855
2020-11-23,0.0,137.40728759765625,0.0,139.54145605313633,135.10896775317468,136.58645550322603,0.0,377410
2020-11-24,0.0,133.46734619140625,0.0,138.06399987336246,132.97484176748947,136.25817119384723,0.0,363280
2020-11-25,0.0,131.82565307617188,0.0,133.46731743565144,131.16898482739902,132.64648525591167,0.0,316970
2020-11-27,0.0,129.52734375,0.0,130.3481760772815,128.37817097686153,130.18401211680666,0.0,159815
2020-11-30,0.0,128.8706817626953,0.0,133.13900757087308,128.5423538254924,129.19900969989823,0.0,429860
2020-12-01,0.0,125.42317962646484,0.0,127.88567655947827,124.10984291889486,127.0648442484738,0.0,405170
2020-12-02,0.0,125.09481811523438,0.0,128.0498189470514,124.93065418566788,126.40815460157638,0.0,303615
2020-12-03,0.0,125.09481811523438,0.0,125.42315849927236,123.45315376975935,124.93065418566788,0.0,324265
2020-12-04,0.0,123.7815170288086,0.0,125.42318167766572,123.61735306890434,124.93067727304566,0.0,234400
2020-12-07,0.0,122.30399322509766,0.0,123.78149363481135,122.13982929621945,123.78149363481135,0.0,289410
2020-12-08,0.0,121.6473159790039,0.0,124.27397622131562,121.31898814555394,122.79648844588678,0.0,306550
2020-12-09,0.0,126.90069580078125,0.0,127.88569218938932,121.48319687607396,121.97570133283232,0.0,614670
2020-12-10,0.0,125.91566467285156,0.0,129.85566205708648,125.09483240634039,129.03482979057532,0.0,462845
2020-12-11,0.0,126.57233428955078,0.0,129.527335489269,126.40817033954568,127.55733051448802,0.0,308145
2020-12-14,0.0,124.76652526855469,0.0,125.7515216472721,123.12486046238949,125.58735767163729,0.0,368595
2020-12-15,0.0,121.97566986083984,0.0,124.76649432929615,121.97566986083984,122.96066599530057,0.0,198320
2020-12-16,0.0,120.82649230957031,0.0,122.63232056948073,120.16982407190156,121.811488403621,0.0,213505
2020-12-17,0.0,119.3489990234375,0.0,120.49817163911513,119.02067114747568,119.51317548632403,0.0,192760
2020-12-18,0.0,119.84149932861328,0.0,121.81149156788868,118.52816281915956,118.52816281915956,0.0,233975
2020-12-21,0.0,120.16983032226562,0.0,124.43816782666809,119.84150244880645,122.13983513773726,0.0,316775
2020-12-22,0.0,119.67733764648438,0.0,121.975670318792,118.85650544386775,119.67733764648438,0.0,202345
2020-12-23,0.0,120.99066162109375,0.0,120.99066162109376,119.34899721633045,119.51317367673113,0.0,248285
2020-12-24,0.0,119.84149932861328,0.0,120.82649544825098,119.34899500634184,120.82649544825098,0.0,96600
2020-12-28,0.0,117.54316711425781,0.0,119.18483149441478,117.05067531515387,117.87150750523234,0.0,266530
2020-12-29,0.0,117.21481323242188,0.0,117.87148134371857,115.9014770098285,116.39398122452663,0.0,352275
2020-12-30,0.0,117.21481323242188,0.0,117.70730492221755,116.06564090642705,116.39398122452663,0.0,196580
2020-12-31,0.0,116.55815124511719,0.0,118.03565144193732,116.22982343466965,117.21481939091537,0.0,229025
2021-01-04,0.0,119.84149932861328,0.0,122.960664144887,115.40901052779104,115.57317446024646,0.0,548075
2021-01-05,0.0,118.03568267822266,0.0,120.6623434316167,117.70734225598189,120.6623434316167,0.0,308250
2021-01-06,0.0,120.99066162109375,0.0,122.13983421937134,117.87150927196781,121.31900201698969,0.0,696670
2021-01-07,0.0,115.08068084716797,0.0,119.02067821727275,114.58818900397134,118.85651426954054,0.0,507715
2021-01-08,0.0,112.12570190429688,0.0,115.24485475551637,111.96152541746852,113.43902612457154,0.0,503530
2021-01-11,0.0,115.73734283447266,0.0,116.06567071198405,113.60317405593145,114.25984233585994,0.0,406435
2021-01-12,0.0,115.73734283447266,0.0,117.87151161301385,114.75234667703275,115.24483849329985,0.0,244880
2021-01-13,0.0,114.2598648071289,0.0,116.06569353840189,113.60319639805468,115.73736559631885,0.0,197830
2021-01-14,0.0,115.4090347290039,0.0,115.90152662964545,113.11070161795324,113.93153397726364,0.0,236415
2021-01-15,0.0,117.3790054321289,0.0,118.36400157413071,114.91650881467166,115.73734102049073,0.0,433010
2021-01-19,0.0,113.76736450195312,0.0,116.39402541958619,113.43902405918199,115.57319310001915,0.0,265560
2021-01-20,0.0,108.67819213867188,0.0,111.46902948975927,107.85735983392388,111.30486553379106,0.0,397345
2021-01-21,0.0,106.7492446899414,0.0,108.63716151268835,106.37987265449043,107.69319683886133,0.25,696380
2021-01-22,0.0,107.44693756103516,0.0,107.89839780791137,106.79028177456753,107.61111403255835,0.0,650420
2021-01-25,0.0,105.55902862548828,0.0,110.07360584077128,104.24569206198913,105.18964410613147,0.0,1649600
2021-01-26,0.0,105.39485931396484,0.0,106.25673570944556,104.65611527492798,105.23069536361294,0.0,623560
2021-01-27,0.0,110.97653198242188,0.0,112.57715257100864,106.87237020404157,106.91341432680693,0.0,1815600
2021-01-28,0.0,109.82736206054688,0.0,110.85340241513923,106.3798689740979,110.44298627330228,0.0,1398080
2021-01-29,0.0,114.46504974365234,0.0,115.77838629608726,110.36088867342526,111.18172088747068,0.0,2373200
2021-02-01,0.0,108.76028442382812,0.0,113.35695051132649,108.1036160506273,111.92049392459668,0.0,1164140
2021-02-02,0.0,105.18962860107422,0.0,106.83129280101235,104.49192883104284,106.70817299597854,0.0,967940
2021-02-03,0.0,106.13360595703125,0.0,106.13360595703125,103.63006524223769,103.87631740720033,0.0,886640
2021-02-04,0.0,103.50694274902344,0.0,106.05152140457959,103.50694274902344,105.1486134682807,0.0,626360
2021-02-05,0.0,102.89131927490234,0.0,103.99944153826321,102.23465724520288,102.97340124580816,0.0,736300
2021-02-08,0.0,101.53694915771484,0.0,102.80924167948821,101.41382932734271,101.74215722493938,0.0,600800
2021-02-09,0.0,101.57798767089844,0.0,102.11152986873111,100.75715544729522,102.11152986873111,0.0,503360
2021-02-10,0.0,101.98841094970703,0.0,103.99944753387486,100.34674638713629,100.6340364330955,0.0,1071180
2021-02-11,0.0,100.83924102783203,0.0,102.3988235610114,100.63403296458351,101.0034112359027,0.0,861580
2021-02-12,0.0,99.69007110595703,0.0,102.02944795446338,99.64903325222623,101.37277967024178,0.0,566140
2021-02-16,0.0,100.30570983886719,0.0,101.00342234058367,98.74613339667545,99.2386315501283,0.0,811020
2021-02-17,0.0,101.24964904785156,0.0,103.50693756285717,101.04444100103288,102.07048123512634,0.0,1310800
2021-02-18,0.0,102.11152648925781,0.0,104.61506093091917,101.66006627623638,103.54798283302262,0.0,1280260
2021-02-19,0.0,103.05550384521484,0.0,103.67112810650657,101.2086310613397,101.29071304368783,0.0,930220
2021-02-22,0.0,108.349853515625,0.0,108.43194174794763,105.02548050505081,105.88735684481534,0.0,1352220
2021-02-23,0.0,108.9654769897461,0.0,116.02463907776348,107.81631689397845,112.04359780866547,0.0,3818580
2021-02-24,0.0,107.20069885253906,0.0,112.7002725247803,106.95444666798065,110.85339992795184,0.0,2060260
2021-02-25,0.0,114.75235748291016,0.0,115.69630961332379,107.24173445975396,108.96548729127358,0.0,3847900
2021-02-26,0.0,113.43900299072266,0.0,116.02463183208721,109.99151039380816,112.45400689516208,0.0,3956300
2021-03-01,0.0,106.7492446899414,0.0,110.89445037088628,106.58508073250843,109.90944157647424,0.0,1231640
2021-03-02,0.0,110.31986999511719,0.0,110.44300237055903,106.37988447914826,106.46196020453432,0.0,1562080
2021-03-03,0.0,116.6812973022461,0.0,116.7223414190149,110.40193570870235,111.01755988551668,0.0,2146520
2021-03-04,0.0,120.5392074584961,0.0,123.49419571348666,114.46504197202343,117.00962667276133,0.0,5239740
2021-03-05,0.0,116.72233581542969,0.0,125.58732604094828,116.06566755337177,118.28192450343042,0.0,5262240
2021-03-08,0.0,123.37108612060547,0.0,123.74045811746748,115.73734391086512,117.17380030692195,0.0,2994020
2021-03-09,0.0,113.64421844482422,0.0,117.62525972496748,112.04359811952641,117.21484361463953,0.0,2208620
2021-03-10,0.0,114.30086517333984,0.0,114.79336942282724,110.23774895223052,110.4019128604252,0.0,3172320
2021-03-11,0.0,108.9654769897461,0.0,111.34588541308148,107.69318454627827,110.64818554240316,0.0,1560260
2021-03-12,0.0,110.77130126953125,0.0,113.52109410939046,110.64818145128899,111.87942973333247,0.0,1635960
2021-03-15,0.0,108.39089965820312,0.0,111.71527273092796,108.26776730741717,110.52505596452706,0.0,1594720
2021-03-16,0.0,107.20069885253906,0.0,108.1856950658663,104.69715793852365,106.87235843149239,0.0,2090580
2021-03-17,0.0,106.29777526855469,0.0,110.4429805928888,104.98444493471565,109.25277634775877,0.0,1779120
2021-03-18,0.0,112.86444854736328,0.0,113.15174488090148,108.96549487027255,109.62216325771148,0.0,2275460
2021-03-19,0.0,111.87944030761719,0.0,114.50610105258774,110.85339997560475,112.9465247578914,0.0,2422400
2021-03-22,0.0,107.81631469726562,0.0,110.23776718716498,106.33881422930665,110.19672307210116,0.0,1612200
2021-03-23,0.0,108.92444610595703,0.0,109.33486226500352,106.13362123440378,107.07757339024782,0.0,1735740
2021-03-24,0.0,112.53610229492188,0.0,112.53610229492188,107.73422880124689,107.73422880124689,0.0,2139820
2021-03-25,0.0,112.7823257446289,0.0,115.65523810009519,111.67420992246282,113.80836587158115,0.0,2777700
2021-03-26,0.0,109.37589263916016,0.0,114.01358964354128,109.17068458542815,112.98754937488124,0.0,2351520
2021-03-29,0.0,109.54006958007812,0.0,111.8384025596805,108.7192372677135,109.78632177876892,0.0,1869380
2021-03-30,0.0,110.4840316772461,0.0,112.49506829065137,110.15569124501438,110.85340370421329,0.0,1590180
2021-03-31,0.0,107.24171447753906,0.0,109.49900287088485,106.05151037511946,109.21171913576538,0.0,1223360
2021-04-01,0.0,103.50694274902344,0.0,104.69715323767834,103.4248607786738,104.53298303452615,0.0,1016900
2021-04-05,0.0,99.32070922851562,0.0,101.9884142284551,98.86924895431369,101.90633225017844,0.0,856100
2021-04-06,0.0,99.56694793701172,0.0,99.97736403524763,98.29465552749934,99.52590382220706,0.0,608540
2021-04-07,0.0,99.07445526123047,0.0,100.34674782037611,98.4998751611054,99.77216772025103,0.0,725060
2021-04-08,0.0,96.94029998779297,0.0,97.76113234376488,96.85821800468655,97.30967830545266,0.0,894520
2021-04-09,0.0,95.75009155273438,0.0,98.17154439610886,95.66800957307744,97.80217235642584,0.0,769840
2021-04-12,0.0,95.996337890625,0.0,97.1044665391862,95.7911298094031,96.40675405306881,0.0,754040
2021-04-13,0.0,93.78008270263672,0.0,95.21653911164866,93.49279267332493,95.13445714076714,0.0,880520
2021-04-14,0.0,95.996337890625,0.0,96.44779817429465,93.574885037188,93.61592915841383,0.0,1275320
2021-04-15,0.0,93.04133605957031,0.0,94.39571055039266,92.87717211142046,94.27258445805369,0.0,1321740
2021-04-16,0.0,92.83611297607422,0.0,93.90319725379722,92.7540310152768,92.7950751269016,0.0,968040
2021-04-19,0.0,94.55987548828125,0.0,95.62695994978375,93.08238115210848,93.78008733272785,0.0,1743940
2021-04-20,0.0,95.91423797607422,0.0,97.0634042685304,94.19049166861619,94.97027972646906,0.0,1695660
2021-04-21,0.0,94.2315444946289,0.0,97.30966542199108,94.19050037728285,96.73507909141165,0.0,906640
2021-04-22,0.0,96.5709228515625,0.0,97.2275849443178,93.94425569318064,94.55987992776885,0.0,1615760
2021-04-23,0.0,94.0673828125,0.0,96.20154559638777,93.3696765915593,96.20154559638777,0.0,833040
2021-04-26,0.0,92.91819763183594,0.0,94.39569801885108,92.71298959266453,93.98528194050824,0.0,738060
2021-04-27,0.0,93.73904418945312,0.0,94.23154856908883,92.58988400351204,92.75404795508838,0.0,1264760
2021-04-28,0.0,94.436767578125,0.0,94.68301353401148,93.28760099662593,93.90322528002321,0.0,1344860
2021-04-29,0.0,93.65696716308594,0.0,95.50383989696014,92.22051059229487,92.42571867383646,0.0,1455120
2021-04-30,0.0,94.8471908569336,0.0,95.38072693246343,93.61594219810254,95.05239896673876,0.0,1446340
2021-05-03,0.0,95.91423797607422,0.0,96.11944601892523,93.69799361826425,94.19049166861619,0.0,1209900
2021-05-04,0.0,99.36175537109375,0.0,101.53695602073593,97.18654845899792,97.39175654009273,0.0,2804360
2021-05-05,0.0,99.97737121582031,0.0,100.42882519883253,97.5148744495435,98.00737255030823,0.0,1694960
2021-05-06,0.0,98.41780090332031,0.0,101.53696010392264,98.37675678046935,100.10050347849351,0.0,2439660
2021-05-07,0.0,96.85820770263672,0.0,97.51487602255114,95.3807071140559,96.73508160984612,0.0,1861140
2021-05-10,0.0,101.78319549560547,0.0,101.86527746528877,97.63799027084362,97.63799027084362,0.0,2159980
2021-05-11,0.0,101.94735717773438,0.0,105.92839837498457,101.49590322324552,105.51798227320229,0.0,3043180
2021-05-12,0.0,107.28278350830078,0.0,107.81633204014373,103.67112625002778,105.18965855240981,0.0,4215280
2021-05-13,0.0,105.64109802246094,0.0,107.28276236632172,103.54797974150992,105.23068193649574,0.0,3158580
2021-05-14,0.0,101.0033950805664,0.0,103.75318143578188,100.34672687822295,103.46589144567616,0.0,2107640
2021-05-17,0.0,102.11152648925781,0.0,103.99943678359139,101.61902842388612,102.07048237445488,0.0,1573600
2021-05-18,0.0,103.54798126220703,0.0,103.71214519402302,100.75715058416728,101.49590080224436,0.0,1141200
2021-05-19,0.0,103.26068878173828,0.0,107.32380549034991,103.0965185913944,107.07755333606029,0.0,3554380
2021-05-20,0.0,99.32070922851562,0.0,102.43987450265703,98.74612911812545,102.27570428365019,0.0,1243080
2021-05-21,0.0,100.46985626220703,0.0,100.63402018698055,98.0894417782772,98.33569392788979,0.0,1317180
2021-05-24,0.0,97.02236938476562,0.0,99.15653824340272,96.28362537018687,98.91028606357442,0.0,1050600
2021-05-25,0.0,96.73509216308594,0.0,97.43279841507746,95.66801385487945,96.11946789442507,0.0,1163860
2021-05-26,0.0,96.07842254638672,0.0,96.73508462431086,95.75008837619794,96.36571259688186,0.0,786820
2021-05-27,0.0,96.73509216308594,0.0,96.85821826930889,95.83217782154078,96.24259400064803,0.0,887880
2021-05-28,0.0,96.28363037109375,0.0,96.36571234781545,95.21654588635155,96.07842229806282,0.0,664660
2021-06-01,0.0,96.817138671875,0.0,97.55588877607511,95.09339260370913,95.33964472592638,0.0,1131520
2021-06-02,0.0,96.44779968261719,0.0,97.43279598290496,95.8732195511916,96.4888438044849,0.0,813200
2021-06-03,0.0,98.4588394165039,0.0,99.40279788624946,97.3507169791739,98.08946735821189,0.0,1409600
2021-06-04,0.0,94.97028350830078,0.0,97.39174226783967,94.76507545727814,97.26861618473555,0.0,975440
2021-06-07,0.0,94.4778060913086,0.0,95.75009879075496,94.4778060913086,95.42176458485389,0.0,634000
2021-06-08,0.0,94.436767578125,0.0,95.33968194128353,92.9592667929899,93.4517649672169,0.0,645880
2021-06-09,0.0,94.35466003417969,0.0,94.4367482651416,93.16445583466508,93.61591605514455,0.0,561000
2021-06-10,0.0,92.34362030029297,0.0,94.3957007514106,92.34362030029297,94.10841074074463,0.0,975240
2021-06-11,0.0,91.89218139648438,0.0,92.71301376719867,91.89218139648438,92.34364170535885,0.0,576840
2021-06-14,0.0,90.08634948730469,0.0,92.26155644495589,90.08634948730469,91.6459321887784,0.0,442580
2021-06-15,0.0,91.31759643554688,0.0,91.68696847794514,90.12739206563806,90.2915560261587,0.0,512400
2021-06-16,0.0,91.97427368164062,0.0,93.86218445969966,90.45572871918439,91.07135302424905,0.0,1167040
2021-06-17,0.0,89.59384155273438,0.0,92.54883640726051,89.06029933647685,92.50779228968182,0.0,1234000
2021-06-18,0.0,91.03028869628906,0.0,91.44070478034587,89.9221665218262,90.45570242113807,0.0,1433260
2021-06-21,0.0,89.88113403320312,0.0,92.13842278746165,89.71697008332926,90.948218494743,0.0,841060
2021-06-22,0.0,88.19842529296875,0.0,90.12738614588328,87.95217936836174,89.963215933692,0.0,778060
2021-06-23,0.0,88.15738677978516,0.0,88.52675879516963,87.54176257917555,88.1984246356872,0.0,730360
2021-06-24,0.0,87.00821685791016,0.0,87.41863297516444,86.22842874010819,87.09029882887042,0.0,775880
2021-06-25,0.0,87.21343231201172,0.0,87.54176648614764,86.59780808392694,86.76197203976815,0.0,657240
2021-06-28,0.0,85.07927703857422,0.0,86.59781568192764,85.03823291478601,86.59781568192764,0.0,785480
2021-06-29,0.0,84.50467681884766,0.0,85.57176123855425,84.50467681884766,85.20238923459205,0.0,502540
2021-06-30,0.0,84.70988464355469,0.0,85.03821879196985,84.38155675759253,84.58676481754539,0.0,490300
2021-07-01,0.0,84.66885375976562,0.0,85.57176804540389,84.46364568291813,84.9561438148614,0.0,666620
2021-07-02,0.0,82.73988342285156,0.0,83.84800557551115,82.61675734756665,83.76592361280532,0.0,703300
2021-07-06,0.0,82.08321380615234,0.0,83.7248780822754,81.87800577163696,82.45258576329914,0.0,821580
2021-07-07,0.0,81.71385192871094,0.0,82.57572202251906,80.85197557244982,81.01613951533146,0.0,1171900
2021-07-08,0.0,82.5757064819336,0.0,84.62778669402167,82.24737239550913,84.05320673961774,0.0,1848120
2021-07-09,0.0,81.63175964355469,0.0,83.19134207334254,81.38551374145304,82.90405205633094,0.0,939740
2021-07-12,0.0,81.01612854003906,0.0,81.67279674751249,80.76988265907565,80.97509069110457,0.0,724160
2021-07-13,0.0,81.01612854003906,0.0,81.34446264377577,79.62071642722323,81.18029872313349,0.0,1370080
2021-07-14,0.0,80.72885131835938,0.0,81.05718547403598,79.57968490471785,79.90801906039445,0.0,1066140
2021-07-15,0.0,81.83699035644531,0.0,82.73991103488999,80.64678584388375,80.76991196025843,0.0,1621500
2021-07-16,0.0,83.15030670166016,0.0,83.31447064129239,80.97510005804224,81.42655402325732,0.0,1290620
2021-07-19,0.0,84.46363067626953,0.0,85.73591676920486,84.25842263588133,84.79196479338111,0.0,2492820
2021-07-20,0.0,82.5757064819336,0.0,84.87403882445295,81.79591850632085,84.05320673961774,0.0,1681860
2021-07-21,0.0,81.34446716308594,0.0,82.82196758076157,81.26238519820451,82.69884150221318,0.0,1179280
2021-07-22,0.0,80.2363510131836,0.0,81.2213471907172,80.15426904213129,81.2213471907172,0.0,923560
2021-07-23,0.0,78.30741119384766,0.0,80.11323994537528,78.18428508295847,79.5796976398249,0.0,1056280
2021-07-26,0.0,78.14324188232422,0.0,78.96407428135055,77.97907790750064,78.63574633170339,0.0,982900
2021-07-27,0.0,79.90800476074219,0.0,81.67279505204563,78.30738464912511,78.30738464912511,0.0,1779200
2021-07-28,0.0,79.25135803222656,0.0,80.40051819821576,78.55364559400756,79.41552198095268,0.0,1646920
2021-07-29,0.0,78.96408081054688,0.0,79.53866729484788,78.47158258289939,79.53866729484788,0.0,851040
2021-07-30,0.0,79.82594299316406,0.0,80.76990141215492,79.57969079257389,80.76990141215492,0.0,1108800
2021-08-02,0.0,79.82594299316406,0.0,80.03115107283801,78.79990259479435,79.08719265384714,0.0,1040980
2021-08-03,0.0,78.79988861083984,0.0,80.89301315704627,78.79988861083984,79.4565568542445,0.0,1473620
2021-08-04,0.0,78.55364990234375,0.0,79.29240023703501,78.1842778662249,78.79990210139202,0.0,1293540
2021-08-05,0.0,77.5276107788086,0.0,78.51261332866352,77.5276107788086,78.26636112558637,0.0,846280
2021-08-06,0.0,78.30741119384766,0.0,78.7588652505025,77.7328247638495,78.18428508295847,0.0,822960
2021-08-09,0.0,77.93802642822266,0.0,78.55365066940121,77.7328183478298,78.10219665000912,0.0,640120
2021-08-10,0.0,78.79988861083984,0.0,79.29238666216709,77.60968446492794,77.77384839455286,0.0,953960
2021-08-11,0.0,79.046142578125,0.0,79.62072260742433,78.0201023383386,78.18426627172337,0.0,1082240
2021-08-12,0.0,78.4715576171875,0.0,79.86697612443375,78.30739368101864,79.29238982293727,0.0,839800
2021-08-13,0.0,77.89698791503906,0.0,78.553650009306,77.77386181534727,78.34844193063753,0.0,690780
2021-08-16,0.0,77.81490325927734,0.0,80.07219204698109,77.81490325927734,78.43052747410563,0.0,1147920
2021-08-17,0.0,79.21031188964844,0.0,80.27739631645912,78.5946877039776,79.08718580002366,0.0,1402940
2021-08-18,0.0,80.76988983154297,0.0,80.85197179915309,78.84093541166793,79.4565595624229,0.0,1297120
2021-08-19,0.0,79.99009704589844,0.0,81.75488756503232,79.21030894468834,81.63176147998524,0.0,2062400
2021-08-20,0.0,78.30741119384766,0.0,79.5796976398249,78.10220309651706,79.49761565338348,0.0,1254360
2021-08-23,0.0,75.96802520751953,0.0,77.85593557447608,75.63969106382403,77.85593557447608,0.0,1224080
2021-08-24,0.0,75.43448638916016,0.0,75.88594037733752,75.22927832295593,75.72177642935542,0.0,740980
2021-08-25,0.0,75.35240936279297,0.0,75.68073728031511,75.0651130412807,75.39344722125644,0.0,682920
2021-08-26,0.0,76.25531005859375,0.0,76.41947398807153,75.35239592156096,75.68072378051653,0.0,1105980
2021-08-27,0.0,74.77781677246094,0.0,76.17323535586493,74.57260870982385,76.05010926579206,0.0,987660
2021-08-30,0.0,73.09512329101562,0.0,74.49053578138792,72.8899152034636,74.49053578138792,0.0,960600
2021-08-31,0.0,73.25927734375,0.0,73.79281955168528,73.0130251670251,73.0130251670251,0.0,830400
2021-09-01,0.0,72.97198486328125,0.0,73.05406683195018,72.1511526516863,72.80781466349059,0.0,1124240
2021-09-02,0.0,72.97198486328125,0.0,73.50552705330853,72.31531658902418,72.43844267325397,0.0,848880
2021-09-03,0.0,72.52053833007812,0.0,73.50554092738166,72.39741222260844,73.38241481991197,0.0,763160
2021-09-07,0.0,72.31531524658203,0.0,72.97198350864889,72.11010719749272,72.56156741047027,0.0,765260
2021-09-08,0.0,72.80783081054688,0.0,73.75178931571931,72.43845873839227,72.47950286305574,0.0,1309040
2021-09-09,0.0,73.34136962890625,0.0,73.46449573458348,72.35637330839619,72.80782734594085,0.0,1165460
2021-09-10,0.0,74.44947052001953,0.0,74.61364070091966,72.39739022715844,72.6436423672826,0.0,1331660
2021-09-13,0.0,74.53158569335938,0.0,75.39345597055414,73.34137493563185,73.50554517589823,0.0,1731380
2021-09-14,0.0,74.98303985595703,0.0,75.39345606344718,73.66970924447946,73.91596147395528,0.0,1360640
2021-09-15,0.0,73.8749008178711,0.0,75.76281745486453,73.75177473068406,74.85989699046154,0.0,1115100
2021-09-16,0.0,73.79281616210938,0.0,75.18822839957937,73.54656399669574,74.44947816579119,0.0,1010680
2021-09-17,0.0,75.5576171875,0.0,75.92698922469275,73.9980345347183,73.9980345347183,0.0,1860380
2021-09-20,0.0,78.59468841552734,0.0,80.56468707999986,77.15823196929055,77.93802010655214,0.0,2419960
2021-09-21,0.0,78.51261901855469,0.0,78.96407307364191,77.28137043884642,77.85595060439529,0.0,2053160
2021-09-22,0.0,76.99407196044922,0.0,78.47156633751705,76.33740361789455,78.02011233165747,0.0,2375680
2021-09-23,0.0,75.5576171875,0.0,76.74782154063537,75.10615690875012,76.50156934087116,0.0,2024020
2021-09-24,0.0,75.35240936279297,0.0,76.62469569932526,75.22928326249537,76.50156959902765,0.0,1329440
2021-09-27,0.0,76.58365631103516,0.0,77.65073454657346,76.21427801752101,76.62469416867886,0.0,2529480
2021-09-28,0.0,80.89302062988281,0.0,81.09822869209718,78.26635367606714,78.5126058557056,0.0,3374200
2021-09-29,0.0,81.09823608398438,0.0,81.46760812465628,79.37448319430581,80.23635963914509,0.0,2912960
2021-09-30,0.0,81.87801361083984,0.0,81.91905772665348,79.6617691308659,80.4415572317023,0.0,3617520
2021-10-01,0.0,80.76988983154297,0.0,83.3965503697831,80.23634764839812,81.46759594990806,0.0,2810200
2021-10-04,0.0,84.05323028564453,0.0,85.16135265810263,81.34448114189937,81.54968922059358,0.0,3146320
2021-10-05,0.0,81.87801361083984,0.0,83.72488609830239,80.76989137085287,83.64280412912795,0.0,2053520
2021-10-06,0.0,80.76988983154297,0.0,83.80696647028641,80.68780786393285,83.3965503697831,0.0,3537380
2021-10-07,0.0,79.37448120117188,0.0,79.62073339707206,78.10219488889695,79.4155253213064,0.0,1760560
2021-10-08,0.0,80.11322021484375,0.0,80.35947237597438,78.75884585353047,78.88197193409579,0.0,1655400
2021-10-11,0.0,81.34446716308594,0.0,81.38551127675291,79.21030476390642,80.76988714646347,0.0,1205560
2021-10-12,0.0,81.87801361083984,0.0,82.20634774999041,80.48260134751594,80.6467652858648,0.0,1842560
2021-10-13,0.0,80.5646743774414,0.0,81.75487845454083,80.27738438598142,80.85196436890139,0.0,1514560
2021-10-14,0.0,77.65072631835938,0.0,79.2513528957376,77.52760023356832,78.96405661040751,0.0,1244360
2021-10-15,0.0,76.58365631103516,0.0,77.52760844873542,76.58365631103516,77.11719229757757,0.0,1033520
2021-10-18,0.0,75.06511688232422,0.0,77.44553198088593,74.9830348987436,77.15824190712678,0.0,1172240
2021-10-19,0.0,73.95698547363281,0.0,74.90094382640137,73.95698547363281,74.61365378750307,0.0,823120
2021-10-20,0.0,74.16218566894531,0.0,74.73677194822096,73.54656153844087,73.75176958194236,0.0,743760
2021-10-21,0.0,73.21822357177734,0.0,74.57259784026162,73.13614161117724,74.44947176813538,0.0,681240
2021-10-22,0.0,74.53158569335938,0.0,75.10616587815589,73.34137493563185,73.75179114261631,0.0,959520
2021-10-25,0.0,72.97198486328125,0.0,74.65468713957921,72.56156875748377,73.83385492798428,0.0,1039280
2021-10-26,0.0,72.56156158447266,0.0,72.93093353819532,71.08406124467767,72.06906355869171,0.0,1399820
2021-10-27,0.0,72.2332534790039,0.0,72.39741745920169,70.91992285005836,72.27429760528057,0.0,1296020
2021-10-28,0.0,70.55052185058594,0.0,71.69968813039223,70.4274020361926,71.41239812605376,0.0,1280660
2021-10-29,0.0,69.85282135009766,0.0,71.78177583340123,69.7707393797885,71.7407379794731,0.0,1184640
2021-11-01,0.0,69.31928253173828,0.0,70.42741110356671,69.31928253173828,69.64761669144843,0.0,1039180
2021-11-02,0.0,68.70364379882812,0.0,69.56552000296061,68.62156184187549,69.56552000296061,0.0,988800
2021-11-03,0.0,67.3082504272461,0.0,68.94991507181307,67.18512432641285,68.58054303176695,0.0,1283900
2021-11-04,0.0,65.54347229003906,0.0,67.06201112588474,65.25618217446633,66.85680300583924,0.0,1432220
2021-11-05,0.0,65.46138000488281,0.0,65.91284030300147,64.68159177626387,65.00991970676415,0.0,1373320
2021-11-08,0.0,65.7076187133789,0.0,65.8307385307905,65.13303242816373,65.50241066775618,0.0,1249540
2021-11-09,0.0,66.56948852539062,0.0,66.97990461526659,65.13303221082477,65.29720240424668,0.0,2098580
2021-11-10,0.0,68.45741271972656,0.0,69.1551188982569,66.48741401494135,67.5134543546781,0.0,2033160
2021-11-11,0.0,68.04700469970703,0.0,68.21116866866322,67.34929843796219,67.4313804224403,0.0,1035320
2021-11-12,0.0,66.61054229736328,0.0,68.25220689489556,66.48741620005767,67.67762052828719,0.0,1070080
2021-11-15,0.0,66.65158081054688,0.0,67.51345723771183,66.11804482106272,66.24116465712613,0.0,920840
2021-11-16,0.0,65.74867248535156,0.0,66.97992105722126,65.54346439003994,66.93888319563139,0.0,1013100
2021-11-17,0.0,65.62553405761719,0.0,65.99491231731743,64.96887203334936,65.62553405761719,0.0,1070580
2021-11-18,0.0,64.27117919921875,0.0,65.74867375655627,64.1480530871604,64.92784135943958,0.0,1473880
2021-11-19,0.0,63.61449432373047,0.0,64.02491041614164,63.16303411709716,63.77865825571391,0.0,1157180
2021-11-22,0.0,65.09198760986328,0.0,65.09198760986328,62.0959492119401,63.08094522052629,0.0,1324180
2021-11-23,0.0,65.62553405761719,0.0,67.14407868785227,64.76366397655573,65.50241423350334,0.0,2405620
2021-11-24,0.0,65.21512603759766,0.0,67.2672068602087,65.13304405718395,66.52846277403167,0.0,1694560
2021-11-26,0.0,67.7186508178711,0.0,68.12906688343395,65.62552637851967,66.11803066715683,0.0,2336920
2021-11-29,0.0,64.72261047363281,0.0,66.28219273157195,64.3532385299547,66.03594059415188,0.0,2314820
2021-11-30,0.0,66.65158081054688,0.0,67.26720504067798,64.23012801034591,65.05096031718739,0.0,3868840
2021-12-01,0.0,68.99093627929688,0.0,69.03197412430917,64.39427179121343,65.09198404338964,0.0,4006840
2021-12-02,0.0,67.92387390136719,0.0,69.85282858444401,67.2672055459798,69.31928632849845,0.0,6730240
2021-12-03,0.0,70.18114471435547,0.0,71.74072696049821,67.06198022207,67.34927646770436,0.0,8666840
2021-12-06,0.0,69.11408233642578,0.0,71.65866766715332,68.62158417199443,70.09908492774242,0.0,3654660
2021-12-07,0.0,64.84575653076172,0.0,66.6926293433467,64.7226304240986,66.65158522030768,0.0,2499500
2021-12-08,0.0,64.35326385498047,0.0,65.46138638454775,64.27118186435594,64.88680618772159,0.0,2891680
2021-12-09,0.0,66.24115753173828,0.0,66.32324576355522,64.14803913191588,64.7636632958259,0.0,1976700
2021-12-10,0.0,64.763671875,0.0,66.36429240821742,64.72262775365445,65.2972141402237,0.0,2751020
2021-12-13,0.0,66.73367309570312,0.0,66.81575507887129,64.72263006458667,64.76367418739768,0.0,2432640
2021-12-14,0.0,67.96490478515625,0.0,69.56552497880263,67.43136263312334,68.33427674908931,0.0,2524920
2021-12-15,0.0,64.96887969970703,0.0,69.56553946180141,64.80470947742823,68.17012701592667,0.0,5615760
2021-12-16,0.0,68.25220489501953,0.0,68.82678498233852,64.47637768382248,64.59949751506707,0.0,4655540
2021-12-17,0.0,68.99093627929688,0.0,70.05801418639003,67.43135413244367,69.56551620908154,0.0,4839980
2021-12-20,0.0,70.26322937011719,0.0,71.45343972107894,70.01698348755599,70.71468954849098,0.0,4874320
2021-12-21,0.0,67.10302734375,0.0,70.46843786018157,67.0209453823643,69.031981617349,0.0,1993880
2021-12-22,0.0,65.54347229003906,0.0,67.47242736597572,65.46139029451183,67.26721924593022,0.0,2036780
2021-12-23,0.0,64.51741027832031,0.0,65.420324454378,64.02491220614819,65.33824248609145,0.0,1427000
2021-12-27,0.0,62.42430114746094,0.0,64.06596580604028,62.38325702601498,64.06596580604028,0.0,1563480
2021-12-28,0.0,62.95783233642578,0.0,63.24512863966726,62.05491809575413,62.095962214060975,0.0,1772840
2021-12-29,0.0,62.95783233642578,0.0,63.73762674708332,62.50637834731656,62.87575036226531,0.0,1732960
2021-12-30,0.0,63.36825180053711,0.0,63.532422019940626,62.34221141346589,63.03992388663715,0.0,2117440
2021-12-31,0.0,64.18907165527344,0.0,64.27115988027398,63.121993617241884,63.57344754248328,0.0,1607680
2022-01-03,0.0,62.83469772338867,0.0,64.3942736528783,62.79365361473821,63.73761175163312,0.0,2426020
2022-01-04,0.0,64.47637176513672,0.0,65.46136789939418,62.71158128401047,62.71158128401047,0.0,2090140
2022-01-05,0.0,68.53948974609375,0.0,68.53948974609375,64.68158085219294,65.09199695845697,0.0,3221560
2022-01-06,0.0,68.58053588867188,0.0,69.93490406941073,67.39032538785656,69.15511594944273,0.0,3867600
2022-01-07,0.0,70.05803680419922,0.0,70.67366104019825,67.92387403855996,68.539498274559,0.0,3642240
2022-01-10,0.0,69.81177520751953,0.0,73.91593586022609,69.72968698450366,71.90489338292858,0.0,3882580
2022-01-11,0.0,67.7186508178711,0.0,71.00197934237393,67.7186508178711,70.22219132278538,0.0,3464460
2022-01-12,0.0,67.18511962890625,0.0,68.1290779860225,66.28220539001586,66.89782958868474,0.0,3235700
2022-01-13,0.0,70.63262176513672,0.0,71.00199379434558,66.56949813157205,66.81575032601359,0.0,5359820
2022-01-14,0.0,69.72969055175781,0.0,71.69968901832921,69.64760858699493,71.65865116717403,0.0,5223680
2022-01-18,0.0,73.09512329101562,0.0,73.5055394661197,71.16616225806345,71.94595674823347,0.0,4547660
2022-01-19,0.0,74.77781677246094,0.0,74.94198698004246,71.5765697428319,72.64365417352593,0.0,4715180
2022-01-20,0.0,76.78887176513672,0.0,77.03511772202073,71.7817892299255,73.46449811634292,0.0,4033740
2022-01-21,0.0,81.18031311035156,0.0,81.18031311035156,76.54260951208828,77.77385792247038,0.0,10804340
2022-01-24,0.0,80.11322021484375,0.0,89.10133642177546,79.94905628239172,83.72488309086164,0.0,17807020
2022-01-25,0.0,84.13530731201172,0.0,85.57176377831436,81.30343849771066,83.27343092724885,0.0,11579580
2022-01-26,0.0,84.05323028564453,0.0,86.10531107258677,78.22532210321931,80.15427679045429,0.0,7875380
2022-01-27,0.0,86.02323150634766,0.0,86.43364767524731,81.01614923580895,81.91906981735119,0.0,6954880
2022-01-28,0.0,80.52363586425781,0.0,87.5417535307903,80.44155389848457,84.91508678887844,0.0,5642620
2022-01-31,0.0,75.35240936279297,0.0,80.64677531350743,75.10615716219777,79.9490690950925,0.0,3347100
2022-02-01,0.0,74.28532409667969,0.0,76.99407322618092,74.08011601906455,74.81886635096976,0.0,4657820
2022-02-02,0.0,73.09512329101562,0.0,74.85990783400004,72.52053688839763,72.60261887092767,0.0,3764220
2022-02-03,0.0,79.0871810913086,0.0,79.49759719065368,75.72177032916937,77.11718256196161,0.0,4353400
2022-02-04,0.0,76.99407196044922,0.0,79.74385890279666,75.51657132092794,78.79990050879438,0.0,3483400
2022-02-07,0.0,78.30741119384766,0.0,78.84095349939805,75.72178791499128,76.78887252609205,0.0,2963160
2022-02-08,0.0,76.41948699951172,0.0,79.29240009169226,76.00907084348593,78.75885783636802,0.0,2732120
2022-02-09,0.0,73.25927734375,0.0,75.22927597019019,73.21823322681152,74.57260767389245,0.0,2422740
2022-02-10,0.0,76.58365631103516,0.0,77.3224003731565,73.3413649594161,76.13219603978014,0.0,5167120
2022-02-11,0.0,81.42655944824219,0.0,82.00114580014214,75.84490371698513,76.5426099005856,0.0,5164080
2022-02-14,0.0,81.09823608398438,0.0,82.90406469108598,79.57969127522435,81.71386032673996,0.0,5892640
2022-02-15,0.0,77.11720275878906,0.0,79.21032791861502,77.07616489557844,78.6767855972423,0.0,3010060
2022-02-16,0.0,77.19927215576172,0.0,79.53864271087058,76.78885604916533,78.18426830661194,0.0,2976520
2022-02-17,0.0,81.87801361083984,0.0,82.04217754918872,78.34843257426361,78.67676671341418,0.0,2823960
2022-02-18,0.0,83.683837890625,0.0,84.83300419023516,81.1803035097287,81.34446744005051,0.0,4178880
2022-02-22,0.0,85.40760040283203,0.0,87.21342889617146,82.45259921379916,85.24343019096729,0.0,5021020
2022-02-23,0.0,89.67594146728516,0.0,89.92219369711985,83.3144902419171,83.76595057579593,0.0,4147860
2022-02-24,0.0,83.64280700683594,0.0,95.70903850174557,83.4375989456133,95.54487455774867,0.0,7857820
2022-02-25,0.0,81.05718231201172,0.0,85.20238755801222,81.01613819573335,83.31447093335889,0.0,4821160
2022-02-28,0.0,80.40052032470703,0.0,83.15031350699701,79.78489610702182,82.65780912288614,0.0,4289980
2022-03-01,0.0,83.0682144165039,0.0,84.2173807252205,80.03113784431602,81.09822218722125,0.0,4334260
2022-03-02,0.0,80.27738952636719,0.0,83.68383805565621,79.6617653927676,82.32946997169914,0.0,3634860
2022-03-03,0.0,82.61678314208984,0.0,83.43761555033227,78.96407516793853,79.00511929333237,0.0,3845700
2022-03-04,0.0,84.8740463256836,0.0,86.10529456175506,83.06821182197402,83.80696201610738,0.0,2890000
2022-03-07,0.0,91.35863494873047,0.0,91.35863494873047,84.38156059318808,85.03822265741422,0.0,4866180
2022-03-08,0.0,92.1794662475586,0.0,93.98529473308193,86.5157223430307,91.6869618765493,0.0,8018340
2022-03-09,0.0,85.36656951904297,0.0,88.77302522830333,84.66886323219548,87.29552440472281,0.0,3104600
2022-03-10,0.0,87.21343231201172,0.0,89.67592922435088,86.7209341820346,87.58280434388121,0.0,3042260
2022-03-11,0.0,90.90718078613281,0.0,91.19447084989622,85.57177062712728,85.69489672944123,0.0,2658640
2022-03-14,0.0,94.35466003417969,0.0,94.84716437014013,89.67591894217762,91.64591749866109,0.0,3231180
2022-03-15,0.0,88.56781005859375,0.0,93.78009412509053,87.99322366753235,92.83613568884614,0.0,3961960
2022-03-16,0.0,81.91905212402344,0.0,88.36258333154782,81.8780080110169,86.31050293026921,0.0,5628000
2022-03-17,0.0,80.03114318847656,0.0,83.51968019925631,79.94906121718411,82.98613799217587,0.0,3503660
2022-03-18,0.0,76.58365631103516,0.0,81.30344204935037,76.5015680708408,80.7288556802573,0.0,3100300
2022-03-21,0.0,77.07615661621094,0.0,79.04615544988302,76.00907208808958,77.07615661621094,0.0,2540300
2022-03-22,0.0,74.0390625,0.0,77.03510130535287,73.66969051216245,76.91197522192276,0.0,2398660
2022-03-23,0.0,76.13219451904297,0.0,76.1732386383203,73.75177963738545,75.27031811384605,0.0,2440500
2022-03-24,0.0,72.80783081054688,0.0,76.29636848350061,72.76679294833757,75.31137211611887,0.0,1852940
2022-03-25,0.0,72.88990020751953,0.0,74.69572850147527,72.39739588875655,72.807811979424,0.0,2053860
2022-03-28,0.0,70.59156799316406,0.0,73.42343652976926,70.59156799316406,72.93093847067956,0.0,2042020
2022-03-29,0.0,68.25220489501953,0.0,70.18115948810846,67.96491485136004,69.11407502599802,0.0,2387960
2022-03-30,0.0,69.77075958251953,0.0,70.30430193770033,68.3343027675853,68.9088829885771,0.0,2047660
2022-03-31,0.0,71.61762237548828,0.0,71.78178634013538,69.52449738274177,69.647623487454,0.0,2117200
2022-04-01,0.0,71.65868377685547,0.0,73.013052467906,71.0430593673033,71.37138737576686,0.0,1992500
2022-04-04,0.0,68.8267822265625,0.0,71.4944870125723,68.74470025486819,71.412405040878,0.0,1371940
2022-04-05,0.0,71.82283782958984,0.0,72.23325404575893,69.07305043374787,69.31929640597663,0.0,1870380
2022-04-06,0.0,75.02406311035156,0.0,76.00905922932493,73.54656266943891,74.03906072892559,0.0,3459680
2022-04-07,0.0,74.53158569335938,0.0,76.91199468390577,73.62866502803011,75.39345597055414,0.0,2572240
2022-04-08,0.0,76.70677947998047,0.0,76.91198756447743,74.9830328226968,75.27032288850178,0.0,2882640
2022-04-11,0.0,80.31842803955078,0.0,80.44155411977565,78.14322149708674,78.63572581798621,0.0,2971400
2022-04-12,0.0,80.89302062988281,0.0,81.63176464389207,77.1171872751761,77.97906364145764,0.0,2981400
2022-04-13,0.0,77.73282623291016,0.0,81.18032609069047,77.1992901797307,80.8109477510421,0.0,2091240
2022-04-14,0.0,81.26239776611328,0.0,81.34447974368936,77.40448845795595,77.65073439068422,0.0,1984440
2022-04-18,0.0,81.01612854003906,0.0,82.49362887562819,79.99008837989443,81.75487870783363,0.0,2168540
2022-04-19,0.0,77.5276107788086,0.0,81.91906873814449,77.24032071685437,81.46760845332095,0.0,1745760
2022-04-20,0.0,79.86697387695312,0.0,80.31842781993981,76.91197300944637,77.1171810551092,0.0,3210200
2022-04-21,0.0,83.02718353271484,0.0,83.47863751379091,76.66573358044853,77.89698195830653,0.0,3924620
2022-04-22,0.0,87.37760162353516,0.0,87.62385383484414,82.37052551403484,82.98614977985342,0.0,4745140
2022-04-25,0.0,85.12030029296875,0.0,88.97821555622997,84.99718046763996,88.40362923406614,0.0,7231820
2022-04-26,0.0,91.68695831298828,0.0,91.68695831298828,86.14634071655772,86.26946680452455,0.0,5395860
2022-04-27,0.0,91.85111999511719,0.0,92.79507823200464,88.28050135010609,91.52278587848863,0.0,8871560
2022-04-28,0.0,85.32550811767578,0.0,91.35863004035126,84.17634800140708,88.8140451080201,0.0,7132760
2022-04-29,0.0,93.04133605957031,0.0,93.32862610005913,85.73592764274493,87.54176238465915,0.0,6430880
2022-05-02,0.0,89.92218017578125,0.0,95.13446398225524,89.75800995975914,93.2465472039481,0.0,9126480
2022-05-03,0.0,89.6348648071289,0.0,91.27652904361443,88.36257878132386,89.8400728366896,0.0,5554480
2022-05-04,0.0,83.56072998046875,0.0,92.4667591121533,83.23239581058913,89.3886380116319,0.0,6429160
2022-05-05,0.0,91.85111999511719,0.0,93.7390302064397,85.81800486907053,85.85904271961635,0.0,7684900
2022-05-06,0.0,94.19050598144531,0.0,96.6530028698491,90.82509481978414,93.24654758839984,0.0,8398840
2022-05-09,0.0,101.53694915771484,0.0,102.48090751943832,96.20153940987714,97.76112197327419,0.0,7057280
2022-05-10,0.0,99.07445526123047,0.0,101.98841240639453,95.70904411238338,96.5298764053926,0.0,5900820
2022-05-11,0.0,105.06653594970703,0.0,105.6000719426138,96.98133892794294,100.67508433242483,0.0,7974280
2022-05-12,0.0,105.51799011230469,0.0,109.99152344909635,102.19361693591415,108.18569497207754,0.0,6574940
2022-05-13,0.0,97.7611312866211,0.0,103.38383161173668,96.89926107964277,102.27570919564809,0.0,3113800
2022-05-16,0.0,99.93632507324219,0.0,100.75715731203678,97.47382835685839,98.86924065782802,0.0,3277780
2022-05-17,0.0,94.68299102783203,0.0,98.54090604423305,94.55986494792887,95.95528341607704,0.0,2723220
2022-05-18,0.0,104.08152770996094,0.0,104.86131581179944,97.22757368216286,97.6379897910153,0.0,2786420
2022-05-19,0.0,105.2306900024414,0.0,106.62610229670061,101.74215300434042,105.47694217787678,0.0,4117920
2022-05-20,0.0,105.88735961914062,0.0,112.04360145746276,102.111532544127,102.60403063870216,0.0,4056860
2022-05-23,0.0,102.3988265991211,0.0,106.87236000568454,102.02945457929596,104.98444952525689,0.0,2570820
2022-05-24,0.0,106.66716003417969,0.0,110.15569747774595,105.55904389057963,106.13362402336197,0.0,3292720
2022-05-25,0.0,103.67111206054688,0.0,107.98048122259533,102.11152958750543,107.85734887445051,0.0,3913400
2022-05-26,0.0,97.92528533935547,0.0,104.4508989159609,96.8171568438408,104.2046467475237,0.0,2658300
2022-05-27,0.0,91.44070434570312,0.0,95.91423713567735,91.44070434570312,95.83215517174665,0.0,2224540
2022-05-31,0.0,91.97427368164062,0.0,94.35468265126052,90.2094827546311,91.60489534112926,0.0,3188360
2022-06-01,0.0,93.36965942382812,0.0,94.72403375807085,89.42966249920428,90.66091075534267,0.0,3020360
2022-06-02,0.0,88.2394790649414,0.0,94.97030193979722,88.1984349417901,94.06738759255373,0.0,2841500
2022-06-03,0.0,92.87716674804688,0.0,93.57487288107309,90.45570794672285,91.27654016497787,0.0,2217640
2022-06-06,0.0,92.22049713134766,0.0,93.20549953644375,89.14237635752129,90.12737876261737,0.0,2302320
2022-06-07,0.0,90.57884216308594,0.0,94.97029367247414,90.2094701366943,94.27258747681584,0.0,2079940
2022-06-08,0.0,91.93319702148438,0.0,92.4667391495459,89.55278263183052,91.11236490522113,0.0,1392940
2022-06-09,0.0,96.94029998779297,0.0,96.98134411057312,91.15343563566327,93.04134629692635,0.0,2130620
2022-06-10,0.0,103.79422760009766,0.0,104.04047976131851,99.8542368577323,100.71610689710006,0.0,2983420
2022-06-13,0.0,113.3569564819336,0.0,114.05465648872061,108.43196221088492,110.3609107854341,0.0,3279900
2022-06-14,0.0,112.86444854736328,0.0,115.08069339567541,110.68924782168628,111.46903605212289,0.0,1918400
2022-06-15,0.0,107.32381439208984,0.0,112.41297172826322,104.04048546231272,110.11463897243804,0.0,2774520
2022-06-16,0.0,115.90149688720703,0.0,117.62524940937564,112.49504848018886,112.9054645545238,0.0,2269160
2022-06-17,0.0,113.15171813964844,0.0,116.76337462965476,111.09963774193922,115.40900657712858,0.0,2707380
2022-06-21,0.0,107.48797607421875,0.0,109.54005661219507,105.6000594742994,109.4579809056194,0.0,1473020
2022-06-22,0.0,107.81631469726562,0.0,109.90942679155997,104.40985354545667,109.54005480579657,0.0,1967420
2022-06-23,0.0,104.61506652832031,0.0,108.10360354983096,103.99944234805373,105.88735900585246,0.0,1908500
2022-06-24,0.0,97.3096694946289,0.0,102.68611718196662,97.26862537556507,102.56299108722841,0.0,2095060
2022-06-27,0.0,98.91028594970703,0.0,99.69007408084383,96.20153702452636,96.5298711764351,0.0,1789040
2022-06-28,0.0,104.94339752197266,0.0,105.10756772257999,96.77611948095527,98.54090999715406,0.0,1788780
2022-06-29,0.0,104.65611267089844,0.0,106.95444549335824,103.58902823280215,105.14861703460635,0.0,1765980
2022-06-30,0.0,107.36488342285156,0.0,110.7302888418762,104.77926003816427,107.03654293873848,0.0,2480880
2022-07-01,0.0,106.01049041748047,0.0,109.95048810675716,105.72320661690337,108.47298740766497,0.0,2020480
2022-07-05,0.0,102.27569580078125,0.0,110.0325642224057,102.27569580078125,108.84235997997723,0.0,2517160
2022-07-06,0.0,101.04443359375,0.0,103.30172194328016,99.52589541110197,102.07047375262735,0.0,1922100
2022-07-07,0.0,96.817138671875,0.0,100.46984508502216,96.28360284449033,100.46984508502216,0.0,1144220
2022-07-08,0.0,96.48882293701172,0.0,99.27964727174488,95.58590255082494,98.70506726458272,0.0,1254520
2022-07-11,0.0,100.71611022949219,0.0,101.24965242148892,98.00736767870175,98.21257573235798,0.0,1232740
2022-07-12,0.0,102.56297302246094,0.0,103.7531833786901,98.37673037587211,99.56694073210127,0.0,2043520
2022-07-13,0.0,103.05550384521484,0.0,107.03653321995668,101.33175090363498,106.62611704576221,0.0,2676500
2022-07-14,0.0,102.35777282714844,0.0,107.28276602676974,101.70111082467054,104.98443962441809,0.0,1575200
2022-07-15,0.0,98.62300872802734,0.0,101.33175174266714,98.54092674499958,100.18259145537056,0.0,1539700
2022-07-18,0.0,100.30570983886719,0.0,101.04446020027336,95.75009409136106,96.73509039826676,0.0,1641580
2022-07-19,0.0,94.14945983886719,0.0,98.82820758378412,93.90321391278943,97.72008526030098,0.0,1649880
2022-07-20,0.0,91.19446563720703,0.0,94.3546686828742,90.37363335197122,93.86217056422339,0.0,1592680
2022-07-21,0.0,88.56781005859375,0.0,92.50780150287586,88.52676593692732,90.90718095714465,0.0,1682800
2022-07-22,0.0,91.68695831298828,0.0,92.75404272543018,87.87009342318738,89.10134177794974,0.0,2108820
2022-07-25,0.0,92.67196655273438,0.0,93.98529696083175,91.358636144637,91.64592619289996,0.0,1315600
2022-07-26,0.0,96.32466125488281,0.0,96.89924757524476,93.65695649860703,93.82112670261886,0.0,1120860
2022-07-27,0.0,88.280517578125,0.0,93.65696545923112,87.09030696936456,93.24654930361446,0.0,2870100
2022-07-28,0.0,86.55675506591797,0.0,90.57883419510276,86.18738307201902,88.3625897068034,0.0,2413600
2022-07-29,0.0,83.35552215576172,0.0,86.43364326546558,82.86301776824637,85.61281096954455,0.0,2189360
2022-08-01,0.0,83.51968383789062,0.0,84.91509619801413,81.63176710364988,84.38156023014255,0.0,1321900
2022-08-02,0.0,84.01219177246094,0.0,85.28448445026788,81.75490275615789,84.75094215756,0.0,1677240
2022-08-03,0.0,79.4565658569336,0.0,83.15031105408013,79.0051056056344,83.10926693579722,0.0,1394560
2022-08-04,0.0,78.79988861083984,0.0,80.52363492171146,78.59468056758244,79.4565568542445,0.0,1118920
2022-08-05,0.0,80.07218170166016,0.0,81.67280194843234,79.04614147617734,81.26238585823921,0.0,1875460
2022-08-08,0.0,80.60572052001953,0.0,81.30343290850772,77.69176993188272,79.53864240445147,0.0,1410880
2022-08-09,0.0,82.41154479980469,0.0,83.23237690684965,81.46758662421257,81.59071269275972,0.0,1462920
2022-08-10,0.0,77.85594940185547,0.0,79.8259483514515,77.6917854320783,78.55365566708943,0.0,1864240
2022-08-11,0.0,78.75885009765625,0.0,79.08718424270604,75.72177334646486,76.70676951916127,0.0,1600520
2022-08-12,0.0,75.63970947265625,0.0,78.22533287266229,75.55762748236889,77.73282840602918,0.0,1245420
2022-08-15,0.0,74.44947052001953,0.0,76.13217886514646,74.20322464234744,76.13217886514646,0.0,1051940
2022-08-16,0.0,74.77781677246094,0.0,76.2142732109205,73.83385843183976,74.94198698004246,0.0,1216560
2022-08-17,0.0,76.5426025390625,0.0,77.4865608201849,75.22927227345653,76.33739448935992,0.0,1633200
2022-08-18,0.0,76.17323303222656,0.0,77.322393137977,75.63969083315506,76.62468699878484,0.0,1267120
2022-08-19,0.0,79.12822723388672,0.0,79.57968119726323,77.3634367089895,77.65072673340234,0.0,1566080
2022-08-22,0.0,83.35552215576172,0.0,83.80697616104624,81.2213531764043,81.34447927328314,0.0,1887460
2022-08-23,0.0,83.51968383789062,0.0,83.93009997468616,82.00114538423782,83.47863971922978,0.0,1427760
2022-08-24,0.0,83.0682144165039,0.0,84.09425464527719,82.04217418773062,83.7659267820318,0.0,1122020
2022-08-25,0.0,80.19530487060547,0.0,82.69884563040276,80.15426701734246,82.1242655850982,0.0,1648980
2022-08-26,0.0,86.76195526123047,0.0,86.76195526123047,79.7028000634899,80.31842417252169,0.0,2391040
2022-08-29,0.0,88.44467163085938,0.0,89.14237776478394,86.88508916167616,88.36258966141875,0.0,3636080
2022-08-30,0.0,90.4146728515625,0.0,91.93321124916979,87.13134387837786,87.41863391104091,0.0,1844500
2022-08-31,0.0,91.48174285888672,0.0,91.56383108586428,88.15737632722707,88.69091849031886,0.0,1758900
2022-09-01,0.0,91.52279663085938,0.0,95.46279396837987,91.27654444884442,93.12341702659718,0.0,1982320
2022-09-02,0.0,94.0673828125,0.0,95.1344673356707,88.85509882229708,89.67593114398112,0.0,2382780
2022-09-06,0.0,95.50383758544922,0.0,96.858212143334,93.20551088528289,93.82113511500748,0.0,2132400
2022-09-07,0.0,91.68695831298828,0.0,95.3396655229217,90.94821431009326,95.21653943495487,0.0,1450260
2022-09-08,0.0,90.70195770263672,0.0,93.8211225539528,89.92216962103403,93.08237232469871,0.0,2049520
2022-09-09,0.0,86.76195526123047,0.0,89.34757777165437,86.47466526283942,89.30653992185695,0.0,1603400
2022-09-12,0.0,84.70988464355469,0.0,86.14634106322463,84.50467658360185,85.94113300327179,0.0,1933840
2022-09-13,0.0,93.98529052734375,0.0,94.51883273042624,88.93717105002203,89.63487719445932,0.0,2952940
2022-09-14,0.0,92.50778198242188,0.0,94.39569845653351,91.93320197505872,93.28757629236033,0.0,1938080
2022-09-15,0.0,95.626953125,0.0,96.65299339458154,92.26154229326309,93.8211247555176,0.0,2248280
2022-09-16,0.0,96.85820770263672,0.0,99.23862253425996,96.57091766109413,97.92529215688435,0.0,2523980
2022-09-19,0.0,95.33966827392578,0.0,98.7050792882271,95.21654218240617,98.66403517023618,0.0,1716680
2022-09-20,0.0,96.85820770263672,0.0,98.41779026559355,95.3396692580945,97.06341576980333,0.0,1491400
2022-09-21,0.0,100.42881774902344,0.0,100.46986186373131,93.36966212850194,96.28361892408681,0.0,3571460
2022-09-22,0.0,102.85029602050781,0.0,103.75321035354841,100.79821514430019,101.57800337227755,0.0,2967820
2022-09-23,0.0,106.21569061279297,0.0,108.80131977543144,104.57403233702742,104.77924040430476,0.0,2433260
2022-09-26,0.0,107.28278350830078,0.0,107.77528791847776,103.2196659615168,106.74924750136526,0.0,3249300
2022-09-27,0.0,107.07756805419922,0.0,108.96548479671304,102.56299052966497,104.40986315333808,0.0,3105880
2022-09-28,0.0,102.97339630126953,0.0,108.30880556584209,101.82423623886218,107.15964550343475,0.0,2697320
2022-09-29,0.0,108.71923065185547,0.0,111.09965172780211,105.64110966780007,105.88736185150576,0.0,2834620
2022-09-30,0.0,112.57711791992188,0.0,112.70025025031798,106.21566912147786,109.49899753357799,0.0,2118280
2022-10-03,0.0,107.32381439208984,0.0,112.37192761165983,105.92840210191575,111.01755943808912,0.0,2351060
2022-10-04,0.0,100.59298706054688,0.0,103.05548362249463,100.05944488630101,103.01443950814779,0.0,2856880
2022-10-05,0.0,100.6750717163086,0.0,105.27173083558633,99.40277928699876,103.38381424934325,0.0,2351900
2022-10-06,0.0,102.31674194335938,0.0,102.60403198041392,99.19757686617355,101.49590968751608,0.0,2415000
2022-10-07,0.0,110.27881622314453,0.0,111.2227682872064,105.76423891259371,105.84631462147833,0.0,2526600
2022-10-10,0.0,112.6181869506836,0.0,114.6702676623393,109.74527395436562,110.03257026396008,0.0,2528660
2022-10-11,0.0,115.4090347290039,0.0,116.96861120173051,111.3869486534383,113.93153397726364,0.0,2126420
2022-10-12,0.0,115.49109649658203,0.0,116.22985304565097,113.23380778119967,114.95756053745419,0.0,1353180
2022-10-13,0.0,110.36090087890625,0.0,123.04275748349022,109.04757670612847,122.22192517866398,0.0,4640800
2022-10-14,0.0,117.0096435546875,0.0,117.37901557424051,107.85735615405977,108.34986053006817,0.0,2666680
2022-10-17,0.0,109.00651550292969,0.0,111.46901203149781,108.3498472569972,111.38692380391686,0.0,2152360
2022-10-18,0.0,107.40589904785156,0.0,109.6221434966519,102.80923368930564,103.30173175987764,0.0,2591800
2022-10-19,0.0,108.14464569091797,0.0,110.11463802181488,105.723193131093,108.6371500360951,0.0,1930080
2022-10-20,0.0,109.45800018310547,0.0,110.31986414092049,104.82028983555294,109.00653988025942,0.0,2049440
2022-10-21,0.0,104.28675842285156,0.0,111.2227896644736,103.87634222482768,110.36091314364175,0.0,2874940
2022-10-24,0.0,101.94735717773438,0.0,106.8723503991216,101.24965105719507,104.04048180180504,0.0,1910280
2022-10-25,0.0,97.80216979980469,0.0,101.29070707488722,97.51487974728859,101.29070707488722,0.0,2082100
2022-10-26,0.0,102.15255737304688,0.0,102.48089148171418,98.00735882128527,101.8242295268318,0.0,2193560
2022-10-27,0.0,105.96945190429688,0.0,106.33882392373424,101.94736623457186,103.0554948177905,0.0,1910060
2022-10-28,0.0,99.52593231201172,0.0,106.54405210579928,99.11551609629208,106.46196385269178,0.0,1752540
2022-10-31,0.0,101.82424926757812,0.0,103.13757969441154,100.55195669825152,101.12653680297443,0.0,1389540
2022-11-01,0.0,103.95840454101562,0.0,104.16361260119827,98.78715891943192,99.19757503979719,0.0,1453620
2022-11-02,0.0,111.0175552368164,0.0,111.0996434669167,101.61902903598198,103.9173554423779,0.0,2643120
2022-11-03,0.0,115.4090347290039,0.0,115.77840678571201,112.1667368898016,113.39798542876719,0.0,2445120
2022-11-04,0.0,111.8384017944336,0.0,116.7633956349224,110.07361734488791,111.01756948768545,0.0,2634240
2022-11-07,0.0,109.37589263916016,0.0,112.78234132114923,108.88338830024108,110.81234901528421,0.0,1710220
2022-11-08,0.0,107.77528381347656,0.0,111.05861302317939,105.06653471049034,108.10361172448407,0.0,1913680
2022-11-09,0.0,112.90547943115234,0.0,113.1106874953584,108.67818579356387,109.29380998618204,0.0,2101440
2022-11-10,0.0,96.32466125488281,0.0,103.83527743658063,96.03737122592833,102.02944902962128,0.0,2515620
2022-11-11,0.0,92.67196655273438,0.0,97.26862611230185,92.22050628942588,96.32466772876352,0.0,1759880
2022-11-14,0.0,94.35466003417969,0.0,94.92924633864928,91.89216340418854,94.02633216014308,0.0,1953440
2022-11-15,0.0,91.72799682617188,0.0,93.94424122437351,89.14237418663491,89.75799832640787,0.0,3503960
2022-11-16,0.0,94.19050598144531,0.0,94.76508608375815,92.79509358299786,93.00030165703151,0.0,2127200
2022-11-17,0.0,94.6419677734375,0.0,97.39175475728095,93.73904722318585,97.26862865838721,0.0,1667760
2022-11-18,0.0,94.72403717041016,0.0,96.40673942361215,92.58987470204634,92.71299452213349,0.0,1163840
2022-11-21,0.0,96.69403839111328,0.0,97.26861844233156,94.88820374272908,95.75008008200936,0.0,813860
2022-11-22,0.0,93.94422912597656,0.0,97.7200617069507,93.82110932383975,96.16047950121596,0.0,834700
2022-11-23,0.0,92.13842010498047,0.0,94.14945661342644,91.72800397979125,94.02633678583213,0.0,1097740
2022-11-25,0.0,93.36965942382812,0.0,93.6979935446222,92.75403529575892,93.20549549465733,0.0,307740
2022-11-28,0.0,96.24256896972656,0.0,96.77611111629227,93.41070057538504,94.7650686042296,0.0,896940
2022-11-29,0.0,97.63800048828125,0.0,98.62300301491616,95.79112779610101,96.0784241137363,0.0,953520
2022-11-30,0.0,88.77301025390625,0.0,98.08945516106488,88.73196613588688,97.5148750835127,0.0,2818840
2022-12-01,0.0,88.6498794555664,0.0,90.33258800576893,87.41863112979465,88.60883533972621,0.0,1277420
2022-12-02,0.0,89.34759521484375,0.0,91.89217410979205,88.81405296369648,91.76905427391104,0.0,1457320
2022-12-05,0.0,92.38467407226562,0.0,93.2465441943641,89.92217727349305,90.6198834473213,0.0,1219700
2022-12-06,0.0,96.16050720214844,0.0,97.14550347770127,92.4257176543079,92.54884375436541,0.0,1324320
2022-12-07,0.0,97.14550018310547,0.0,98.2536225211349,95.62696170043897,97.14550018310547,0.0,1585060
2022-12-08,0.0,94.8471908569336,0.0,97.63801614032036,94.14947827363238,96.20155937168413,0.0,1417820
2022-12-09,0.0,96.0373764038086,0.0,96.40674842345732,93.65696154814661,95.54487829012587,0.0,1479940
2022-12-12,0.0,93.697998046875,0.0,96.65299275110615,93.697998046875,95.9552866249263,0.0,1001160
2022-12-13,0.0,91.68695831298828,0.0,93.49279299077818,86.26946680452455,86.47467486365161,0.0,3159220
2022-12-14,0.0,93.12342071533203,0.0,95.13446358157239,89.96321765404389,92.13842447316155,0.0,2883820
2022-12-15,0.0,99.40278625488281,0.0,100.22361852166541,95.46279513179823,95.87321126518954,0.0,2418200
2022-12-16,0.0,101.33173370361328,0.0,102.52194416422356,98.82819922344855,99.93632145319049,0.0,2341040
2022-12-19,0.0,104.12257385253906,0.0,105.18965206303346,101.08549691023138,101.24966086186028,0.0,1671820
2022-12-20,0.0,104.40985870361328,0.0,106.42089519203661,103.05549051393591,105.18964682872772,0.0,1459300
2022-12-21,0.0,101.41382598876953,0.0,104.28673883533577,100.38778568642444,103.63007053685371,0.0,1540440
2022-12-22,0.0,106.50260925292969,0.19,109.70878074086197,103.74858082658444,103.91300389782381,0.0,1845820
2022-12-23,0.0,105.9682388305664,0.0,109.13331552253364,105.55719056117833,107.57133711653803,0.0,1757400
2022-12-27,0.0,109.17442321777344,0.0,109.54436415260122,106.5026094579539,106.54371679386759,0.0,1340140
2022-12-28,0.0,112.13396453857422,0.0,112.2983938841323,107.57133871588847,109.46215074782772,0.0,1665200
2022-12-29,0.0,106.66702270507812,0.0,110.24314755911226,105.84492619097348,109.74988463297055,0.0,1306300
2022-12-30,0.0,106.7492446899414,0.0,110.03763097172074,106.7492446899414,109.05110505182842,0.0,1356660
2023-01-03,0.0,108.3523178100586,0.0,110.20203487703692,103.7074714763378,104.94061618765669,0.0,2712660
2023-01-04,0.0,107.24249267578125,0.0,109.87319913275836,105.88603838296117,106.5848129254875,0.0,2576600
2023-01-05,0.0,110.77750396728516,0.0,111.02413542744321,108.64004803817815,108.80447737441496,0.0,1685860
2023-01-06,0.0,104.73509216308594,0.0,111.84622792582557,103.70747156939808,109.29772383580101,0.0,2367600
2023-01-09,0.0,103.37864685058594,0.0,103.83080248680396,99.63810483343478,103.13201536317625,0.0,1978720
2023-01-10,0.0,101.57002258300781,0.0,104.5706697164478,101.52891525018053,104.11852041583963,0.0,1561400
2023-01-11,0.0,98.1583251953125,0.0,101.44671125698395,98.07611679819044,100.87123993293224,0.0,1431240
2023-01-12,0.0,97.2129135131836,0.0,100.91234785406584,96.4730253905874,97.95280163577978,0.0,2524060
2023-01-13,0.0,95.93866729736328,0.0,99.22705358035225,95.73314315467647,99.02152943766544,0.0,1830740
2023-01-17,0.0,95.56871795654297,0.0,96.84297003813629,94.62330572878972,96.02087353958538,0.0,1537500
2023-01-18,0.0,98.0350112915039,0.0,98.19942808881368,93.43127197374403,94.41778530180015,0.0,1728780
2023-01-19,0.0,100.09024047851562,0.0,100.95344423994162,98.48715494683651,99.35035243616448,0.0,1476120
2023-01-20,0.0,94.54109191894531,0.0,99.6380874092144,94.37667513749076,98.93930667988532,0.0,1749160
2023-01-23,0.0,90.43061065673828,0.0,94.62330135094922,89.60851419622247,94.00672900556238,0.0,2430420
2023-01-24,0.0,90.80054473876953,0.0,91.82816523727122,90.14287138298712,91.45822436664972,0.0,1957780
2023-01-25,0.0,91.2938232421875,0.0,95.40430594067232,90.882774972339,93.80121392500394,0.0,2327380
2023-01-26,0.0,87.75879669189453,0.0,90.80055107073684,87.67658830070116,89.15635815847652,0.0,2235440
2023-01-27,0.0,86.07350158691406,0.0,88.70421416685335,84.8814641631953,88.6631068327533,0.0,2163580
2023-01-30,0.0,89.69073486328125,0.0,89.77294326616455,87.22444514418773,88.0876490547101,0.0,2026560
2023-01-31,0.0,86.93670654296875,0.0,89.6496275538583,86.8544981458112,89.6496275538583,0.0,1817760
2023-02-01,0.0,83.11394500732422,0.0,88.25204752103242,81.7574846892857,87.06001024669123,0.0,4153300
2023-02-02,0.0,77.35929870605469,0.0,80.07222034209522,76.24946940843815,79.62006464538844,0.0,3766220
2023-02-03,0.0,80.07219696044922,0.0,80.89429342560354,77.03043627611932,80.7298703693137,0.0,3231000
2023-02-06,0.0,81.51087188720703,0.0,82.16854534539236,80.23661976181866,81.51087188720703,0.0,2073360
2023-02-07,0.0,78.05809020996094,0.0,82.16857429204632,77.5237322969706,81.55200167973351,0.0,4210060
2023-02-08,0.0,80.9354019165039,0.0,81.26424178717699,78.34580283118825,78.83905950114844,0.0,1755980
2023-02-09,0.0,82.4562759399414,0.0,83.23726505382945,78.55131782630495,78.63352621638295,0.0,2559940
2023-02-10,0.0,83.4839096069336,0.0,84.88147127403447,82.53849729231872,83.64832641291049,0.0,2281360
2023-02-13,0.0,80.89429473876953,0.0,83.44279256769828,80.56545489295006,82.82622020882366,0.0,1674020
2023-02-14,0.0,79.78448486328125,0.0,82.78513271106978,79.20901342719176,81.75751186673128,0.0,2906120
2023-02-15,0.0,78.51021575927734,0.0,81.05871365515878,78.42800736368734,80.72987380070022,0.0,1979100
2023-02-16,0.0,81.55195617675781,0.0,81.63417083020755,78.96235766762499,81.01759856191927,0.0,2876420
2023-02-17,0.0,82.78511810302734,0.0,84.38821010057798,82.3329687745634,82.70290970440652,0.0,2324140
2023-02-21,0.0,86.64898681640625,0.0,86.77230256640775,84.10048849547363,84.88147779198377,0.0,2010780
2023-02-22,0.0,86.64898681640625,0.0,87.55329186291787,85.33363345128937,86.32014690710214,0.0,2311780
2023-02-23,0.0,85.12811279296875,0.0,87.67661121871102,84.38822453463071,84.47043294731276,0.0,2258320
2023-02-24,0.0,88.08765411376953,0.0,89.07416754922484,87.42997430873302,88.08765411376953,0.0,1888840
2023-02-27,0.0,86.81339263916016,0.0,87.18333984230685,85.29251530737609,86.15571917595291,0.0,1651520
2023-02-28,0.0,87.06002807617188,0.0,87.3888679588136,85.58025174033362,87.18334381617491,0.0,1866120
2023-03-01,0.0,88.53978729248047,0.0,89.07415125229343,86.854493292576,87.26554152749391,0.0,2130760
2023-03-02,0.0,87.06002807617188,0.0,90.26620595575537,86.56677138825883,90.10178287838497,0.0,2055980
2023-03-03,0.0,83.4839096069336,0.0,86.3612476162229,83.40169493184605,86.07350879761469,0.0,2141200
2023-03-06,0.0,83.31948852539062,0.0,83.48391160740658,81.18203863597715,82.86733916207005,0.0,2363900
2023-03-07,0.0,85.4569320678711,0.0,85.78577193538065,82.82622567199225,83.31948233720718,0.0,2705220
2023-03-08,0.0,84.59373474121094,0.0,86.27902887540473,84.264894872654,85.21030714271816,0.0,2124200
2023-03-09,0.0,87.67659759521484,0.0,88.08764586685477,82.90843513535222,84.34710408609195,0.0,2731500
2023-03-10,0.0,90.10177612304688,0.0,90.75945583902111,86.64897329442866,87.59438553410465,0.0,5834040
2023-03-13,0.0,88.82752227783203,0.0,92.2803247947195,86.4434413627916,91.25270425134846,0.0,7198200
2023-03-14,0.0,84.79927062988281,0.0,87.14224482597251,84.42932337443727,86.60788074950652,0.0,3383720
2023-03-15,0.0,83.89495849609375,0.0,87.14223747818652,83.68943435109803,86.27903356036482,0.0,6099920
2023-03-16,0.0,79.53783416748047,0.0,84.96366966247031,79.33231004818465,84.59372875657719,0.0,4117660
2023-03-17,0.0,80.40104675292969,0.0,81.38756012438566,78.34580533564723,79.62005125110292,0.0,3568620
2023-03-20,0.0,79.8255615234375,0.0,81.88080258362949,79.6200374174183,80.72986633550238,0.0,3236080
2023-03-21,0.0,77.56478881835938,0.0,79.62002967879337,77.27705635231808,78.79793333461977,0.0,1594360
2023-03-22,0.0,79.7240982055664,0.415,79.76538085534719,75.10001304309242,77.61848777266096,0.0,3625460
2023-03-23,0.0,77.86621856689453,0.0,79.269954830426,75.55417569774977,77.74235800250999,0.0,3072400
2023-03-24,0.0,77.32948303222656,0.0,79.26994394167019,77.24691143391581,78.1552116149523,0.0,3270460
2023-03-27,0.0,78.40293884277344,0.0,78.81580319960702,76.46247762561762,76.9992025494633,0.0,2259600
2023-03-28,0.0,79.26994323730469,0.0,80.42596450281053,78.73321840334029,78.73321840334029,0.0,1699300
2023-03-29,0.0,76.37989044189453,0.0,77.74234380163064,76.09088671099508,77.32947952897175,0.0,2676280
2023-03-30,0.0,74.97615051269531,0.0,75.8431616600394,74.68714049710543,75.22386528344711,0.0,3074800
2023-03-31,0.0,72.54025268554688,0.0,75.01743836382263,72.45768108956614,74.89357781994705,0.0,2897940
2023-04-03,0.0,72.91181945800781,0.0,74.15041204472499,72.78795893937456,73.57239839103904,0.0,2444700
2023-04-04,0.0,73.40727233886719,0.0,73.98527982743884,72.25125106191472,72.74668695209174,0.0,2046140
2023-04-05,0.0,74.97615051269531,0.0,75.80187901481835,73.90270094001195,73.98527253026256,0.0,2555640
2023-04-06,0.0,73.98527526855469,0.0,76.46246086660769,73.73756048863464,75.80188182034547,0.0,2195420
2023-04-10,0.0,74.06784057617188,0.0,76.25602226204937,74.06784057617188,75.38901115619406,0.0,1820680
2023-04-11,0.0,75.0587387084961,0.0,75.30645353405086,74.10914946101141,74.15043841517549,0.0,1600980
2023-04-12,0.0,76.42118072509766,0.0,76.627612865036,73.86141715001506,74.10913823786466,0.0,2375440
2023-04-13,0.0,73.48983764648438,0.0,75.71930211134192,73.28340551826392,75.63673052001546,0.0,2420820
2023-04-14,0.0,73.82013702392578,0.0,75.14130150470604,72.99440843596199,74.31557291674223,0.0,2788700
2023-04-17,0.0,73.6962661743164,0.0,74.93485888312844,73.53112299973145,74.02655882329461,0.0,2110420
2023-04-18,0.0,73.73755645751953,0.0,74.2742749345758,72.54024637069703,72.70539584809069,0.0,1837960
2023-04-19,0.0,73.82013702392578,0.0,74.89358040839322,73.32470113110934,74.85229775888054,0.0,1999120
2023-04-20,0.0,74.97615051269531,0.0,75.59544688928759,73.61369722423059,75.22386528344711,0.0,3055480
2023-04-21,0.0,74.89356994628906,0.0,76.0908800114663,74.4807057099814,75.22386259529686,0.0,1807900
2023-04-24,0.0,75.223876953125,0.0,76.25603774090061,74.35686567127918,75.01744479556987,0.0,1716800
2023-04-25,0.0,78.07263946533203,0.0,78.11392211429131,75.71930798133442,76.0083180230949,0.0,2083020
2023-04-26,0.0,77.20562744140625,0.0,77.41205960034048,75.59545912164297,76.33860985395862,0.0,2485360
2023-04-27,0.0,73.03568267822266,0.0,75.678017635429,72.78796791023385,75.34772497830215,0.0,2382320
2023-04-28,0.0,72.0447998046875,0.0,73.69625653373478,72.00351086653833,73.15953183683291,0.0,2618140
2023-05-01,0.0,72.2512435913086,0.0,72.74667943025872,71.5906582728361,72.2512435913086,0.0,1703720
2023-05-02,0.0,73.48983764648438,0.0,74.27427721379868,72.12738434026761,72.29253382272914,0.0,3299120
2023-05-03,0.0,74.43942260742188,0.0,74.52199419421282,72.12738037842604,73.3659730797149,0.0,3461560
2023-05-04,0.0,75.0587387084961,0.0,75.59546361357961,74.10914946101141,74.64587436609492,0.0,3130100
2023-05-05,0.0,71.96223449707031,0.0,74.19169875557732,71.5080813370965,73.98526664646342,0.0,2504620
2023-05-08,0.0,71.6319351196289,0.0,72.66409556803855,71.42550302994698,72.20994245081533,0.0,1922620
2023-05-09,0.0,72.54025268554688,0.0,72.66411322942245,72.00352786195866,72.3751094935854,0.0,1663120
2023-05-10,0.0,70.9300765991211,0.0,72.58153353367662,70.55849500896116,71.38422347623892,0.0,3061580
2023-05-11,0.0,70.59979248046875,0.0,71.50809264423228,70.35207139043824,70.8062246222245,0.0,2789920
2023-05-12,0.0,71.13650512695312,0.0,72.04480513517134,70.18691617753083,70.35205934273125,0.0,2405440
2023-05-15,0.0,70.3520736694336,0.0,71.5906665600913,70.26950207001826,70.8887985153471,0.0,2197580
2023-05-16,0.0,70.26948547363281,0.0,70.7236386128682,69.48504601474374,70.7236386128682,0.0,1988760
2023-05-17,0.0,68.5767593383789,0.0,70.31078805215289,68.2877493029091,69.81535217676159,0.0,2528240
2023-05-18,0.0,66.140869140625,0.0,68.49419473012205,65.97572591672738,68.49419473012205,0.0,2959080
2023-05-19,0.0,66.3885726928711,0.0,66.84271958821111,65.72798737262023,66.0169910878018,0.0,3757580
2023-05-22,0.0,65.9344253540039,0.0,66.55372178431666,65.56285001573987,66.55372178431666,0.0,1960440
2023-05-23,0.0,67.66844940185547,0.0,67.83359888502748,66.2234244980957,66.67757770205793,0.0,2085840
2023-05-24,0.0,68.37032318115234,0.0,69.23733433718857,67.83359838942977,68.49417741786567,0.0,2669920
2023-05-25,0.0,65.14999389648438,0.0,66.38858691238784,64.61326899629756,65.35642606580161,0.0,3218360
2023-05-26,0.0,61.80576705932617,0.0,64.81967686124358,61.51676339060697,64.77838792293763,0.0,2699780
2023-05-30,0.0,61.310340881347656,0.0,61.80577671941705,59.90660495684962,60.278180260449545,0.0,2682180
2023-05-31,0.0,62.13605880737305,0.0,62.50763404775996,61.18646993773078,61.84705514264907,0.0,2939940
2023-06-01,0.0,60.649757385253906,0.0,62.548935504658765,60.154321532307456,62.17736018990109,0.0,2247040
2023-06-02,0.0,59.741458892822266,0.0,60.649759031175115,59.32859462086108,60.03046262323333,0.0,2684780
2023-06-05,0.0,59.700164794921875,0.0,60.0304511092943,58.79185853097482,59.82401901290772,0.0,2042040
2023-06-06,0.0,59.741458892822266,0.0,60.360755300764055,59.369883567980736,59.865319434372395,0.0,1956360
2023-06-07,0.0,61.80576705932617,0.0,61.9709165127425,58.99828934932355,59.65887456337387,0.0,3518860
2023-06-08,0.0,60.360748291015625,0.0,61.76449043255112,60.11303353649156,61.76449043255112,0.0,2396820
2023-06-09,0.0,59.906612396240234,0.0,60.360759345947706,58.75059109731432,59.82403449646682,0.0,2693980
2023-06-12,0.0,57.84229278564453,0.0,59.65889324337365,57.84229278564453,59.28731788150479,0.0,2663100
2023-06-13,0.0,57.01656723022461,0.0,58.04872806857183,56.72755715563954,56.933989323308985,0.0,3702840
2023-06-14,0.0,56.14954376220703,0.0,57.92486147935629,56.10825481304645,57.01656129610594,0.0,4297420
2023-06-15,0.0,54.910945892333984,0.0,56.85140663007129,54.41551004650021,56.5624029116523,0.0,4735060
2023-06-16,0.0,55.65410232543945,0.0,55.777962860769435,54.16778850109676,54.16778850109676,0.0,3242320
2023-06-20,0.0,55.819252014160156,0.0,56.72755221280088,55.40638771479534,56.10825576375367,0.0,2668820
2023-06-21,0.0,57.33283615112305,0.665,57.6247111354129,56.08193790782581,56.165329851566135,0.0,2920400
2023-06-22,0.0,56.04024124145508,0.0,57.95828784458014,55.998548448933605,57.8331967422202,0.0,2327680
2023-06-23,0.0,57.166053771972656,0.0,57.70810460178552,56.457206325483256,57.3328376638539,0.0,2327860
2023-06-26,0.0,58.70880889892578,0.0,58.75050167781397,56.4571888799059,57.37451908898567,0.0,2403600
2023-06-27,0.0,56.749088287353516,0.0,58.500344620443826,56.49890608445588,58.250162417546186,0.0,2353580
2023-06-28,0.0,56.54060745239258,0.0,57.37453967816593,55.91515828306257,57.33284052191808,0.0,2258700
2023-06-29,0.0,56.7907829284668,0.0,57.33284014412722,56.457208767875926,56.66569182294548,0.0,2318820
2023-06-30,0.0,55.12291717529297,0.0,55.7900654805882,54.747650230063,55.706673533025736,0.0,2143580
2023-07-03,0.0,54.87273406982422,0.0,55.248000965385046,54.664251047313336,54.95612600634919,0.0,977540
2023-07-05,0.0,54.914432525634766,0.0,55.37309776746491,54.372375338671205,55.33139861369941,0.0,1935040
2023-07-06,0.0,55.748355865478516,0.0,56.66567984134256,55.62326478640692,56.04023080838118,0.0,3079400
2023-07-07,0.0,56.16532897949219,0.0,56.24872092193769,54.87273796559348,55.873453999734245,0.0,2519240
2023-07-10,0.0,56.16532897949219,0.0,57.08265307118746,55.95684594217975,56.33211922678057,0.0,2762300
2023-07-11,0.0,55.623268127441406,0.0,56.70738239465087,55.45648425359239,56.0402341744609,0.0,2674080
2023-07-12,0.0,54.247283935546875,0.0,54.99781771190967,53.83031789872452,54.37236865667614,0.0,3382220
2023-07-13,0.0,52.4543342590332,0.0,53.53844225212762,52.204152065489694,53.32996239283926,0.0,2461520
2023-07-14,0.0,52.4543342590332,0.0,52.74620924323564,51.45361502845539,52.32924316226145,0.0,2544100
2023-07-17,0.0,51.53700256347656,0.0,52.41263062237768,51.286823572533166,52.28754271750521,0.0,2003260
2023-07-18,0.0,50.70307922363281,0.0,52.24585576624637,50.36950823853727,51.745494516804534,0.0,2907640
2023-07-19,0.0,50.786460876464844,0.0,51.078335808606184,50.16101186656354,50.41119083428443,0.0,2931400
2023-07-20,0.0,53.163177490234375,0.0,53.413359693971046,51.203438102289596,51.620404200252224,0.0,3855560
2023-07-21,0.0,53.49674987792969,0.0,53.58014182229422,52.245851625269125,52.49603063956148,0.0,3210540
2023-07-24,0.0,53.329952239990234,0.0,53.87200613334232,52.91298623839719,53.204861167033066,0.0,1892740
2023-07-25,0.0,52.57941436767578,0.0,53.163167430604425,52.12075238294552,53.163167430604425,0.0,2318540
2023-07-26,0.0,52.954689025878906,0.0,53.621837259352745,52.496027001264544,52.954689025878906,0.0,2432180
2023-07-27,0.0,53.28826141357422,0.0,53.663528306228805,51.036644151654464,51.45361019344707,0.0,4362840
2023-07-28,0.0,51.328521728515625,0.0,52.287544946071726,51.078342726909256,52.12075788460128,0.0,2698660
2023-07-31,0.0,51.24512481689453,0.0,51.70378680554275,51.03664180558186,51.32851674894028,0.0,2193860
2023-08-01,0.0,51.62039566040039,0.0,52.16244958935746,51.37021349805276,51.70378759371738,0.0,2251760
2023-08-02,0.0,53.872013092041016,0.0,54.20558720888279,52.57941895637659,52.57941895637659,0.0,3712380
2023-08-03,0.0,54.1221923828125,0.0,54.664249498461594,53.45504418472181,54.580851201902696,0.0,3812660
2023-08-04,0.0,54.62255859375,0.0,54.74764969507019,52.87130226246045,53.58014335341126,0.0,3915820
2023-08-07,0.0,53.705230712890625,0.0,54.7893386698705,53.66353156122333,54.122196779974566,0.0,3169420
2023-08-08,0.0,54.62255859375,0.0,55.58158188734118,54.455774700254885,54.455774700254885,0.0,2478200
2023-08-09,0.0,55.873451232910156,0.0,56.08193425989863,54.53916113266336,54.580853920622815,0.0,2992500
2023-08-10,0.0,55.7066764831543,0.0,56.207034557424926,53.95541367960992,54.997828985339616,0.0,4790300
2023-08-11,0.0,56.45720291137695,0.0,56.91586812991022,55.915152114343236,56.49890206302444,0.0,3351080
2023-08-14,0.0,55.20630645751953,0.0,56.915869930803005,55.164613666950096,56.70738689076343,0.0,2689600
2023-08-15,0.0,56.37381362915039,0.0,56.58229667242565,55.248006467943505,55.53988145604936,0.0,2826360
2023-08-16,0.0,57.5830192565918,0.0,57.624712047923445,56.08193879590592,56.58229682866869,0.0,3305980
2023-08-17,0.0,58.917301177978516,0.0,59.042392259174406,57.08264683269764,57.20773791389354,0.0,4026700
2023-08-18,0.0,59.084083557128906,0.0,60.20989053475505,58.66711753857133,60.08480581910499,0.0,3419820
2023-08-21,0.0,57.166053771972656,0.0,58.79221898620654,56.99926351769377,58.667127886096786,0.0,4559240
2023-08-22,0.0,57.37453842163086,0.0,57.62471426644509,56.37381595518045,56.37381595518045,0.0,2576900
2023-08-23,0.0,55.58157730102539,0.0,57.08265130581338,55.24800317916233,57.040958517078735,0.0,3883520
2023-08-24,0.0,58.04167938232422,0.0,58.08337853694911,54.53916671535549,54.53916671535549,0.0,4332180
2023-08-25,0.0,57.166053771972656,0.0,58.9173100863163,56.58229742559301,57.74980375595466,0.0,4718120
2023-08-28,0.0,56.2904167175293,0.0,57.12434881704825,55.998541755177065,56.24871756759455,0.0,3332460
2023-08-29,0.0,53.872013092041016,0.0,56.457201363369855,53.746922002925714,56.41550857526281,0.0,3758180
2023-08-30,0.0,53.28826141357422,0.0,54.12219349715942,53.12147436061748,53.83031854038398,0.0,2647340
2023-08-31,0.0,53.0380859375,0.0,53.371660085514,52.53772789667784,53.32996411231196,0.0,3061320
2023-09-01,0.0,53.12147521972656,0.0,53.58013723687647,52.287543122654554,52.37093505988236,0.0,2988220
2023-09-05,0.0,53.07978820800781,0.0,53.66353822950373,52.70451806476113,53.455055170055466,0.0,2355680
2023-09-06,0.0,53.997100830078125,0.0,54.580850726525696,53.20486473764426,53.32995581899637,0.0,2930040
2023-09-07,0.0,54.87273406982422,0.0,55.66496701040682,54.580852748391436,55.41478483843498,0.0,3524380
2023-09-08,0.0,54.7059440612793,0.0,54.99781902152576,54.03880220391554,54.872734297417956,0.0,3205720
2023-09-11,0.0,53.41334915161133,0.0,54.4140650442481,53.288258074432605,53.83031516727606,0.0,2710200
2023-09-12,0.0,54.62255859375,0.0,54.74764969507019,53.538444198838626,53.913717502799194,0.0,3156340
2023-09-13,0.0,54.247283935546875,0.0,54.91442577702456,53.788618750083565,54.622550823728275,0.0,3535740
2023-09-14,0.0,53.41334915161133,0.0,54.372365897723036,53.121471031927065,53.74691687422593,0.0,3399240
2023-09-15,0.0,55.28969955444336,0.0,55.53987536148255,53.70522732694105,53.78861926262078,0.0,3513500
2023-09-18,0.0,55.20630645751953,0.0,55.62327253759867,54.83103953040729,55.58157974702924,0.0,2459980
2023-09-19,0.0,55.456485748291016,0.0,56.3321170155913,55.206303568377464,55.62326962663529,0.0,2785060
2023-09-20,0.0,57.04530334472656,0.88,57.08756170407007,55.017024602925545,55.10153487389218,0.0,4110380
2023-09-21,0.0,59.24260711669922,0.0,59.24260711669922,58.0171919755443,58.31298117019678,0.0,4296260
2023-09-22,0.0,59.20035171508789,0.0,59.327113899815146,57.890419925995424,58.60876691290528,0.0,3247820
2023-09-25,0.0,58.651023864746094,0.0,59.87643890430411,58.608765505704646,59.58064973417497,0.0,2962180
2023-09-26,0.0,60.38349914550781,0.0,60.763804984413376,59.36936313719862,59.538383656010325,0.0,4515480
2023-09-27,0.0,60.1722297668457,0.0,61.43990320109993,59.49614113720909,60.08771949410619,0.0,4380900
2023-09-28,0.0,59.24260711669922,0.0,60.848328177596635,58.48200172493509,60.55253898294416,0.0,5082220
2023-09-29,0.0,59.15808868408203,0.0,59.5806464603969,57.6368781102605,58.01718397757587,0.0,3838420
2023-10-02,0.0,58.22846984863281,0.0,59.28486441610539,57.721401745790125,59.073585502610875,0.0,3336400
2023-10-03,0.0,60.29898452758789,0.0,60.806052495090746,58.31296456036562,59.03131138497125,0.0,3748600
2023-10-04,0.0,58.608768463134766,0.0,60.17223111075655,58.31297927807994,60.00321056150255,0.0,3732040
2023-10-05,0.0,59.03132247924805,0.0,60.214485590929655,58.566512774897575,58.65102304407764,0.0,3251000
2023-10-06,0.0,57.129817962646484,0.0,60.34126008549703,56.707260127940934,60.12998116814425,0.0,4249900
2023-10-09,0.0,56.53824234008789,0.0,58.31298404316162,56.32696341239528,57.84816782314939,0.0,3040400
2023-10-10,0.0,55.904396057128906,0.0,56.58048464222426,55.05928048996965,56.41146410788045,0.0,3607540
2023-10-11,0.0,55.101531982421875,0.0,56.07341616683914,55.05928007301593,55.52408976280155,0.0,3208620
2023-10-12,0.0,55.608604431152344,0.0,56.28469298625377,54.5099516634978,55.01701969175382,0.0,4138040
2023-10-13,0.0,57.0030403137207,0.0,57.42559808164367,55.228298977988196,55.39732595378929,0.0,4106500
2023-10-16,0.0,55.693115234375,0.0,56.62274103647464,55.355067729687896,56.62274103647464,0.0,3307980
2023-10-17,0.0,56.07341766357422,0.0,57.467859665592194,55.56634960312774,56.834022978104045,0.0,4032180
2023-10-18,0.0,57.679141998291016,0.0,58.01718954130497,56.200189639360474,56.87628472538839,0.0,4135060
2023-10-19,0.0,58.69328308105469,0.0,58.989078735719,56.83403111079375,57.21433059861768,0.0,6173600
2023-10-20,0.0,60.510276794433594,0.0,60.55253515430668,58.735535291011864,58.946814194936366,0.0,5680000
2023-10-23,0.0,60.1722297668457,0.0,61.73569882726899,58.904556332591476,61.059603749911865,0.0,6076920
2023-10-24,0.0,58.989070892333984,0.0,60.12997565182835,58.73553363568178,59.538390868879965,0.0,4545760
2023-10-25,0.0,61.94698715209961,0.0,62.116007723278436,59.79193940710135,59.79193940710135,0.0,5655920
2023-10-26,0.0,64.35556030273438,0.0,64.82037005796595,62.073744098768735,62.41179166021412,0.0,7207160
2023-10-27,0.0,63.67945098876953,0.0,64.22877734773485,62.411777751643186,63.34140350265861,0.0,6873920
2023-10-30,0.0,62.36953353881836,0.0,63.34141131565146,61.86245902324594,62.876601606670484,0.0,4619380
2023-10-31,0.0,61.735694885253906,0.0,63.29915739812477,61.60892626037895,62.36953156190859,0.0,3469840
2023-11-01,0.0,59.58064270019531,0.0,61.52441092765831,59.411622179424434,61.4821525736058,0.0,6055640
2023-11-02,0.0,57.55237579345703,0.0,58.56651846531424,57.467865516065814,58.10170226808125,0.0,4323160
2023-11-03,0.0,56.15792465209961,0.0,57.214319069541055,55.77762524090862,57.129808805689706,0.0,3695940
2023-11-06,0.0,55.77762985229492,0.0,56.4959768260001,55.60860931061854,55.98890875325059,0.0,2640480
2023-11-07,0.0,54.80574035644531,0.0,55.862134759799,54.46769285782818,55.48183535367957,0.0,3920400
2023-11-08,0.0,54.72123718261719,0.0,55.397332267436596,54.42544800090391,54.63672690894491,0.0,2984520
2023-11-09,0.0,55.52408981323242,0.0,55.73536870361416,54.17190620433332,54.55221207565247,0.0,4493460
2023-11-10,0.0,53.157772064208984,0.0,55.22830268699573,53.073258570632696,55.05928214756345,0.0,2825040
2023-11-13,0.0,53.45356369018555,0.0,54.00289014018216,53.15777450871678,53.58033232444947,0.0,2930300
2023-11-14,0.0,51.21400833129883,0.0,51.805589945288574,50.91821913623417,51.636566166454294,0.0,3479620
2023-11-15,0.0,51.08723831176758,0.0,51.509796108847766,50.58016702095525,50.70693564962337,0.0,4056480
2023-11-16,0.0,51.00271987915039,0.0,51.721069998940855,51.00271987915039,51.38302250446771,0.0,4235140
2023-11-17,0.0,51.08723831176758,0.0,51.55205124378376,50.79144591949535,51.29851721030767,0.0,3271260
2023-11-20,0.0,49.8195686340332,0.0,51.12949725785069,49.65054485783021,51.08724211976504,0.0,3177220
2023-11-21,0.0,50.49565505981445,0.0,50.918212842741774,50.284376168350796,50.284376168350796,0.0,2424360
2023-11-22,0.0,50.0731086730957,0.0,50.36889789891989,49.312503201175254,49.94634001982204,0.0,3902480
2023-11-24,0.0,50.24212646484375,0.0,50.53791565531684,50.07310268863325,50.284381602931276,0.0,1287260
2023-11-27,0.0,50.41114807128906,0.0,50.62242697649336,49.8618216282138,50.45340320755787,0.0,2091500
2023-11-28,0.0,50.15761184692383,0.0,50.70693830139978,49.988591298340744,50.62242802710824,0.0,3051140
2023-11-29,0.0,50.28437423706055,0.0,50.326629368958365,49.143469556519946,49.5237689674602,0.0,3203260
2023-11-30,0.0,50.58016586303711,0.0,51.34077116991318,50.11535294166176,50.19986643345914,0.0,4545700
2023-12-01,0.0,50.28437423706055,0.0,51.2985135219077,50.15760561750719,50.87595575520971,0.0,3890960
2023-12-04,0.0,51.29851531982422,0.0,52.18588601621869,51.171746695827856,51.256260186445445,0.0,3238800
2023-12-05,0.0,51.00271987915039,0.0,51.80558026062923,50.66467560853708,51.76332512978504,0.0,3552940
2023-12-06,0.0,51.59431076049805,0.0,51.721079399932314,50.199871846023214,50.24212698454783,0.0,3407920
2023-12-07,0.0,50.15761184692383,0.0,51.12949612057811,49.988591298340744,50.875962073843176,0.0,3088720
2023-12-08,0.0,49.777313232421875,0.0,50.74919429868815,49.650544594975656,50.66468402296426,0.0,4618220
2023-12-11,0.0,48.97445297241211,0.0,49.98859240567717,48.88993947238813,49.98859240567717,0.0,3290860
2023-12-12,0.0,48.17158508300781,0.0,49.27023462433952,48.17158508300781,48.97444547916326,0.0,3618640
2023-12-13,0.0,46.94617462158203,0.0,48.17159298257758,46.81940920594413,47.960314065987326,0.0,4718200
2023-12-14,0.0,47.115196228027344,0.0,47.83354322178051,46.43910437087255,46.777148687519805,0.0,3917080
2023-12-15,0.0,46.73488998413086,0.0,47.1151926322122,46.39684569328302,46.946168874858266,0.0,4734860
2023-12-18,0.0,46.05879592895508,0.0,46.69263257017923,45.889772179856664,46.60812230755996,0.0,3069380
2023-12-19,0.0,45.6362419128418,0.0,46.05879970833107,45.6362419128418,46.01654457355417,0.0,2916100
2023-12-20,0.0,47.04056167602539,1.03,47.08364174389971,45.36054419845486,45.834395366142644,0.0,4331520
2023-12-21,0.0,45.96363067626953,0.0,46.782102756097316,45.87747710430791,46.17901789272168,0.0,5637160
2023-12-22,0.0,45.87747573852539,0.0,46.30825015860544,45.53285488784215,45.748242097882176,0.0,2954660
2023-12-26,0.0,45.36055374145508,0.0,45.70517135111641,45.18824329335019,45.70517135111641,0.0,1634080
2023-12-27,0.0,45.188232421875,0.0,45.48977316860194,45.102075575276125,45.27438598192623,0.0,3503300
2023-12-28,0.0,45.27439498901367,0.0,45.36055185275298,44.88669731855757,44.97285418229687,0.0,3198640
2023-12-29,0.0,45.705169677734375,0.0,46.13594413895062,45.188241638894205,45.27439521651812,0.0,5120780
2024-01-02,0.0,47.2128791809082,0.0,47.77288728192972,46.48056392869383,46.52364071649205,0.0,4264360
2024-01-03,0.0,48.28981399536133,0.0,48.37597085516296,47.643652336315775,47.859039555997626,0.0,4650100
2024-01-04,0.0,48.806739807128906,0.0,48.849816588912475,47.988267807049986,48.76365973879756,0.0,4064280
2024-01-05,0.0,48.7205924987793,0.0,49.02213660341624,48.031353995613806,48.76366928899931,0.0,4618740
2024-01-08,0.0,46.69594955444336,0.0,48.419047299725044,46.6097926952504,48.419047299725044,0.0,4039020
2024-01-09,0.0,46.523643493652344,0.0,47.47134602797774,46.308256255255806,47.47134602797774,0.0,3257600
2024-01-10,0.0,45.87747573852539,0.0,46.69594779398709,45.70516531318377,46.48056058394706,0.0,3553180
2024-01-11,0.0,45.834407806396484,0.0,46.91134406459871,45.36055651009723,45.6620973477744,0.0,5485960
2024-01-12,0.0,45.79132080078125,0.0,46.09286157120737,45.40362317698488,45.575933597177475,0.0,4272840
2024-01-16,0.0,45.834407806396484,0.0,46.39441268873246,45.446710096133955,46.04979505803693,0.0,5143120
2024-01-17,0.0,46.30824279785156,0.0,47.299025121168775,46.22208924214897,46.60978352935811,0.0,3545280
2024-01-18,0.0,45.015933990478516,0.0,45.92055975785785,44.929780407508495,45.61901893091425,0.0,4747380
2024-01-19,0.0,43.292823791503906,0.0,44.714380514202176,43.24974701220496,44.58514688975776,0.0,4142900
2024-01-22,0.0,43.20667266845703,0.0,43.33590301363855,42.56051108290612,42.8620518415441,0.0,3890560
2024-01-23,0.0,42.862056732177734,0.0,43.42206481817218,42.818979945535425,43.034367165295116,0.0,3099980
2024-01-24,0.0,42.38819885253906,0.0,42.5174291921813,41.569726888614326,42.08665482027856,0.0,3201700
2024-01-25,0.0,42.34512710571289,0.0,42.77590152881659,41.78511904105887,41.91435268260919,0.0,3406100
2024-01-26,0.0,42.862056732177734,0.0,42.991290378652806,42.34512871937375,42.73282308570266,0.0,3278400
2024-01-29,0.0,42.00050354003906,0.0,42.90512911282265,41.95742675782038,42.775898766166605,0.0,2556720
2024-01-30,0.0,42.56051254272461,0.0,42.7328196755434,42.086658067829255,42.21589170399124,0.0,3540180
2024-01-31,0.0,44.24053955078125,0.0,44.28361962974301,43.03437293046969,43.46514742769851,0.0,6368320
2024-02-01,0.0,43.20667266845703,0.0,44.11129823091876,43.12051581845491,43.89591103573512,0.0,5955060
2024-02-02,0.0,41.74204635620117,0.0,43.07744654168369,41.52665912349275,42.862059308975276,0.0,6435260
2024-02-05,0.0,41.95743179321289,0.0,42.60359346368368,41.69896778233422,41.78512135711104,0.0,4376240
2024-02-06,0.0,42.12974166870117,0.0,42.560516109949454,41.569733580459136,41.69896722745289,0.0,4062040
2024-02-07,0.0,41.22511291503906,0.0,41.82819779305426,41.09588255395964,41.56973378434723,0.0,2771740
2024-02-08,0.0,41.13895034790039,0.0,41.397414300106504,40.96663995091383,41.26818396727718,0.0,2433900
2024-02-09,0.0,40.36355972290039,0.0,41.09587817042976,40.19125259317379,40.92356775415533,0.0,2746200
2024-02-12,0.0,40.665103912353516,0.0,40.79433426009126,39.975865531442004,40.40663993033018,0.0,3328260
2024-02-13,0.0,41.95743179321289,0.0,42.56051667629527,41.44050048490734,42.17281901670316,0.0,4603240
2024-02-14,0.0,41.00971984863281,0.0,41.91434868000154,40.96664306774566,41.483574298034604,0.0,3859320
2024-02-15,0.0,40.8804931640625,0.0,41.48357801009132,40.75125952328918,40.96664673354604,0.0,3299220
2024-02-16,0.0,41.61281204223633,0.0,41.74204569443187,40.79433991361054,40.83741998870793,0.0,4033960
2024-02-20,0.0,42.30204772949219,0.0,43.03436623273458,41.74204294218127,42.04358372869115,0.0,4390900
2024-02-21,0.0,42.60358428955078,0.0,43.42205621987604,42.60358428955078,42.86204824477257,0.0,4188840
2024-02-22,0.0,40.14817428588867,0.0,41.052803189387426,39.93278707773144,40.837415981230194,0.0,4566620
2024-02-23,0.0,40.406639099121094,0.0,40.62202629413443,39.7173974458402,39.889707859160424,0.0,3769100
2024-02-26,0.0,40.492801666259766,0.0,40.53587845753119,40.10510397171991,40.27741442335413,0.0,2897900
2024-02-27,0.0,40.277408599853516,0.0,40.79433659346771,40.23433181481033,40.277408599853516,0.0,2698380
2024-02-28,0.0,40.751258850097656,0.0,40.923569272766265,40.49279485936873,40.708182066067494,0.0,2653880
2024-02-29,0.0,40.0620231628418,0.0,40.83741847416123,39.8466359415362,40.191256810244425,0.0,4163460
2024-03-01,0.0,38.898929595947266,0.0,39.93278552568117,38.726619178809,39.93278552568117,0.0,2980920
2024-03-04,0.0,39.20047378540039,0.0,39.243550571810985,38.81277613460878,38.8989329939781,0.0,3653680
2024-03-05,0.0,40.62202453613281,0.0,41.05279890751684,39.760475793364755,39.760475793364755,0.0,4862920
2024-03-06,0.0,40.10509490966797,0.0,40.49279251660459,39.50201010849409,39.84663093389281,0.0,4637980
2024-03-07,0.0,38.898929595947266,0.0,39.76047839509075,38.6835423961614,39.45893434346182,0.0,5171160
2024-03-08,0.0,40.10509490966797,0.0,40.19125175929153,38.381997355769904,38.89892859386798,0.0,6749320
2024-03-11,0.0,40.36355972290039,0.0,40.7512573378809,40.14817252419431,40.36355972290039,0.0,4799600
2024-03-12,0.0,39.20047378540039,0.0,40.57895066982818,39.157396998989796,39.93278901402488,0.0,5702460
2024-03-13,0.0,39.84663772583008,0.0,40.06202495678051,39.41586326392921,39.45894005280964,0.0,3920460
2024-03-14,0.0,40.10509490966797,0.0,40.578946079680385,39.545090176579755,39.67432052119345,0.0,4608180
2024-03-15,0.0,41.095882415771484,0.0,41.26819284984616,40.53587432666584,40.66510797385889,0.0,3995000
2024-03-18,0.0,40.32048797607422,0.0,40.363564763885705,39.63124951144568,40.062023962657044,0.0,3394700
2024-03-19,0.0,40.0620231628418,0.0,41.09588248241832,40.018946375890316,40.665108039807116,0.0,3783500
2024-03-20,0.0,39.17681121826172,0.79,40.22853834463856,39.0891653407771,39.921782788464945,0.0,3463700
2024-03-21,0.0,38.82624435424805,0.0,38.87006563255667,38.212736427879726,38.30038232784619,0.0,3321840
2024-03-22,0.0,38.78241729736328,0.0,39.13299415829476,38.56330759511829,38.913884456049765,0.0,2287720
2024-03-25,0.0,39.089168548583984,0.0,39.483566671259666,38.78241631058548,39.30827824525396,0.0,2432440
2024-03-26,0.0,39.35211181640625,0.0,39.39593309704491,38.65095795279013,38.78242513805551,0.0,2554020
2024-03-27,0.0,39.089168548583984,0.0,39.65885509726537,38.82623758124974,38.82623758124974,0.0,3054660
2024-03-28,0.0,39.26446533203125,0.0,39.35211123536386,39.00153430873214,39.13300149205637,0.0,2658700
2024-04-01,0.0,39.13298797607422,0.0,39.48356143827345,38.69476864081403,39.13298797607422,0.0,3811060
2024-04-02,0.0,39.834144592285156,0.0,40.360006541066,39.74649870525586,40.00943302299501,0.0,2819240
2024-04-03,0.0,39.702674865722656,0.0,40.27236139284915,39.30827675796959,40.228540123842926,0.0,3031440
2024-04-04,0.0,40.92969512939453,0.0,40.973516403402186,38.82624054353807,38.957707708909936,0.0,4800140
2024-04-05,0.0,39.965614318847656,0.0,40.84205325867633,39.48357357061173,40.66676814538997,0.0,6017560
2024-04-08,0.0,40.009437561035156,0.0,40.22854728843765,39.615039383040845,39.79032783363267,0.0,3547020
2024-04-09,0.0,39.658851623535156,0.0,40.579111600273485,39.48356321288301,39.57120908988326,0.0,5080760
2024-04-10,0.0,40.39506912231445,0.0,40.76317185630498,40.228546934559084,40.6404709449748,0.2,8184300
2024-04-11,0.0,39.12422561645508,0.0,40.509000458699596,38.975232632424195,40.07954399626913,0.0,7475000
2024-04-12,0.0,40.40383529663086,0.0,40.64924048241887,39.71145104927188,39.91303161175354,0.0,8553500
2024-04-15,0.0,41.7623176574707,0.0,41.902547756920804,39.70268410157009,39.73774246226994,0.0,7888200
2024-04-16,0.0,41.771080017089844,0.0,42.02524811373913,41.245217987025136,41.80613837732063,0.0,6014100
2024-04-17,0.0,42.80527114868164,0.0,42.97179331716538,41.38544122805811,41.38544122805811,0.0,6995200
2024-04-18,0.0,43.331138610839844,0.0,43.43631368750375,42.35829422681714,42.717634047046005,0.0,5711600
2024-04-19,0.0,45.127838134765625,0.0,45.46088249260011,43.48889506798743,43.594070137844646,0.0,7519500
2024-04-22,0.0,44.23387145996094,0.0,45.30312462289948,43.74306448226277,44.57568208912525,0.0,4898400
2024-04-23,0.0,42.92797088623047,0.0,43.9271105568413,42.69133201529391,43.84823093319578,0.0,4250700
2024-04-24,0.0,42.691341400146484,0.0,43.120797966257136,42.025249254428196,42.33200155640056,0.0,3929900
2024-04-25,0.0,43.1470832824707,0.0,44.382861901407445,42.95426566962919,44.17251845407926,0.0,5186300
2024-04-26,0.0,41.80613327026367,0.0,42.638750835610885,41.508143931403055,42.49852075516759,0.0,5456700
2024-04-29,0.0,41.49938201904297,0.0,42.0252473833171,41.297801466243435,41.438031561380036,0.0,3922300
2024-04-30,0.0,43.08573532104492,0.0,43.08573532104492,41.5519672769875,41.823664534111884,0.0,4983800
2024-05-01,0.0,43.73430252075195,0.0,43.88329552919449,41.96389553857826,43.383725622823846,0.0,6047900
2024-05-02,0.0,42.64752197265625,0.0,43.93588838359659,42.454704321127906,42.98056973165535,0.0,3874400
2024-05-03,0.0,40.94722366333008,0.0,41.47308562984488,40.736876870714845,41.14880419527238,0.0,5344700
2024-05-06,0.0,40.062015533447266,0.0,40.76316588356295,40.05325261678583,40.63170207354984,0.0,3699900
2024-05-07,0.0,40.07954406738281,0.0,40.193482042245876,39.77279183892287,40.00943070516991,0.0,5643300
2024-05-08,0.0,40.12337112426758,0.0,40.57035682832571,39.87796930610172,40.57035682832571,0.0,3937100
2024-05-09,0.0,39.99190902709961,0.0,40.4651835049822,39.90426312871457,40.11460994148951,0.0,3480200
2024-05-10,0.0,39.82537841796875,0.0,40.114604830767334,39.42221736680898,39.746498791146294,0.0,3709100
2024-05-13,0.0,39.667625427246094,0.0,39.92179352528652,39.4923403118313,39.50110323026233,0.0,2637100
2024-05-14,0.0,39.15928649902344,0.0,39.7815572549099,39.07164395491362,39.76402807741819,0.0,4235500
2024-05-15,0.0,37.97610092163086,0.0,39.01906205790558,37.923513381560575,38.756131044252626,0.0,5129300
2024-05-16,0.0,38.16014862060547,0.0,38.18644071643308,37.70440001394965,38.037447715611385,0.0,4058500
2024-05-17,0.0,38.22150421142578,0.0,38.59837323791438,38.05497866653353,38.16015375068107,0.0,3460400
2024-05-20,0.0,37.704402923583984,0.0,38.22150202264118,37.581702009121116,38.18644366326632,0.0,3165300
2024-05-21,0.0,37.55540466308594,0.0,38.04621163939259,37.52911256656292,38.01991954286957,0.0,2574000
2024-05-22,0.0,37.59922409057617,0.0,38.02867721012118,37.41516941027977,37.52910738506354,0.0,4408300
2024-05-23,0.0,37.99362564086914,0.0,38.282852087725374,36.83672654014248,36.845492801570984,0.0,10413800
2024-05-24,0.0,37.26618576049805,0.0,37.84463535247281,37.07336811539,37.73069734914993,0.0,6010200
2024-05-28,0.0,37.020774841308594,0.0,37.49404923265363,37.00324566483677,37.099654463757524,0.0,7940600
2024-05-29,0.0,37.537872314453125,0.0,37.72192364487756,37.26617510524437,37.71315738532492,0.0,5953100
2024-05-30,0.0,38.37049865722656,0.0,38.589608408980205,37.695640220623396,37.72193566431148,0.0,6062900
2024-05-31,0.0,38.405555725097656,0.0,39.86921055600776,38.265325622437054,38.37049736359516,0.0,8771800
2024-06-03,0.0,38.16891098022461,0.0,39.05411608477054,37.713162380229974,37.92350917382321,0.0,5760700
2024-06-04,0.0,37.984859466552734,0.0,38.51948769399015,37.77451267383927,38.23026127192774,0.0,8634900
2024-06-05,0.0,36.451087951660156,0.0,37.57292848811096,36.44232503518411,37.3801142355013,0.0,6645400
2024-06-06,0.0,36.49491500854492,0.0,36.67896637386764,36.310863643222206,36.363451180464004,0.0,5560900
2024-06-07,0.0,36.608856201171875,0.0,36.77537840197105,36.17063671589572,36.60008993919072,0.0,9073100
2024-06-10,0.0,36.31962585449219,0.0,36.83672492558806,36.267041661622464,36.79290365041363,0.0,6611300
2024-06-11,0.0,35.846351623535156,0.0,36.76661178128358,35.82005618358874,36.52997288185987,0.0,5952400
2024-06-12,0.0,34.908565521240234,0.0,35.346785002993094,34.55798859849823,35.2416099201609,0.0,11053500
2024-06-13,0.0,34.557987213134766,0.0,34.88226868049425,34.30381912150339,34.40022793856006,0.0,5544000
2024-06-14,0.0,34.224937438964844,0.0,34.68945231671991,34.224937438964844,34.61933560183273,0.0,5355300
2024-06-17,0.0,33.401092529296875,0.0,34.391469585970796,33.14692440392354,34.216181108356444,0.0,6900500
2024-06-18,0.0,33.41862106323242,0.0,33.66402292112313,33.322212235246916,33.43615024498884,0.0,5046400
2024-06-20,0.0,33.95323944091797,0.0,34.18987496681092,33.20826447996902,33.26961492643735,0.0,6780600
2024-06-21,0.0,34.18111801147461,0.0,34.37393564448799,33.83930736629573,34.02335873779987,0.0,6102500
2024-06-24,0.0,34.95238494873047,0.0,34.97867704637072,34.11100104740174,34.35640621765764,0.0,10032000
2024-06-25,0.0,34.1635856628418,0.0,34.785856438310596,34.11976438940787,34.65439261800881,0.0,6520600
2024-06-26,0.0,34.04731750488281,0.78,34.36033324615285,33.957885410695866,34.30667535428696,0.0,6060200
2024-06-27,0.0,33.895286560058594,0.0,34.20830234101621,33.671702884627116,34.083096028633165,0.0,5999900
2024-06-28,0.0,34.279850006103516,0.0,34.369282109676575,33.13509929299521,33.823737407679154,0.0,11270800
2024-07-01,0.0,33.895286560058594,0.0,34.691243898736076,33.805851042916316,34.15464103073084,0.0,6519200
2024-07-02,0.0,33.188758850097656,0.0,34.12780953450719,33.179813593242926,34.11886768926835,0.0,4589700
2024-07-03,0.0,32.6700439453125,0.0,33.3229078358647,32.65215684276937,33.3229078358647,0.0,3014400
2024-07-05,0.0,32.017181396484375,0.0,32.634274519426434,31.96352349822236,32.580613209548304,0.0,5402900
2024-07-08,0.0,31.883037567138672,0.0,32.11556311827557,31.811489144255578,31.990356789846732,0.0,4965800
2024-07-09,0.0,31.847259521484375,0.0,32.035068991516525,31.561072687640284,31.70416610456233,0.0,3764000
2024-07-10,0.0,31.194398880004883,0.0,31.775714454912517,31.122850458197867,31.61473391746326,0.0,5989400
2024-07-11,0.0,32.5716667175293,0.0,32.723705383946545,31.167561572624564,31.185448675239297,0.0,13275500
2024-07-12,0.0,32.21393585205078,0.0,32.5806129374487,31.587900888498808,32.53589688539843,0.0,8372000
2024-07-15,0.0,32.070838928222656,0.0,32.339138622773724,31.435862188408123,32.00823577988126,0.0,9097900
2024-07-16,0.0,32.04401397705078,0.0,32.4643489666565,31.784656094951497,31.8830334579282,0.0,4159200
2024-07-17,0.0,33.940006256103516,0.0,33.95789336145206,33.045671458375445,33.09932936280457,0.0,7586500
2024-07-18,0.0,34.28879165649414,0.0,34.73595899504434,33.41234408232967,33.439173030925545,0.0,10427300
2024-07-19,0.0,34.92376708984375,0.0,35.11157654588705,34.00260350024632,34.37822241233292,0.0,8609800
2024-07-22,0.0,33.90422821044922,0.0,34.574979232875634,33.7521929496083,34.065208728760844,0.0,8552100
2024-07-23,0.0,34.16359329223633,0.0,34.21725120190612,33.60910661874176,34.0473288019237,0.0,4809300
2024-07-24,0.0,36.61406326293945,0.0,36.73927299310255,35.09369692445267,35.13841297941705,0.0,9205800
2024-07-25,0.0,37.42790603637695,0.0,37.857189696962166,35.916481613239064,36.569345538438846,0.0,14144600
2024-07-26,0.0,36.72138977050781,0.0,37.240102203835605,36.22950287905473,36.766105830199,0.0,8281600
2024-07-29,0.0,36.60511779785156,0.0,36.944965922893196,35.95225390738735,36.309985723353726,0.0,7028200
2024-07-30,0.0,37.633609771728516,0.0,38.134435072969,36.18478494898329,36.301049427464044,0.0,9954500
2024-07-31,0.0,35.388824462890625,0.0,36.14900760735324,35.11157947256312,35.92542392820351,0.0,12087800
2024-08-01,0.0,37.114891052246094,0.0,37.66937762596687,34.73596082247039,35.29939265393776,0.0,13734900
2024-08-02,0.0,38.9393424987793,0.0,39.619035524006705,38.170213936274,38.57266532498223,0.0,16653000
2024-08-05,0.0,41.2735481262207,0.0,43.339459117634384,40.07513948140265,43.1248206982851,0.0,19233500
2024-08-06,0.0,40.48653030395508,0.0,41.45240995881087,39.082425166359485,40.94263947760054,0.0,10976900
2024-08-07,0.0,41.37192153930664,0.0,41.47029890173344,38.77835296765955,39.21657505823115,0.0,8098300
2024-08-08,0.0,38.84989547729492,0.0,40.95158392522832,38.69786022629019,40.2271716396931,0.0,6853900
2024-08-09,0.0,38.492164611816406,0.0,39.34178322172736,38.232806741449146,39.15397035016929,0.0,5164700
2024-08-12,0.0,38.35801315307617,0.0,38.84989653543971,37.857187925193,38.3669584102118,0.0,5344900
2024-08-13,0.0,36.470970153808594,0.0,37.65149175542794,36.43519935649917,37.624662804541785,0.0,7597800
2024-08-14,0.0,36.46202850341797,0.0,37.14172141857997,36.086406130910696,36.345764029592345,0.0,5084100
2024-08-15,0.0,34.61969757080078,0.0,35.59452259087824,34.583923361788536,35.5229775844701,0.0,6116400
2024-08-16,0.0,34.601810455322266,0.0,35.0579230910429,34.38717202454954,34.932716771156095,0.0,5242700
2024-08-19,0.0,33.69853210449219,0.0,34.852224697768285,33.689586846898074,34.592866813397784,0.0,4728600
2024-08-20,0.0,33.86845397949219,0.0,34.09203765347387,33.47494794146623,33.84162503033154,0.0,3971900
2024-08-21,0.0,33.53755569458008,0.0,33.99366495091507,33.296084884185106,33.76113939921061,0.0,5477600
2024-08-22,0.0,34.61969757080078,0.0,34.76279099523342,33.144047271017264,33.23347938193153,0.0,5373300
2024-08-23,0.0,33.90422821044922,0.0,34.60180818205553,33.51072217214086,34.029434522110236,0.0,8186800
2024-08-26,0.0,34.592872619628906,0.0,34.879059501584365,33.886347262219054,34.029440703196784,0.0,4354900
2024-08-27,0.0,34.387168884277344,0.0,35.12052304374344,34.24407547295752,34.84327806672927,0.0,4324100
2024-08-28,0.0,35.19207000732422,0.0,35.683956834573586,34.37822554535193,34.485548168542465,0.0,6323100
2024-08-29,0.0,35.290443420410156,0.0,35.49613997439729,34.21724119001204,34.91482451615953,0.0,9242700
2024-08-30,0.0,34.51237869262695,0.0,35.379884505761076,34.43188842737104,34.70018817435196,0.0,4539500
2024-09-03,0.0,36.62301254272461,0.0,36.9628607386843,34.95954918708947,34.97743629336279,0.0,9100400
2024-09-04,0.0,36.819759368896484,0.0,37.28481384006759,36.22949858079782,37.14172041906235,0.0,7652200
2024-09-05,0.0,36.75716018676758,0.0,37.266930767470996,36.086409063566585,37.0970083777754,0.0,8369800
2024-09-06,0.0,38.760467529296875,0.0,38.86778674218322,36.792930431093815,36.9360238521477,0.0,10130500
2024-09-09,0.0,37.812469482421875,0.0,38.60842680815705,37.63360527427795,38.053940257355485,0.0,6584300
2024-09-10,0.0,37.12383270263672,0.0,38.19703504828199,37.043342441422915,37.52628400870572,0.0,6123100
2024-09-11,0.0,35.55875015258789,0.0,38.33119008000215,35.41565672102962,36.94497182210328,0.0,9916300
2024-09-12,0.0,34.8343391418457,0.0,35.809164154327796,34.72701992726149,35.54086441205911,0.0,6314300
2024-09-13,0.0,34.5660400390625,0.0,35.02214926819585,34.405059508399816,34.99532031695753,0.0,4288200
2024-09-16,0.0,34.89694595336914,0.0,35.37094232803589,34.807510422175724,34.89694595336914,0.0,4710200
2024-09-17,0.0,34.879058837890625,0.0,35.24573598664481,34.2709108724032,34.458720370434605,0.0,6665500
2024-09-18,0.0,35.201019287109375,0.0,35.28150955789093,34.10992970798541,34.70913581527396,0.0,8109700
2024-09-19,0.0,33.4123420715332,0.0,33.85056412643466,33.00094896361302,33.54649021805543,0.0,8358300
2024-09-20,0.0,33.59121322631836,0.0,34.16358689981033,33.42128744651429,33.57332612256971,0.0,5399900
2024-09-23,0.0,33.421287536621094,0.0,33.6180422667705,33.269252271771975,33.43917464041797,0.0,3386600
2024-09-24,0.0,33.11721420288086,0.0,33.83268472141715,32.992007885621895,33.23347867388545,0.0,4364900
2024-09-25,0.0,33.04462432861328,0.53,33.23516434124038,32.79965074023667,33.226089194320096,0.0,3705800
2024-09-26,0.0,32.5818977355957,0.0,33.080923605066815,32.01028452306805,32.04657819459632,0.0,4529300
2024-09-27,0.0,32.9720458984375,0.0,33.13536395840085,32.47302003128503,32.482091718547444,0.0,4562600
2024-09-30,0.0,32.81779479980469,0.0,33.516432297672736,32.772429447715496,33.126284039627535,0.0,6048000
2024-10-01,0.0,33.75233840942383,0.0,34.260435901855544,32.8268706695816,32.881311169979824,0.0,9593400
2024-10-02,0.0,33.64346694946289,0.0,34.24229871743932,33.38034300838781,33.870297217047224,0.0,5249800
2024-10-03,0.0,33.7160530090332,0.0,34.088054533409014,33.30775780882672,33.97010181753705,0.0,7563100
2024-10-04,0.0,32.944820404052734,0.0,33.64345785468975,32.881308223190665,32.935745257555716,0.0,6661400
2024-10-07,0.0,33.67975997924805,0.0,33.824931224199986,33.07185647262292,33.22609940612882,0.0,4175000
2024-10-08,0.0,32.66355514526367,0.0,33.42570490376602,32.58189611895432,33.32589904259294,0.0,4335000
2024-10-09,0.0,32.173606872558594,0.0,32.86317287889532,32.10102298098158,32.718001634585825,0.0,3918300
2024-10-10,0.0,32.246185302734375,0.0,32.654480395990205,32.010279932784556,32.473015525526,0.0,4325100
2024-10-11,0.0,32.20082473754883,0.0,32.618191578856255,32.0737968865311,32.54560423541755,0.0,3176000
2024-10-14,0.0,31.65642738342285,0.0,31.955844958198696,31.49310933557325,31.874185934273896,0.0,3589100
2024-10-15,0.0,32.52745819091797,0.0,32.79058212555225,31.547553258740656,31.638283979091383,0.0,6188600
2024-10-16,0.0,32.51838302612305,0.0,32.95389666731586,32.418577167716506,32.491164505159354,0.0,3205600
2024-10-17,0.0,32.45486831665039,0.0,32.482086835500844,31.792524489105013,31.80159617500367,0.0,5335200
2024-10-18,0.0,32.08287048339844,0.0,32.24618853708184,31.946770951610638,32.13730752718966,0.0,3058200
2024-10-21,0.0,31.983064651489258,0.0,32.50931248299576,31.88325878957217,32.264335402241514,0.0,4231600
2024-10-22,0.0,31.92862319946289,0.0,32.436724180899695,31.729014942704136,32.33691832194293,0.0,4789700
2024-10-23,0.0,32.908531188964844,0.0,33.33497314196045,32.16452828873085,32.23711216474759,0.0,5857700
2024-10-24,0.0,32.39136505126953,0.0,32.772438264727136,32.30063086152574,32.42765872716705,0.0,4215500
2024-10-25,0.0,32.03750991821289,0.0,32.146387483234484,31.37516591750215,32.055656755909055,0.0,5899700
2024-10-28,0.0,32.02842712402344,0.0,32.06472079075294,31.629207173462536,31.629207173462536,0.0,3599000
2024-10-29,0.0,31.429595947265625,0.0,32.237111007970924,31.266277905644934,32.00120909293804,0.0,3942000
2024-10-30,0.0,31.910476684570312,0.0,31.973992336396414,31.42052599384241,31.538475227286362,0.0,4494500
2024-10-31,0.0,33.53458023071289,0.0,33.54365537812111,32.43672275283259,32.44579443908619,0.0,9012600
2024-11-01,0.0,33.0809211730957,0.0,33.371263601667046,32.62726069580864,33.3621919150294,0.0,4917700
2024-11-04,0.0,33.28960418701172,0.0,33.525509570681834,32.82687202851222,33.17165495633138,0.0,4055200
2024-11-05,0.0,32.45486831665039,0.0,33.089993625345315,32.35506246599275,33.07184679239352,0.0,3547000
2024-11-06,0.0,30.685598373413086,0.0,31.49311357358366,30.59486765068917,31.338870652721962,0.0,7300600
2024-11-07,0.0,29.751054763793945,0.0,30.37710497291244,29.651248905567503,30.368033286325833,0.0,5051800
2024-11-08,0.0,29.723831176757812,0.0,29.914371196335697,29.62402878507504,29.841783862943256,0.0,2504800
2024-11-11,0.0,29.760129928588867,0.0,30.0867660623583,29.55144650115954,29.578665025255276,0.0,3233100
2024-11-12,0.0,29.869003295898438,0.0,30.231933051651346,29.669395045273536,29.778272587537543,0.0,3766600
2024-11-13,0.0,29.959741592407227,0.0,30.21379037973701,29.63310545946599,29.9325230683805,0.0,4768900
2024-11-14,0.0,30.386180877685547,0.0,30.485983277243694,29.90529840890074,30.005104269613717,0.0,3639400
2024-11-15,0.0,31.88326072692871,0.0,32.110090986467085,31.066673869283623,31.102964080331898,0.0,6650800
2024-11-18,0.0,31.429595947265625,0.0,31.85603788495905,31.157400364949343,31.674573009696662,0.0,3703900
2024-11-19,0.0,31.02130699157715,0.0,31.810678836247337,30.957794791820508,31.7743851617706,0.0,4032500
2024-11-20,0.0,31.05759620666504,0.0,31.865111311471658,31.02130253739951,31.05759620666504,0.0,7370100
2024-11-21,0.0,30.839839935302734,0.0,31.756232551745036,30.59486286885071,30.685593577393828,0.0,7167800
2024-11-22,0.0,30.776325225830078,0.0,31.139254993395575,30.694669662340353,30.957790109612827,0.0,4907900
2024-11-25,0.0,30.694669723510742,0.0,30.975937005837498,30.104909715330187,30.27729945163222,0.0,5332800
2024-11-26,0.0,30.36803436279297,0.0,30.622083130080377,30.27730018793685,30.522277268316074,0.0,3942000
2024-11-27,0.0,30.86705780029297,0.0,31.275352902377783,30.531350032425276,30.531350032425276,0.0,3092000
2024-11-29,0.0,30.340808868408203,0.0,30.894275156935695,30.29544351680772,30.839838119476905,0.0,1934700
2024-12-02,0.0,29.705692291259766,0.0,30.259155216775703,29.5968112747259,30.23193669321978,0.0,3413000
2024-12-03,0.0,29.53329849243164,0.0,29.941593643436782,29.5060799694163,29.86900630052253,0.0,2954100
2024-12-04,0.0,28.81651496887207,0.0,29.233883525893045,28.79836813365867,29.161296185039433,0.0,4095400
2024-12-05,0.0,28.988906860351562,0.0,29.025198800724347,28.743929773169693,28.825588802230314,0.0,1984200
2024-12-06,0.0,28.48987579345703,0.0,28.952609658170317,28.471728960195193,28.93446282490848,0.0,3180900
2024-12-09,0.0,28.961685180664062,0.0,29.07963614428793,28.52617153417646,28.616903976505725,0.0,3313700
2024-12-10,0.0,29.170372009277344,0.0,29.315543233194145,28.625977323723095,28.834662472358808,0.0,3098600
2024-12-11,0.0,28.126949310302734,0.0,28.725780995882346,28.054363703886338,28.68948905796283,0.0,7504500
2024-12-12,0.0,28.498950958251953,0.0,28.553389730799548,28.235828782124095,28.38099999596927,0.0,3656800
2024-12-13,0.0,28.099729537963867,0.0,28.444512472252505,27.80938710734863,28.099729537963867,0.0,3856500
2024-12-16,0.0,27.292213439941406,0.0,27.836606342755633,27.201481001042815,27.82753292580804,0.0,4127400
2024-12-17,0.0,27.537193298339844,0.0,27.70958477667165,27.37387523787577,27.482754521710987,0.0,3099300
2024-12-18,0.0,29.54237174987793,0.0,29.67846781739818,27.44645908298009,27.627923967495214,0.0,8227300
2024-12-19,0.0,29.823640823364258,0.0,29.841787659020767,28.961686896609958,29.007052255173736,0.0,7892700
2024-12-20,0.0,29.30646514892578,0.0,30.41339778362255,28.607829352780936,30.28637340806482,0.0,8223000
2024-12-23,0.0,28.7569580078125,0.514,29.531430398045543,28.720077449030917,29.134974942514543,0.0,5088000
2024-12-24,0.0,27.99170684814453,0.0,28.62788072482999,27.99170684814453,28.563341498954248,0.0,2974600
2024-12-26,0.0,28.047025680541992,0.0,28.406602369214966,27.881066667750773,28.185324271680674,0.0,3557500
2024-12-27,0.0,28.830717086791992,0.0,29.328592315574838,28.425039736943955,28.461920295367328,0.0,5915700
2024-12-30,0.0,29.614410400390625,0.0,30.02008951964002,29.190294518560556,29.62363229880469,0.0,4860800
2024-12-31,0.0,30.139949798583984,0.0,30.241369590969686,29.40235610458456,29.485335614979753,0.0,7935400
2025-01-02,0.0,30.269031524658203,0.0,30.776126965310173,29.50377565537727,29.77115446636392,0.0,8620700
2025-01-03,0.0,29.310157775878906,0.0,30.01087089547687,29.171857421568884,29.909451104599402,0.0,6366600
2025-01-06,0.0,28.637100219726562,0.0,28.913699156822446,28.259083255067964,28.70163944414701,0.0,5221900
2025-01-07,0.0,29.66973304748535,0.0,29.872572619470464,28.498801593330835,28.535682154987025,0.0,6335400
2025-01-08,0.0,29.660511016845703,0.0,30.21370888786109,29.48533362544232,29.69739157833818,0.0,6954500
2025-01-10,0.0,30.619382858276367,0.0,31.00662169877367,30.13072775484104,30.139946136154048,0.0,5856900
2025-01-13,0.0,30.831443786621094,0.0,31.550600698037385,30.78534484134258,31.366201399799255,0.0,3468700
2025-01-14,0.0,30.90520668029785,0.0,31.32932262851475,30.296691423296657,30.4626504494901,0.0,4701100
2025-01-15,0.0,29.51299285888672,0.0,30.13072996590123,29.365475885749188,29.946330671995824,0.0,5780900
2025-01-16,0.0,29.918670654296875,0.0,29.927889035868972,29.23639435287501,29.245614493009025,0.0,4930900
2025-01-17,0.0,28.950578689575195,0.0,29.273276578372013,28.756961011434313,28.812280096822846,0.0,6231100
2025-01-21,0.0,28.572561264038086,0.0,29.1349775253836,28.489581757985075,28.646320629578316,0.0,3182700
2025-01-22,0.0,27.89028549194336,0.0,28.139223999380853,27.641346984505866,28.111563579033827,0.0,3840600
2025-01-23,0.0,27.77042579650879,0.0,28.222202088175372,27.77042579650879,28.176101389906236,0.0,2586100
2025-01-24,0.0,28.120784759521484,0.0,28.286743770619726,27.696668849881075,27.779646596868215,0.0,2796100
2025-01-27,0.0,29.798812866210938,0.0,30.20448851170887,29.374696939037083,30.130730902129294,0.0,9446300
2025-01-28,0.0,28.90447998046875,0.0,30.056969435174516,28.756961245855436,29.66051217644047,0.0,5274800
2025-01-29,0.0,29.015117645263672,0.0,29.448455459361803,28.830720109499406,28.830720109499406,0.0,6279900
2025-01-30,0.0,28.766178131103516,0.0,29.3193724440171,28.434260136505895,28.692418772144247,0.0,6795800
2025-01-31,0.0,28.886037826538086,0.0,29.015116271317048,27.88106541302837,28.37894242899623,0.0,6609200
2025-02-03,0.0,29.356258392333984,0.0,30.13995106569474,29.06122090233057,29.89101252404355,0.0,9361200
2025-02-04,0.0,28.637100219726562,0.0,29.356255345901488,28.581781135732175,29.31015640233316,0.0,5545000
2025-02-05,0.0,28.406600952148438,0.0,29.079657110288675,28.388162430528553,28.94135676748712,0.0,3121000
2025-02-06,0.0,28.120784759521484,0.0,28.51724200635351,28.09312433815112,28.351282995255268,0.0,3353600
2025-02-07,0.0,28.84916114807129,0.0,28.932138898278467,27.881067465284346,28.074686905266553,0.0,6890700
2025-02-10,0.0,28.166885375976562,0.0,28.434264189416197,28.0470270600443,28.36972496094789,0.0,3644500
2025-02-11,0.0,28.305185317993164,0.0,28.526463423170814,28.102345735992113,28.517243282301486,0.0,3492600
2025-02-12,0.0,28.268301010131836,0.0,28.959795656678235,28.18532151186132,28.92291685664791,0.0,3906700
2025-02-13,0.0,27.484607696533203,0.0,28.194542647453417,27.43850875522644,28.10234300627801,0.0,5298400
2025-02-14,0.0,27.272552490234375,0.0,27.539931300624332,27.217233403401377,27.50305073702762,0.0,2960800
2025-02-18,0.0,27.18035125732422,0.0,27.503049135759227,27.106591892987243,27.12503217371198,0.0,3243400
2025-02-19,0.0,27.161911010742188,0.0,27.47538874920887,27.03283256263072,27.254110655919796,0.0,2946300
2025-02-20,0.0,27.41084861755371,0.0,27.871845069615745,27.21723095179737,27.254109753510143,0.0,4740500
2025-02-21,0.0,28.554121017456055,0.0,28.600221720075552,27.309431942283474,27.309431942283474,0.0,6671900
2025-02-24,0.0,29.25483512878418,0.0,29.291715689945082,28.25908283874512,28.36972276366588,0.0,7588500
2025-02-25,0.0,29.9924259185791,0.0,30.42576367826422,29.328591707771942,29.337811847186707,0.0,9482600
2025-02-26,0.0,29.88178825378418,0.0,30.232146523055754,29.264052971337595,29.743487918851724,0.0,8355200
2025-02-27,0.0,31.51371955871582,0.0,31.550600121113874,29.35625589816575,29.448455545598883,0.0,11030900
2025-02-28,0.0,30.554847717285156,0.0,31.983936176022016,30.481090105562043,31.58747890127819,0.0,11781700
2025-03-03,0.0,31.88252067565918,0.0,32.32507690814362,29.992432149864573,30.167613076579283,0.0,12813500
2025-03-04,0.0,32.113014221191406,0.0,33.108764718890825,31.071161265042793,32.27896970653816,0.0,11627300
2025-03-05,0.0,31.274002075195312,0.0,32.675431911176844,31.08038438185476,32.048476365681836,0.0,11397100
2025-03-06,0.0,32.99812698364258,0.0,33.26550577076611,31.725775787264915,32.334290965163135,0.0,9406600
2025-03-07,0.0,32.564788818359375,0.0,34.07685660566362,32.37117115423173,33.20096265068896,0.0,7937100
2025-03-10,0.0,35.02651596069336,0.0,35.63503120597009,33.61586426522861,33.680403494490974,0.0,7893600
2025-03-11,0.0,35.27545166015625,0.0,35.95772804756786,34.22438017227492,35.19247214705381,0.0,8918300
2025-03-12,0.0,34.47331619262695,0.0,35.26623070052902,33.89245964335293,34.16906034489943,0.0,8333100
2025-03-13,0.0,35.73644256591797,0.0,36.02226162555955,34.602391742886475,34.6116136412976,0.0,4785700
2025-03-14,0.0,34.06763458251953,0.0,35.0541665948068,33.93855615356582,34.980405482762734,0.0,4381800
2025-03-17,0.0,33.634307861328125,0.0,34.31658430276928,33.19175159544382,34.0676457437485,0.0,7209400
2025-03-18,0.0,34.75913619995117,0.0,35.08183233749899,34.104522025426114,34.104522025426114,0.0,4072600
2025-03-19,0.0,33.874019622802734,0.0,34.74069165524333,33.21940201148061,34.46409449741111,0.0,6703100
2025-03-20,0.0,34.10451889038086,0.0,34.537853161378955,33.36692175729072,34.454873659762505,0.0,6459900
2025-03-21,0.0,33.88323974609375,0.0,35.04494927556818,33.80947862441341,34.88821216768326,0.0,5499800
2025-03-24,0.0,32.481807708740234,0.0,32.942804134099234,32.3342889933103,32.86904653494607,0.0,4557700
2025-03-25,0.0,32.094573974609375,0.0,32.48180930269409,32.06691179608634,32.36194924142434,0.0,3582200
2025-03-26,0.0,33.27711868286133,0.369,33.47281077573308,32.1402382708399,32.242741113672906,0.0,8689700
2025-03-27,0.0,33.659183502197266,0.0,33.85487913697521,32.98823872017889,33.556677111315054,0.0,6932800
2025-03-28,0.0,35.45769500732422,0.0,35.58815639389189,33.85487911617058,33.96670265397056,0.0,7477300
2025-03-31,0.0,35.49496841430664,0.0,37.22824913498246,35.34586918859291,36.5479836954882,0.0,8483600
2025-04-01,0.0,34.935848236083984,0.0,36.184555621286066,34.80538329928468,35.75589222427188,0.0,7461600
2025-04-02,0.0,34.43263626098633,0.0,35.94226637771212,33.92942503714241,35.90499068228532,0.0,6262100
2025-04-03,0.0,38.104209899902344,0.0,38.188078443713096,36.76231675373661,37.302800160112135,0.0,7512900
2025-04-04,0.0,42.791526794433594,0.0,42.810164646315606,39.91204799739458,40.312749371034165,0.0,15438300
2025-04-07,0.0,42.67037582397461,0.0,47.012894733191565,38.83106457528563,45.782825243357124,0.0,17307300
2025-04-08,0.0,44.22660446166992,0.0,45.53122550939847,38.83106958464729,39.790899298044316,0.0,15703800
2025-04-09,0.0,33.72441482543945,0.0,44.40366064854135,33.26779996364316,44.385022799414074,0.0,20513800
2025-04-10,0.0,36.50139236450195,0.0,38.47696182286775,35.168819849341624,35.44838049199899,0.0,23230800
2025-04-11,0.0,35.24336624145508,0.0,37.34939700920629,35.001081309093955,36.780955044859226,0.0,10104500
2025-04-14,0.0,34.749473571777344,0.0,35.494969727935974,33.584634716902585,33.649865408391086,0.0,9635200
2025-04-15,0.0,34.674922943115234,0.0,34.954483563486455,34.0319331607808,34.59105440152325,0.0,5057300
2025-04-16,0.0,36.7623176574707,0.0,37.75009880351759,35.50428946938316,36.05409359125704,0.0,6044600
2025-04-17,0.0,36.72504425048828,0.0,37.28416555466585,36.24979149741801,36.333660048525296,0.0,5226800
2025-04-21,0.0,38.64469528198242,0.0,39.539290676204566,37.6941863425691,37.84328557493946,0.0,4161900
2025-04-22,0.0,36.67844772338867,0.0,37.88987946418062,36.11000577341241,37.66622883204992,0.0,5431000
2025-04-23,0.0,35.06631088256836,0.0,35.289957958391206,33.5753149729226,34.39536254548746,0.0,9597300
2025-04-24,0.0,33.072105407714844,0.0,34.82402043703922,33.01619186451284,34.730834753175195,0.0,6188300
2025-04-25,0.0,32.35457229614258,0.0,33.36099143990375,32.28002088670486,33.12802361762117,0.0,5798000
2025-04-28,0.0,32.373207092285156,0.0,33.25848188953843,32.056370741699745,32.29865568988552,0.0,4257400
2025-04-29,0.0,31.953861236572266,0.0,32.764588107472505,31.851354845634244,32.71799526290236,0.0,6075400
2025-04-30,0.0,32.00977325439453,0.0,33.733737051068374,31.758171166827786,33.10938151892618,0.0,10054500
2025-05-01,0.0,31.20836639404297,0.0,31.28291423758292,30.43491163282878,30.947440054637312,0.0,7809400
2025-05-02,0.0,30.26717185974121,0.0,30.779700236140688,29.996928396888503,30.556053170529214,0.0,8822500
2025-05-05,0.0,30.639923095703125,0.0,30.863570171437633,30.257856082751015,30.807660179907096,0.0,3750200
2025-05-06,0.0,31.17108726501465,0.0,31.62770208782067,30.76106172883919,31.45064786843959,0.0,5679700
2025-05-07,0.0,30.966079711914062,0.0,31.823403068912157,30.6585640627998,31.143133961112788,0.0,6107500
2025-05-08,0.0,30.351043701171875,0.0,30.882209983313835,29.791920644084424,30.313768001244554,0.0,5566600
2025-05-09,0.0,30.416271209716797,0.0,30.64923897762799,29.978290668505817,30.136710599184568,0.0,3722400
2025-05-12,0.0,27.956132888793945,0.0,28.748223676123718,27.956132888793945,28.04932035390387,0.0,6184800
2025-05-13,0.0,27.10813331604004,0.0,27.900224190522774,26.92175836531354,27.834993490989476,0.0,8262000
2025-05-14,0.0,26.800613403320312,0.0,27.098811874874976,26.744701634254586,27.01494333257484,0.0,6682800
2025-05-15,0.0,26.716747283935547,0.0,27.164045031832533,26.46514163421727,27.033583633046725,0.0,7298100
2025-05-16,0.0,26.530372619628906,0.0,26.98698929770518,26.521053694271846,26.61424117043917,0.0,3622600
2025-05-19,0.0,26.50241470336914,0.0,27.28518657315579,26.446501157382183,27.26654872449347,0.0,5597200
2025-05-20,0.0,26.67947006225586,0.0,27.042901016935485,26.614239366580918,26.772657532107125,0.0,4113300
2025-05-21,0.0,27.42496681213379,0.0,27.620658890370983,26.418546093220765,27.117449419616005,0.0,7015300
2025-05-22,0.0,27.33177947998047,0.0,27.508835487871693,26.949712468543616,27.378372324339857,0.0,4924600
2025-05-23,0.0,27.862945556640625,0.0,28.26365041434325,27.611339932864134,28.217057570267485,0.0,7676400
2025-05-27,0.0,26.576967239379883,0.0,27.294508495054085,26.530372612606918,27.145407466783873,0.0,4445700
2025-05-28,0.0,26.809932708740234,0.0,26.875163403144455,26.334678221419765,26.502415308403826,0.0,4134900
2025-05-29,0.0,26.716747283935547,0.0,26.99630793202035,26.045800662090066,26.0644367352,0.0,5300500
2025-05-30,0.0,26.828569412231445,0.0,27.57406556987955,26.688787327444764,26.809931563939482,0.0,6494900
2025-06-02,0.0,26.427867889404297,0.0,27.17336414094328,26.399911113445363,27.042902741274776,0.0,4880200
2025-06-03,0.0,25.999204635620117,0.0,26.474459133692058,25.868743243860308,26.39990951305743,0.0,5113600
2025-06-04,0.0,25.878061294555664,0.0,26.157621918142272,25.77555490311913,25.971248761552232,0.0,3425300
2025-06-05,0.0,26.288084030151367,0.0,26.493096818675806,25.46803820826305,25.76623668894971,0.0,9326500
2025-06-06,0.0,25.794193267822266,0.0,25.961930356289816,25.598499405475746,25.794193267822266,0.0,5103100
2025-06-09,0.0,25.71964454650879,0.0,25.887381640834786,25.570545302086387,25.77555631881639,0.0,2971800
2025-06-10,0.0,25.384170532226562,0.0,25.906017891289654,25.32825875953489,25.701006873151385,0.0,5043000
2025-06-11,0.0,25.579862594604492,0.0,25.78487359825128,25.160519885550748,25.272345200432774,0.0,5814800
2025-06-12,0.0,25.45871925354004,0.0,25.719643812534706,25.365531784084578,25.710324887848845,0.0,5429600
2025-06-13,0.0,26.129667282104492,0.0,26.24149082211802,25.65441279353919,26.055115885557978,0.0,12993700
2025-06-16,0.0,25.40280532836914,0.0,25.784872321069898,25.30029894292157,25.784872321069898,0.0,5911400
2025-06-17,0.0,25.91533660888672,0.0,26.017843005837026,25.505314575891877,25.654413820145127,0.0,6434600
2025-06-18,0.0,25.933971405029297,0.0,26.092389555569948,25.589178332416235,25.831465020149174,0.0,6230200
2025-06-20,0.0,26.185579299926758,0.0,26.36263531359411,25.51463094388337,25.635775187014822,0.0,7336500
2025-06-23,0.0,25.635772705078125,0.0,26.44649952026889,25.598497010060957,26.120346075883504,0.0,9438600
2025-06-24,0.0,24.862321853637695,0.0,25.207113173907533,24.787772234870992,25.151201404183283,0.0,5688500
2025-06-25,0.0,24.745561599731445,0.276,24.915050234621326,24.55723849965533,24.670232718897438,0.0,4043300
2025-06-26,0.0,24.29358673095703,0.0,24.717312811838575,24.24650685351784,24.566655048854514,0.0,4838200
2025-06-27,0.0,24.133512496948242,0.0,24.463077025107346,23.982854734815312,24.23709038190795,0.0,5883900
2025-06-30,0.0,23.84161376953125,0.0,24.077016751925488,23.74745221737711,23.8792791087858,0.0,4875100
2025-07-01,0.0,24.24650764465332,0.0,24.444245291528524,23.92635943887058,24.02052099280355,0.0,4995600
2025-07-02,0.0,23.916942596435547,0.0,24.340668682152625,23.90752626164381,24.340668682152625,0.0,4421200
2025-07-03,0.0,23.474384307861328,0.0,23.73803448317169,23.39905542977521,23.73803448317169,0.0,3185400
2025-07-07,0.0,23.832199096679688,0.0,24.04877122053175,23.643877775220858,23.728622998471156,0.0,4301200
2025-07-08,0.0,23.822782516479492,0.0,23.926360409606325,23.681541077840745,23.738037294099776,0.0,3826800
2025-07-09,0.0,23.483802795410156,0.0,23.756869330017217,23.370808569929185,23.662707774780124,0.0,5172000
2025-07-10,0.0,23.559127807617188,0.0,23.803947092595905,23.427300933562805,23.455549934284885,0.0,3266500
2025-07-11,0.0,23.690954208374023,0.0,23.879277298404798,23.559129122941737,23.785115753389412,0.0,4250700
2025-07-14,0.0,23.530881881713867,0.0,23.926358963590662,23.474385668869246,23.738035859465626,0.0,4762100
2025-07-15,0.0,23.502634048461914,0.0,23.502634048461914,23.163654958520272,23.20131850363276,0.0,6073100
2025-07-16,0.0,23.446138381958008,0.0,23.94519338725912,23.408474835963364,23.46497105294651,0.0,6770600
2025-07-17,0.0,23.078908920288086,0.0,23.47438600787619,23.041243580526242,23.408473459275218,0.0,8209200
2025-07-18,0.0,23.144819259643555,0.0,23.257813472161182,22.994161506941435,22.994161506941435,0.0,5010700
2025-07-21,0.0,22.918834686279297,0.0,23.097741457153262,22.7587605851778,23.097741457153262,0.0,3648100
2025-07-22,0.0,23.163654327392578,0.0,23.389640979857106,22.918835004893772,22.918835004893772,0.0,6076600
2025-07-23,0.0,22.956499099731445,0.0,23.314312655037988,22.956499099731445,23.097742332394837,0.0,6018300
2025-07-24,0.0,22.86233901977539,0.0,23.01299678959415,22.777593799754552,22.86233901977539,0.0,7173000
2025-07-25,0.0,22.787006378173828,0.0,22.956494994291134,22.68342850500604,22.909415122477768,0.0,6691800
2025-07-28,0.0,22.64576530456543,0.0,22.758759521939158,22.579852759423318,22.692846976797046,0.0,5093300
2025-07-29,0.0,22.730512619018555,0.0,22.78701063091721,22.344451850956027,22.457446078771014,0.0,5770500
2025-07-30,0.0,22.66459846496582,0.0,22.909417777932955,22.47627715990185,22.655182130315293,0.0,7427800
2025-07-31,0.0,22.918834686279297,0.0,23.012996239159396,22.165545855202982,22.165545855202982,0.0,7568800
2025-08-01,0.0,23.84161376953125,0.0,24.048769543466804,23.436720352456003,23.446136687269643,0.0,9660600
2025-08-04,0.0,22.97532844543457,0.0,23.427301695801454,22.96591211155417,23.427301695801454,0.0,5301100
2025-08-05,0.0,23.304895401000977,0.0,23.34256074048821,22.796424093816753,22.88116931168079,0.0,7322500
2025-08-06,0.0,22.72109603881836,0.0,23.27664724462458,22.683432493940842,23.248400034962017,0.0,6863900
2025-08-07,0.0,22.570436477661133,0.0,22.909417334591414,22.250288289667456,22.39153151070985,0.0,6938200
2025-08-08,0.0,22.17496109008789,0.0,22.51394197270257,22.15613021570664,22.49510930233902,0.0,6478200
2025-08-11,0.0,22.316204071044922,0.0,22.410363829839913,22.00547219746754,22.18437717596384,0.0,5611600
2025-08-12,0.0,21.76065444946289,0.0,22.35386923435359,21.732405442189084,22.14671523562622,0.0,8518900
2025-08-13,0.0,21.741819381713867,0.0,21.854811806391037,21.52524907109745,21.56291261399577,0.0,8818300
2025-08-14,0.0,21.788898468017578,0.0,21.930141687707778,21.638240709931367,21.911309018951467,0.0,10907700
2025-08-15,0.0,22.01488494873047,0.0,22.127879164483375,21.807730981829298,21.807730981829298,0.0,9850100
2025-08-18,0.0,22.01488494873047,0.0,22.165544501728384,21.97722140746759,22.08079928890924,0.0,8234400
2025-08-19,0.0,22.626935958862305,0.0,22.71168117861695,22.07138476090731,22.090215635088793,0.0,10179100
2025-08-20,0.0,22.900001525878906,0.0,23.464969035072947,22.711680220135694,22.72109475883798,0.0,16170300
2025-08-21,0.0,23.1165714263916,0.0,23.314310859300488,22.86233757834042,23.050658880749364,0.0,21439400
2025-08-22,0.0,22.41977882385254,0.0,23.13540408297867,22.269121063613582,23.04124253383378,0.0,13075200
2025-08-25,0.0,22.56102180480957,0.0,22.655183360445434,22.33503514887288,22.570438139971387,0.0,7747800
2025-08-26,0.0,22.382116317749023,0.0,22.702264522070536,22.37269998280048,22.62693563846443,0.0,7825300
2025-08-27,0.0,22.325618743896484,0.0,22.5798544045236,22.259706193952184,22.485692849182193,0.0,7378300
2025-08-28,0.0,22.05255126953125,0.0,22.419779344138032,21.996055057126103,22.297370584596507,0.0,11128600
2025-08-29,0.0,22.60810089111328,0.0,22.7493423103983,22.25970371396028,22.28795271621012,0.0,9328300
2025-09-02,0.0,22.984745025634766,0.0,23.474383616770538,22.965912357672142,23.333142199015008,0.0,8556900
2025-09-03,0.0,22.64576530456543,0.0,22.909417281116024,22.504523879834885,22.711679645689696,0.0,8872200
2025-09-04,0.0,22.2220401763916,0.0,22.730509645077756,22.203207508222686,22.58926822577505,0.0,7458500
2025-09-05,0.0,22.19379425048828,0.0,22.54219147597731,21.807733479422843,21.864229695778622,0.0,7981100
2025-09-08,0.0,21.98664093017578,0.0,22.07138615528427,21.83598315131233,22.024304476900447,0.0,9969900
2025-09-09,0.0,21.864229202270508,0.0,22.127881199283685,21.83598199272137,21.93955808770537,0.0,10639300
2025-09-10,0.0,21.854814529418945,0.0,22.024304983534787,21.6288278559253,21.638244191818675,0.0,14714600
2025-09-11,0.0,21.609994888305664,0.0,21.79831619999659,21.55349687841435,21.685323772178485,0.0,11782600
2025-09-12,0.0,21.44050407409668,0.0,21.62882538248065,21.355758856730112,21.581745504380216,0.0,11120200
2025-09-15,0.0,21.08268928527832,0.0,21.327508588049326,21.08268928527832,21.327508588049326,0.0,10016300
2025-09-16,0.0,21.1203556060791,0.0,21.17685181827869,21.016777720394693,21.026194055091658,0.0,10270000
2025-09-17,0.0,21.223936080932617,0.0,21.61941141055709,21.092109175075368,21.14860539416709,0.0,22421600
2025-09-18,0.0,20.847286224365234,0.0,21.00736031408363,20.640132259545826,20.866118892798482,0.0,15941300
2025-09-19,0.0,20.56480598449707,0.0,20.819041652575915,20.527140642863607,20.724880094474603,0.0,15528200
2025-09-22,0.0,20.33881950378418,0.0,20.649551391098306,20.291737826323036,20.64013505560608,0.0,12383000
2025-09-23,0.0,20.621299743652344,0.0,20.68721228767417,20.32940056470619,20.32940056470619,0.0,14808400
2025-09-24,0.0,20.762256622314453,0.248,20.95273677415539,20.50511077884855,20.52415734078996,0.0,12922100
2025-09-25,0.0,20.943212509155273,0.0,21.305124433033328,20.83844824436636,21.047976773944185,0.0,17021600
2025-09-26,0.0,20.800352096557617,0.0,21.143215622105753,20.771779530577525,20.92416291603153,0.0,15405600
2025-09-29,0.0,20.609872817993164,0.0,20.705112892021436,20.381297730257305,20.590826256430166,0.0,14350100
2025-09-30,0.0,20.505111694335938,0.0,20.800354307973002,20.486063314990723,20.647970906318164,0.0,12905700
2025-10-01,0.0,20.31462860107422,0.0,20.781302928335414,20.27653366443717,20.724159615103254,0.0,16317300
2025-10-02,0.0,20.152721405029297,0.0,20.343201541389274,20.05748133684931,20.05748133684931,0.0,10200200
2025-10-03,0.0,20.352724075317383,0.0,20.467010694600035,20.06700389400463,20.124147203645954,0.0,16217200
2025-10-06,0.0,20.038434982299805,0.0,20.17176998918954,19.933670724570312,20.000338228015178,0.0,16649800
2025-10-07,0.0,20.25748634338379,0.0,20.36224878700933,19.924147001812962,19.962241940434996,0.0,17912400
2025-10-08,0.0,19.800334930419922,0.0,20.21938831156989,19.78128655403497,20.21938831156989,0.0,14788400
2025-10-09,0.0,19.86700439453125,0.0,20.06700691667861,19.800336887148795,19.800336887148795,0.0,18204900
2025-10-10,0.0,21.267024993896484,0.0,21.28607336991989,19.72414105050989,19.838429490097205,0.0,39390700
2025-10-13,0.0,20.352724075317383,0.0,20.705109937417465,20.28605476142393,20.52415400424136,0.0,30935300
2025-10-14,0.0,20.628921508789062,0.0,21.162263388256775,20.324154720521797,20.809877470530257,0.0,29273600
2025-10-15,0.0,20.352724075317383,0.0,20.781301622456922,20.038433147460495,20.228911451782604,0.0,20340500
2025-10-16,0.0,20.505111694335938,0.0,20.80987849764561,19.943197219526187,20.15272394266323,0.0,20184500
2025-10-17,0.0,20.25748634338379,0.0,20.771779822377496,20.14319789441115,20.66701737875195,0.0,15579600
2025-10-20,0.0,19.74319076538086,0.0,20.047957536210063,19.66699907267356,20.03843516410574,0.0,11961400
2025-10-21,0.0,19.762237548828125,0.0,19.895572546173828,19.68604586226585,19.74318917304928,0.0,12097700
2025-10-22,0.0,20.152721405029297,0.0,20.53367986119604,19.781287137335877,19.809857886202625,0.0,14242800
2025-10-23,0.0,19.81938362121582,0.0,20.21939048554241,19.771764491686632,20.190819734446237,0.0,16991000
2025-10-24,0.0,19.419376373291016,0.0,19.543189014106552,19.33366048858897,19.486043879936314,0.0,16876400
2025-10-27,0.0,18.7241268157959,0.0,18.981274468427003,18.705078437848414,18.95270190150578,0.0,14118900
2025-10-28,0.0,18.447933197021484,0.0,18.666984100825637,18.343168931483252,18.600316592411623,0.0,23743000
2025-10-29,0.0,18.28602409362793,0.0,18.60983923607626,18.20983240226086,18.29554646556475,0.0,24770000
2025-10-30,0.0,18.847938537597656,0.0,18.857460909554145,18.428883325936635,18.505075017461074,0.0,22984600
2025-10-31,0.0,18.67650604248047,0.0,18.82888941953201,18.37173928837738,18.3812616599591,0.0,20775200
2025-11-03,0.0,18.514598846435547,0.0,18.647933849875777,18.286023776300933,18.333642901371533,0.0,18891200
2025-11-04,0.0,19.276517868041992,0.0,19.324138814905908,18.82889186684146,19.047942772755334,0.0,23404000
2025-11-05,0.0,19.028894424438477,0.0,19.40033054435746,18.819367707562336,19.324138845806736,0.0,18192000
2025-11-06,0.0,19.733667373657227,0.0,19.819383258483686,19.114609618340925,19.124133807383124,0.0,14623900
2025-11-07,0.0,19.876527786254883,0.0,20.600347965843177,19.876527786254883,19.98129022941586,0.0,19851000
2025-11-10,0.0,19.019367218017578,0.0,19.42889821397153,18.943175531553106,19.295563216796975,0.0,20352600
2025-11-11,0.0,19.124134063720703,0.0,19.362233343307143,19.047942366915176,19.171753193016656,0.0,20596000
2025-11-12,0.0,19.152706146240234,0.0,19.352708664082723,18.91460687268301,18.91460687268301,0.0,26268300
2025-11-13,0.0,19.943195343017578,0.0,20.086054541557804,19.34318416597406,19.37175673230341,0.0,23465000
2025-11-14,0.0,19.924148559570312,0.0,20.686065557113697,19.638430139629897,20.533682157605018,0.0,33957700
2025-11-17,0.0,20.276533126831055,0.0,20.514632378297534,19.69557037195584,20.095577187081652,0.0,20552200
2025-11-18,0.0,20.77178192138672,0.0,21.095597106885563,20.371775034391288,20.562255196409474,0.0,30001500
2025-11-19,0.0,20.533679962158203,0.0,20.895591859711,20.095578189550647,20.72416009945475,0.0,25282700
2025-11-20,0.0,21.505125045776367,0.0,21.562268359422532,19.56223603282802,19.72414178539996,0.0,35186800
2025-11-21,0.0,21.20035743713379,0.0,21.88608262314709,20.695586373194967,21.381313375761383,0.0,30687400
2025-11-24,0.0,20.105100631713867,0.0,20.838444918533874,20.019384759031144,20.82892254739407,0.0,30035400
2025-11-25,0.0,19.86700439453125,0.0,20.647969737959993,19.79081269801511,20.22891449884457,0.0,24794400
2025-11-26,0.0,19.524139404296875,0.0,19.7908112306074,19.419375148147527,19.63842784887373,0.0,19278400
2025-11-28,0.0,19.238422393798828,0.0,19.476521671857956,19.238422393798828,19.438424915422896,0.0,8298300
2025-12-01,0.0,19.362232208251953,0.0,19.657474788996456,19.23842138940853,19.590807285268976,0.0,26350800
2025-12-02,0.0,19.076513290405273,0.0,19.35270748631531,18.971749035118783,19.228896670883884,0.0,20663400
2025-12-03,0.0,18.981273651123047,0.0,19.324137173201358,18.94317689686847,19.228897104118133,0.0,23284600
2025-12-04,0.0,19.03841781616211,0.0,19.238422151823915,18.90508280342311,18.90508280342311,0.0,26292300
2025-12-05,0.0,18.886032104492188,0.0,18.99079635394283,18.67650542214399,18.96222379048727,0.0,20466100
2025-12-08,0.0,18.971750259399414,0.0,19.124133649711595,18.695554229112776,18.80031849115989,0.0,32386800
2025-12-09,0.0,18.924131393432617,0.0,19.14318229297337,18.876510447954196,19.047942218569858,0.0,24306500
2025-12-10,0.0,18.771747589111328,0.0,19.18127866810359,18.686033513942995,19.009846884659996,0.0,30896200
2025-12-11,0.0,18.90508460998535,0.0,19.371759015720375,18.886036230187152,19.000324692422872,0.0,36230400
2025-12-12,0.0,19.6574764251709,0.0,19.781289070873008,19.03841864632052,19.133658723809823,0.0,44567700
2025-12-15,0.0,19.84795570373535,0.0,19.924147399051765,19.343184586918298,19.352708775902013,0.0,20665200
2025-12-16,0.0,19.762237548828125,0.0,20.086052670856063,19.657473298597587,20.000336796404365,0.0,18636600
2025-12-17,0.0,20.514633178710938,0.0,20.514633178710938,19.66699857516223,19.705095328828776,0.0,23511300
2025-12-18,0.0,19.924148559570312,0.0,20.076531959078988,19.66700089169189,19.87652942843138,0.0,31302900
2025-12-19,0.0,19.400327682495117,0.0,19.75271355510207,19.390803494512074,19.75271355510207,0.0,26470100
2025-12-22,0.0,19.238422393798828,0.0,19.333660651779816,19.086039001165254,19.095561373720688,0.0,18605900
2025-12-23,0.0,19.06698989868164,0.0,19.333659917384182,19.04794152118767,19.305089167696487,0.0,16515700
2025-12-24,0.0,18.961217880249023,0.371,19.097070429166585,18.941809844445896,19.077662393363457,0.0,8406200
2025-12-26,0.0,18.97092056274414,0.0,19.02914467173549,18.88358625010933,18.932106340935455,0.0,13182200
2025-12-29,0.0,19.164997100830078,0.0,19.300849652563258,19.05825475255275,19.223219358593983,0.0,18528200
2025-12-30,0.0,19.252328872680664,0.0,19.27173690632527,19.097068305227754,19.232920839036062,0.0,16677200
2025-12-31,0.0,19.601669311523438,0.0,19.601669311523438,19.24262803322084,19.262036070070117,0.0,28117800
2026-01-02,0.0,19.67930030822754,0.0,19.873375131068418,19.06796008169057,19.24262871784399,0.0,32683500
2026-01-05,0.0,19.37847900390625,0.0,19.45610929409936,19.19410822148019,19.30084871371314,0.0,32297500
2026-01-06,0.0,19.029144287109375,0.0,19.349369476680394,19.000032233202127,19.31055340480406,0.0,34016000
2026-01-07,0.0,19.009737014770508,0.0,19.097071329148193,18.767142108355216,19.067959274071548,0.0,40075000
2026-01-08,0.0,19.232921600341797,0.0,19.38818217394046,19.058252992330292,19.067957009536713,0.0,41896300
2026-01-09,0.0,18.854475021362305,0.0,19.32996078049323,18.786548748751045,19.18440421763309,0.0,34264900
2026-01-12,0.0,18.835067749023438,0.0,19.1261808865356,18.728325401537955,19.1261808865356,0.0,28450300
2026-01-13,0.0,18.90299415588379,0.0,19.048550725652426,18.70891934647634,18.82536386195037,0.0,33938300
2026-01-14,0.0,19.29114532470703,0.0,19.61137051354503,19.067958464485553,19.135884739261467,0.0,46227100
2026-01-15,0.0,19.184404373168945,0.0,19.232922610898314,18.82536312107439,18.864179191939588,0.0,32548500
2026-01-16,0.0,19.232921600341797,0.0,19.36877413952762,18.92240045314447,18.95151250476373,0.0,30736000
2026-01-20,0.0,20.048044204711914,0.0,20.106266467749474,19.61137260479928,19.89278360271017,0.0,38210400
2026-01-21,0.0,19.51433563232422,0.0,20.057747725842347,19.2329246413982,19.96070938928674,0.0,56382200
2026-01-22,0.0,19.22321891784668,0.0,19.417295573746205,19.12618058989692,19.13588460777711,0.0,45039500
2026-01-23,0.0,19.116477966308594,0.0,19.37847903940775,18.95151336798951,19.310552766720853,0.0,40351300
2026-01-26,0.0,18.951515197753906,0.0,19.155294035489398,18.825364806996635,19.097071774829583,0.0,21902100
2026-01-27,0.0,18.631288528442383,0.0,18.854475385866166,18.56336040366579,18.75743705846604,0.0,19485300
2026-01-28,0.0,18.524547576904297,0.0,18.592473855939147,18.311064721244442,18.369286981723985,0.0,35911000
2026-01-29,0.0,18.72832489013672,0.0,19.388183291388334,18.485729998550223,18.534250087378805,0.0,30228400
2026-01-30,0.0,19.203813552856445,0.0,19.34937012556963,18.825364242779475,18.97092081549266,0.0,30711600
2026-02-02,0.0,18.922401428222656,0.0,19.397887190727022,18.796252899742775,19.38818317302055,0.0,29570000
2026-02-03,0.0,19.533740997314453,0.0,19.853966198881828,18.796254112558024,18.81566029837101,0.0,24414300
2026-02-04,0.0,20.2130069732666,0.0,20.54293618499691,19.611370807507743,19.621074825600072,0.0,35846700
2026-02-05,0.0,20.80493927001953,0.0,20.950495840743077,20.280933394392104,20.591454572162927,0.0,43606200
2026-02-06,0.0,19.941299438476562,0.0,20.698196169964728,19.81515090865461,20.591453824910047,0.0,31330300
2026-02-09,0.0,19.630779266357422,0.0,20.232415445069947,19.494926711844244,20.077154853954248,0.0,18800800
2026-02-10,0.0,19.82485580444336,0.0,19.85396600830954,19.475518551231314,19.572556882773796,0.0,21418400
2026-02-11,0.0,19.72781753540039,0.0,20.067450771448954,19.4367043907029,19.504630667742166,0.0,15703400
2026-02-12,0.0,20.533231735229492,0.0,20.601158009595547,19.56285215662374,19.621074413101482,0.0,22505100
2026-02-13,0.0,20.46530532836914,0.0,20.834048751477095,20.15478416136199,20.572047673597407,0.0,19373600
2026-02-17,0.0,20.513824462890625,0.0,21.05723837974697,20.329453668707586,20.717605144424812,0.0,17565500
2026-02-18,0.0,20.2130069732666,0.0,20.55264020308924,19.941300019238053,20.465305891110496,0.0,24134000
2026-02-19,0.0,20.377973556518555,0.0,20.562346216459055,20.213008934645977,20.42649180083598,0.0,19890100
2026-02-20,0.0,20.028635025024414,0.0,20.66908543448608,19.931598542444128,20.610863174767456,0.0,33361800
2026-02-23,0.0,20.513824462890625,0.0,20.678789071426973,20.086858765027795,20.1741930784207,0.0,14606100
2026-02-24,0.0,20.08685874938965,0.0,20.639974833212605,20.00922845430664,20.455602188320878,0.0,15645100
2026-02-25,0.0,19.52404022216797,0.0,19.88307967181804,19.494928165094027,19.873375652793396,0.0,15574200
2026-02-26,0.0,19.98982048034668,0.0,20.319749698194467,19.582260967173074,19.582260967173074,0.0,22445200
2026-02-27,0.0,20.125673294067383,0.0,20.46530653456857,20.067451034535033,20.41678829343365,0.0,22562100
2026-03-02,0.0,20.0771541595459,0.0,20.746714741504686,19.96070779481053,20.688492484563092,0.0,24429300
2026-03-03,0.0,20.504119873046875,0.0,21.154274270818426,20.358563305067133,20.872865152837882,0.0,24896400
2026-03-04,0.0,19.902484893798828,0.0,20.387674671265835,19.75692833072915,20.33915458300786,0.0,22950100
2026-03-05,0.0,20.018930435180664,0.0,20.45560199773677,19.776335533949986,20.125672783994872,0.0,18775500
2026-03-06,0.0,20.630271911621094,0.0,20.737014267103955,20.23241639681521,20.610863874105604,0.0,15237800
2026-03-09,0.0,20.096559524536133,0.0,21.22220150153621,19.989819032974374,21.028124851847757,0.0,36504100
2026-03-10,0.0,20.106266021728516,0.0,20.261526620286084,19.737522562867372,20.096562002962127,0.0,20999300
2026-03-11,0.0,20.106266021728516,0.0,20.280934657818865,19.805448843379768,20.02863572244973,0.0,17062600
2026-03-12,0.0,20.80493927001953,0.0,20.824345455491045,20.35856368883481,20.44589800143938,0.0,27169400
2026-03-13,0.0,21.066940307617188,0.0,21.154274620017116,20.38767569554821,20.659382650887128,0.0,26577100
2026-03-16,0.0,20.601158142089844,0.0,20.698196470744943,20.35856324587818,20.630270195942025,0.0,19676400
2026-03-17,0.0,20.397380828857422,0.0,20.504121332519134,20.232416213177707,20.42649103401411,0.0,19785400
2026-03-18,0.0,20.999013900756836,0.0,21.008717918835544,20.445897826235754,20.542936156170654,0.0,27886700
2026-03-19,0.0,21.125165939331055,0.0,21.542429495132307,20.93108926426227,21.37746487657954,0.0,31463600
2026-03-20,0.0,21.920875549316406,0.0,22.173174470149288,21.27072113624574,21.28042515445303,0.0,29226000
2026-03-23,0.0,21.406572341918945,0.0,21.57153693935406,20.892272365272838,21.24160774448383,0.0,28220600
2026-03-24,0.0,21.73650360107422,0.0,21.872358009474052,21.435686430425097,21.668577322300447,0.0,16012500
2026-03-25,0.0,21.450302124023438,0.147,21.60659019884483,21.176802185012853,21.352624638993145,0.0,16134000
2026-03-26,0.0,22.485700607299805,0.0,22.505236849538722,21.684733306290212,21.831251396924888,0.0,15868400
2026-03-27,0.0,23.364810943603516,0.0,23.45272217033447,22.71036173520563,22.73966609847548,0.0,12394100
2026-03-30,0.0,23.726224899291992,0.0,23.96065422538099,22.92525570630625,22.9838644351375,0.0,17165300
2026-03-31,0.0,22.134056091308594,0.0,23.23782957733347,22.016842361956435,23.23782957733347,0.0,28807400
2026-04-01,0.0,21.587053298950195,0.0,21.88985759209199,21.33308774683566,21.81171448860125,0.0,14150300
2026-04-02,0.0,21.56751823425293,0.0,22.534539891375896,21.4893751264979,22.38802179722005,0.0,13336600
2026-04-06,0.0,21.323320388793945,0.0,21.596822192334532,21.1572660550512,21.479606601366104,0.0,13939700
2026-04-07,0.0,21.313552856445312,0.0,22.055913318211307,21.284250355202637,21.51867968053737,0.0,19608500
2026-04-08,0.0,20.063262939453125,0.0,20.336762884991703,19.779993009484,19.87767235992434,0.0,25687500
2026-04-09,0.0,19.799530029296875,0.0,20.268388694118308,19.770225664091015,20.06326372691345,0.0,14806700
2026-04-10,0.0,19.740921020507812,0.0,19.84836849500207,19.574868542585698,19.701850397196342,0.0,13015300
2026-04-13,0.0,19.350204467773438,0.0,19.936278691659286,19.330670088670836,19.84836746492248,0.0,16269000
2026-04-14,0.0,18.666454315185547,0.0,19.17438361268788,18.65668619328067,19.164617353861757,0.0,17228100
2026-04-15,0.0,18.12921905517578,0.0,18.676222711410887,18.11945093312743,18.617613979120765,0.0,16479300
2026-04-16,0.0,17.963163375854492,0.0,18.25620142636138,17.865485888764173,18.031538362049172,0.0,15529400
2026-04-17,0.0,17.513839721679688,0.0,17.777573389363344,17.435696619745105,17.689662166802126,0.0,22236600
2026-04-20,0.0,17.631053924560547,0.0,17.855716978951897,17.523608320890137,17.562678941385226,0.0,26114200
2026-04-21,0.0,17.758037567138672,0.0,17.87525129126713,17.44546515202471,17.543142634438908,0.0,30604900
2026-04-22,0.0,17.181732177734375,0.0,17.53337709059536,17.162195935224627,17.445465862380114,0.0,29274300
2026-04-23,0.0,17.377090454101562,0.0,17.67989475332463,17.084052412817247,17.269642985989456,0.0,37998900
2026-04-24,0.0,16.712873458862305,0.0,17.113357113071284,16.693337216442693,16.99614152163222,0.0,33258900
2026-04-27,0.0,16.712873458862305,0.0,16.888695914481588,16.693337216442693,16.751944080622913,0.0,22322800
2026-04-28,0.0,17.04498291015625,0.0,17.24033975408467,16.937535434994462,17.05474916873577,0.0,28112900
2026-04-29,0.0,16.84962272644043,0.0,17.093820157258406,16.839854605638283,16.996140812315506,0.0,35530500
2026-04-30,0.0,16.546817779541016,0.0,17.054746999616558,16.47844279970845,16.65426337795856,0.0,22276900
2026-05-01,0.0,16.22447967529297,0.0,16.48821151349876,16.136568441531455,16.46867713283523,0.0,22222000
2026-05-04,0.0,16.302621841430664,0.0,16.488210556979652,16.107263141498564,16.214710612769082,0.0,19154700
2026-05-05,0.0,15.872833251953125,0.0,16.0681919449009,15.823994510255467,16.04865570299041,0.0,19676600
2026-05-06,0.0,15.22815227508545,0.0,15.648172163569097,15.218384154065065,15.599332490006462,0.0,22415500
2026-05-07,0.0,15.257455825805664,0.0,15.403974847638242,14.993723076969902,15.198848962304071,0.0,27584200
2026-05-08,0.0,14.57370376586914,0.0,15.07186678317762,14.57370376586914,15.052330540205835,0.0,26029900
2026-05-11,0.0,14.48579216003418,0.0,14.661614616064744,14.427185295716866,14.603006820208119,0.0,32414200
2026-05-12,0.0,14.720221519470215,0.0,15.159777660713827,14.603006858985022,14.68114996597515,0.0,29105600
2026-05-13,0.0,14.436952590942383,0.0,14.837436249015653,14.33927417251974,14.612775048258188,0.0,21556000
2026-05-14,0.0,14.22205924987793,0.0,14.446720446502813,14.124379901712755,14.427185135793358,0.0,21213700
2026-05-15,0.0,14.661615371704102,0.0,14.798365349851947,14.41741791753797,14.603007572826911,0.0,30642500
2026-05-18,0.0,14.80813217163086,0.0,15.081633035456168,14.544399428684132,14.554166618023434,0.0,57740000
2026-05-19,0.0,14.983954429626465,0.0,15.237919979985383,14.76906043074282,15.05232941182338,0.0,37626800
2026-05-20,0.0,14.48579216003418,0.0,14.886275815179966,14.48579216003418,14.827668950862654,0.0,23345300
2026-05-21,0.0,14.42718505859375,0.0,14.74952560165897,14.339273832023364,14.671382496160692,0.0,24850900
2026-05-22,0.0,14.329505920410156,0.0,14.38811278462089,14.153683464699332,14.30020248830479,0.0,21234000
2026-05-26,0.0,13.831342697143555,0.0,14.065772013340053,13.78250302338446,13.997397029000899,0.0,15700200
2026-05-27,0.0,13.850878715515137,0.0,14.016933044690031,13.723895938408496,13.723895938408496,0.0,15765400
2026-05-28,0.0,13.626216888427734,0.0,13.977861796218967,13.587145335510854,13.860646205929022,0.0,15923200
2026-05-29,0.0,13.538305282592773,0.0,13.655519938063012,13.411322506281863,13.557841524274117,0.0,17471200
2026-06-01,0.0,13.382019996643066,0.0,13.635985566750263,13.27457345461587,13.577377769210393,0.0,22432700
2026-06-02,0.0,13.255037307739258,0.0,13.509002879688676,13.255037307739258,13.391788215298025,0.0,17031300
2026-06-03,0.0,13.323412895202637,0.0,13.440627556671718,13.176893869711794,13.215965423534822,0.0,25223900
2026-06-04,0.0,13.460162162780762,0.0,13.743431146045127,13.362483749109176,13.655519921663208,0.0,17180800
2026-06-05,0.0,14.759293556213379,0.0,14.79836511098772,13.811808120050726,13.870414986442569,0.0,35523500
2026-06-08,0.0,14.309969902038574,0.0,14.436952685202478,14.01693371331807,14.241594915542366,0.0,31210300
2026-06-09,0.0,14.642078399658203,0.0,15.501653507336204,13.929022316112873,14.046236976495422,0.0,62976000
2026-06-10,0.0,15.237920761108398,0.0,15.257456072077817,14.515095624453611,14.915580212028814,0.0,37948400
2026-06-11,0.0,14.241595268249512,0.0,15.17931351738089,14.163452158450177,14.993723864492306,0.0,24842500
2026-06-12,0.0,14.056004524230957,0.0,14.456488163748919,13.948557057943217,14.202522610846069,0.0,17973700
2026-06-15,0.0,13.196430206298828,0.0,13.440627652315287,13.14759053078767,13.411323288084994,0.0,19247300
2026-06-16,0.0,13.68482494354248,0.0,13.694593064842092,13.176893814434587,13.25503692175283,0.0,13456700
2026-06-17,0.0,13.968093872070312,0.0,14.026700736502404,13.469930866700958,13.489467109204531,0.0,19808300
2026-06-18,0.0,13.313645362854004,0.0,13.59691437348752,13.23550225175092,13.421091907735901,0.0,13110500
2026-06-22,0.0,13.342948913574219,0.0,13.47969982497282,13.079216144174726,13.20619893371499,0.0,15799900
2026-06-23,0.0,14.231826782226562,0.0,14.290434578845057,13.880182797133575,14.173219917147394,0.0,19381900
2026-06-24,0.0,14.366015434265137,0.146,14.602817653821281,13.991078116150385,14.168679310333307,0.0,23915400
2026-06-25,0.0,14.139079093933105,0.0,14.583083485372702,13.71480775006255,13.734541738599953,0.0,23197000
2026-06-26,0.0,14.543617248535156,0.0,14.681752352983342,14.178546909245396,14.514017205070694,0.0,16257000
2026-06-29,0.0,13.8134765625,0.0,14.592951273745193,13.803609567694366,14.227880934652473,0.0,12166400
2026-06-30,0.0,13.369471549987793,0.0,13.823342940130239,13.310270524765572,13.823342940130239,0.0,9605200
2026-07-01,0.0,13.75427532196045,0.0,13.78387630591965,13.527340090750325,13.626008155344188,0.0,8255300
2026-07-02,0.0,14.247613906860352,0.0,14.454816091825,13.57667426013973,13.774009450351677,0.0,12619700
2026-07-06,0.0,13.862810134887695,0.0,14.030545277135841,13.73454202958215,13.971344251237749,0.0,11351200
2026-07-07,0.0,14.375882148742676,0.0,14.55348429206077,14.109479874733955,14.198280946393002,0.0,13503300
2026-07-08,0.0,14.316681861877441,0.0,14.731086229859182,14.267347829314206,14.56335108372522,0.0,10389900
2026-07-09,0.0,13.833209991455078,0.0,14.158813279097066,13.78387596039482,14.03054517472774,0.0,10430200
2026-07-10,0.0,13.744409561157227,0.0,14.079879858762862,13.724675571430579,13.93187775871827,0.0,13605700
2026-07-13,0.0,14.277215003967285,0.0,14.346282085845278,14.020678784179855,14.060145822534196,0.0,15568900
2026-07-14,0.0,13.961477279663086,0.0,14.178546453687668,13.872677152122852,13.951611226137539,0.0,15314700
2026-07-15,0.0,14.040410995483398,0.0,14.33641423597113,13.793741785238348,13.813475773722766,0.0,15744400
2026-07-16,0.0,14.523883819580078,0.0,14.642284931306063,14.208146580675725,14.287080655159716,0.0,13645700
2026-07-17,0.0,14.95802116394043,0.0,15.323091492077209,14.68175190445256,15.115889312219212,0.0,14587600
2026-07-20,0.0,14.938287734985352,0.0,14.958020782532843,14.523883385836058,14.681751530089434,0.0,14191500
2026-07-21,0.0,14.385748863220215,0.0,14.652152073005373,14.336414830930178,14.494282981483575,0.0,15947900
2026-07-22,0.0,14.5337495803833,0.0,14.612684594245543,14.366015381210104,14.602817599891717,0.0,17309400
2026-07-23,0.0,15.096156120300293,0.0,15.263891261490059,14.819886863445305,14.977755010219584,0.0,16672200
2026-07-24,0.0,15.441493034362793,0.0,15.520427110705768,15.076422696034431,15.175090761947356,0.0,21998400
2026-07-27,0.0,15.550027847290039,0.0,15.816431056429082,15.086289450437855,15.106023439693368,0.0,15978100
2026-07-28,0.0,15.846030235290527,0.0,16.191367521191058,15.66842903597084,15.826298127876033,0.0,18311300
2026-07-29,0.0,16.507102966308594,0.0,16.526836954635655,15.648694234416855,15.855896407009231,0.0,14931200
2026-07-30,0.0,15.411892890930176,0.0,15.924964383828916,15.342825809820523,15.855897302719264,0.0,14321700
2026-07-31,0.0,15.224424362182617,0.0,15.589494690134648,14.879087082271253,15.036955230470143,0.0,15360800
2026-08-03,0.0,14.691618919372559,0.0,15.332958507888195,14.632417893201575,15.224424391037847,0.0,15270100
2026-08-04,0.0,13.714808464050293,0.0,14.385749053757136,13.626008333914164,14.356149010378426,0.0,26950800
2026-08-05,0.0,13.961477279663086,0.0,13.98121126865095,13.527339872582306,13.616140941090926,0.0,16980100
2026-08-06,0.0,14.060145378112793,0.0,14.306814595272666,13.882543240647799,14.218013526540169,0.0,18085200
2026-08-07,0.0,13.75427532196045,0.0,14.010811537129774,13.72467527896965,13.852943386554314,0.0,19093700
2026-08-10,0.0,13.833209991455078,0.0,13.852943039298156,13.6852078982743,13.78387596039482,0.0,13835700
2026-08-11,0.0,13.931877136230469,0.0,14.030545198518293,13.74440894704566,13.74440894704566,0.0,17020800
2026-08-12,0.0,13.734541893005371,0.0,13.76414193517588,13.5964067945957,13.606273788975328,0.0,25845500
2026-08-13,0.0,13.418806076049805,0.0,13.724675384908625,13.349738053913612,13.67534135223089,0.0,24714700
2026-08-14,0.0,13.478006362915039,0.0,13.56680743486181,13.349738252432862,13.379339237060734,0.0,20233200
2026-08-17,0.0,13.50760555267334,0.0,13.537206535429945,13.339871355227718,13.408938433056406,0.0,22529200
2026-08-18,0.0,13.98121166229248,0.0,14.040411748986084,13.803609520274847,13.882543596511926,0.0,36005700
2026-08-19,0.0,14.030545234680176,0.0,14.168679393077097,13.823343056116412,13.862810092939588,0.0,28366800
2026-08-20,0.0,14.247613906860352,0.0,14.336414977697832,14.089745754690794,14.198280815033673,0.0,28870100
2026-08-21,0.0,14.1588134765625,0.0,14.326548619925669,14.060145413065909,14.079879402152583,0.0,19811100
2026-08-24,0.0,14.43508243560791,0.0,14.592950581131623,14.316681326465126,14.316681326465126,0.0,25936800
2026-08-25,0.0,14.26734733581543,0.0,14.405482434020804,14.129212237610057,14.247613347085359,0.0,30980600
2026-08-26,0.0,14.247613906860352,0.0,14.37588201574022,14.178546825528272,14.35614896720323,0.0,30833400
2026-08-27,0.0,13.852943420410156,0.0,14.119346630883623,13.843076425732976,14.02067856604862,0.0,33539000
2026-08-28,0.0,14.050278663635254,0.0,14.109479690959672,13.754275408949978,13.912144501492289,0.0,42748200
2026-08-31,0.0,14.040410995483398,0.0,14.188413086211444,14.000943959482925,14.109479014210498,0.0,28145700
2026-09-01,0.0,14.395615577697754,0.0,14.523883682768076,14.218013441297556,14.415348625648674,0.0,41721300
2026-09-02,0.0,14.346282005310059,0.0,14.504150157841206,14.316681961952572,14.435083076350933,0.0,29918000
2026-09-03,0.0,14.010811805725098,0.0,14.326549053897285,13.9516117186086,14.277215020654593,0.0,31875600
2026-09-04,0.0,13.961477279663086,0.0,14.07001233715957,13.852943163134988,13.961477279663086,0.0,25209600
2026-09-08,0.0,14.000944137573242,0.0,14.109479193681368,13.862809980298717,13.912144011168921,0.0,30336500
2026-09-09,0.0,14.070012092590332,0.0,14.168679212909435,13.951610983626384,14.089745140266805,0.0,27110100
2026-09-10,0.0,14.395615577697754,0.0,14.454815662518898,14.247613483708127,14.435082614567976,0.0,31971300
2026-09-11,0.0,14.139079093933105,0.0,14.198280118576955,14.030544979882473,14.119346046364065,0.0,29998400
2026-09-14,0.0,14.366015434265137,0.0,14.632417696023706,14.22788033570653,14.602817653821281,0.0,40497700
2026-09-15,0.0,14.563350677490234,0.0,14.602817714246237,14.366015493710227,14.385748541604038,0.0,36878400
2026-09-16,0.0,14.563350677490234,0.0,14.760685861270241,14.267347431336034,14.415348583928944,0.0,40363100
2026-09-17,0.0,14.070012092590332,0.0,14.20814624923075,14.010811067624173,14.089745140266805,0.0,26970800
2026-09-18,0.0,13.902276992797852,0.0,14.14894620575461,13.882543004096492,14.000944113399532,0.0,24991300
2026-09-21,0.0,13.103068351745605,0.0,13.626007761627239,13.034001273106602,13.616140767259274,0.0,34725200
2026-09-22,0.0,12.886000633239746,0.0,13.122802861665464,12.866266643720063,13.122802861665464,0.0,45537700
2026-09-23,0.0,13.119999885559082,0.174,13.220000267028809,12.90999984741211,12.90999984741211,0.0,52051800
2026-09-24,0.0,13.109999656677246,0.0,13.34000015258789,13.069999694824219,13.319999694824219,0.0,40919900
2026-09-25,0.0,13.010000228881836,0.0,13.180000305175781,12.960000038146973,13.069999694824219,0.0,39483700
