Date,Capital Gains,Close,Dividends,High,Low,Open,Stock Splits,Volume
2020-01-02,0.0,15.53707218170166,0.0,15.539541065859853,15.238401227592648,15.292705379831892,0.0,7477600
2020-01-03,0.0,15.261852264404297,0.0,15.440807775908054,15.128560756214787,15.128560756214787,0.0,10924000
2020-01-06,0.0,15.443277359008789,0.0,15.45561989899189,14.976757972397026,15.007612439147577,0.0,6679200
2020-01-07,0.0,15.435869216918945,0.0,15.532134981498467,15.351945048023367,15.46302129238566,0.0,5158400
2020-01-08,0.0,15.669129371643066,0.0,15.819698350476084,15.390204780369059,15.432167336990679,0.0,9110400
2020-01-09,0.0,15.946819305419922,0.0,15.997419186585047,15.755521284331138,15.932007884624072,0.0,7167200
2020-01-10,0.0,15.862895965576172,0.0,16.066534662941375,15.803655925412881,16.066534662941375,0.0,8929600
2020-01-13,0.0,16.21834373474121,0.0,16.22698200689865,15.9418870111781,15.978912751070705,0.0,5419200
2020-01-14,0.0,16.0986270904541,0.0,16.257835312425502,16.04062054152325,16.193659376626997,0.0,7709600
2020-01-15,0.0,16.101099014282227,0.0,16.251667109927777,16.001128939896727,16.108503786486878,0.0,6817600
2020-01-16,0.0,16.404701232910156,0.0,16.410872502366377,16.193657753239542,16.255366681387656,0.0,4939200
2020-01-17,0.0,16.57131576538086,0.0,16.5935300751367,16.388655985755705,16.55156845679322,0.0,5762400
2020-01-21,0.0,16.556503295898438,0.0,16.63672602576269,16.46764229607744,16.476282449241065,0.0,6591200
2020-01-22,0.0,16.64042854309082,0.0,16.830491198929415,16.59723154334224,16.716947005632647,0.0,5920000
2020-01-23,0.0,16.73916244506836,0.0,16.75273848296147,16.467641687206203,16.618211604490924,0.0,5767200
2020-01-24,0.0,16.452829360961914,0.0,16.93292460771189,16.308430736861467,16.910710303945585,0.0,13505600
2020-01-27,0.0,15.7752685546875,0.0,15.949287222581624,15.612357040623392,15.725901229479472,0.0,14857600
2020-01-28,0.0,16.25166130065918,0.0,16.329415147429504,15.915966487063514,15.993718450626933,0.0,5929600
2020-01-29,0.0,16.302263259887695,0.0,16.47504937880875,16.168971756676687,16.441726032204265,0.0,8316800
2020-01-30,0.0,16.420745849609375,0.0,16.43802427383927,16.003592900507133,16.09738979158272,0.0,9340000
2020-01-31,0.0,15.888816833496094,0.0,16.567615100200136,15.782676451225033,16.552803675618428,0.0,14463200
2020-02-03,0.0,16.36150550842285,0.0,16.450364629121506,16.038149456296917,16.049256610983377,0.0,8365600
2020-02-04,0.0,17.114356994628906,0.0,17.185939590181516,16.7157177741619,16.821857225056128,0.0,7303200
2020-02-05,0.0,17.245176315307617,0.0,17.548785066575324,17.03536633889363,17.548785066575324,0.0,13258400
2020-02-06,0.0,17.53150749206543,0.0,17.546317032725682,17.205684415090165,17.327866891951448,0.0,5023200
2020-02-07,0.0,17.373533248901367,0.0,17.572236085341974,17.283436852239426,17.379704518745044,0.0,5877600
2020-02-10,0.0,17.80425453186035,0.0,17.80425453186035,17.261216861995976,17.269855130369553,0.0,5871200
2020-02-11,0.0,17.80425453186035,0.0,18.114034473953204,17.71416004804516,17.99802141860421,0.0,13471200
2020-02-12,0.0,18.153533935546875,0.0,18.167109976492316,17.932616778206228,18.007901753775084,0.0,8524800
2020-02-13,0.0,18.09305763244629,0.0,18.251032330393617,17.85856258662573,17.898057202716036,0.0,8584000
2020-02-14,0.0,18.189321517944336,0.0,18.23992140015055,18.037516221705435,18.15723167489867,0.0,5173600
2020-02-18,0.0,18.22018051147461,0.0,18.28435644712269,17.98815431629506,18.01407289726591,0.0,7386400
2020-02-19,0.0,18.562047958374023,0.0,18.64103532437193,18.397903839090485,18.42628942351903,0.0,4651200
2020-02-20,0.0,18.2016658782959,0.0,18.55587642510983,17.763532088718083,18.483058454821006,0.0,10793600
2020-02-21,0.0,17.524105072021484,0.0,18.093061561580697,17.372299727065762,18.043693280746876,0.0,11076800
2020-02-24,0.0,16.16280174255371,0.0,16.593528814558958,15.987546746160948,16.171440012400197,0.0,32115200
2020-02-25,0.0,15.290239334106445,0.0,16.53799403393538,15.190271164020432,16.425683323974006,0.0,32688800
2020-02-26,0.0,15.422296524047852,0.0,15.972740097044532,15.210017642471707,15.459322260733401,0.0,28350400
2020-02-27,0.0,13.878338813781738,0.0,15.124860027920771,13.875870870739094,14.654637312792506,0.0,44845600
2020-02-28,0.0,14.017800331115723,0.0,14.090616414293308,12.878653104251995,12.969982054177557,0.0,52608800
2020-03-02,0.0,15.337136268615723,0.0,15.35071230785421,13.920299835103059,14.31276864762589,0.0,27213600
2020-03-03,0.0,14.35843276977539,0.0,15.788846195974672,14.0918506931468,15.437105498254688,0.0,36943200
2020-03-04,0.0,15.53707218170166,0.0,15.556819488553536,14.610203917017714,14.9002366013833,0.0,19877600
2020-03-05,0.0,14.601566314697266,0.0,15.275427698817653,14.386819507837773,14.745965922554399,0.0,23922400
2020-03-06,0.0,14.10912799835205,0.0,14.254761093070938,13.400709831921121,13.630267098878072,0.0,25092000
2020-03-09,0.0,12.16653060913086,0.0,13.16744934349052,12.094948037617295,12.156656956176567,0.0,18062400
2020-03-10,0.0,13.47105884552002,0.0,13.488337269614625,12.156658522529849,13.089697190052526,0.0,27948800
2020-03-11,0.0,12.296122550964355,0.0,13.019351374009783,11.961660222606378,12.837926947048729,0.0,29296000
2020-03-12,0.0,10.020295143127441,0.0,11.718524013434644,9.990674182354452,10.647257080500788,0.0,36395200
2020-03-13,0.0,11.929569244384766,0.0,11.983872455415177,10.128902412092836,11.129821201537464,0.0,32360800
2020-03-16,0.0,9.032955169677734,0.0,10.76450791973373,8.886087587406026,9.442702504099529,0.0,23924800
2020-03-17,0.0,10.251087188720703,0.0,10.497922909646151,8.946560441293855,9.538966548156349,0.0,31902400
2020-03-18,0.0,9.60931396484375,0.0,9.911687323487651,8.531875710113482,9.082319213191434,0.0,30875200
2020-03-19,0.0,9.74137020111084,0.0,10.364630673094982,9.0835528843979,9.511812942151366,0.0,35715200
2020-03-20,0.0,8.962604522705078,0.0,10.30292243658037,8.905832425224968,10.178270145589552,0.0,36707200
2020-03-23,0.0,9.008268356323242,0.0,9.373585069130497,8.396115950408104,9.024313279001458,0.0,33055200
2020-03-24,0.0,10.379440307617188,0.0,10.386846018415902,9.775927136511022,9.942541034629297,0.0,31956000
2020-03-25,0.0,10.194171905517578,0.001125,11.029800800235094,9.951013481821725,10.445971408392216,0.0,28396800
2020-03-26,0.0,11.291472434997559,0.0,11.37417100931469,10.350927531080966,10.383019866526473,0.0,22880000
2020-03-27,0.0,10.463251113891602,0.0,11.11743614433857,10.429925140219494,10.705176833417783,0.0,17913600
2020-03-30,0.0,11.264317512512207,0.0,11.316158325781217,10.627412863650157,10.699003096281158,0.0,16922400
2020-03-31,0.0,11.056955337524414,0.0,11.635846408183642,10.93105512035368,11.217415161483403,0.0,20289600
2020-04-01,0.0,10.13369083404541,0.0,10.748377987633857,9.96705907500234,10.42005088373334,0.0,15729600
2020-04-02,0.0,10.536075592041016,0.0,10.557058646700215,9.978166661037312,10.033711204299298,0.0,17881600
2020-04-03,0.0,10.249713897705078,0.0,10.657035773548596,10.00285181233175,10.478061138334583,0.0,11934400
2020-04-06,0.0,11.70743465423584,0.0,11.823460140104334,10.890321723369752,11.021158332231394,0.0,16623200
2020-04-07,0.0,11.661767959594727,0.0,12.420868290092983,11.640783961906507,12.376433029359852,0.0,23536800
2020-04-08,0.0,12.1690673828125,0.0,12.244360402456035,11.683984235820217,11.88887929949459,0.0,18464800
2020-04-09,0.0,12.199926376342773,0.0,12.501098485268088,11.991328510632004,12.3789019909518,0.0,20278400
2020-04-13,0.0,12.480114936828613,0.0,12.528252976376871,11.960470271207052,12.106118964167093,0.0,13797600
2020-04-14,0.0,13.558902740478516,0.0,13.629258412136032,12.89114114691567,12.980011667262918,0.0,23470400
2020-04-15,0.0,13.249089241027832,0.0,13.48607758678312,12.960261018910153,13.13553289429973,0.0,14076000
2020-04-16,0.0,13.751455307006836,0.0,13.868714441250885,13.286119667873352,13.542856507277738,0.0,23693600
2020-04-17,0.0,13.978568077087402,0.0,14.150137181681757,13.578651691141971,14.079781512471873,0.0,17477600
2020-04-20,0.0,13.655177116394043,0.0,14.074842886840873,13.649006128738536,13.73170470861512,0.0,14834400
2020-04-21,0.0,12.639342308044434,0.0,13.458924573282612,12.496161808576568,13.391037105137611,0.0,24203200
2020-04-22,0.0,13.420659065246582,0.0,13.5638385997951,13.078754514504157,13.18613987169371,0.0,14567200
2020-04-23,0.0,13.356473922729492,0.0,13.839089784411303,13.293523823009215,13.50952816237281,0.0,16400000
2020-04-24,0.0,13.795891761779785,0.0,13.816875761629596,13.220703403467837,13.398444464709712,0.0,12976800
2020-04-27,0.0,13.963754653930664,0.0,14.124215399133757,13.851432885651858,14.066202653687958,0.0,13344800
2020-04-28,0.0,13.466329574584961,0.0,14.21925891469366,13.42930081853627,14.21925891469366,0.0,18484800
2020-04-29,0.0,14.384654998779297,0.0,14.536474666289395,13.923023125226356,14.06373445000829,0.0,16485600
2020-04-30,0.0,14.438965797424316,0.0,14.546350216816641,14.195806458816461,14.545115642540795,0.0,14748000
2020-05-01,0.0,13.56631088256836,0.0,14.10200133464074,13.449050787848465,13.816875832196049,0.0,15874400
2020-05-04,0.0,13.905743598937988,0.0,13.927960285585787,13.374989667030336,13.437939770978511,0.0,11196800
2020-05-05,0.0,14.215554237365723,0.0,14.532772007901714,14.110638029997018,14.178525486255465,0.0,11768000
2020-05-06,0.0,14.388360023498535,0.0,14.654971591001908,14.274803663282363,14.438967215030031,0.0,11310400
2020-05-07,0.0,14.769762992858887,0.0,14.877147426191248,14.582147230153625,14.752481775866444,0.0,10453600
2020-05-08,0.0,15.157334327697754,0.0,15.177082807328834,14.858630451078598,14.986998864645459,0.0,11151200
2020-05-11,0.0,15.40913200378418,0.0,15.57329552814481,14.943797354385431,14.978357898102576,0.0,9703200
2020-05-12,0.0,14.79444694519043,0.0,15.599217043033521,14.785806808647939,15.510347470755443,0.0,10824000
2020-05-13,0.0,14.425389289855957,0.0,15.115368509568945,14.06620442911921,14.866038165976672,0.0,18562400
2020-05-14,0.0,14.740135192871094,0.0,14.74630712181321,13.974863089255845,14.250113792717993,0.0,16701600
2020-05-15,0.0,14.930221557617188,0.0,14.942564475816193,14.28467761293661,14.337753008726205,0.0,13533600
2020-05-18,0.0,15.501705169677734,0.0,15.630073575114464,15.23262638380773,15.335073439957505,0.0,15345600
2020-05-19,0.0,15.401726722717285,0.0,15.81645513828916,15.39678936756712,15.523923202145221,0.0,14496800
2020-05-20,0.0,16.028759002685547,0.0,16.07319426371299,15.768319366770832,15.768319366770832,0.0,10851200
2020-05-21,0.0,15.67574405670166,0.0,16.126266656149003,15.609091173692281,16.041100809872532,0.0,14448800
2020-05-22,0.0,15.77325439453125,0.0,15.810283145452528,15.48936259561378,15.614028222968413,0.0,7922400
2020-05-26,0.0,15.710306167602539,0.0,16.313884014142104,15.668340056545393,16.285495395886816,0.0,12181600
2020-05-27,0.0,15.85965633392334,0.0,15.88310665142153,14.996872614144323,15.62513620826619,0.0,21416800
2020-05-28,0.0,15.797941207885742,0.0,16.301541103655723,15.69672777569938,15.697962349984554,0.0,16858400
2020-05-29,0.0,16.22748374938965,0.0,16.316354274984963,15.652294481900178,15.892984703967175,0.0,23090400
2020-06-01,0.0,16.40028190612793,0.0,16.438545227705273,16.101579011256803,16.14971704217801,0.0,9300800
2020-06-02,0.0,16.603946685791016,0.0,16.603946685791016,16.0991122199967,16.439783150305928,0.0,10876800
2020-06-03,0.0,16.749595642089844,0.0,16.85698195255224,16.565684555150302,16.686646475094307,0.0,7372000
2020-06-04,0.0,16.5101375579834,0.0,16.905118448346787,16.328693752952653,16.691581363014144,0.0,14243200
2020-06-05,0.0,17.156919479370117,0.0,17.25442920022928,16.601479640109932,16.655789614627437,0.0,12560800
2020-06-08,0.0,17.439573287963867,0.0,17.448214366026168,16.91869595797533,17.139636722232133,0.0,12563200
2020-06-09,0.0,17.67779541015625,0.0,17.816037585643347,17.296393911665923,17.305033105929674,0.0,11370400
2020-06-10,0.0,18.117212295532227,0.0,18.34432501220891,17.865413741548714,17.9345348393713,0.0,15496800
2020-06-11,0.0,16.32622528076172,0.0,17.72346376769748,16.308945009341592,17.525975220525787,0.0,20905600
2020-06-12,0.0,16.554576873779297,0.0,17.202590083975153,15.999136979325705,17.03102094746918,0.0,24397600
2020-06-15,0.0,16.968067169189453,0.0,17.072984318608246,15.950994604695715,16.07812843983138,0.0,16255200
2020-06-16,0.0,17.57781982421875,0.0,17.881459213689435,16.942148658594313,17.696312601384815,0.0,17252000
2020-06-17,0.0,17.662988662719727,0.0,17.941942231199494,17.5568378564117,17.780247814436898,0.0,10474400
2020-06-18,0.0,17.772836685180664,0.0,17.802458930328697,17.50745881081054,17.622250660983955,0.0,11544800
2020-06-19,0.0,17.75061798095703,0.0,18.16164357988909,17.502522262715118,18.13201945156136,0.0,12873600
2020-06-22,0.0,18.191267013549805,0.0,18.207311767799077,17.69507371260579,17.75185281888033,0.0,8647200
2020-06-23,0.0,18.481332778930664,0.0,18.825706503942914,18.344324221860692,18.42578917653118,0.0,8218400
2020-06-24,0.0,17.740747451782227,0.0,18.564032476039944,17.503760019543567,18.369013039673256,0.0,16951200
2020-06-25,0.0,18.081417083740234,0.0,18.098697357211318,17.36675017478147,17.741981660737224,0.0,11276800
2020-06-26,0.0,17.197650909423828,0.0,18.029576984753852,17.132232594136497,18.02587231998244,0.0,15106400
2020-06-29,0.0,17.560537338256836,0.0,17.583989540874928,16.792795998550535,17.175431152428946,0.0,12743200
2020-06-30,0.0,18.22953224182129,0.0,18.350494144568284,17.5481923122635,17.57041088083814,0.0,9148800
2020-07-01,0.0,18.693634033203125,0.0,18.845453712677113,18.193737853549916,18.272733658189317,0.0,9286400
2020-07-02,0.0,18.94666862487793,0.0,19.262651852390455,18.87878116191815,19.063927760858324,0.0,9366400
2020-07-06,0.0,19.88351058959961,0.0,19.95880361754249,19.4416271335391,19.449034579793178,0.0,8572800
2020-07-07,0.0,19.602087020874023,0.0,20.261208452242727,19.56505732490092,19.835371657073445,0.0,10094400
2020-07-08,0.0,20.110620498657227,0.0,20.1279026540955,19.588507673446717,19.819325022555983,0.0,8076000
2020-07-09,0.0,20.445117950439453,0.0,20.57101814204329,19.76131079880343,20.414260189593982,0.0,12246400
2020-07-10,0.0,20.7499942779541,0.0,20.77714926013338,20.0057051832411,20.411792516617506,0.0,9117600
2020-07-13,0.0,19.885976791381836,0.0,21.647338424427755,19.7526710296933,21.19187754284402,0.0,16536000
2020-07-14,0.0,20.176042556762695,0.0,20.226647861628795,18.997275518494043,19.498405337153173,0.0,21487200
2020-07-15,0.0,20.22047996520996,0.0,20.521650211429247,19.72058372600987,20.373533295512974,0.0,14611200
2020-07-16,0.0,19.93781852722168,0.0,20.063718732972955,19.426814025535283,19.784763338202314,0.0,11288800
2020-07-17,0.0,20.002004623413086,0.0,20.14641874463439,19.66997475450395,20.061251007742918,0.0,9411200
2020-07-20,0.0,21.15114402770996,0.0,21.238780898695936,19.91313079228139,20.119260412213478,0.0,7736800
2020-07-21,0.0,20.70555877685547,0.0,21.406646241538017,20.56855023509702,21.404178976575427,0.0,11613600
2020-07-22,0.0,20.851207733154297,0.0,20.99192094740886,20.474744512814066,20.77468107985106,0.0,7987200
2020-07-23,0.0,19.75143814086914,0.0,20.880831551758103,19.53296464403645,20.78085269757948,0.0,16324000
2020-07-24,0.0,19.37127113342285,0.0,19.5934474212664,18.73683555133038,19.158969556528856,0.0,15490400
2020-07-27,0.0,20.06989097595215,0.0,20.13037098956867,19.52185677184975,19.64158504992656,0.0,10046400
2020-07-28,0.0,19.57122802734375,0.0,20.0291580758936,19.51568442857192,19.94769312654374,0.0,7340000
2020-07-29,0.0,20.024221420288086,0.0,20.147652486968987,19.730456762305398,19.793405928285555,0.0,6929600
2020-07-30,0.0,20.22541046142578,0.0,20.30687540053529,19.52308753651859,19.704531317531487,0.0,8896800
2020-07-31,0.0,20.94377899169922,0.0,20.96106114621981,20.182209663508036,20.9474836558167,0.0,11823200
2020-08-03,0.0,21.497987747192383,0.0,21.62265244123245,21.269641413550172,21.298030030329883,0.0,7482400
2020-08-04,0.0,21.664621353149414,0.0,21.668324134477487,21.30050008308948,21.40541535973259,0.0,7414400
2020-08-05,0.0,21.77817726135254,0.0,21.839892793431453,21.56587568032839,21.739913932808985,0.0,6196800
2020-08-06,0.0,22.332378387451172,0.0,22.400265839854484,21.632524578293353,21.732505308237304,0.0,7689600
2020-08-07,0.0,21.830020904541016,0.0,22.380524350555454,21.464664078699638,22.245983041838997,0.0,11301600
2020-08-10,0.0,21.63499641418457,0.0,21.918888233695874,21.064745509974113,21.876922124599986,0.0,10324000
2020-08-11,0.0,20.827760696411133,0.0,21.663387735073297,20.730249090472377,21.44491608394177,0.0,11932800
2020-08-12,0.0,21.87568473815918,0.0,22.0200988424591,21.15855063002174,21.15855063002174,0.0,9388000
2020-08-13,0.0,21.962087631225586,0.0,22.341021889970005,21.820142665398574,21.989242615134696,0.0,8996000
2020-08-14,0.0,21.92136001586914,0.0,22.10280384962677,21.681903425282403,22.047258358281923,0.0,5904000
2020-08-17,0.0,22.407676696777344,0.0,22.475564165224064,22.170689256988684,22.19290783002977,0.0,5020800
2020-08-18,0.0,22.844621658325195,0.0,22.933492175494898,22.355833813891834,22.59775952916682,2.0,4248000
2020-08-19,0.0,22.54591941833496,0.0,23.019894269233,22.466923609851953,22.849558792056758,0.0,6243600
2020-08-20,0.0,23.17047691345215,0.0,23.249472710309394,22.348425666419697,22.407672043210543,0.0,4279600
2020-08-21,0.0,23.47905731201172,0.0,23.562989532093518,23.09148384362708,23.217384057158363,0.0,4805200
2020-08-24,0.0,23.782695770263672,0.0,24.17027110728177,23.392655051504736,24.032027039169257,0.0,5148400
2020-08-25,0.0,24.152986526489258,0.0,24.165330384631066,23.575330126892492,23.64198206399661,0.0,4954400
2020-08-26,0.0,25.177467346191406,0.0,25.20956062749757,24.345543198755436,24.360354323414573,0.0,6337600
2020-08-27,0.0,25.009599685668945,0.0,25.50826220106749,24.624495397925912,25.367550874129968,0.0,9339600
2020-08-28,0.0,25.27127456665039,0.0,25.384830909839064,25.00713218754864,25.234244873925984,0.0,5770000
2020-08-31,0.0,25.713157653808594,0.0,26.006922276818134,25.29842924379851,25.382361455113124,0.0,6781200
2020-09-01,0.0,26.56236457824707,0.0,26.584583149124576,25.848933179479754,26.164916401761786,0.0,7399200
2020-09-02,0.0,27.05855941772461,0.0,27.162241064896033,26.026675593311744,27.149899087894866,0.0,10671200
2020-09-03,0.0,24.283823013305664,0.0,26.31549683731361,23.780224153933172,26.253781318519064,0.0,21334400
2020-09-04,0.0,23.63951873779297,0.0,24.560313452976946,21.676963620978924,24.036966928553444,0.0,22371200
2020-09-08,0.0,21.385663986206055,0.0,22.760685868387647,21.336292317396435,21.78805043229737,0.0,14596800
2020-09-09,0.0,22.6323184967041,0.0,22.985331392094494,21.874451888427885,22.264494477288856,0.0,15787600
2020-09-10,0.0,21.704113006591797,0.0,23.343277020673113,21.439970663812648,23.14578849231391,0.0,15222800
2020-09-11,0.0,21.430099487304688,0.0,22.18549883593381,20.869723317913298,22.06453504416842,0.0,15321600
2020-09-14,0.0,22.175626754760742,0.0,22.50395385692519,21.83989408965267,22.047257385708942,0.0,10220400
2020-09-15,0.0,22.80759048461914,0.0,23.039641473684718,22.52369867779798,22.782904649984356,0.0,9455200
2020-09-16,0.0,22.05466079711914,0.0,23.014956172316275,22.027507696777647,22.921147361758663,0.0,11146800
2020-09-17,0.0,21.398006439208984,0.0,21.713989619009904,20.80306788707732,20.93637364419489,0.0,12571600
2020-09-18,0.0,20.83269691467285,0.0,21.649810037379535,20.171106270132494,21.588094499207518,0.0,16731200
2020-09-21,0.0,21.012907028198242,0.0,21.012907028198242,19.84277907322699,20.222947012808213,0.0,15192800
2020-09-22,0.0,21.76583480834961,0.0,21.864580042739718,20.845040064927918,21.39801074074036,0.0,9837200
2020-09-23,0.0,20.427837371826172,0.0,21.746079991241,20.30193718211983,21.728799720764304,0.0,11753600
2020-09-24,0.0,20.63273811340332,0.0,21.143742667871564,19.988427777324844,20.04026860071627,0.0,14940400
2020-09-25,0.0,21.61031150817871,0.0,21.718931450190407,20.467340501987795,20.709264339402868,0.0,9966800
2020-09-28,0.0,22.476795196533203,0.0,22.491606319999473,21.958383274313295,22.39039195389097,0.0,7680400
2020-09-29,0.0,22.274368286132812,0.0,22.57060205508931,22.192903340476846,22.41754687386371,0.0,7970800
2020-09-30,0.0,22.624914169311523,0.0,23.11123285768887,22.276837668465728,22.301523504323715,0.0,11083200
2020-10-01,0.0,23.311189651489258,0.0,23.43215156077912,22.921147056822473,23.232193849833447,0.0,10772400
2020-10-02,0.0,21.99788475036621,0.0,22.896462760875036,21.8497678477323,22.279307430393228,0.0,15080400
2020-10-05,0.0,22.95077133178711,0.0,22.977926315345112,22.30399190685506,22.31386661754965,0.0,8582000
2020-10-06,0.0,22.09909439086914,0.0,23.09641750212231,21.950977507366034,22.7927781734522,0.0,11046000
2020-10-07,0.0,22.9088077545166,0.0,23.000145542566358,22.457049578230087,22.540981803292965,0.0,5386400
2020-10-08,0.0,23.116167068481445,0.0,23.284033373089724,22.935958788824664,23.26922224966817,0.0,6250000
2020-10-09,0.0,23.817258834838867,0.0,23.827131662516507,23.326001846195393,23.377842666841516,0.0,8204400
2020-10-12,0.0,25.281150817871094,0.0,25.772405913293113,24.439350077821164,24.62202752074544,0.0,11895200
2020-10-13,0.0,25.263872146606445,0.0,25.718099493119745,25.044164978390423,25.604543127343614,0.0,10455200
2020-10-14,0.0,24.86148452758789,0.0,25.594665344454885,24.55784516677763,25.434204585588308,0.0,9660000
2020-10-15,0.0,24.510936737060547,0.0,24.631898631807307,23.92093650238309,24.024618126451738,0.0,9642000
2020-10-16,0.0,24.254201889038086,0.0,25.061440146110957,24.21717219649528,24.81704718878187,0.0,10963200
2020-10-19,0.0,23.43709373474121,0.0,24.747931182726486,23.28403851972362,24.585001255442393,0.0,9526400
2020-10-20,0.0,23.582738876342773,0.0,24.08880699403428,23.321065622356564,23.592613587509426,0.0,10346800
2020-10-21,0.0,23.52349090576172,0.0,24.041900964881066,23.439556808212014,23.595081144333733,0.0,7973200
2020-10-22,0.0,23.530899047851562,0.0,23.812321736042005,22.970522820218633,23.671610391946786,0.0,9636000
2020-10-23,0.0,23.637048721313477,0.0,23.637048721313477,23.1260441924397,23.637048721313477,0.0,6109600
2020-10-26,0.0,22.889055252075195,0.0,23.69876267547525,22.291649394982283,23.20997486659386,0.0,13420000
2020-10-27,0.0,23.242069244384766,0.0,23.39265529000486,22.86683776292178,23.05939180081934,0.0,9899200
2020-10-28,0.0,21.44244384765625,0.0,22.592820345004338,21.402945004505302,22.508888128421326,0.0,16731600
2020-10-29,0.0,22.155874252319336,0.0,22.676753452266592,21.583154235562294,21.672024745352907,0.0,11930800
2020-10-30,0.0,21.106712341308594,0.0,21.995415642155656,20.689514734444607,21.85964259924503,0.0,14191200
2020-11-02,0.0,21.165958404541016,0.0,21.706587069523,20.687047155192634,21.427633541892963,0.0,8594800
2020-11-03,0.0,21.874454498291016,0.0,22.217592724135525,21.29679610809098,21.437507453340828,0.0,8650800
2020-11-04,0.0,23.832069396972656,0.0,24.123366775206627,23.032236651964062,23.30131545992663,0.0,12656400
2020-11-05,0.0,25.08612632751465,0.0,25.239179618321916,24.678803501298898,24.933071153299096,0.0,10176000
2020-11-06,0.0,25.12809944152832,0.0,25.231781096500264,24.301111583884612,24.94542197085268,0.0,7578400
2020-11-09,0.0,24.06412124633789,0.0,25.866213664187267,24.019685987628804,25.577385424282504,0.0,14152400
2020-11-10,0.0,23.239599227905273,0.0,23.76294758686057,22.75821885966013,23.523491035279175,0.0,11485600
2020-11-11,0.0,24.269012451171875,0.0,24.335666272888414,23.56545584277056,23.61729665776767,0.0,7230400
2020-11-12,0.0,24.039430618286133,0.0,24.644243893288706,23.83700377163667,24.39984905825184,0.0,6288800
2020-11-13,0.0,24.4813175201416,0.0,24.552907765429918,23.94069072423317,24.308514778692995,0.0,4542000
2020-11-16,0.0,24.80717658996582,0.0,24.88370513614667,24.301110319369126,24.397386405891723,0.0,5726400
2020-11-17,0.0,24.64671516418457,0.0,24.92073229037534,24.555377377726753,24.863955052859726,0.0,4220000
2020-11-18,0.0,24.29863929748535,0.0,24.854079084642063,24.293702883632616,24.572656409822017,0.0,5259600
2020-11-19,0.0,24.666460037231445,0.0,24.738050270665205,24.09374005316967,24.20976553896203,0.0,4780800
2020-11-20,0.0,24.350479125976562,0.0,24.797298956079185,24.340604415264927,24.683742608008128,0.0,3907200
2020-11-23,0.0,24.34800910949707,0.0,24.74052084180632,23.96537397095587,24.520813715677853,0.0,6552800
2020-11-24,0.0,25.044157028198242,0.0,25.11574725673707,24.222107740883683,24.528216189863905,0.0,5338800
2020-11-25,0.0,25.357681274414062,0.0,25.449019067864548,25.056509139081662,25.1996896433231,0.0,5023600
2020-11-27,0.0,25.806962966918945,0.0,25.99951509467167,25.62675281355062,25.663782503520363,0.0,3326400
2020-11-30,0.0,25.873615264892578,0.0,25.96001850383612,25.076251762285185,25.856334993785527,0.0,5148000
2020-12-01,0.0,26.611740112304688,0.0,26.858602258491526,26.115546671114704,26.29328771771462,0.0,4608000
2020-12-02,0.0,26.631484985351562,0.0,26.69813881285522,26.02420439256274,26.347595052396457,0.0,4815200
2020-12-03,0.0,26.693201065063477,0.0,26.986967598340343,26.58211386148257,26.666046080471066,0.0,5140400
2020-12-04,0.0,26.94499969482422,0.0,26.947468843279644,26.591986802035347,26.71788700554411,0.0,3401200
2020-12-07,0.0,27.22888946533203,0.0,27.29060498825127,26.927717412140815,26.95733965776074,0.0,3628000
2020-12-08,0.0,27.396757125854492,0.0,27.46340906522321,26.819098823222607,27.144956725109594,0.0,3881600
2020-12-09,0.0,26.19454002380371,0.0,27.416506779364987,25.974832884992967,27.386884529984638,0.0,8483600
2020-12-10,0.0,26.36487579345703,0.0,26.579644637559465,25.61441470488354,25.80449771308333,0.0,7340000
2020-12-11,0.0,26.268598556518555,0.0,26.28094053222128,25.6736599554382,26.073577259694193,0.0,6267200
2020-12-14,0.0,26.611740112304688,0.0,26.989438894625156,26.448810191785196,26.448810191785196,0.0,5519200
2020-12-15,0.0,27.204204559326172,0.0,27.204204559326172,26.65617224126071,27.05115125205908,0.0,3863600
2020-12-16,0.0,27.505374908447266,0.0,27.653491792726633,27.10299036086345,27.28813693706475,0.0,5317200
2020-12-17,0.0,27.863327026367188,0.0,27.907762281491788,27.5819043717142,27.806547912382477,0.0,4388400
2020-12-18,0.0,27.670774459838867,0.0,28.033662081952333,27.26098431507862,27.996634270233432,0.0,7573200
2020-12-21,0.0,27.59918975830078,0.0,27.690527550520475,26.6388961233813,27.154837124714664,0.0,7365200
2020-12-22,0.0,27.732486724853516,0.0,27.910227733807893,27.223951414107177,27.75964170585534,0.0,6357600
2020-12-23,0.0,27.456008911132812,0.0,27.8090218646565,27.431323072556708,27.74730632651186,0.0,4632800
2020-12-24,0.0,27.695465087890625,0.0,27.774460900202588,27.500443764249813,27.507849327371446,0.0,2612400
2020-12-28,0.0,28.258310317993164,0.0,28.34224254408418,27.84358183496949,28.169439794244614,0.0,4510800
2020-12-29,0.0,28.310148239135742,0.0,28.616256743200186,28.14228192076327,28.505169541613213,0.0,4793200
2020-12-30,0.0,28.285463333129883,0.0,28.57676072213102,28.189187253015053,28.51751245482298,0.0,3214800
2020-12-31,0.0,28.416297912597656,0.0,28.522448696279294,28.09537641307406,28.292866856382187,0.0,4652000
2021-01-04,0.0,27.616464614868164,0.0,28.715000238718915,26.898094978766267,28.690314404676684,0.0,10180000
2021-01-05,0.0,28.065753936767578,0.0,28.120063902406155,27.44366036379099,27.45106592575835,0.0,8942800
2021-01-06,0.0,27.312822341918945,0.0,28.087969178111223,27.02646328792716,27.226420984395922,0.0,9966000
2021-01-07,0.0,28.645877838134766,0.0,28.7767144476342,27.79173521221378,27.79173521221378,0.0,6424400
2021-01-08,0.0,29.366716384887695,0.0,29.42102635044284,28.645879475575704,29.05566959887723,0.0,9081200
2021-01-11,0.0,28.49282455444336,0.0,29.01617291063448,28.37926820877526,28.7939966328454,0.0,8142800
2021-01-12,0.0,28.42369842529297,0.0,28.7174648895903,27.927505140098756,28.522443629405426,0.0,6837200
2021-01-13,0.0,28.79153060913086,0.0,28.94211666467508,28.359521865646965,28.468141809556542,0.0,4868400
2021-01-14,0.0,28.475542068481445,0.0,29.063075055566166,28.40395183545817,28.870521040844093,0.0,5456400
2021-01-15,0.0,28.03366470336914,0.0,28.623665081769033,27.823832255903724,28.455798747114958,0.0,5389200
2021-01-19,0.0,28.863117218017578,0.0,28.939645752222393,28.265711368620217,28.460732659967306,0.0,6685200
2021-01-20,0.0,30.1838321685791,0.0,30.36404235434124,29.45805877838831,29.512368748985356,0.0,5584400
2021-01-21,0.0,30.69236946105957,0.0,30.810862230241522,30.18630133482928,30.37885349730641,0.0,6775200
2021-01-22,0.0,30.49981689453125,0.0,30.689899905804758,30.36404196975833,30.49981689453125,0.0,5576800
2021-01-25,0.0,31.040443420410156,0.0,31.4033310496004,29.746886398167877,31.15153250795883,0.0,14268400
2021-01-26,0.0,31.08487319946289,0.0,31.307049451988988,30.835543850402498,31.144121455742006,0.0,9333200
2021-01-27,0.0,29.411151885986328,0.0,30.64299329805557,28.969268479302315,30.640526032988564,0.0,12130800
2021-01-28,0.0,29.704923629760742,0.0,30.628187564176063,29.467936186438514,29.56914869084285,0.0,9271200
2021-01-29,0.0,28.48048210144043,0.0,29.579017729581697,28.110188939135497,29.366716165854196,0.0,11287200
2021-02-01,0.0,29.880191802978516,0.0,30.050527271730957,28.742157257313853,29.100106584804745,0.0,9096400
2021-02-02,0.0,30.860233306884766,0.0,31.055254602374852,30.40106962553513,30.4380993192069,0.0,6991600
2021-02-03,0.0,30.5936222076416,0.0,31.307053574457523,30.58374749696146,31.228057772424883,0.0,7540400
2021-02-04,0.0,31.32433319091797,0.0,31.326802339388387,30.605965425519074,30.875044223132747,0.0,4824400
2021-02-05,0.0,31.544044494628906,0.0,31.721785539855198,31.186095138787792,31.511953093899763,0.0,7433200
2021-02-08,0.0,31.939022064208984,0.0,31.97358261009092,31.54651031682346,31.860024378297712,0.0,5049200
2021-02-09,0.0,31.929147720336914,0.0,32.17848088810179,31.763750541472582,31.763750541472582,0.0,3492400
2021-02-10,0.0,31.773622512817383,0.0,32.289563397203594,31.156465380100155,32.19822185887052,0.0,5258800
2021-02-11,0.0,32.12663269042969,0.0,32.208097633284964,31.662530749369317,32.09207214801987,0.0,4302000
2021-02-12,0.0,32.48211669921875,0.0,32.51914450877929,31.76127979417775,31.971110326382224,0.0,3381600
2021-02-16,0.0,32.31425476074219,0.0,32.822793966969684,32.079736465564096,32.64011461520927,0.0,4618800
2021-02-17,0.0,32.00074005126953,0.0,32.05011172534708,31.27249561646951,31.71931736552849,0.0,6291600
2021-02-18,0.0,31.70943832397461,0.0,31.852618804524027,30.934291423632562,31.28730432793421,0.0,5330400
2021-02-19,0.0,31.442827224731445,0.0,31.99826508168643,31.25027319934241,31.980986692953202,0.0,4489600
2021-02-22,0.0,29.813535690307617,0.0,30.825671830866664,29.781444294578982,30.57634057664142,0.0,8728800
2021-02-23,0.0,29.628395080566406,0.0,29.94684748723663,27.700402248401613,28.794001672830195,0.0,17403200
2021-02-24,0.0,30.112241744995117,0.0,30.17889368763003,28.608850478852425,29.11985498374835,0.0,9657200
2021-02-25,0.0,27.979351043701172,0.0,30.09002286776469,27.717677806047767,29.59382949221064,0.0,16296800
2021-02-26,0.0,28.27558708190918,0.0,29.134666193592366,27.670773765754824,28.549604182206874,0.0,19246400
2021-03-01,0.0,29.946842193603516,0.0,30.006090456516972,28.927302349425503,29.186508320298643,0.0,8928000
2021-03-02,0.0,28.97667694091797,0.0,30.077681845088648,28.937179978400607,30.062870719570718,0.0,7660000
2021-03-03,0.0,27.307886123657227,0.0,28.949517578541833,27.28813670367999,28.77671486226188,0.0,11431200
2021-03-04,0.0,26.39202880859375,0.0,27.80161121596819,25.695875857589744,27.216547343349433,0.0,26453600
2021-03-05,0.0,27.201738357543945,0.0,27.34985525695727,25.278682163567712,26.873411276848564,0.0,17203600
2021-03-08,0.0,25.653907775878906,0.0,27.431315942498706,25.577381131161466,27.090645055107238,0.0,11614000
2021-03-09,0.0,27.683116912841797,0.0,28.006505674813162,26.84625450915997,26.9301867226698,0.0,8753600
2021-03-10,0.0,27.517719268798828,0.0,28.561944922911586,27.39428821574665,28.45579414195037,0.0,14217200
2021-03-11,0.0,28.79399871826172,0.0,29.095170818476262,28.213873088924952,28.384208561467936,0.0,8259600
2021-03-12,0.0,28.31261444091797,0.0,28.334831125559628,27.584370126438664,28.013911530260692,0.0,9356400
2021-03-15,0.0,28.924833297729492,0.0,28.94458271876672,28.065754200102973,28.36445713050938,0.0,5027200
2021-03-16,0.0,29.240814208984375,0.0,29.882657158531654,28.961860721477784,29.317342738653714,0.0,7150400
2021-03-17,0.0,29.472864151000977,0.0,29.823407859368096,28.33482978950065,28.658218517869503,0.0,8042000
2021-03-18,0.0,27.655963897705078,0.0,28.724877363932617,27.579437240718004,28.54960547906665,0.0,12377600
2021-03-19,0.0,27.90529441833496,0.0,28.134876266485023,27.238765560766144,27.63621372674,0.0,9916800
2021-03-22,0.0,28.90755271911621,0.0,29.265503908844508,28.273117171427778,28.273117171427778,0.0,8472000
2021-03-23,0.0,28.608850479125977,0.0,29.33956211664448,28.492824983234023,29.085294438451545,0.0,9600400
2021-03-24,0.0,27.660900115966797,0.0,28.9050834901383,27.655961819069304,28.9050834901383,0.0,8714800
2021-03-25,0.0,27.581899642944336,0.0,27.848509244574707,26.87834124352477,27.330099279271955,0.0,10858000
2021-03-26,0.0,28.403953552246094,0.0,28.45826351736761,27.290606800888675,27.537468908962172,0.0,8796400
2021-03-29,0.0,28.379270553588867,0.0,28.57676101314297,27.769520784379825,28.30768030908572,0.0,8086400
2021-03-30,0.0,28.102781295776367,0.0,28.203995663462464,27.59918425599009,28.023785497044365,0.0,6412400
2021-03-31,0.0,28.929771423339844,0.0,29.235879913969992,28.36198781403745,28.428641638791195,0.0,6393600
2021-04-01,0.0,29.944374084472656,0.0,29.96659076988263,29.628389008066492,29.680231707506543,0.0,6406000
2021-04-05,0.0,31.144126892089844,0.0,31.277430783466063,30.366510814216237,30.415882486325312,0.0,7248400
2021-04-06,0.0,31.077472686767578,0.0,31.462576998100253,30.95651077317872,31.070067124381726,0.0,5124000
2021-04-07,0.0,31.23052406311035,0.0,31.393452065902277,30.82073208272186,31.00340950506684,0.0,4508400
2021-04-08,0.0,31.887184143066406,0.0,31.921744694130265,31.632916424492812,31.798313616499684,0.0,3505600
2021-04-09,0.0,32.2772216796875,0.0,32.30437666313085,31.48973092664724,31.62056754683331,0.0,5977600
2021-04-12,0.0,32.183414459228516,0.0,32.26981771085538,31.815592298845758,32.064921692360166,0.0,3947200
2021-04-13,0.0,32.933876037597656,0.0,33.02274655067257,32.45249566128228,32.48211791003492,0.0,4570000
2021-04-14,0.0,32.141448974609375,0.0,32.98571701775004,31.980990094829483,32.98571701775004,0.0,5747600
2021-04-15,0.0,33.10667419433594,0.0,33.1832008375892,32.684538373826825,32.70428779254,0.0,6026800
2021-04-16,0.0,33.1955451965332,0.0,33.230105738099155,32.82525206540521,33.21529461554468,0.0,4457600
2021-04-19,0.0,32.58332443237305,0.0,33.10667079060882,32.20068748862954,32.88696370938568,0.0,6363600
2021-04-20,0.0,32.08714294433594,0.0,32.70923665081895,31.711915168073006,32.44015779674657,0.0,6347600
2021-04-21,0.0,32.65492248535156,0.0,32.68948303312261,31.65266283317393,31.85755885453701,0.0,5561200
2021-04-22,0.0,31.869905471801758,0.0,32.770950823885926,31.637854445197938,32.56852205027237,0.0,7203600
2021-04-23,0.0,32.669734954833984,0.0,32.91906812891475,31.99086406461264,31.99086406461264,0.0,4764400
2021-04-26,0.0,33.09186935424805,0.0,33.136302729675684,32.568519076035976,32.71663786109579,0.0,4052800
2021-04-27,0.0,32.78822708129883,0.0,33.173331368129546,32.608015029863374,33.13877082358876,0.0,4010800
2021-04-28,0.0,32.52902603149414,0.0,32.9338798002411,32.45249936892878,32.73638933008754,0.0,5616400
2021-04-29,0.0,32.80056381225586,0.0,33.301693540155696,32.176003042670025,33.21529407106537,0.0,6563200
2021-04-30,0.0,32.35621643066406,0.0,32.80797074735506,32.20315937112846,32.31671759163445,0.0,4820000
2021-05-03,0.0,32.02542495727539,0.0,32.75120026493213,31.94395999755704,32.60555250368602,0.0,5927200
2021-05-04,0.0,30.867637634277344,0.0,31.58106896241062,30.122113027321607,31.51935343656235,0.0,9809600
2021-05-05,0.0,30.645465850830078,0.0,31.428018381128446,30.519565632314333,31.265090348409828,0.0,6844000
2021-05-06,0.0,31.124374389648438,0.0,31.151529371643594,30.18382849676091,30.61583717689141,0.0,7207200
2021-05-07,0.0,31.613162994384766,0.0,32.08960885241401,31.41814169043033,31.655129103443578,0.0,5674800
2021-05-10,0.0,30.006093978881836,0.0,31.386052442436362,29.99375011847373,31.356428307502107,0.0,8011200
2021-05-11,0.0,29.949312210083008,0.0,30.092492691160917,28.784122706733204,28.897679055495804,0.0,8990000
2021-05-12,0.0,28.399019241333008,0.0,29.44077771587611,28.236089333905785,28.99889428370027,0.0,9091200
2021-05-13,0.0,28.83843231201172,0.0,29.37412265164362,28.391612484800874,28.93470838656645,0.0,9386800
2021-05-14,0.0,30.097431182861328,0.0,30.27270307349242,29.324753374855195,29.428435020004525,0.0,8473200
2021-05-17,0.0,29.734540939331055,0.0,29.899939987442995,29.19638145436355,29.7616959225998,0.0,6804800
2021-05-18,0.0,29.324752807617188,0.0,30.139396710986517,29.285253962567026,29.919689564768632,0.0,6408800
2021-05-19,0.0,29.393869400024414,0.0,29.453115775114753,28.25583499822709,28.32001966989647,0.0,13063200
2021-05-20,0.0,30.53190803527832,0.0,30.694836060219913,29.64073560343333,29.670359736790243,0.0,9842800
2021-05-21,0.0,30.186296463012695,0.0,30.907133323326445,30.122111791409655,30.83307582539214,0.0,10658400
2021-05-24,0.0,31.210777282714844,0.0,31.420609703836455,30.559061449621964,30.633118954095696,0.0,6468000
2021-05-25,0.0,31.29224395751953,0.0,31.63785131433876,31.065129367752935,31.50454553884812,2.0,5461600
2021-05-26,0.0,31.499605178833008,0.0,31.59835040051631,31.287303611406863,31.425547675126868,0.0,4153200
2021-05-27,0.0,31.27249526977539,0.0,31.58354208655981,31.2428711356121,31.41567575978505,0.0,3494400
2021-05-28,0.0,31.44529151916504,0.0,31.77608769043744,31.410730978146642,31.504539775260778,0.0,5952400
2021-06-01,0.0,31.252742767333984,0.0,31.81558996052152,31.000944243688547,31.726719450197617,0.0,4544400
2021-06-02,0.0,31.371238708496094,0.0,31.534166728567133,31.04044248782936,31.336678162317128,0.0,3727800
2021-06-03,0.0,30.694833755493164,0.0,31.070065216205457,30.39859997780108,30.818264810099603,0.0,4663800
2021-06-04,0.0,31.77609634399414,0.0,31.845217444854626,31.04538460382668,31.065132144494857,0.0,6406800
2021-06-07,0.0,31.939022064208984,0.0,31.958771485686803,31.524291746808792,31.632911681528295,0.0,4148600
2021-06-08,0.0,31.963701248168945,0.0,32.45742541101846,31.652656381627665,32.294499300058604,0.0,4288400
2021-06-09,0.0,31.993330001831055,0.0,32.398183699398906,31.95876945814173,32.2500649311208,0.0,3653000
2021-06-10,0.0,32.664798736572266,0.0,32.67960986163023,31.983456849368384,32.0624545387671,0.0,3531600
2021-06-11,0.0,32.822784423828125,0.0,32.82771895341196,32.53148520527319,32.659854543966034,0.0,2649600
2021-06-14,0.0,33.449825286865234,0.0,33.45476358515903,32.68455102449761,32.916602075673,0.0,3428600
2021-06-15,0.0,33.00546646118164,0.0,33.44981905438189,32.87709709718663,33.38069795841932,0.0,3032000
2021-06-16,0.0,32.768489837646484,0.0,33.31652422388824,32.0871477537685,33.104222580868296,0.0,6306400
2021-06-17,0.0,33.59793472290039,0.0,33.80035969462779,32.56111084605285,32.570987439883574,0.0,5353800
2021-06-18,0.0,33.0745849609375,0.0,33.50412639511687,32.926469952708594,33.28195199936505,0.0,5902200
2021-06-21,0.0,33.47450637817383,0.0,33.54362747331817,32.66973342256632,33.11408601050648,0.0,7340200
2021-06-22,0.0,34.101531982421875,0.0,34.19534079031215,33.38069506779276,33.444877860823695,0.0,3735800
2021-06-23,0.0,34.126220703125,0.0,34.36814452515329,33.97810192492654,34.096594687395104,0.0,4704800
2021-06-24,0.0,34.55082321166992,0.0,34.86680641696551,34.4224538573883,34.54094661766991,0.0,3644800
2021-06-25,0.0,34.476768493652344,0.0,34.72363064165189,34.353337419652576,34.66932066774659,0.0,3307400
2021-06-28,0.0,35.306217193603516,0.0,35.33583943904495,34.72362251008376,34.758183052037616,0.0,2578400
2021-06-29,0.0,35.55801773071289,0.0,35.567894324825794,35.10873063581731,35.26672224027093,0.0,2170400
2021-06-30,0.0,35.454341888427734,0.0,35.607398987659,35.33091080956055,35.528401289111564,0.0,2516400
2021-07-01,0.0,35.47903060913086,0.0,35.572839437090856,35.10379906410856,35.3704106539809,0.0,3110000
2021-07-02,0.0,36.27885437011719,0.0,36.347975453907694,35.82462526215832,35.864124100557625,0.0,2966600
2021-07-06,0.0,36.584964752197266,0.0,36.65408584317011,35.849316702948045,36.40228919754773,0.0,2962400
2021-07-07,0.0,36.71333694458008,0.0,37.10831786651122,36.34798204022498,37.04906959817638,0.0,3650200
2021-07-08,0.0,36.31835174560547,0.0,36.48128163922586,35.414839302509314,35.68144706157586,0.0,6300600
2021-07-09,0.0,36.75777053833008,0.0,36.85651765280608,36.06162127365624,36.180114044210185,0.0,3614200
2021-07-12,0.0,37.039188385009766,0.0,37.137935486588525,36.7133323668418,37.044126681792896,0.0,3513200
2021-07-13,0.0,37.024375915527344,0.0,37.666218868597596,36.861449795774604,36.96513142355058,0.0,5558200
2021-07-14,0.0,37.15275192260742,0.0,37.66128732629919,36.99969860179616,37.537856256788864,0.0,4879000
2021-07-15,0.0,36.629398345947266,0.0,37.17743249047939,36.22454466651797,37.14780647806104,0.0,5503400
2021-07-16,0.0,36.041873931884766,0.0,37.02438423504506,35.97769112888228,36.83183205922011,0.0,4855200
2021-07-19,0.0,35.449405670166016,0.0,35.558021850272766,34.921120828430915,35.31609800191639,0.0,13662600
2021-07-20,0.0,36.27392578125,0.0,36.57509791271547,35.30128828456488,35.656770391659705,0.0,7660800
2021-07-21,0.0,36.8071403503418,0.0,36.83182430007312,36.14060967171232,36.1949196346646,0.0,4796800
2021-07-22,0.0,37.32061767578125,0.0,37.32061767578125,36.88614165194677,36.88614165194677,0.0,4153800
2021-07-23,0.0,38.16982650756836,0.0,38.243885909967496,37.34036948769689,37.60698107624319,0.0,4845600
2021-07-26,0.0,38.253753662109375,0.0,38.332747577406366,37.858772785173976,38.04638662996904,0.0,4782000
2021-07-27,0.0,37.41442108154297,0.0,38.19944455622773,36.51584314478749,38.18956796233304,0.0,8540200
2021-07-28,0.0,37.6810302734375,0.0,38.02170117211857,37.167556660503955,37.64153143394646,0.0,6524600
2021-07-29,0.0,37.82914733886719,0.0,38.06613283153492,37.572408660524566,37.58228525336201,0.0,3819200
2021-07-30,0.0,37.4243049621582,0.0,37.542797744247466,36.97007572498371,36.989825149801526,0.0,4870600
2021-08-02,0.0,37.419349670410156,0.0,37.89332435033125,37.305791470984104,37.774831622054954,0.0,9445200
2021-08-03,0.0,37.87358856201172,0.0,37.89333798496658,36.89107831261523,37.582293048766346,0.0,5711400
2021-08-04,0.0,37.99702072143555,0.0,38.189572892252926,37.64153863167503,37.8686513519515,0.0,3463000
2021-08-05,0.0,38.475929260253906,0.0,38.510489805560574,38.01182728029266,38.15500775851085,0.0,3099200
2021-08-06,0.0,38.125389099121094,0.0,38.3969351901449,37.8933380872964,38.18957189878477,0.0,3444800
2021-08-09,0.0,38.26362609863281,0.0,38.377184323808784,37.992076277657745,38.22412725797884,0.0,2604800
2021-08-10,0.0,37.87852096557617,0.0,38.4314896550016,37.61684774407068,38.36730686549806,0.0,3344000
2021-08-11,0.0,37.75509262084961,0.0,38.24387855578356,37.45392053800723,38.14019691908951,0.0,2856600
2021-08-12,0.0,38.021705627441406,0.0,38.08588842402269,37.35024034467913,37.62672471988109,0.0,2949200
2021-08-13,0.0,38.268558502197266,0.0,38.34261787531438,37.99207042701443,38.085879217417194,0.0,2254400
2021-08-16,0.0,38.298187255859375,0.0,38.31299837963763,37.211995488196905,38.031575727400366,0.0,4969200
2021-08-17,0.0,37.62672424316406,0.0,37.922958036672576,37.11325057656802,37.71559475789832,0.0,4737200
2021-08-18,0.0,36.896018981933594,0.0,37.80940819311429,36.83183241149971,37.52304719208585,0.0,4988200
2021-08-19,0.0,37.26136016845703,0.0,37.606965547858,36.43684178701748,36.48621344595817,0.0,10185200
2021-08-20,0.0,38.03651809692383,0.0,38.10563919316784,37.41936276130425,37.46379613739659,0.0,5549600
2021-08-23,0.0,39.16221237182617,0.0,39.31033117251122,38.248823145781934,38.248823145781934,0.0,3810000
2021-08-24,0.0,39.40412902832031,0.0,39.532498380996245,39.186892931657454,39.300447393518674,0.0,2759000
2021-08-25,0.0,39.44857406616211,0.0,39.61643852750581,39.295516964964314,39.46338519312565,0.0,3226400
2021-08-26,0.0,38.989402770996094,0.0,39.45350474930655,38.90547055652371,39.31525880175467,0.0,3864400
2021-08-27,0.0,39.75467300415039,0.0,39.83860898531753,39.023963259381404,39.12764489478172,0.0,3742200
2021-08-30,0.0,40.64833068847656,0.0,40.737201231001585,39.90774408970746,39.90774408970746,0.0,3975800
2021-08-31,0.0,40.56438064575195,0.0,40.687811691387544,40.22864805095049,40.687811691387544,0.0,3753200
2021-09-01,0.0,40.70756149291992,0.0,41.15191405586102,40.6581898229969,40.801370302545536,0.0,3672200
2021-09-02,0.0,40.65819549560547,0.0,41.06304927236634,40.39158392064331,40.99392817146698,0.0,3180400
2021-09-03,0.0,40.9149284362793,0.0,40.993922354605026,40.396516486277065,40.396516486277065,0.0,2811800
2021-09-07,0.0,41.013675689697266,0.0,41.16179448006583,40.673004731939955,40.919866871342684,0.0,3041800
2021-09-08,0.0,40.74706268310547,0.0,40.97911368861124,40.23358899932649,40.97911368861124,0.0,4814600
2021-09-09,0.0,40.426143646240234,0.0,41.01861505633988,40.39652139412134,40.77175291050271,0.0,3812200
2021-09-10,0.0,39.82380294799805,0.0,40.9692431474943,39.75961637968235,40.85568490365549,0.0,5649800
2021-09-13,0.0,39.76948547363281,0.0,40.42613579118715,39.325132944102926,40.33233075543177,0.0,6193600
2021-09-14,0.0,39.53744125366211,0.0,40.25333995306602,39.33995078826255,40.09041003660008,0.0,5696600
2021-09-15,0.0,40.12002944946289,0.0,40.208899955920145,39.14739217512976,39.650989200509756,0.0,3364000
2021-09-16,0.0,40.194095611572266,0.0,40.30765008703117,39.4238831701038,39.85342465156088,0.0,3707200
2021-09-17,0.0,39.24119186401367,0.0,40.090394124591164,39.004202646232535,40.090394124591164,0.0,5933400
2021-09-20,0.0,37.60696792602539,0.0,38.352492453668106,36.60470849556616,37.96738821603513,0.0,14432400
2021-09-21,0.0,37.6810302734375,0.0,38.238937255685975,37.46379042305344,37.987140629268076,0.0,7007000
2021-09-22,0.0,38.40187454223633,0.0,38.70798495704418,37.666226407359936,37.898277425557474,0.0,6998800
2021-09-23,0.0,39.10295104980469,0.0,39.33006747288593,38.50554528220897,38.63391461551222,0.0,6841200
2021-09-24,0.0,39.167144775390625,0.0,39.27082641354004,38.549989476774805,38.609233974679036,0.0,3990600
2021-09-27,0.0,38.55986022949219,0.0,38.73760124727579,38.00195322561503,38.510488561622694,0.0,6146800
2021-09-28,0.0,36.357852935791016,0.0,37.71559460339184,36.26404412428442,37.58229071524508,0.0,12348400
2021-09-29,0.0,36.26898193359375,0.0,37.06881655216748,36.12086692284698,36.639275110686164,0.0,7409000
2021-09-30,0.0,35.92831039428711,0.0,36.93057374069893,35.908564739976924,36.59484111517197,0.0,8754400
2021-10-01,0.0,36.41215896606445,0.0,36.629398814768734,35.25684617100978,36.086299193008024,0.0,9564600
2021-10-04,0.0,34.901371002197266,0.0,36.150492843783525,34.427396139390865,36.07643344747873,0.0,12422000
2021-10-05,0.0,35.83450698852539,0.0,36.283794097524854,35.069232893882344,35.08898231591114,0.0,8216200
2021-10-06,0.0,36.28379440307617,0.0,36.343042669661486,34.98036267273625,35.167980300181185,0.0,8508200
2021-10-07,0.0,36.9503173828125,0.0,37.493417017190154,36.81701350598499,36.91082230952598,0.0,5256200
2021-10-08,0.0,36.57509994506836,0.0,37.21693932581654,36.471418285874066,37.182378772751775,0.0,4585000
2021-10-11,0.0,36.01717758178711,0.0,36.984880293617735,35.99743192929933,36.26897796939694,0.0,4333000
2021-10-12,0.0,35.7752571105957,0.0,36.397350692614594,35.63207663245073,36.31835300805864,0.0,4932400
2021-10-13,0.0,36.338104248046875,0.0,36.46647360846717,35.82956887041897,36.22948430975409,0.0,4573400
2021-10-14,0.0,37.671165466308594,0.0,37.715598845082376,36.945390145130446,37.07869404826926,0.0,5528000
2021-10-15,0.0,38.14513397216797,0.0,38.16488339282045,37.715592548314405,37.927894111807525,0.0,3799000
2021-10-18,0.0,38.91533660888672,0.0,38.94989714805382,37.75014733580125,37.873578370943214,0.0,4577800
2021-10-19,0.0,39.48312759399414,0.0,39.50781154560291,38.99927618729522,39.142456667167174,0.0,3963600
2021-10-20,0.0,39.389320373535156,0.0,39.72011471961275,39.07333715238385,39.60162195338529,0.0,3802200
2021-10-21,0.0,39.8731689453125,0.0,39.90772948993876,39.147393741344096,39.2214531274909,0.0,3066600
2021-10-22,0.0,39.19183349609375,0.0,39.79911604122513,38.83635516496284,39.5917527396944,0.0,4902400
2021-10-25,0.0,39.991661071777344,0.0,40.194089806262106,39.0881448620456,39.50287515783099,0.0,4804600
2021-10-26,0.0,40.213829040527344,0.0,41.008725194310685,39.996592983904755,40.485378819825826,0.0,5430600
2021-10-27,0.0,40.421199798583984,0.0,41.09759951150854,40.292830457628156,40.35207871502697,0.0,3991600
2021-10-28,0.0,41.3345947265625,0.0,41.37902810089771,40.68781716579165,40.84580877478976,0.0,3595800
2021-10-29,0.0,41.739444732666016,0.0,41.76906697957752,40.56931701104378,40.6433763951393,0.0,4382400
2021-11-01,0.0,42.02086639404297,0.0,42.03567751715163,41.36915060954514,41.838187086463904,0.0,4304600
2021-11-02,0.0,42.37635040283203,0.0,42.47509373939737,41.87274959262499,41.87768788949831,0.0,3240400
2021-11-03,0.0,43.26999282836914,0.0,43.353925046560924,42.2430454876625,42.465223659532434,0.0,4803400
2021-11-04,0.0,44.36606216430664,0.0,44.58823657387549,43.42304702262372,43.5514163845256,0.0,5058800
2021-11-05,0.0,44.45493698120117,0.0,44.99309466687387,44.138953726586145,44.77585853358699,0.0,5388000
2021-11-08,0.0,44.33644104003906,0.0,44.677108225574216,44.183383954601915,44.445057215526475,0.0,3865800
2021-11-09,0.0,43.709415435791016,0.0,44.657365269288746,43.40824328554156,44.58330963137314,0.0,5863000
2021-11-10,0.0,42.43559646606445,0.0,43.719282489747904,41.996182198523435,43.07250118085039,0.0,7582200
2021-11-11,0.0,42.672584533691406,0.0,43.1366865063994,42.583714023317896,43.10212596163286,0.0,4129000
2021-11-12,0.0,43.56622314453125,0.0,43.67978136999302,42.56396360301911,42.9145073393676,0.0,3584400
2021-11-15,0.0,43.55140686035156,0.0,43.89701602576569,42.98362333395548,43.827891179229795,0.0,4993600
2021-11-16,0.0,44.16362762451172,0.0,44.26731301999859,43.348985718272004,43.37860796451587,0.0,5156400
2021-11-17,0.0,44.2031364440918,0.0,44.662300198623626,43.995773139933554,44.232758697023684,0.0,3583800
2021-11-18,0.0,45.11158752441406,0.0,45.225141996135996,44.15869954070061,44.667234931808814,0.0,6605000
2021-11-19,0.0,45.61024856567383,0.0,45.90648615320262,45.29426532133935,45.48681749314263,0.0,4075600
2021-11-22,0.0,44.56848907470703,0.0,46.67669385861344,44.53392852579795,45.97066798791291,0.0,8661600
2021-11-23,0.0,44.14882278442383,0.0,44.75610528656513,43.13175200592894,44.29200327300702,0.0,8533200
2021-11-24,0.0,44.459869384765625,0.0,44.484553336712075,43.04781775492286,43.57610254183487,0.0,5404800
2021-11-26,0.0,42.68246078491211,0.0,44.13401131519145,42.430664124334115,43.813089792717946,0.0,9370400
2021-11-29,0.0,44.5783576965332,0.0,44.800532075951544,43.60572043671888,43.763712027304884,0.0,6771400
2021-11-30,0.0,43.255184173583984,0.0,44.91409804427901,42.81576986876235,44.3710020933911,0.0,13698400
2021-12-01,0.0,41.788814544677734,0.0,44.73141022312167,41.709820634148215,44.262373756033064,0.0,10846200
2021-12-02,0.0,42.405975341796875,0.0,42.78120682483012,41.196352441425105,41.52220848622515,0.0,12959800
2021-12-03,0.0,40.92973709106445,0.0,42.90957219540138,40.00153318072541,42.67752121781662,0.0,13186200
2021-12-06,0.0,41.60120391845703,0.0,41.87274997993185,40.110154661537564,41.02354371707443,0.0,9277400
2021-12-07,0.0,44.10438919067383,0.0,44.20807083358685,43.028070149764154,43.028070149764154,0.0,8152800
2021-12-08,0.0,44.47468185424805,0.0,44.50924240147184,43.719284345772884,44.14882203743759,0.0,6692400
2021-12-09,0.0,43.161376953125,0.0,44.59811645925661,43.11200527700191,44.19819721897952,0.0,7616200
2021-12-10,0.0,44.094505310058594,0.0,44.14388074151144,43.0774347046482,43.783460432715096,0.0,6575600
2021-12-13,0.0,42.81576919555664,0.0,44.14388868408864,42.736771504471704,44.08464041577493,0.0,6913800
2021-12-14,0.0,41.95668411254883,0.0,42.33685008859811,40.95935912057791,41.71475654279167,0.0,9612800
2021-12-15,0.0,43.83283233642578,0.0,43.90689171719242,40.98897998942934,41.8628739022059,0.0,11968200
2021-12-16,0.0,41.59132766723633,0.0,44.14388477375478,41.216099968272815,44.0599487927079,0.0,12277000
2021-12-17,0.0,41.166717529296875,0.0,42.07517190767488,40.480441274505964,40.80136271958759,0.0,13475200
2021-12-20,0.0,40.33727264404297,0.0,40.51995198584734,39.66087278324483,40.09534879870437,0.0,11559800
2021-12-21,0.0,42.14430236816406,0.0,42.2232962895819,40.24839928551355,41.05811052265331,0.0,8665800
2021-12-22,0.0,43.181129455566406,0.0,43.215690007998326,41.94188033239144,42.080126308936826,0.0,7392600
2021-12-23,0.0,43.84272003173828,0.0,44.16363781829841,43.22062634930962,43.250248602390855,0.0,7158600
2021-12-27,0.0,45.24982833862305,0.0,45.2597011662394,44.10932275785354,44.138948774336804,0.0,7256800
2021-12-28,0.0,44.87952423095703,0.0,45.54605105399371,44.65241158286834,45.47199168103048,0.0,8987400
2021-12-29,0.0,44.84003448486328,0.0,45.165894285221846,44.29200028739984,44.88940615457359,0.0,6671800
2021-12-30,0.0,44.528987884521484,0.0,45.27944702934288,44.430240782033934,44.78572281735552,0.0,5771200
2021-12-31,0.0,43.951332092285156,0.0,44.706733376351124,43.89702588900314,44.40062297822994,0.0,10505200
2022-01-03,0.0,44.86471939086914,0.0,44.90915276077812,43.78840048465673,44.26237526443604,0.0,12321800
2022-01-04,0.0,43.689659118652344,0.0,44.97827975057149,42.96882214437244,44.9684069226793,0.0,12080400
2022-01-05,0.0,40.97416687011719,0.0,43.55140758086409,40.94948292227545,43.29960720525345,0.0,19416000
2022-01-06,0.0,40.944541931152344,0.0,41.64562928622995,40.100274127477284,40.57918713252003,0.0,21080800
2022-01-07,0.0,40.04103088378906,0.0,41.300029069612364,39.66086491651997,40.92479763211412,0.0,14856400
2022-01-10,0.0,40.13484191894531,0.0,40.20396300775091,37.82421244036983,38.989401889973855,0.0,26443400
2022-01-11,0.0,41.314842224121094,0.0,41.324715050964876,39.47818755219967,39.91760179967566,0.0,21613000
2022-01-12,0.0,41.64070510864258,0.0,42.2183653948594,41.12229686052162,41.88263272458312,0.0,16403600
2022-01-13,0.0,39.532493591308594,0.0,42.07023548846189,39.335003172692495,41.907305610592374,0.0,21576200
2022-01-14,0.0,40.031166076660156,0.0,40.09041058031138,38.964719809129654,38.98940753019591,0.0,23671400
2022-01-18,0.0,38.066131591796875,0.0,39.21650977682143,37.86370664701978,38.757346162063186,0.0,19022800
2022-01-19,0.0,37.18730545043945,0.0,38.87090672876889,37.13793378532015,38.33274540856366,0.0,21533600
2022-01-20,0.0,36.204803466796875,0.0,38.6832977710099,36.10605634767802,37.84396797599552,0.0,18105000
2022-01-21,0.0,34.16572189331055,0.0,36.30354913148209,34.15091076620367,35.7703259547285,0.0,30147800
2022-01-24,0.0,34.5804443359375,0.0,34.649565424422946,30.79357864226384,33.08939510302727,0.0,40041000
2022-01-25,0.0,32.85240936279297,0.0,34.0719087633438,32.24512692751181,33.19308027283972,0.0,45231000
2022-01-26,0.0,32.90671920776367,0.0,35.148227563502275,32.08220068466019,34.38789183136759,0.0,26151200
2022-01-27,0.0,32.141448974609375,0.0,34.081785491348626,31.943958514776053,33.731241714382655,0.0,31453800
2022-01-28,0.0,34.200279235839844,0.0,34.200279235839844,31.553918675738206,32.50680480389371,0.0,34542600
2022-01-31,0.0,36.39241409301758,0.0,36.45659688960017,34.10647216670143,34.41751708880997,0.0,15154800
2022-02-01,0.0,36.8268928527832,0.0,36.96513881762088,35.548148754278046,36.604718429795916,0.0,14213600
2022-02-02,0.0,37.444034576416016,0.0,37.745206583912896,36.580017386636825,37.705711518017445,0.0,14866600
2022-02-03,0.0,34.37307357788086,0.0,36.08135853073973,34.17064488657234,35.395082325501555,0.0,20256200
2022-02-04,0.0,35.25191116333008,0.0,35.90362700342989,34.07684507223499,34.48663709168104,0.0,12168600
2022-02-07,0.0,34.69894027709961,0.0,35.839442108603656,34.4273941950743,35.34078331973608,0.0,13006400
2022-02-08,0.0,35.47903060913086,0.0,35.67158279623571,34.22497036053919,34.452083100026506,0.0,10682800
2022-02-09,0.0,36.984886169433594,0.0,36.984886169433594,36.051743851432455,36.352915951742325,0.0,10437000
2022-02-10,0.0,35.3012809753418,0.0,36.900946359235995,34.90136557107244,35.48889481887698,0.0,20919000
2022-02-11,0.0,33.0745849609375,0.0,35.59751606598419,32.79316230180396,35.28153286158221,0.0,20967000
2022-02-14,0.0,33.16345977783203,0.0,33.780615142612966,32.43274993534916,32.91659763191966,0.0,21453600
2022-02-15,0.0,34.78780746459961,0.0,34.80755688506305,33.94847781239573,34.15584107703667,0.0,12314800
2022-02-16,0.0,34.75325012207031,0.0,34.945802280806376,33.70161881152588,34.31383583502472,0.0,13161000
2022-02-17,0.0,32.68947982788086,0.0,34.2348352650013,32.595671021635845,34.08178196371045,0.0,12042400
2022-02-18,0.0,31.934085845947266,0.0,32.92647268061128,31.489733250812836,32.842536692162334,0.0,17350400
2022-02-22,0.0,31.287307739257812,0.0,32.39818927549715,30.5960948630973,31.35642883853299,0.0,18384000
2022-02-23,0.0,29.6975154876709,0.0,32.03776746439378,29.628392508054826,31.87977584923142,0.0,20689000
2022-02-24,0.0,31.68722152709961,0.0,31.756342618597813,27.707803518221805,27.76705178242754,0.0,31324600
2022-02-25,0.0,32.664798736572266,0.0,32.68454439210479,31.08981714724405,31.8205269400964,0.0,17812000
2022-02-28,0.0,32.91659164428711,0.0,33.168392042023314,31.81558878321159,32.03776316739154,0.0,15971200
2022-03-01,0.0,31.835338592529297,0.0,33.0844602362077,31.366298334790763,32.64504599238763,0.0,15366600
2022-03-02,0.0,32.88203048706055,0.0,33.13876917673344,31.603286635782727,32.136505901225156,0.0,13087800
2022-03-03,0.0,31.94395637512207,0.0,33.43994396555438,31.598350918675838,33.435005668514584,0.0,13261400
2022-03-04,0.0,31.045381546020508,0.0,31.77115491697952,30.586217840205336,31.49467054076982,0.0,12057200
2022-03-07,0.0,28.739686965942383,0.0,31.242868660469142,28.700190006928995,31.030567090972845,0.0,15477000
2022-03-08,0.0,28.45825958251953,0.0,30.210979930815697,27.860853815601395,28.591565328456397,0.0,29354000
2022-03-09,0.0,30.54178237915039,0.0,30.75902037092988,29.485212786436545,29.95918761399646,0.0,15465000
2022-03-10,0.0,29.855506896972656,0.0,30.057933770216692,29.00630055877397,29.741950542070747,0.0,14806400
2022-03-11,0.0,28.591567993164062,0.0,30.438097307033672,28.50763578423779,30.38378734435981,0.0,11842600
2022-03-14,0.0,27.510318756103516,0.0,28.976678654776016,27.367138256266145,28.37433628604738,0.0,17040600
2022-03-15,0.0,29.20872688293457,0.0,29.3519073690618,27.678182444096514,27.9645415329424,0.0,17767800
2022-03-16,0.0,31.395925521850586,0.0,31.40086193571199,29.26797329995691,29.93450217576073,0.0,21507400
2022-03-17,0.0,32.12663269042969,0.0,32.12663269042969,30.77876588622185,31.035502689415004,0.0,13647600
2022-03-18,0.0,33.46461868286133,0.0,33.5139903391847,31.603280495076937,31.820516536262982,0.0,14640200
2022-03-21,0.0,33.277000427246094,0.0,33.72135280830198,32.41298337339899,33.29181154547872,0.0,13864000
2022-03-22,0.0,34.57057571411133,0.0,34.738443944012104,33.29676981341806,33.37082544900314,0.0,13091000
2022-03-23,0.0,33.57818603515625,0.0,34.70881497717906,33.57324773813308,34.01760029979528,0.0,12659000
2022-03-24,0.0,35.07416534423828,0.0,35.07910364062654,33.538682880522394,33.95834766992919,0.0,14963400
2022-03-25,0.0,35.02480697631836,0.0,35.261792557484625,34.160789354396464,35.04455640255186,0.0,13492000
2022-03-28,0.0,36.106048583984375,0.0,36.106048583984375,34.758183657488864,35.00504575197839,0.0,13447800
2022-03-29,0.0,37.32061767578125,0.0,37.45392534493761,36.31835795895593,36.89107994960894,0.0,13109400
2022-03-30,0.0,36.52571487426758,0.0,37.286046762956275,36.20479341813376,36.9552524810595,0.0,10161800
2022-03-31,0.0,35.50865173339844,0.0,36.60472031238381,35.439530630833374,36.53559920981875,0.0,18050400
2022-04-01,0.0,35.48396301269531,0.0,35.80981905719773,34.82730885969118,35.65676574590243,0.0,13742200
2022-04-04,0.0,36.91082763671875,0.0,36.915762167331295,35.57283531135256,35.627145282628675,0.0,10275600
2022-04-05,0.0,35.296348571777344,0.0,36.76271032135111,35.02973700214417,36.61952982468788,0.0,15053400
2022-04-06,0.0,33.721370697021484,0.0,34.42245828859611,33.21776980906639,34.20028009679801,0.0,18505000
2022-04-07,0.0,33.904048919677734,0.0,34.32865214585778,32.86229027949386,33.548566798520696,0.0,23844200
2022-04-08,0.0,32.94127655029297,0.0,33.706546738026624,32.83759492873485,33.568304575949135,0.0,16143000
2022-04-11,0.0,31.390989303588867,0.0,32.304378429734285,31.326804622539246,32.12169909777833,0.0,12651800
2022-04-12,0.0,31.144126892089844,0.0,32.63517248395984,30.867640631416755,32.294505309635234,0.0,17267000
2022-04-13,0.0,32.378440856933594,0.0,32.58086586343228,31.05032126983052,31.178690643962316,0.0,9644600
2022-04-14,0.0,30.89232635498047,0.0,32.49693017699378,30.867640519015822,32.38831023865906,0.0,13048400
2022-04-18,0.0,30.991065979003906,0.0,31.37617022396878,30.418346024493587,30.694830350762434,0.0,10158600
2022-04-19,0.0,32.304378509521484,0.0,32.43274787193778,30.635589981969787,30.823205728281284,0.0,10597400
2022-04-20,0.0,31.361364364624023,0.0,32.57098914526679,31.15893749888933,32.49692975492617,0.0,11112600
2022-04-21,0.0,30.1073055267334,0.0,32.605550991721415,29.914753364261628,32.12169955344798,0.0,15518200
2022-04-22,0.0,28.49776268005371,0.0,30.33935380103992,28.43357800387646,30.112241111069256,0.0,17695400
2022-04-25,0.0,29.24822425842285,0.0,29.292659514526832,27.984289549671775,28.19659111956763,0.0,20252600
2022-04-26,0.0,26.991899490356445,0.0,28.892738676344518,26.97708836793584,28.868052844507424,0.0,17151800
2022-04-27,0.0,26.962284088134766,0.0,27.999104355687916,26.66111196642787,27.031405188183815,0.0,22371200
2022-04-28,0.0,28.858182907104492,0.0,29.18897725192011,27.090649180845745,27.82629914505158,0.0,21608600
2022-04-29,0.0,26.266128540039062,0.0,28.73474960802378,26.17231973407426,28.11265604418292,0.0,21359800
2022-05-02,0.0,27.14989471435547,0.0,27.1844552578453,25.66872210739116,26.197006853202428,0.0,41917000
2022-05-03,0.0,27.233829498291016,0.0,27.599186271234508,26.725294124534393,27.14495898280229,0.0,15773400
2022-05-04,0.0,29.060609817504883,0.0,29.1593550447342,26.36487584957338,27.298014385902857,0.0,26193600
2022-05-05,0.0,26.172319412231445,0.0,28.27558559099912,25.520603608970347,28.24596146052057,0.0,21008600
2022-05-06,0.0,25.515668869018555,0.0,26.458682091902812,24.799768344473044,25.767467402670906,0.0,23935200
2022-05-09,0.0,23.49140167236328,0.0,24.947886762243467,23.25441236534627,24.547971308895583,0.0,20535800
2022-05-10,0.0,24.06905746459961,0.0,24.839267981493883,23.39759217552387,24.651652236979526,0.0,31727200
2022-05-11,0.0,22.622446060180664,0.0,24.587468442622008,22.494078577775664,23.683954001526107,0.0,29229400
2022-05-12,0.0,22.523698806762695,0.0,23.22972460512909,21.55599976963409,21.936167652093573,0.0,26040200
2022-05-13,0.0,24.167800903320312,0.0,24.345541923554116,22.963112603250497,23.224787720109568,0.0,13575400
2022-05-16,0.0,23.62470245361328,0.0,24.227046586346,23.412400894811043,23.891313976305636,0.0,12234800
2022-05-17,0.0,24.84420394897461,0.0,24.90345033123782,23.955500681392305,24.56278127896369,0.0,12646200
2022-05-18,0.0,22.375581741333008,0.0,24.202361751739787,22.192904305314865,24.073992398444965,0.0,11742200
2022-05-19,0.0,22.153406143188477,0.0,22.889056090210236,21.84236122773732,22.084285050865997,0.0,17992400
2022-05-20,0.0,22.000356674194336,0.0,22.79525125806065,20.716672294821507,22.696507899454833,0.0,16167600
2022-05-23,0.0,22.736000061035156,0.0,22.795246440358884,21.797925168677136,22.178091162462117,0.0,13331600
2022-05-24,0.0,21.76336097717285,0.0,22.01515945966429,20.99808705408151,21.901603133567512,0.0,14160000
2022-05-25,0.0,22.385456085205078,0.0,22.701439282896253,21.50662758120044,21.531313415380986,0.0,13620800
2022-05-26,0.0,23.614830017089844,0.0,23.85675382680506,22.20771487968115,22.25215013419739,0.0,8656400
2022-05-27,0.0,25.179935455322266,0.0,25.179935455322266,24.103616494990714,24.12336591599331,0.0,13309200
2022-05-31,0.0,25.017004013061523,0.0,25.5206029170938,24.370226524118845,25.16018448138026,0.0,11966200
2022-06-01,0.0,24.65165138244629,0.0,25.732906786886367,24.281358203519186,25.382363029520086,0.0,11093600
2022-06-02,0.0,26.009397506713867,0.0,26.019272219190672,24.227052397940426,24.464039847157256,0.0,11470600
2022-06-03,0.0,24.61709213256836,0.0,25.34286740417002,24.42453997073329,25.10587809977913,0.0,10348600
2022-06-06,0.0,24.804702758789062,0.0,25.624284793403937,24.54796596821705,25.37248441575852,0.0,8605800
2022-06-07,0.0,25.24411964416504,0.0,25.352737690763927,24.059180774620454,24.241858206844036,0.0,7821400
2022-06-08,0.0,24.86395263671875,0.0,25.52554318325049,24.720772157352457,25.086128917906365,0.0,5292200
2022-06-09,0.0,23.50621223449707,0.0,25.081191940144713,23.501273937206214,24.56278184571092,0.0,7298400
2022-06-10,0.0,21.832487106323242,0.0,22.805122605617996,21.792988261982053,22.612570447976104,0.0,16818000
2022-06-13,0.0,19.823026657104492,0.0,20.854910272635568,19.684782605451677,20.474742426554826,0.0,19895600
2022-06-14,0.0,19.916837692260742,0.0,20.282194491127246,19.516920344186303,20.153825122576038,0.0,12524200
2022-06-15,0.0,20.88947105407715,0.0,21.462191036321016,19.990893183373984,20.40068327968405,0.0,19030800
2022-06-16,0.0,19.215747833251953,0.0,19.872402021476002,18.880017059786567,19.80821733852427,0.0,28909800
2022-06-17,0.0,19.66010093688965,0.0,20.005708314106133,19.067631416434057,19.30461884793456,0.0,16117000
2022-06-21,0.0,20.652488708496094,0.0,20.98328309083302,20.301943018411514,20.31181773058096,0.0,14404600
2022-06-22,0.0,20.583358764648438,0.0,21.244949189065718,20.183443415734438,20.247626198024257,0.0,11397000
2022-06-23,0.0,21.195579528808594,0.0,21.319010575734612,20.5339890419488,20.958592144719635,0.0,10545400
2022-06-24,0.0,22.686630249023438,0.0,22.696504960287026,21.595500080413096,21.625122330795264,0.0,8389200
2022-06-27,0.0,22.30152130126953,0.0,22.94336427062401,22.128718583925394,22.85449376358749,0.0,7038600
2022-06-28,0.0,20.933908462524414,0.0,22.79031077029744,20.91415904096943,22.395331756240257,0.0,10029800
2022-06-29,0.0,20.99315643310547,0.0,21.200519724906112,20.543867417462092,20.904285912788435,0.0,10130800
2022-06-30,0.0,20.445117950439453,0.0,20.978340961885166,19.783527482576208,20.519177329831887,0.0,11290800
2022-07-01,0.0,20.711727142333984,0.0,20.77097350918422,19.976077377262047,20.232814144823795,0.0,12950600
2022-07-05,0.0,21.42269515991211,0.0,21.432569871038105,19.916836556256527,20.15382397305468,0.0,9101400
2022-07-06,0.0,21.684364318847656,0.0,22.010224074257955,21.215327871071963,21.477001074577334,0.0,9548800
2022-07-07,0.0,22.607633590698242,0.0,22.721189940838958,21.82261196719633,21.82261196719633,0.0,5611400
2022-07-08,0.0,22.68169403076172,0.0,22.884120921698845,22.034916392684178,22.1583474696802,0.0,6734400
2022-07-11,0.0,21.684364318847656,0.0,22.32620723699838,21.565871574524106,22.29164669628666,0.0,6936800
2022-07-12,0.0,21.274574279785156,0.0,22.18302681592877,21.032648610979255,21.886793071202725,0.0,7321400
2022-07-13,0.0,21.195579528808594,0.0,21.546123250060493,20.356248033030003,20.435243827726325,0.0,11671000
2022-07-14,0.0,21.338762283325195,0.0,21.457255046370992,20.31181495874955,20.785789777749766,0.0,9062400
2022-07-15,0.0,22.09909439086914,0.0,22.1139073976053,21.541187400227162,21.792985913841605,0.0,7206000
2022-07-18,0.0,21.728803634643555,0.0,22.750814575266748,21.55600089875067,22.528638283826922,0.0,7378000
2022-07-19,0.0,23.051982879638672,0.0,23.101356431096583,22.03491220391508,22.291649021270974,0.0,8199000
2022-07-20,0.0,23.782695770263672,0.0,23.975249806198047,23.007548863044498,23.126043509511153,0.0,9271800
2022-07-21,0.0,24.46403694152832,0.0,24.468975238884607,23.442027864174875,23.846881610594664,0.0,7491000
2022-07-22,0.0,23.604955673217773,0.0,24.661525204328147,23.30872001070849,24.33072899703738,0.0,8823200
2022-07-25,0.0,23.35315704345703,0.0,23.674078564750488,23.017424397103703,23.600019172633974,0.0,9322800
2022-07-26,0.0,22.41014289855957,0.0,23.09641928916988,22.28671183885531,23.0667970402223,0.0,4909400
2022-07-27,0.0,24.306047439575195,0.0,24.57265901772402,23.04211253396535,23.11617193347628,0.0,12328400
2022-07-28,0.0,24.76520538330078,0.0,24.87382530817845,23.659262365060705,24.26654477832374,0.0,11962600
2022-07-29,0.0,25.683534622192383,0.0,25.821776803641068,24.79976780014036,25.026880493494193,0.0,8710600
2022-08-01,0.0,25.653907775878906,0.0,26.216753036115616,25.204618850303262,25.387296268374694,0.0,5901400
2022-08-02,0.0,25.48110580444336,0.0,26.172318541949952,25.086126828238406,25.253993128551553,0.0,6476400
2022-08-03,0.0,26.868473052978516,0.0,27.011653538946117,25.762531776490825,25.77240648759982,0.0,6720800
2022-08-04,0.0,27.100521087646484,0.0,27.169642174431203,26.51792637987762,26.87340840723716,0.0,5514800
2022-08-05,0.0,26.670984268188477,0.0,27.021528034421948,26.108138923327168,26.24638111093281,0.0,10551200
2022-08-08,0.0,26.498178482055664,0.0,27.451066395261545,26.256254664411415,26.82897469505358,0.0,6903400
2022-08-09,0.0,25.890899658203125,0.0,26.21675759625183,25.624289987733164,26.167385923344806,0.0,5850400
2022-08-10,0.0,27.33257484436035,0.0,27.38194651611076,26.705544819405716,27.13014797673,0.0,11302000
2022-08-11,0.0,27.021526336669922,0.0,28.07315945270519,26.898095281660424,27.732488535497584,0.0,6851400
2022-08-12,0.0,28.087970733642578,0.0,28.097845444107556,27.189392798822585,27.372070233903543,0.0,5083600
2022-08-15,0.0,28.512575149536133,0.0,28.601445664311264,27.895419843269117,27.895419843269117,0.0,4667600
2022-08-16,0.0,28.379270553588867,0.0,28.744627338741374,27.846049326246558,28.329898880404645,0.0,6352200
2022-08-17,0.0,27.722618103027344,0.0,28.226215193564684,27.372072445131714,27.816425034910065,0.0,8123400
2022-08-18,0.0,27.86579704284668,0.0,28.05341279227643,27.431321042515894,27.69299430219337,0.0,4834400
2022-08-19,0.0,26.769725799560547,0.0,27.426377983446017,26.631481747630744,27.32763277018424,0.0,6553200
2022-08-22,0.0,25.352737426757812,0.0,26.06863790784408,25.20462054045923,26.02914095042171,0.0,13726800
2022-08-23,0.0,25.308305740356445,0.0,25.76746947099836,25.17500184228113,25.30336932626089,0.0,6612000
2022-08-24,0.0,25.45148277282715,0.0,25.74771843031555,25.125624867975787,25.219433673714228,0.0,5331800
2022-08-25,0.0,26.33525276184082,0.0,26.340189175864403,25.56010580494298,25.7329085468978,0.0,7587200
2022-08-26,0.0,24.17273712158203,0.0,26.483366599142943,24.16780070813026,26.290814456580936,0.0,11767200
2022-08-29,0.0,23.69876480102539,0.0,24.128304385689567,23.51608734970523,23.69876480102539,0.0,9565000
2022-08-30,0.0,23.165542602539062,0.0,24.044373112619798,22.760688838561467,23.96043900460027,0.0,8286200
2022-08-31,0.0,22.893993377685547,0.0,23.753074417616066,22.879182252596454,23.61483222769497,0.0,17338000
2022-09-01,0.0,22.9088077545166,0.0,22.953243015846567,21.91148446509529,22.489140978976124,0.0,10762800
2022-09-02,0.0,22.252153396606445,0.0,23.56545992068795,22.00529125385873,23.358096624816035,0.0,13055400
2022-09-06,0.0,21.93122673034668,0.0,22.464449738055155,21.600432440437647,22.31139456730737,0.0,10722600
2022-09-07,0.0,22.81005859375,0.0,22.963111891556764,21.960852360467168,21.985538193977128,0.0,11316400
2022-09-08,0.0,23.0421085357666,0.0,23.24453727485047,22.271899954859336,22.469388513606237,0.0,11207200
2022-09-09,0.0,24.039430618286133,0.0,24.118426414944256,23.382778411704553,23.392653121712865,0.0,6408800
2022-09-12,0.0,24.607215881347656,0.0,24.666462262033434,24.217173284731928,24.25667212746144,0.0,7567400
2022-09-13,0.0,21.89666748046875,0.0,23.38277837472274,21.768300017380458,23.17541323169291,0.0,12905800
2022-09-14,0.0,22.25709342956543,0.0,22.380524510563262,21.80780248666084,22.084288786123164,0.0,7933400
2022-09-15,0.0,21.48687744140625,0.0,22.316334249290943,21.254826464376496,21.931228092010535,0.0,9872400
2022-09-16,0.0,21.22520637512207,0.0,21.289389171685613,20.687046866298864,20.993155374505807,0.0,8808600
2022-09-19,0.0,21.565876007080078,0.0,21.580687132312683,20.820351313562306,20.830226024853577,0.0,8166000
2022-09-20,0.0,21.20545768737793,0.0,21.55600146564145,20.869725034463716,21.175833553270692,0.0,9361400
2022-09-21,0.0,20.440187454223633,0.0,21.980606794180364,20.430312741885658,21.348640271820432,0.0,15802000
2022-09-22,0.0,19.946460723876953,0.0,20.36612558870502,19.763781392845306,20.20319567995927,0.0,11582400
2022-09-23,0.0,19.29474449157715,0.0,19.620602419510437,18.79608194701636,19.586039989458108,0.0,13828600
2022-09-26,0.0,19.102191925048828,0.0,19.842778353185658,19.018259700562822,19.205875456378582,0.0,10924200
2022-09-27,0.0,19.15156364440918,0.0,19.936585258180735,18.805956301120784,19.60085262566155,0.0,13018200
2022-09-28,0.0,19.89708709716797,0.0,20.079764544139238,18.92445159566535,19.13675129255119,0.0,9776800
2022-09-29,0.0,18.776330947875977,0.0,19.363863958284274,18.312230872352306,19.309553994289384,0.0,13093400
2022-09-30,0.0,18.099931716918945,0.0,19.191061904859527,18.085120591465472,18.63315483414755,0.0,12365400
2022-10-03,0.0,18.954076766967773,0.0,19.17131667800346,18.144369165420937,18.336921353177946,0.0,12673600
2022-10-04,0.0,20.143949508666992,0.0,20.23775832380869,19.699598803005927,19.70947163084428,0.0,12115200
2022-10-05,0.0,20.109390258789062,0.0,20.376001829436934,19.196001068698667,19.57616900090203,0.0,10373800
2022-10-06,0.0,19.788469314575195,0.0,20.415497469585432,19.73909575835604,19.966208466738376,0.0,11859200
2022-10-07,0.0,18.272733688354492,0.0,19.12687829940178,18.09005624296341,19.117003588379486,0.0,12149800
2022-10-10,0.0,17.882688522338867,0.0,18.351724937303896,17.537081255989836,18.2924785692866,0.0,8529800
2022-10-11,0.0,17.43834114074707,0.0,18.060434778332144,17.18160429323355,17.670392151336113,0.0,14375400
2022-10-12,0.0,17.40871810913086,0.0,17.759263795934437,17.30503645743528,17.502526932158172,0.0,9579000
2022-10-13,0.0,18.19867515563965,0.0,18.38135259074022,16.283024643622728,16.396580988869484,0.0,22276800
2022-10-14,0.0,17.092731475830078,0.0,18.608464636820496,17.028548685136162,18.524532425878434,0.0,15657600
2022-10-17,0.0,18.252988815307617,0.0,18.35173217313353,17.897506700226096,17.897506700226096,0.0,12955800
2022-10-18,0.0,18.539342880249023,0.0,19.289803871918064,18.14930031976298,19.200933367417235,0.0,17131400
2022-10-19,0.0,18.3813533782959,0.0,18.805956529485535,18.04068432795954,18.297421160851147,0.0,9111800
2022-10-20,0.0,18.17399024963379,0.0,18.95407358221839,18.015998640922767,18.248047756799778,0.0,12220400
2022-10-21,0.0,19.04294204711914,0.0,19.10218842315436,17.862941522622567,18.020933114322037,0.0,12779800
2022-10-24,0.0,19.45766830444336,0.0,19.581099339585325,18.549215810462158,19.067625781376794,0.0,11592200
2022-10-25,0.0,20.25257110595703,0.0,20.30194278282256,19.58110575349683,19.58110575349683,0.0,8550600
2022-10-26,0.0,19.3441162109375,0.0,20.21307005977899,19.284869828459534,19.423112015377637,0.0,12766000
2022-10-27,0.0,18.628211975097656,0.0,19.38854761899752,18.568965604383223,19.181182496384753,0.0,9520800
2022-10-28,0.0,19.77859115600586,0.0,19.837837529733857,18.53440600726829,18.539342420325514,0.0,10842400
2022-10-31,0.0,19.29474449157715,0.0,19.561354153770903,19.03800765693145,19.437923091926347,0.0,9882600
2022-11-01,0.0,18.904701232910156,0.0,19.877336686022574,18.86026597684046,19.803279181512057,0.0,10109800
2022-11-02,0.0,17.611141204833984,0.0,19.329303067976742,17.601268378292275,18.909636370436935,0.0,16235200
2022-11-03,0.0,16.924863815307617,0.0,17.443275696564484,16.865617442715603,17.240846980342667,0.0,12666600
2022-11-04,0.0,17.46302604675293,0.0,17.70988816965521,16.737252686138024,17.571645983520664,0.0,13356600
2022-11-07,0.0,17.84319496154785,0.0,17.912316058564535,17.314910139024754,17.606207536029807,0.0,5524000
2022-11-08,0.0,18.090057373046875,0.0,18.534409979766046,17.561772542507786,18.040685698259708,0.0,9044400
2022-11-09,0.0,17.2408504486084,0.0,17.941939885047173,17.20628990069331,17.838258241301915,0.0,7479000
2022-11-10,0.0,19.788469314575195,0.0,19.832902690059548,18.63315446676726,18.9244518565302,0.0,16590200
2022-11-11,0.0,20.519180297851562,0.0,20.61792364011331,19.581103479096754,19.7736556332791,0.0,10517600
2022-11-14,0.0,20.14888572692871,0.0,20.701856315839244,20.020516377372804,20.22294322852629,0.0,19760200
2022-11-15,0.0,20.7166690826416,0.0,21.254828590598986,20.232819543541797,21.11658640325863,0.0,13337000
2022-11-16,0.0,20.139015197753906,0.0,20.46487316929634,20.02052053382539,20.425374320183906,0.0,6324200
2022-11-17,0.0,20.035327911376953,0.0,20.252565870196456,19.452733234616012,19.472480770211778,0.0,13683000
2022-11-18,0.0,20.04026985168457,0.0,20.49943361142364,19.694662457425977,20.474747772564193,0.0,8882000
2022-11-21,0.0,19.620595932006836,0.0,20.005700114937333,19.50703773525808,19.83783385099698,0.0,4776000
2022-11-22,0.0,20.18344497680664,0.0,20.208130809089578,19.41817287558587,19.724281339392522,0.0,8834800
2022-11-23,0.0,20.583358764648438,0.0,20.66729284800855,20.148882876529726,20.183443415734438,0.0,8342400
2022-11-25,0.0,20.301939010620117,0.0,20.44511948369875,20.23775621930216,20.3463742649063,0.0,2779600
2022-11-28,0.0,19.69959831237793,0.0,20.306878913376117,19.576167249978088,20.020517944572386,0.0,4054800
2022-11-29,0.0,19.408300399780273,0.0,19.78846828759926,19.205873538308705,19.729220023211127,0.0,4890400
2022-11-30,0.0,21.180770874023438,0.0,21.180770874023438,19.32436665722418,19.437923007619627,0.0,14528800
2022-12-01,0.0,21.220266342163086,0.0,21.4967525780816,20.80553792998951,21.215329928757576,0.0,7831000
2022-12-02,0.0,21.052400588989258,0.0,21.165956934386834,20.440183606549418,20.46980585457843,0.0,7703600
2022-12-05,0.0,20.321691513061523,0.0,20.909222734698965,20.119264631370584,20.7216088622889,0.0,6606600
2022-12-06,0.0,19.482357025146484,0.0,20.321688565314727,19.28486846966528,20.301939144744082,0.0,9560400
2022-12-07,0.0,19.314491271972656,0.0,19.60085222824823,19.087378579111075,19.30461656140366,0.0,11128600
2022-12-08,0.0,19.783527374267578,0.0,19.90695841697372,19.220682120872894,19.507041160578854,0.0,5958600
2022-12-09,0.0,19.526790618896484,0.0,20.015578377700344,19.452733123168066,19.630472242961222,0.0,7095400
2022-12-12,0.0,20.000768661499023,0.0,20.005706958738106,19.398426353521643,19.536668541678985,0.0,5270200
2022-12-13,0.0,20.43524169921875,0.0,21.585619840783377,20.045199179540845,21.560932127242964,0.0,16672200
2022-12-14,0.0,20.119264602661133,0.0,20.820352182938556,19.665039164747647,20.331566195766815,0.0,12088200
2022-12-15,0.0,18.76645851135254,0.0,19.615664851083285,18.588719357756236,19.511983207299956,0.0,13833200
2022-12-16,0.0,18.396167755126953,0.0,18.875080959168084,18.178929727386997,18.657842931428128,0.0,20766800
2022-12-19,0.0,17.897504806518555,0.0,18.435664336726767,17.709889056364773,18.42578962530724,0.0,7875200
2022-12-20,0.0,17.84813117980957,0.0,18.08018028084647,17.507460265043733,17.714825415345775,0.0,8547800
2022-12-21,0.0,18.371477127075195,0.0,18.539343431298704,17.87281651113945,17.986372851730593,0.0,7561800
2022-12-22,0.0,17.459863662719727,0.0545,17.950087575218834,16.870606295442034,17.94018385195256,0.0,12134000
2022-12-23,0.0,17.54404067993164,0.0,17.608413923166275,17.02410759581602,17.27664587474932,0.0,7979600
2022-12-27,0.0,17.014205932617188,0.0,17.454911189497192,16.954785487258803,17.44500746711381,0.0,7173200
2022-12-28,0.0,16.563594818115234,0.0,17.266742016214398,16.528932738712694,16.964685133756543,0.0,7322000
2022-12-29,0.0,17.36577796936035,0.0,17.484620738017213,16.8359411490212,16.915169031811864,0.0,7830200
2022-12-30,0.0,17.35092544555664,0.0,17.35587636242224,16.821088560665565,16.989448068225286,0.0,6488200
2023-01-03,0.0,17.10828971862793,0.0,17.84114822835709,16.796329051931327,17.648030350049396,0.0,10744400
2023-01-04,0.0,17.271692276000977,0.0,17.484617526062728,16.850792691230392,17.385582218531923,0.0,10703200
2023-01-05,0.0,16.707199096679688,0.0,17.04886903916282,16.672535121787586,17.038965316185365,0.0,8770800
2023-01-06,0.0,17.628225326538086,0.0,17.77677930467604,16.548743915338132,16.925077889505577,0.0,9068400
2023-01-09,0.0,17.8609561920166,0.0,18.47992473731505,17.771824570378257,17.895618279437947,0.0,10445600
2023-01-10,0.0,18.163013458251953,0.0,18.163013458251953,17.648031166317455,17.71735534235823,0.0,7259400
2023-01-11,0.0,18.777023315429688,0.0,18.79187984059199,18.187766115060327,18.296705151190046,0.0,6547600
2023-01-12,0.0,18.955291748046875,0.0,19.103845707104192,18.252144401328355,18.841401764660443,0.0,13126400
2023-01-13,0.0,19.217731475830078,0.0,19.262297275985087,18.569051915560827,18.61361771571584,0.0,7118200
2023-01-17,0.0,19.2821044921875,0.0,19.480175151947133,19.03451711195886,19.188021967719667,0.0,5573000
2023-01-18,0.0,18.786930084228516,0.0,19.727762902326877,18.767124529034387,19.519788516782864,0.0,7323400
2023-01-19,0.0,18.410600662231445,0.0,18.712657616204538,18.24719205869501,18.5542018188649,0.0,8381800
2023-01-20,0.0,19.44055938720703,0.0,19.465319635266088,18.494775712967655,18.628473118931343,0.0,6992200
2023-01-23,0.0,20.292261123657227,0.0,20.45071689328629,19.435609028805807,19.524740635339874,0.0,15408800
2023-01-24,0.0,20.198179244995117,0.0,20.35663501967844,19.965446499516936,20.039723470311795,0.0,11212400
2023-01-25,0.0,20.0892391204834,0.0,20.188274446615836,19.183070325384673,19.549498576450436,0.0,12435200
2023-01-26,0.0,20.86666488647461,0.0,20.891423247638187,20.19817969034865,20.5745116912839,0.0,9152400
2023-01-27,0.0,21.277658462524414,0.0,21.569811624799726,20.663640974559776,20.67354469569778,0.0,11035400
2023-01-30,0.0,20.401199340820312,0.0,21.010264034645594,20.371488176874557,20.797338748721913,0.0,9410800
2023-01-31,0.0,21.030073165893555,0.0,21.035024082477868,20.40615189552656,20.416055617637035,0.0,10618800
2023-02-01,0.0,21.941198348999023,0.0,22.272964592796896,20.693357496601994,20.995414458234176,0.0,16668600
2023-02-02,0.0,23.48613929748535,0.0,23.773339679454338,22.490836960230244,22.877074562108294,0.0,15147200
2023-02-03,0.0,22.63939094543457,0.0,23.58022186910904,22.406658200547607,22.46112772713322,0.0,17743200
2023-02-06,0.0,22.263057708740234,0.0,22.594825794384093,22.055085207334557,22.24820306976608,0.0,13271600
2023-02-07,0.0,23.18903923034668,0.0,23.342542225573453,22.069943006802173,22.23830253207249,0.0,17696600
2023-02-08,0.0,22.342288970947266,0.0,23.109809619860275,22.248206428338527,22.971161264659575,0.0,8346000
2023-02-09,0.0,21.931285858154297,0.0,23.010766753963267,21.723311521422506,22.98600651013369,0.0,9880600
2023-02-10,0.0,21.653995513916016,0.0,21.9164375745017,21.287567190336997,21.61438250898898,0.0,9519400
2023-02-13,0.0,22.352188110351562,0.0,22.421512273733672,21.68370294751919,21.857013355974463,0.0,7921400
2023-02-14,0.0,22.654247283935547,0.0,22.807752153200994,21.80749882240665,22.099652032336397,0.0,12703800
2023-02-15,0.0,23.02067756652832,0.0,23.02562848345481,22.287817191237593,22.38685253024515,0.0,9261400
2023-02-16,0.0,22.119455337524414,0.0,22.89192863319104,22.104600699377176,22.27791299650933,0.0,11092600
2023-02-17,0.0,21.80254554748535,0.0,21.91643552328672,21.371744006159844,21.8074983532265,0.0,7646400
2023-02-21,0.0,20.767627716064453,0.0,21.45096937960321,20.752773078468515,21.24299689749325,0.0,7102800
2023-02-22,0.0,20.79734230041504,0.0,21.094446434844162,20.564609532115615,20.85676274951246,0.0,9557600
2023-02-23,0.0,21.15882110595703,0.0,21.332133436757857,20.544805349993013,21.317276906782723,0.0,12213600
2023-02-24,0.0,20.430908203125,0.0,20.599267684200072,20.17836992598322,20.430908203125,0.0,12301000
2023-02-27,0.0,20.73296546936035,0.0,21.079588159037506,20.64878667173651,20.891421232251332,0.0,8575200
2023-02-28,0.0,20.66364097595215,0.0,21.030071102316352,20.584413095784438,20.63392981253613,0.0,6760600
2023-03-01,0.0,20.331876754760742,0.0,20.713161554681477,20.193226534553848,20.619077139372898,0.0,8565200
2023-03-02,0.0,20.678497314453125,0.0,20.7725817285402,19.930784251913263,19.96049541777368,0.0,8872200
2023-03-03,0.0,21.520296096801758,0.0,21.545054458716717,20.836956241027618,20.906280409966275,0.0,9703800
2023-03-06,0.0,21.550003051757812,0.0,22.124405625030537,21.530195610521137,21.698555083149774,0.0,8407200
2023-03-07,0.0,21.020170211791992,0.0,21.69360822837476,20.931038598482985,21.56486172517645,0.0,10278000
2023-03-08,0.0,21.238048553466797,0.0,21.307372728731924,20.807246972217712,21.06968903256201,0.0,8041200
2023-03-09,0.0,20.46062469482422,0.0,21.65894881664756,20.36158934682311,21.287567678350012,0.0,10255800
2023-03-10,0.0,19.891170501708984,0.0,20.713162470381903,19.742618441794598,20.49033343603936,0.0,30820800
2023-03-13,0.0,20.193225860595703,0.0,20.713160863370263,19.430658175147123,19.658438108606546,0.0,30307800
2023-03-14,0.0,21.124155044555664,0.0,21.19843201363489,20.574510762406415,20.693353535144816,0.0,13031000
2023-03-15,0.0,21.332130432128906,0.0,21.38659807122548,20.534898733984715,20.742871234922216,0.0,18626200
2023-03-16,0.0,22.446271896362305,0.0,22.50073953111306,21.079588554604133,21.178623880504855,0.0,16590200
2023-03-17,0.0,22.22344207763672,0.0,22.787940959130555,21.946143552981123,22.44131827554648,0.0,12643400
2023-03-20,0.0,22.386852264404297,0.0,22.431418071981383,21.8124495717118,22.144217670106116,0.0,8176800
2023-03-21,0.0,23.010770797729492,0.0,23.089998680659512,22.451222812006506,22.66909901782863,0.0,7240800
2023-03-22,0.0,22.381900787353516,0.0,23.74858237060845,22.37199706492404,23.010772994560785,0.0,24747800
2023-03-23,0.0,22.926589965820312,0.0,23.555462109045866,22.52054683223243,22.931542771002103,0.0,12797200
2023-03-24,0.0,23.080095291137695,0.0,23.094949929106438,22.495788937771543,22.842411638929022,0.0,7752000
2023-03-27,0.0,22.748329162597656,0.0,23.342539288125266,22.629488270857284,23.179132589746775,0.0,6827600
2023-03-28,0.0,22.52054786682129,0.0,22.67900363896712,22.168974240431595,22.67900363896712,0.0,7862200
2023-03-29,0.0,23.347490310668945,0.0,23.42671819542548,22.941447165173987,23.0602880478379,0.0,6727800
2023-03-30,0.0,23.75848388671875,0.0,23.852566407648965,23.496041878005915,23.699063446601865,0.0,8303200
2023-03-31,0.0,24.545814514160156,0.0,24.57552568197261,23.75353559524751,23.788197679891066,0.0,7233800
2023-04-03,0.0,24.422021865844727,0.0,24.461636757965866,24.006074943282858,24.20909654304865,0.0,8188000
2023-04-04,0.0,24.258615493774414,0.0,24.639898446533635,24.06549572542542,24.486395459795833,0.0,6524000
2023-04-05,0.0,23.7535343170166,0.0,24.119962588942148,23.471284849283578,24.09025331167036,0.0,8331400
2023-04-06,0.0,24.095203399658203,0.0,24.144720119369648,23.293020828893802,23.49604240201756,0.0,8803400
2023-04-10,0.0,24.04073715209961,0.0,24.045689958111037,23.337589813839344,23.614886504334308,0.0,6597000
2023-04-11,0.0,23.733726501464844,0.0,24.035783408613398,23.654498615076847,24.035783408613398,0.0,5338600
2023-04-12,0.0,23.30292510986328,0.0,24.105107699878985,23.238551861540113,24.025879813074248,0.0,8870200
2023-04-13,0.0,24.214052200317383,0.0,24.27347265655402,23.535661259925295,23.560421514887622,0.0,7159200
2023-04-14,0.0,24.11005973815918,0.0,24.382407382604924,23.6644035625007,23.951603957177245,0.0,6523200
2023-04-17,0.0,24.134817123413086,0.0,24.199188478147256,23.728772107792963,24.050636437230555,0.0,6663400
2023-04-18,0.0,24.149673461914062,0.0,24.530958256787525,23.95655560622505,24.466585008577248,0.0,6720600
2023-04-19,0.0,24.119966506958008,0.0,24.278422307953033,23.758489092879227,23.778296540239143,0.0,7118600
2023-04-20,0.0,23.748579025268555,0.0,24.189284222119774,23.540606550371344,23.64954370386632,0.0,10049200
2023-04-21,0.0,23.778291702270508,0.0,23.902085389669494,23.406910640073548,23.669352652898034,0.0,8053600
2023-04-24,0.0,23.674304962158203,0.0,23.946650690941215,23.352440626088093,23.74362912341842,0.0,5432200
2023-04-25,0.0,22.787940979003906,0.0,23.525750258462395,22.76813353673802,23.421764019978983,0.0,10007200
2023-04-26,0.0,23.045434951782227,0.0,23.505947653038223,22.981061700815822,23.273214899581006,0.0,7649800
2023-04-27,0.0,24.29822540283203,0.0,24.37250237265559,23.515850261681795,23.6099327863754,0.0,13067400
2023-04-28,0.0,24.629993438720703,0.0,24.63494435519539,24.080349151881634,24.248708646148177,0.0,7154800
2023-05-01,0.0,24.56562042236328,0.0,24.778545722675503,24.397260926510402,24.56066761690012,0.0,6884000
2023-05-02,0.0,24.12491798400879,0.0,24.60028536080156,23.857523126209585,24.555719551168362,0.0,7979400
2023-05-03,0.0,23.827810287475586,0.0,24.590379914911924,23.79810100909619,24.189287656312885,0.0,10127800
2023-05-04,0.0,23.64459991455078,0.0,23.936753161827525,23.476240384104145,23.77334454891952,0.0,7362000
2023-05-05,0.0,24.63494873046875,0.0,24.763693360036154,23.916944821842538,23.96646344009319,0.0,6692400
2023-05-08,0.0,24.74883270263672,0.0,24.80330222499992,24.387355377521082,24.550763944610694,0.0,5566600
2023-05-09,0.0,24.43687629699707,0.0,24.620092338077914,24.382408654209204,24.48639491172514,0.0,5099200
2023-05-10,0.0,24.966711044311523,0.0,25.095457542564436,24.42697235736658,24.813208074241622,0.0,9513800
2023-05-11,0.0,25.115264892578125,0.0,25.194492780074448,24.788449620538064,25.026133283027033,0.0,7098400
2023-05-12,0.0,24.932048797607422,0.0,25.258864068725053,24.60523352648979,25.17963618145235,0.0,7470200
2023-05-15,0.0,25.199443817138672,0.0,25.229154983445063,24.75873857277399,24.9964222363996,0.0,7146600
2023-05-16,0.0,25.24401092529297,0.0,25.511405769028634,25.070700501913528,25.070700501913528,0.0,5980600
2023-05-17,0.0,25.862977981567383,0.0,25.9422058691213,25.22420207563413,25.39751437830584,0.0,7689400
2023-05-18,0.0,26.79391098022461,0.0,26.833523985301255,25.9025966431657,25.90754756044699,0.0,10012800
2023-05-19,0.0,26.675064086914062,0.0,26.94245891361339,26.501753674576623,26.828568944228525,0.0,7781200
2023-05-22,0.0,26.83351707458496,0.0,27.006829357868952,26.625544601374127,26.630495517380353,0.0,6917800
2023-05-23,0.0,26.16008758544922,0.0,26.749344962362123,26.105618051065097,26.57603263578155,0.0,5407400
2023-05-24,0.0,25.882783889770508,0.0,26.085805457638706,25.56091955315281,25.84812180908143,0.0,7873200
2023-05-25,0.0,27.125673294067383,0.0,27.328694874194206,26.65030596824972,27.041494489865894,0.0,9238800
2023-05-26,0.0,28.517112731933594,0.0,28.645857330399142,27.279175908857717,27.303934267530895,0.0,9572800
2023-05-30,0.0,28.759750366210938,0.0,29.408428079326253,28.53196854577741,29.220261145556563,0.0,9288400
2023-05-31,0.0,28.383413314819336,0.0,28.829071295087882,28.19524640215689,28.487399547234816,0.0,8536000
2023-06-01,0.0,29.086565017700195,0.0,29.28958658525611,28.200201781004626,28.368561267924782,0.0,6621400
2023-06-02,0.0,29.512413024902344,0.0,29.70057995039296,29.07170781933727,29.36881378941851,0.0,8838800
2023-06-05,0.0,29.547077178955078,0.0,29.972927777040578,29.368815851122328,29.472802097926884,0.0,6077000
2023-06-06,0.0,29.53717803955078,0.0,29.690681021039175,29.205409936089506,29.433189894321437,0.0,5470200
2023-06-07,0.0,28.522062301635742,0.0,29.89864926839121,28.413125150828066,29.57183403808498,0.0,8243600
2023-06-08,0.0,29.21036148071289,0.0,29.28463656530735,28.517116024179867,28.556729024841864,0.0,6031800
2023-06-09,0.0,29.42328453063965,0.0,29.95312328324142,29.19550458511036,29.457948503077642,0.0,8509600
2023-06-12,0.0,30.42849349975586,0.0,30.43344441689181,29.542130105997693,29.710489622750966,0.0,5299600
2023-06-13,0.0,30.874147415161133,0.0,31.022701363383174,30.34431054073215,30.898907665826087,0.0,6533600
2023-06-14,0.0,31.324756622314453,0.0,31.374275235055915,30.39878028688134,30.87910044129289,0.0,9163200
2023-06-15,0.0,32.04771041870117,0.0,32.31510523699913,30.988036756122316,31.096973916622336,0.0,12554400
2023-06-16,0.0,31.63176155090332,0.0,32.49336639234258,31.57233922463741,32.468606145260964,0.0,6792600
2023-06-20,0.0,31.55748748779297,0.0,31.790218342427533,31.02765064134863,31.379224270495467,0.0,5751400
2023-06-21,0.0,30.695884704589844,0.0,31.40893569061008,30.52257240239575,31.33465871982092,0.0,6789600
2023-06-22,0.0,31.403980255126953,0.0,31.41388397633222,30.378968722152642,30.44829477058952,0.0,4765800
2023-06-23,0.0,30.77016258239746,0.0,31.16630205507096,30.473058450127837,30.695887493801056,0.0,5761000
2023-06-26,0.0,29.943222045898438,0.0,31.146497012669364,29.923414599702053,30.67112774866628,0.0,6571600
2023-06-27,0.0,30.96327781677246,0.0,31.07716778739488,30.067012690457226,30.20566102183376,0.0,10757200
2023-06-28,0.0,31.067262649536133,0.0,31.403979720069927,30.62655556364795,30.62655556364795,0.0,9968600
2023-06-29,0.0,30.92861557006836,0.0,31.10687878886052,30.64636610329472,31.012796262916584,0.0,6941800
2023-06-30,0.0,31.879350662231445,0.0,32.05266485583066,31.503018664274144,31.55253727515133,0.0,6290800
2023-07-03,0.0,32.03285598754883,0.0,32.12693662167874,31.79021763844922,31.978386462476145,0.0,3440600
2023-07-05,0.0,32.00809860229492,0.0,32.30520272516362,31.725849118887076,31.725849118887076,0.0,4058000
2023-07-06,0.0,31.512924194335938,0.0,31.57729744769842,30.992991028419194,31.32475724009128,0.0,7080200
2023-07-07,0.0,31.285140991210938,0.0,32.01304848131556,31.250478909676602,31.448547677166843,0.0,7112200
2023-07-10,0.0,31.324756622314453,0.0,31.418841042052264,30.799872549848484,31.220770368970282,0.0,9980800
2023-07-11,0.0,31.61195945739746,0.0,31.68128362749534,31.002894677183544,31.369322973112908,0.0,10915800
2023-07-12,0.0,32.41414260864258,0.0,32.63697353986877,31.96848452407419,32.31015635189062,0.0,11074400
2023-07-13,0.0,33.478763580322266,0.0,33.627317509511805,32.84494053449582,32.94397396869994,0.0,6168000
2023-07-14,0.0,33.46391296386719,0.0,34.13239816977587,33.305457183371175,33.55799360430044,0.0,7406600
2023-07-17,0.0,34.072975158691406,0.0,34.23638374161243,33.50352718807939,33.5778003822401,0.0,9326800
2023-07-18,0.0,34.642425537109375,0.0,34.88011108267459,33.607512108640265,33.96403476016271,0.0,12493000
2023-07-19,0.0,34.55329895019531,0.0,35.02866633251087,34.370086681379895,34.82564661719679,0.0,9836000
2023-07-20,0.0,32.98854446411133,0.0,34.31066019038045,32.81028124507687,34.033363528719605,0.0,10129200
2023-07-21,0.0,32.7855224609375,0.0,33.548092092474114,32.72115109814142,33.419345588998105,0.0,8124000
2023-07-24,0.0,32.88950729370117,0.0,33.12719284540373,32.567642937849584,32.95883145922198,0.0,10284000
2023-07-25,0.0,33.345062255859375,0.0,33.62236265491755,33.00339428416385,33.013296115827345,0.0,10330600
2023-07-26,0.0,33.112335205078125,0.0,33.40448647930551,32.69638647177613,33.14204447964136,0.0,6982200
2023-07-27,0.0,32.92912292480469,0.0,34.34037029457671,32.696390173355944,34.0581208206223,0.0,16236400
2023-07-28,0.0,34.12249755859375,0.0,34.30075701238872,33.55304577839077,33.637224588382495,0.0,8282600
2023-07-31,0.0,34.18191909790039,0.0,34.360182345123896,33.91452422706514,34.17201726322543,0.0,5744800
2023-08-01,0.0,33.98879623413086,0.0,34.11754273336391,33.61246234754086,33.90461742912159,0.0,5208800
2023-08-02,0.0,32.483463287353516,0.0,33.35497191704441,32.265588963343475,33.35497191704441,0.0,13333800
2023-08-03,0.0,32.3646240234375,0.0,32.73105230396684,32.01800318751566,32.04275965986221,0.0,7784200
2023-08-04,0.0,32.05266571044922,0.0,33.1073866495401,31.973435930933224,32.70629627992089,0.0,14143000
2023-08-07,0.0,32.59735870361328,0.0,32.60726053756092,31.953629938381034,32.37948057792532,0.0,6114800
2023-08-08,0.0,32.02790069580078,0.0,32.14674156951364,31.478256460289337,32.14179254244291,0.0,10888600
2023-08-09,0.0,31.314851760864258,0.0,32.102179682378136,31.19105807439316,32.072466628664294,0.0,7037800
2023-08-10,0.0,31.418840408325195,0.0,32.39928625352708,31.15144557174053,31.814979857556985,0.0,13651800
2023-08-11,0.0,31.007844924926758,0.0,31.309901850070858,30.75035380658985,30.963279118119562,0.0,8892800
2023-08-14,0.0,31.71099281311035,0.0,31.71594561863168,30.750352547692525,30.87909904606115,0.0,5633400
2023-08-15,0.0,31.022701263427734,0.0,31.661475305168317,30.9038584830214,31.51787605206063,0.0,5414800
2023-08-16,0.0,30.349260330200195,0.0,31.186104962497758,30.344307524982668,30.92861387049657,0.0,6374000
2023-08-17,0.0,29.670873641967773,0.0,30.636464897090733,29.61145319380479,30.581995365882165,0.0,9601400
2023-08-18,0.0,29.591646194458008,0.0,29.809524322578703,29.037050929040095,29.1113279070707,0.0,7514600
2023-08-21,0.0,30.552284240722656,0.0,30.66122140761731,29.764956266590175,29.839231350071728,0.0,8257000
2023-08-22,0.0,30.45819854736328,0.0,30.9781335546543,30.334404857806717,30.973180749264632,0.0,7614000
2023-08-23,0.0,31.408935546875,0.0,31.592149681323505,30.61170387167926,30.641415037647324,0.0,8116200
2023-08-24,0.0,30.02739715576172,0.0,32.00809619652639,30.01749343388488,31.998194363591356,0.0,10530400
2023-08-25,0.0,30.517621994018555,0.0,30.794918659839624,29.606500330016758,30.180902994999943,0.0,14986600
2023-08-28,0.0,30.978134155273438,0.0,31.11183156925974,30.542379830682005,31.007843432420284,0.0,5851200
2023-08-29,0.0,32.30519485473633,0.0,32.36956998056167,30.879093145673565,30.92365894214062,0.0,8184000
2023-08-30,0.0,32.66173553466797,0.0,32.760772780137415,32.14675319188072,32.32996926258573,0.0,7393400
2023-08-31,0.0,32.8201789855957,0.0,33.13214146894693,32.646868593669026,32.651821398547845,0.0,5388000
2023-09-01,0.0,32.7756233215332,0.0,33.32031488086604,32.49832284679978,33.26089254101942,0.0,5922400
2023-09-05,0.0,32.835044860839844,0.0,33.04797020890889,32.44880906152493,32.61221767750724,0.0,4413600
2023-09-06,0.0,32.25568771362305,0.0,32.74590973127905,31.8991612360972,32.681538364236246,0.0,6877200
2023-09-07,0.0,31.770414352416992,0.0,31.904109875084913,31.27028678799451,31.45350091992999,0.0,6219600
2023-09-08,0.0,31.844690322875977,0.0,32.24083167581837,31.686236426217768,31.74565687358234,0.0,6527200
2023-09-11,0.0,32.59735870361328,0.0,32.691439348709814,32.04276155544575,32.37452777200951,0.0,7382200
2023-09-12,0.0,31.87439727783203,0.0,32.53297676753354,31.819927757783177,32.300247828459504,0.0,7969800
2023-09-13,0.0,32.10712814331055,0.0,32.37947575989547,31.706037815143134,31.909061270757977,0.0,7316200
2023-09-14,0.0,32.61716079711914,0.0,32.78056558668741,32.032854465105736,32.38938087486081,0.0,7829400
2023-09-15,0.0,31.473312377929688,0.0,32.43890365897369,31.329711226150714,32.36462668006952,0.0,10794000
2023-09-18,0.0,31.552539825439453,0.0,31.73575208919697,31.270290331922713,31.30990333488439,0.0,5146600
2023-09-19,0.0,31.41388702392578,0.0,31.532729800976764,30.88405016616312,31.30494985798273,0.0,6375200
2023-09-20,0.0,30.587627410888672,0.088,31.7296994585143,30.567766754265115,31.68004308146265,0.0,10784400
2023-09-21,0.0,29.4306583404541,0.0,30.066244749408654,29.415762375930765,29.927210695999072,0.0,8599200
2023-09-22,0.0,29.455486297607422,0.0,30.0811433415998,29.390933959437454,29.733556305403695,0.0,7559200
2023-09-25,0.0,29.718658447265625,0.0,29.733556306349602,29.11783053699432,29.2767271431124,0.0,5793000
2023-09-26,0.0,28.81493377685547,0.0,29.366107217358117,28.656037168050723,29.276727638130822,0.0,6881200
2023-09-27,0.0,28.9688663482666,0.0,29.26679702294122,28.353140554622815,28.998660173412876,0.0,9552000
2023-09-28,0.0,29.42569351196289,0.0,29.76831587001903,28.646106418775517,28.775211099671086,0.0,9031600
2023-09-29,0.0,29.470380783081055,0.0,30.225140571327472,29.251898434192697,29.986795674122845,0.0,11351800
2023-10-02,0.0,29.942106246948242,0.0,30.175486456973836,29.395899421072,29.490243685411528,0.0,9423200
2023-10-03,0.0,28.884450912475586,0.0,29.88748694311108,28.611347483477104,29.51507265969579,0.0,10531000
2023-10-04,0.0,29.664039611816406,0.0,29.803073670185317,28.944038291754445,29.0135553209389,0.0,10016800
2023-10-05,0.0,29.470380783081055,0.0,29.703760990305046,28.884448867129187,29.65410651371124,0.0,6617000
2023-10-06,0.0,30.44362449645996,0.0,30.64224429495767,28.82982939945646,28.96389875789576,0.0,10872000
2023-10-09,0.0,30.76142120361328,0.0,30.850800786116913,29.798108346451272,30.061282403466212,0.0,6528800
2023-10-10,0.0,31.07921028137207,0.0,31.54100409788963,30.731623272976503,30.806106879845842,0.0,7793000
2023-10-11,0.0,31.53107261657715,0.0,31.565831127768337,31.024589018109616,31.31259027563297,0.0,6928000
2023-10-12,0.0,31.277830123901367,0.0,31.908451770460054,30.880586769643173,31.61051925476641,0.0,10319000
2023-10-13,0.0,30.50321388244629,0.0,31.496318675899342,30.25990237460358,31.397007817714623,0.0,9706000
2023-10-16,0.0,31.203350067138672,0.0,31.362246669219065,30.70183302198435,30.726660260897493,0.0,6193400
2023-10-17,0.0,30.98983383178711,0.0,31.262937260817527,30.20528205961626,30.562798483682787,0.0,8118200
2023-10-18,0.0,30.11590003967285,0.0,30.9203142963848,29.93217431089914,30.542933458976435,0.0,9828200
2023-10-19,0.0,29.574657440185547,0.0,30.577693373528703,29.4356214998094,30.374105099913518,0.0,16464600
2023-10-20,0.0,28.695756912231445,0.0,29.57961937053862,28.656031820345145,29.495206391575188,0.0,11697200
2023-10-23,0.0,28.84969711303711,0.0,29.440595751591065,28.11976628629003,28.452455524637795,0.0,36769400
2023-10-24,0.0,29.42569351196289,0.0,29.534935642844214,28.874521955545283,29.152590078956614,0.0,8863400
2023-10-25,0.0,27.965824127197266,0.0,29.033412281880103,27.87147987634954,28.988722501121366,0.0,12723400
2023-10-26,0.0,26.888309478759766,0.0,27.911206068236073,26.67479182491442,27.75727605792674,0.0,17080400
2023-10-27,0.0,27.146514892578125,0.0,27.682792316625886,26.942928513640766,27.30541338037498,0.0,14958000
2023-10-30,0.0,27.73244857788086,0.0,27.950932828799775,27.310379829109756,27.523897495673094,0.0,15122600
2023-10-31,0.0,28.01548194885254,0.0,28.06513831907867,27.330241087503538,27.74734512641881,0.0,8014600
2023-11-01,0.0,28.988731384277344,0.0,29.063213112234624,28.12472932291366,28.13466059881407,0.0,13525000
2023-11-02,0.0,30.016592025756836,0.0,30.041419266145653,29.49521240080363,29.693832218111172,0.0,13622200
2023-11-03,0.0,30.711761474609375,0.0,30.920314442414067,30.180450622288237,30.21520913455621,0.0,8676600
2023-11-06,0.0,30.950109481811523,0.0,31.039487163874682,30.567763937631597,30.835900772214917,0.0,7315800
2023-11-07,0.0,31.52610969543457,0.0,31.675075022353518,30.91534863493214,31.11893502370065,0.0,7065600
2023-11-08,0.0,31.575761795043945,0.0,31.69989987382707,31.173553737875782,31.60058903196122,0.0,6037400
2023-11-09,0.0,31.07424545288086,0.0,31.863761832349496,30.974934608897154,31.670106728389506,0.0,9564600
2023-11-10,0.0,32.43479537963867,0.0,32.47452047198984,31.26293167403243,31.342379964538107,0.0,15628400
2023-11-13,0.0,32.241146087646484,0.0,32.41990524697859,31.908456903264952,32.17162905772778,0.0,7899600
2023-11-14,0.0,33.61659240722656,0.0,33.785422175325415,33.259077899310995,33.34349088916354,0.0,11581600
2023-11-15,0.0,33.66128158569336,0.0,34.03866240244922,33.43286797745503,33.93438308345086,0.0,8840200
2023-11-16,0.0,33.72087478637695,0.0,33.7506667176349,33.293839425840616,33.5172864870634,0.0,8899800
2023-11-17,0.0,33.71590805053711,0.0,33.89963001032951,33.41301078945905,33.571907402779175,0.0,5736400
2023-11-20,0.0,34.54018020629883,0.0,34.64942232929187,33.71093869215168,33.72087186063856,0.0,11375000
2023-11-21,0.0,34.09825134277344,0.0,34.25218515811419,33.80528725427564,34.217426642726416,0.0,8832800
2023-11-22,0.0,34.391212463378906,0.0,34.907627296541314,34.20252016971971,34.47065885934596,0.0,11136200
2023-11-24,0.0,34.27204513549805,0.0,34.40611640560275,34.098252552393966,34.291907686194826,0.0,2595000
2023-11-27,0.0,34.212459564208984,0.0,34.56004471306868,34.058525751090556,34.182663845453874,0.0,4448200
2023-11-28,0.0,34.381282806396484,0.0,34.48555834272079,34.00390575733527,34.078385577285715,0.0,6934600
2023-11-29,0.0,34.301841735839844,0.0,35.07149570601794,34.25218725202098,34.81825670202345,0.0,9940200
2023-11-30,0.0,34.11811065673828,0.0,34.411078505842774,33.58679980712223,34.34156148166076,0.0,7866800
2023-12-01,0.0,34.31673812866211,0.0,34.41108430096656,33.63149715129878,33.9145318798178,0.0,7126600
2023-12-04,0.0,33.656314849853516,0.0,33.70596932300397,33.01576191755029,33.61162696053614,0.0,8523400
2023-12-05,0.0,33.82018280029297,0.0,34.03370047456849,33.28887190687164,33.318663837293435,0.0,7302000
2023-12-06,0.0,33.42790603637695,0.0,34.361423146014346,33.36335559086385,34.341564384621094,0.0,5998600
2023-12-07,0.0,34.36638259887695,0.0,34.48555408447617,33.74072566979294,33.929417959417684,0.0,5838800
2023-12-08,0.0,34.63452911376953,0.0,34.723908695276315,33.9989426623409,34.018805212497305,0.0,8000800
2023-12-11,0.0,35.230384826660156,0.0,35.27507650445819,34.530248040567756,34.555073382994685,0.0,5527600
2023-12-12,0.0,35.791500091552734,0.0,35.80142947326695,35.02680889414851,35.230393420642336,0.0,5436000
2023-12-13,0.0,36.6852912902832,0.0,36.79453342842282,35.81136176195492,35.945429247966246,0.0,7928800
2023-12-14,0.0,36.60584259033203,0.0,37.13218690847513,36.04970255284913,36.893843884121075,0.0,8718600
2023-12-15,0.0,36.87397766113281,0.0,37.16694172196893,36.63066428799801,36.74983957669845,0.0,8727400
2023-12-18,0.0,37.410247802734375,0.0,37.574110968054214,36.96831656661238,37.01797482644991,0.0,6906800
2023-12-19,0.0,37.77770233154297,0.0,37.807494259179975,37.454942558032045,37.47977168999198,0.0,5965200
2023-12-20,0.0,36.63843536376953,0.039,38.01529906956904,36.623524112244475,37.637530931046946,0.0,8167600
2023-12-21,0.0,37.48841094970703,0.0,37.54308806699283,36.88199477056033,37.3542058932757,0.0,6424600
2023-12-22,0.0,37.59280014038086,0.0,37.881097029283744,37.239886552495896,37.69718271209762,0.0,7050000
2023-12-26,0.0,38.030208587646484,0.0,38.16441363753652,37.72700051285182,37.736940082654925,0.0,3625600
2023-12-27,0.0,38.17435836791992,0.0,38.238975054659875,37.925827398837846,38.08488706735911,0.0,4740400
2023-12-28,0.0,38.104766845703125,0.0,38.417914475603254,38.05505762217626,38.38312029450324,0.0,3925600
2023-12-29,0.0,37.77670669555664,0.0,38.17932564549234,37.42876486132599,38.10973727864621,0.0,7528400
2024-01-02,0.0,36.50423049926758,0.0,37.14544086418072,36.07178524136382,37.10070331708918,0.0,9588000
2024-01-03,0.0,35.72385025024414,0.0,36.20102935450824,35.64431850339225,36.012143351876205,0.0,9925800
2024-01-04,0.0,35.33116912841797,0.0,35.92267035073163,35.29140325685406,35.36099163594978,0.0,6966000
2024-01-05,0.0,35.42063903808594,0.0,35.89781810107548,35.162164675456964,35.356018551287654,0.0,7603600
2024-01-08,0.0,36.8720588684082,0.0,36.91679262757499,35.604549266733606,35.62940388334764,0.0,7127000
2024-01-09,0.0,37.01620101928711,0.0,37.180232359623076,36.27060815479425,36.30540233677933,0.0,5750000
2024-01-10,0.0,37.498355865478516,0.0,37.68723804701925,36.89691134270428,37.05099933837483,0.0,5419400
2024-01-11,0.0,37.61765670776367,0.0,37.965598631512,36.693120976338065,37.717067602468184,0.0,7780200
2024-01-12,0.0,37.6673583984375,0.0,37.97056652701371,37.40391614069015,37.821446407546595,0.0,6328000
2024-01-16,0.0,37.652442932128906,0.0,37.93576809359029,37.15040929786163,37.423794888869,0.0,7434200
2024-01-17,0.0,37.210060119628906,0.0,37.279648493434095,36.42967296285763,37.0261458218398,0.0,9561000
2024-01-18,0.0,38.27377700805664,0.0,38.34833707237297,37.553038568324375,37.786654541168026,0.0,9237000
2024-01-19,0.0,39.759986877441406,0.0,39.784841493453634,38.54715822014059,38.65650867066126,0.0,10636800
2024-01-22,0.0,39.85940170288086,0.0,40.416108697794115,39.74507577797861,40.182488958593595,0.0,8290600
2024-01-23,0.0,40.17752456665039,0.0,40.2123187568613,39.63075709521507,39.97869899732419,0.0,5471600
2024-01-24,0.0,40.60499572753906,0.0,41.380411228929276,40.52546398776464,40.913171738459745,0.0,11427600
2024-01-25,0.0,40.68452072143555,0.0,41.206437297039614,40.24710756127759,41.07222844398403,0.0,8001600
2024-01-26,0.0,40.18746566772461,0.0,40.654705204577326,40.08308309312011,40.31670286154647,0.0,7150800
2024-01-29,0.0,41.022525787353516,0.0,41.052348293484556,40.15763897901478,40.276932795821004,0.0,6252800
2024-01-30,0.0,40.45090103149414,0.0,40.91814048848601,40.29184135562399,40.81872961317284,0.0,5167600
2024-01-31,0.0,38.87024688720703,0.0,39.993608069165084,38.84042438073414,39.610871997728644,0.0,14639800
2024-02-01,0.0,39.79478454589844,0.0,39.84946167208313,39.00445774569067,39.188368268055285,0.0,9338600
2024-02-02,0.0,41.12691116333008,0.0,41.34064798720922,39.93396153684841,40.11787585255726,0.0,10507400
2024-02-05,0.0,40.97779846191406,0.0,41.20644656014262,40.321676678041726,41.097092297450125,0.0,6399200
2024-02-06,0.0,40.828670501708984,0.0,41.310821226333104,40.361431029634986,41.186555732039544,0.0,6142200
2024-02-07,0.0,41.64883041381836,0.0,41.80789012114124,41.097091224480316,41.34562225418997,0.0,5831400
2024-02-08,0.0,41.78303146362305,0.0,41.92220822004613,41.51461752240045,41.653798071105726,0.0,4085600
2024-02-09,0.0,42.5882682800293,0.0,42.73738838282553,41.837703669243275,41.98682377203951,0.0,5793600
2024-02-12,0.0,42.240333557128906,0.0,42.99089450227599,42.1160680479252,42.548509592893375,0.0,5187200
2024-02-13,0.0,40.913169860839844,0.0,41.44502602125616,40.30178575658095,40.679550126326546,0.0,11005000
2024-02-14,0.0,41.8128547668457,0.0,41.887411029385405,40.977790495863786,41.43011492182628,0.0,7728000
2024-02-15,0.0,42.02162170410156,0.0,42.116064697112726,41.4152054606696,41.9271787110904,0.0,7730000
2024-02-16,0.0,41.26111602783203,0.0,42.10611987704608,41.12690716953399,42.09120862440896,0.0,7759600
2024-02-20,0.0,40.62984848022461,0.0,41.141821754403,39.88922713176667,40.86346823654654,0.0,8186200
2024-02-21,0.0,40.291839599609375,0.0,40.306750851028305,39.5363071202245,40.083074495181116,0.0,7356600
2024-02-22,0.0,42.642948150634766,0.0,42.82189076862744,41.802912182407034,41.93712104204254,0.0,8965600
2024-02-23,0.0,42.369564056396484,0.0,43.11018917100399,42.17571017868905,42.921303182881374,0.0,7262400
2024-02-26,0.0,42.319854736328125,0.0,42.70756245621296,42.28008886960102,42.49879734431833,0.0,5209000
2024-02-27,0.0,42.523651123046875,0.0,42.588267810996676,42.01167413163523,42.52861901207876,0.0,4686000
2024-02-28,0.0,42.041500091552734,0.0,42.319853566383756,41.86255748850945,42.091205527446604,0.0,3813000
2024-02-29,0.0,42.767208099365234,0.0,42.95609026395364,41.976877673701225,42.59820507439118,0.0,6100000
2024-03-01,0.0,44.04465866088867,0.0,44.208690010692926,42.906386366985295,42.91632593714845,0.0,6217600
2024-03-04,0.0,43.6867790222168,0.0,44.09934139373949,43.65695651564768,44.01980965317902,0.0,6141600
2024-03-05,0.0,42.1309814453125,0.0,43.09031137685401,41.653802320771796,43.07540012175627,0.0,8465800
2024-03-06,0.0,42.64792251586914,0.0,43.259306672246055,42.280093893360345,42.94118728519353,0.0,6384400
2024-03-07,0.0,43.93033981323242,0.0,44.16395956860443,43.02568709159506,43.328895226148234,0.0,6978400
2024-03-08,0.0,42.62803649902344,0.0,44.536752683378154,42.5087388932898,43.98004569241567,0.0,10652400
2024-03-11,0.0,42.30493927001953,0.0,42.563409793433706,41.93711452014041,42.334761770953094,0.0,8074800
2024-03-12,0.0,43.532691955566406,0.0,43.59233696999301,42.126005550345205,42.762244319443674,0.0,7163200
2024-03-13,0.0,42.82686233520508,0.0,43.31398095554541,42.62306510159598,43.29906970279976,0.0,4144400
2024-03-14,0.0,42.603172302246094,0.0,43.15988296029424,42.066344574015496,43.06543999173115,0.0,7269800
2024-03-15,0.0,41.57426452636719,0.0,42.12600363846594,41.355556037309796,42.01664939393724,0.0,6586800
2024-03-18,0.0,42.359622955322266,0.0,43.04059544750051,42.31488540469951,42.59821058437032,0.0,5561400
2024-03-19,0.0,42.558448791503906,0.0,42.6379767376229,41.55438145174223,41.95700424090382,0.0,4733800
2024-03-20,0.0,43.570621490478516,0.0275,43.63030864048101,42.45648792013815,42.7897326361989,0.0,9219800
2024-03-21,0.0,43.948631286621094,0.0,44.635016416182886,43.91381473210825,44.55046246875452,0.0,6303000
2024-03-22,0.0,44.02323532104492,0.0,44.27192605801545,43.68501576697622,43.84417768684858,0.0,5832000
2024-03-25,0.0,43.71486282348633,0.0,44.01826586352438,43.287114399653014,43.47612181164259,0.0,4242400
2024-03-26,0.0,43.43135070800781,0.0,44.19731864303617,43.39155927885112,44.023235883875074,0.0,5007600
2024-03-27,0.0,43.71982955932617,0.0,44.02820362508852,43.1279444283783,44.01328278896702,0.0,6829600
2024-03-28,0.0,43.51093673706055,0.0,43.84915632010015,43.461195549630155,43.68501950890744,0.0,5932000
2024-04-01,0.0,43.71486282348633,0.0,44.21224435866739,43.326905833200286,43.69496710671269,0.0,5497800
2024-04-02,0.0,42.938941955566406,0.0,42.99862530159423,42.337110849896604,42.735013737386396,0.0,5965400
2024-04-03,0.0,43.108055114746094,0.0,43.491041007409116,42.50622393528116,42.52114477361768,0.0,5091600
2024-04-04,0.0,41.76511764526367,0.0,44.04809649790737,41.740247056852006,43.93370089853934,0.0,9408600
2024-04-05,0.0,42.759883880615234,0.0,43.27716104418673,41.904387179120825,42.048628255044356,0.0,9035800
2024-04-08,0.0,42.784751892089844,0.0,43.14286715356339,42.50621948637461,42.93396784927696,0.0,5717400
2024-04-09,0.0,43.08318328857422,0.0,43.28213283613963,42.15805347246141,43.22742436686271,0.0,7480000
2024-04-10,0.0,42.297332763671875,0.0,42.491311288883495,41.919321675817194,42.06356279874491,0.0,9474200
2024-04-11,0.0,43.665122985839844,0.0,43.8292597939989,42.22769073316878,42.6703599711349,0.0,6481000
2024-04-12,0.0,42.25255584716797,0.0,43.02349867071604,41.97899830586223,42.80464960189577,0.0,9770200
2024-04-15,0.0,40.844966888427734,0.0,42.98370489101663,40.690776055316135,42.97375893148655,0.0,20375400
2024-04-16,0.0,40.844966888427734,0.0,41.352294308288165,40.591301281137824,40.815121420398725,0.0,8559200
2024-04-17,0.0,39.84523391723633,0.0,41.22297905956602,39.67115114397732,41.213033098831154,0.0,8073600
2024-04-18,0.0,39.35779571533203,0.0,40.26800474762443,39.26329581317505,39.924810307152306,0.0,7749600
2024-04-19,0.0,37.741302490234375,0.0,39.22847573548491,37.44287438368271,39.13397204710117,0.0,11067200
2024-04-22,0.0,38.4824104309082,0.0,38.91512993438495,37.60204299573564,38.21382394872267,0.0,8090000
2024-04-23,0.0,39.63633728027344,0.0,39.84523662236661,38.77586552157518,38.840523757541135,0.0,6423000
2024-04-24,0.0,39.89496994018555,0.0,40.48685514365814,39.46722154359993,40.20334783845323,0.0,6341800
2024-04-25,0.0,39.47219467163086,0.0,39.636331471242805,38.298374071825904,38.50230230068672,0.0,7856200
2024-04-26,0.0,40.70072555541992,0.0,40.97925795715549,39.93973253302141,40.05910302023389,0.0,16079800
2024-04-29,0.0,41.014076232910156,0.0,41.20307982850825,40.49182795768402,41.08370933627364,0.0,5073000
2024-04-30,0.0,39.45229721069336,0.0,40.95936242563005,39.45229721069336,40.690775982168155,0.0,5158400
2024-05-01,0.0,38.870365142822266,0.0,40.48188014688764,38.72612405186633,39.16879328509812,0.0,11989600
2024-05-02,0.0,39.85020065307617,0.0,40.01433363734607,38.69130103616964,39.551768765925644,0.0,5431600
2024-05-03,0.0,41.44182205200195,0.0,41.6507213492097,40.95438656379792,41.25778955033648,0.0,5837800
2024-05-06,0.0,42.3669548034668,0.0,42.3669548034668,41.64077829485745,41.78999046267825,0.0,4026800
2024-05-07,0.0,42.34706115722656,0.0,42.67035989537562,42.21774090302299,42.42664401972714,0.0,3822800
2024-05-08,0.0,42.30229187011719,0.0,42.56590341918413,41.81983127893317,41.83972699137283,0.0,2550200
2024-05-09,0.0,42.45648956298828,0.0,42.56591411153373,41.979003728651854,42.337119053084194,0.0,2669000
2024-05-10,0.0,42.66040802001953,0.0,43.08318531528266,42.352033929955056,42.74496575590389,0.0,4574000
2024-05-13,0.0,42.84940719604492,0.0,43.033435880387465,42.565899957594006,43.013543964284615,0.0,3147400
2024-05-14,0.0,43.381614685058594,0.0,43.48606434384449,42.71015042445231,42.73501722241867,0.0,5012600
2024-05-15,0.0,44.714595794677734,0.0,44.77427914363551,43.56564199588641,43.8690450021536,0.0,6462600
2024-05-16,0.0,44.53055953979492,0.0,45.05778264979804,44.4957429909215,44.66982573528863,0.0,4388000
2024-05-17,0.0,44.485809326171875,0.0,44.65989211864946,44.03816514928646,44.54549268660975,0.0,4363200
2024-05-20,0.0,45.09260559082031,0.0,45.22192203995954,44.47584983993712,44.500720431158975,0.0,3577200
2024-05-21,0.0,45.246795654296875,0.0,45.291558167823645,44.669831292931626,44.709622723657446,0.0,2838200
2024-05-22,0.0,45.23187255859375,0.0,45.445746744669336,44.704645614593765,45.29155590698354,0.0,4075200
2024-05-23,0.0,44.794166564941406,0.0,46.161965381207686,44.426105400540116,46.15201942312931,0.0,7033400
2024-05-24,0.0,45.63972854614258,0.0,45.87349846364323,44.9632893870972,45.09758072549131,0.0,4924400
2024-05-28,0.0,45.96302032470703,0.0,45.97296628375112,45.37611007840657,45.85856688378849,0.0,3476600
2024-05-29,0.0,45.31642150878906,0.0,45.66458698512432,45.09757246953885,45.09757246953885,0.0,3680200
2024-05-30,0.0,44.326637268066406,0.0,45.132392808041,44.06302190559139,45.112497094190836,0.0,3318000
2024-05-31,0.0,44.326637268066406,0.0,44.48579918414825,42.640514415139585,44.34653298191656,0.0,5934000
2024-06-03,0.0,44.610145568847656,0.0,45.087631328001955,43.58056607057631,44.88370310241841,0.0,4175800
2024-06-04,0.0,44.83396911621094,0.0,45.07271391126481,44.20229626666053,44.54548692898077,0.0,3824000
2024-06-05,0.0,46.64443588256836,0.0,46.65438563748761,45.32140308228169,45.55019811406902,0.0,4699200
2024-06-06,0.0,46.60464096069336,0.0,46.82846489297174,46.370874863679894,46.77375262917387,0.0,3274600
2024-06-07,0.0,46.49522399902344,0.0,47.05228884692048,46.2714000485908,46.49522399902344,0.0,3349000
2024-06-10,0.0,46.86328887939453,0.0,46.91800115187412,46.201770526483024,46.25648279896262,0.0,2651800
2024-06-11,0.0,47.485008239746094,0.0,47.514849912813666,46.28631710860714,46.58972010052533,0.0,3227800
2024-06-12,0.0,48.733436584472656,0.0,49.21092232545461,48.15149739868649,48.285792516452275,0.0,4820800
2024-06-13,0.0,49.23579025268555,0.0,49.58395955568798,48.77820021473662,49.45463931201739,0.0,3417800
2024-06-14,0.0,49.72322082519531,0.0,49.743116537225816,49.091544301063806,49.176102025873206,0.0,3886600
2024-06-17,0.0,50.931861877441406,0.0,51.314843929066086,49.50437573194704,49.76798729659667,0.0,4282400
2024-06-18,0.0,50.9467887878418,0.0,51.09600476038965,50.58369861182594,50.91694711122015,0.0,4113800
2024-06-20,0.0,50.136051177978516,0.0,51.2800262247403,49.78290701264674,51.200447166787825,0.0,5670000
2024-06-21,0.0,49.83761978149414,0.0,50.34992586265481,49.55908738375189,50.071389670193234,0.0,3283200
2024-06-24,0.0,48.7185173034668,0.0,49.95699999345138,48.68867562722806,49.5988846997074,0.0,4279200
2024-06-25,0.0,49.827674865722656,0.0,49.882387129956356,48.9672032693631,49.1462608987244,0.0,3653400
2024-06-26,0.0,50.02983093261719,0.053,50.13439122661768,49.576732526542614,49.64145924223651,0.0,2900400
2024-06-27,0.0,50.25886535644531,0.0,50.58250271463621,49.79083033569335,49.965097482120505,0.0,3387600
2024-06-28,0.0,49.69622802734375,0.0,51.41401400449461,49.6016280300218,50.408237074367996,0.0,6420200
2024-07-01,0.0,50.30367660522461,0.0,50.41321704264637,49.13359282126654,49.90535223129154,0.0,4247800
2024-07-02,0.0,51.34429931640625,0.0,51.34429931640625,49.95015471839256,49.97007150393429,0.0,4374400
2024-07-03,0.0,52.17581558227539,0.0,52.205688867180676,51.16506225642879,51.16506225642879,0.0,3810600
2024-07-05,0.0,53.23635482788086,0.0,53.33095862101677,52.26543515683977,52.330161868662884,0.0,5120400
2024-07-08,0.0,53.500244140625,0.0,53.59982807768143,53.106899935153145,53.311040358325954,0.0,4022000
2024-07-09,0.0,53.55501174926758,0.0,54.042963520243674,53.24133090997204,53.79898953412492,0.0,3915600
2024-07-10,0.0,54.68526840209961,0.0,54.78982868715039,53.689451822105035,53.97325939545394,0.0,4492400
2024-07-11,0.0,52.25050354003906,0.0,54.72510865091033,52.001549364679605,54.685275071155395,0.0,11170200
2024-07-12,0.0,52.84300231933594,0.0,53.863715772856686,52.2704108587516,52.36501084510441,0.0,6546000
2024-07-15,0.0,53.136775970458984,0.0,54.16246588348958,52.678701232478225,53.226399619084695,0.0,5799400
2024-07-16,0.0,53.16665267944336,0.0,53.599834308835334,52.46958023396655,53.425567147150936,0.0,4686000
2024-07-17,0.0,50.03480529785156,0.0,51.51857374168466,50.01488850948761,51.41898979986491,0.0,8610600
2024-07-18,0.0,49.541873931884766,0.0,50.826478207846,48.874678659111254,50.78166448723685,0.0,6969000
2024-07-19,0.0,48.640663146972656,0.0,49.955140757894235,48.37179220854703,49.46220880474449,0.0,7341400
2024-07-22,0.0,50.06467819213867,0.0,50.27877890071911,49.138568503743144,49.83563704448073,0.0,5351000
2024-07-23,0.0,49.721126556396484,0.0,50.4978623421408,49.61656626206468,49.87547692439975,0.0,3006000
2024-07-24,0.0,46.126224517822266,0.0,48.356855368901556,45.95693751954825,48.30208515210964,0.0,8864800
2024-07-25,0.0,45.11547088623047,0.0,47.03241706105919,44.587689309449985,46.20091112061554,0.0,10057400
2024-07-26,0.0,46.026649475097656,0.0,46.58430440057524,45.38434724236928,45.94698231503556,0.0,5543200
2024-07-29,0.0,46.16605758666992,0.0,46.97266659104408,45.73287600372686,46.544468953422296,0.0,4943200
2024-07-30,0.0,44.89141082763672,0.0,46.6988164552705,44.23914841978777,46.56437909693047,0.0,7852200
2024-07-31,0.0,47.55522155761719,0.0,47.88881919822813,46.65400497495555,46.93283619883316,0.0,8010600
2024-08-01,0.0,45.25489044189453,0.0,48.43154440450751,44.49309126048538,47.679705517571556,0.0,10456200
2024-08-02,0.0,43.069068908691406,0.0,44.005135165981685,42.242539288898705,43.50722685489855,0.0,23179600
2024-08-05,0.0,40.574554443359375,0.0,41.82430559072945,38.21944983917558,38.43355060307771,0.0,13239600
2024-08-06,0.0,41.2765998840332,0.0,42.65082789078057,40.33057333012206,40.8583549260062,0.0,9835400
2024-08-07,0.0,40.360443115234375,0.0,43.02425539639089,40.28077976744827,42.56617690135096,0.0,10463400
2024-08-08,0.0,42.84003448486328,0.0,42.97944821374706,40.788650734709776,41.51559646298893,0.0,9644800
2024-08-09,0.0,43.273216247558594,0.0,43.557023853309786,42.3321659771844,42.54129036990046,0.0,5869400
2024-08-12,0.0,43.43254089355469,0.0,43.995175881860916,42.87488225295174,43.412624106525435,0.0,5364200
2024-08-13,0.0,45.57353973388672,0.0,45.60839315807526,44.23914552407948,44.264042455102015,0.0,5930200
2024-08-14,0.0,45.608394622802734,0.0,46.05651280443138,44.74701548359177,45.742831976660554,0.0,5412800
2024-08-15,0.0,47.888816833496094,0.0,47.95852368633871,46.6988163901619,46.77847973680836,0.0,5241000
2024-08-16,0.0,47.97346878051758,0.0,48.25230003976352,47.29631312036768,47.490497073040444,0.0,5839400
2024-08-19,0.0,49.23318099975586,0.0,49.24314129500459,47.624939002389986,48.00335044831003,0.0,5369000
2024-08-20,0.0,49.01409149169922,0.0,49.56676997729756,48.66555342219524,49.03898462604609,0.0,10537400
2024-08-21,0.0,49.48710250854492,0.0,49.840616923375784,48.814927105733034,49.17342166689634,0.0,4822600
2024-08-22,0.0,47.878868103027344,0.0,50.07464192108125,47.68468035434935,49.935228192790746,0.0,6161400
2024-08-23,0.0,48.90953826904297,0.0,49.46221303566411,47.94857501383204,48.75020775102174,0.0,6503200
2024-08-26,0.0,47.94358444213867,0.0,48.96429404545765,47.52036320179967,48.7153399277596,0.0,4811000
2024-08-27,0.0,48.22740936279297,0.0,48.431549837522084,47.211675740723436,47.61000399207061,0.0,5530400
2024-08-28,0.0,47.11208724975586,0.0,48.257274122161995,46.41003468556724,48.1128802515401,0.0,14859200
2024-08-29,0.0,46.96769332885742,0.0,48.42158472987188,46.72869566080207,47.49049479219872,0.0,8166400
2024-08-30,0.0,48.07305145263672,0.0,48.162675105238435,46.90296382179785,47.80418049483156,0.0,3913800
2024-09-03,0.0,45.120452880859375,0.0,47.44070365382718,44.65241784907978,47.41083037051835,0.0,8750200
2024-09-04,0.0,44.88145446777344,0.0,45.61338028651418,44.303882807271876,44.49806674301057,0.0,6797600
2024-09-05,0.0,44.97107696533203,0.0,45.792626410238285,44.35367174437494,44.53789538197522,0.0,6771600
2024-09-06,0.0,42.541290283203125,0.0,44.95614500072462,42.421789545112,44.78685418779846,0.0,7841000
2024-09-09,0.0,43.606807708740234,0.0,43.78605499193752,42.725507933230475,43.33793678394431,0.0,4455400
2024-09-10,0.0,44.39847946166992,0.0,44.493083248433045,43.16366908110272,43.945384911952175,0.0,4513400
2024-09-11,0.0,46.29053497314453,0.0,46.45982197070522,42.969487544335664,44.6275192860626,0.0,21973600
2024-09-12,0.0,47.23656463623047,0.0,47.385934855992026,45.961916728245136,46.31045483850028,0.0,6297600
2024-09-13,0.0,47.61497116088867,0.0,47.84898867853073,47.00254605603806,47.052336128171916,0.0,5788400
2024-09-16,0.0,47.181793212890625,0.0,47.306270292220624,46.53451088087902,47.181793212890625,0.0,4989400
2024-09-17,0.0,47.23158645629883,0.0,48.03321920490979,46.73865825270066,47.78924517668796,0.0,5042400
2024-09-18,0.0,46.78844451904297,0.0,48.27718930294977,46.693840724504966,47.46061997809033,0.0,9610800
2024-09-19,0.0,49.178401947021484,0.0,49.74602091341189,48.61078677937001,49.034011880482204,0.0,7565600
2024-09-20,0.0,48.954345703125,0.0,49.21325635719488,48.12283972326444,48.9792426385355,0.0,4389000
2024-09-23,0.0,49.213253021240234,0.0,49.43731402852968,48.92446910324436,49.19831638050202,0.0,3702200
2024-09-24,0.0,49.6812858581543,0.0,49.87049342922534,48.62572277213092,49.492082085821835,0.0,6006600
2024-09-25,0.0,49.80134582519531,0.0255,50.16500261457384,49.507427737226735,49.54728168147355,0.0,3107800
2024-09-26,0.0,50.50873565673828,0.0,51.370559138014976,49.75650862055032,51.30579552918185,0.0,5234800
2024-09-27,0.0,49.915924072265625,0.0,50.71298780091525,49.67680799421596,50.70800510742377,0.0,4736400
2024-09-30,0.0,50.165000915527344,0.0,50.24470880132132,49.11885961890906,49.701709281223096,0.0,6042400
2024-10-01,0.0,48.745243072509766,0.0,50.15006241571052,47.97807168640983,50.09028529515833,0.0,7386000
2024-10-02,0.0,48.90964126586914,0.0,49.293225086109935,48.047817642795565,48.57089028926036,0.0,3421400
2024-10-03,0.0,48.829925537109375,0.0,49.4227406013094,48.29689138885028,48.446341778361955,0.0,5250000
2024-10-04,0.0,49.99065017700195,0.0,50.065375378000965,48.95945304512412,49.99065017700195,0.0,6669600
2024-10-07,0.0,48.86479949951172,0.0,49.77643856462283,48.63066611728344,49.597099607529444,0.0,4444200
2024-10-08,0.0,50.32441711425781,0.0,50.46888481888544,49.2434044769576,49.38787218158523,0.0,3400000
2024-10-09,0.0,51.10653305053711,0.0,51.2260948899615,50.05043007372568,50.259657591696076,0.0,4126400
2024-10-10,0.0,50.99694061279297,0.0,51.365580117528246,50.35430997574541,50.623318414557055,0.0,4275200
2024-10-11,0.0,51.10155487060547,0.0,51.320743977911484,50.45394153374116,50.57349957415185,0.0,4889400
2024-10-14,0.0,51.95839309692383,0.0,52.24732469655993,51.50506302394142,51.61964216568159,0.0,9945800
2024-10-15,0.0,50.563533782958984,0.0,52.16263621794421,50.11518641785068,52.02813390875235,0.0,10941800
2024-10-16,0.0,50.578487396240234,0.0,50.732916705791226,49.896006537374035,50.61834134731209,0.0,9462600
2024-10-17,0.0,50.6581916809082,0.0,51.71429470412285,50.63328201309659,51.70433311740722,0.0,3931800
2024-10-18,0.0,51.27591323852539,0.0,51.50506774231717,51.03679334722689,51.191226448127026,0.0,2761800
2024-10-21,0.0,51.470191955566406,0.0,51.629603935502274,50.60338955220771,51.0168656816506,0.0,4592800
2024-10-22,0.0,51.56982421875,0.0,51.87370390643609,50.73291035442595,50.89730503150495,0.0,3890600
2024-10-23,0.0,49.97570037841797,0.0,51.19121903177995,49.28823696663913,51.06169561772961,0.0,4582600
2024-10-24,0.0,50.777740478515625,0.0,50.9122427784337,50.194890844402295,50.72294225985393,0.0,3311600
2024-10-25,0.0,51.360599517822266,0.0,52.38681778194241,51.191225938711014,51.340672543688875,0.0,6929000
2024-10-28,0.0,51.38052749633789,0.0,52.02315817214538,51.32074657276914,52.02315817214538,0.0,3535600
2024-10-29,0.0,52.35194396972656,0.0,52.60102545128548,51.05174213261624,51.430343248094914,0.0,4629000
2024-10-30,0.0,51.55986022949219,0.0,52.38182977589572,51.46520806212824,52.177581162253794,0.0,4261200
2024-10-31,0.0,48.95945358276367,0.0,50.71796816893402,48.939526608899676,50.71796816893402,0.0,8799200
2024-11-01,0.0,49.64194107055664,0.0,50.319443018586824,49.193593634259926,49.238426477548664,0.0,5359200
2024-11-04,0.0,49.33306884765625,0.0,50.03548032494318,48.994317941009996,49.517390479444146,0.0,4660600
2024-11-05,0.0,50.59342956542969,0.0,50.73291458767567,49.64692297142284,49.67182883929145,0.0,4177600
2024-11-06,0.0,53.343284606933594,0.0,53.50269658399045,52.107838934231964,52.317066441491335,0.0,9537200
2024-11-07,0.0,55.0220947265625,0.0,55.17652782108952,53.91617620190575,53.92613778831963,0.0,5141600
2024-11-08,0.0,55.09681701660156,0.0,55.26121168885843,54.74810450031248,54.85271825519921,0.0,3458600
2024-11-11,0.0,55.02707290649414,0.0,55.39571238447527,54.409351981099576,55.340914161989815,0.0,5074800
2024-11-12,0.0,54.83279037475586,0.0,55.20142985739729,54.17521549729866,55.0071466300132,0.0,4291400
2024-11-13,0.0,54.67835998535156,0.0,55.25622696261017,54.200124066029574,54.713231235697506,0.0,3293600
2024-11-14,0.0,53.891265869140625,0.0,54.77799527560416,53.72188849674428,54.5936736234308,0.0,3939000
2024-11-15,0.0,51.285865783691406,0.0,52.735521555124045,50.8674107985445,52.66577905759956,0.0,7093800
2024-11-18,0.0,52.01816940307617,0.0,52.45655519001721,51.34066755115032,51.62462025374562,0.0,4297800
2024-11-19,0.0,52.71061706542969,0.0,52.825196208713166,51.400449961122945,51.45026549271868,0.0,4783200
2024-11-20,0.0,52.64585876464844,0.0,52.71061857751248,51.260966422879676,52.64585876464844,0.0,5953400
2024-11-21,0.0,53.02944564819336,0.0,53.418015950126346,51.4851412301029,53.2835098223506,0.0,5367000
2024-11-22,0.0,53.16394805908203,0.0,53.30841576367189,52.54622709516934,52.87501264990232,0.0,3869800
2024-11-25,0.0,53.32834243774414,0.0,54.34957414968291,52.8401411008098,54.02576748953394,0.0,4661800
2024-11-26,0.0,53.88627624511719,0.0,54.05565359572922,53.45785587676335,53.63221592022071,0.0,3162600
2024-11-27,0.0,53.02944564819336,0.0,53.637205068378805,52.30711087542449,53.637205068378805,0.0,3628200
2024-11-29,0.0,53.906211853027344,0.0,54.04569686959761,52.99955544463895,53.10915190071035,0.0,2598400
2024-12-02,0.0,55.08187484741211,0.0,55.30106775215107,54.115437549988336,54.18518005591773,0.0,5273000
2024-12-03,0.0,55.43058776855469,0.0,55.47044171527626,54.68832606410282,54.78297823739616,0.0,3279200
2024-12-04,0.0,56.780609130859375,0.0,56.82544196762438,56.00845511400177,56.15292281138009,0.0,4539200
2024-12-05,0.0,56.46676254272461,0.0,56.94001956629803,56.37709307093984,56.77562490124575,0.0,2433600
2024-12-06,0.0,57.453128814697266,0.0,57.492982759308575,56.56141675759638,56.576361036655285,0.0,4528000
2024-12-09,0.0,56.53152847290039,0.0,57.39334817537042,56.282447018897045,57.20902653116265,0.0,4050400
2024-12-10,0.0,56.11804962158203,0.0,57.174152502827965,55.83409692983632,56.775624476186906,0.0,4187600
2024-12-11,0.0,58.14059066772461,0.0,58.290041055593214,56.99979718899256,57.069539689816246,0.0,3927200
2024-12-12,0.0,57.37840270996094,0.0,57.916419551648396,57.28375054317853,57.64242843763683,0.0,3539800
2024-12-13,0.0,58.22527313232422,0.0,58.79816117579079,57.53780976057291,58.21531154752245,0.0,3579000
2024-12-16,0.0,59.904090881347656,0.0,60.11830108808576,58.768280036571255,58.78820700937032,0.0,4078600
2024-12-17,0.0,59.371063232421875,0.0,59.73472387475619,59.002423696852,59.49062128166689,0.0,4227000
2024-12-18,0.0,55.086856842041016,0.0,59.585267420826476,54.748105902960795,59.201679842399585,0.0,9103000
2024-12-19,0.0,54.55382537841797,0.0,56.182816542457395,54.49404445654544,56.063258499393996,0.0,9644600
2024-12-20,0.0,55.52025604248047,0.0,56.795555705101314,53.49771579880821,53.74181456598347,0.0,9987600
2024-12-23,0.0,56.5624885559082,0.0305,56.63226925418609,55.1170241721638,55.839754462654575,0.0,4810400
2024-12-24,0.0,58.08770751953125,0.0,58.08770751953125,56.83164719709499,56.966226990166234,0.0,2841800
2024-12-26,0.0,57.983028411865234,0.0,58.34688435912044,57.26029433381934,57.7039018218642,0.0,3195600
2024-12-27,0.0,56.40298843383789,0.0,57.25531306676542,55.39116071834996,57.17556152548521,0.0,6193600
2024-12-30,0.0,54.89272689819336,0.0,55.71016121086317,54.09024504934168,54.87278901218155,0.0,6596400
2024-12-31,0.0,53.950687408447266,0.0,55.321385794453896,53.751312337202755,55.16188649801092,0.0,6637600
2025-01-02,0.0,53.71143341064453,0.0,55.07714619727861,52.78434268174534,54.59864836990527,0.0,8256800
2025-01-03,0.0,55.4659309387207,0.0,55.68025846830499,54.189936605993665,54.36438836198946,0.0,6843400
2025-01-06,0.0,56.726966857910156,0.0,57.44471549617813,56.19364080107567,56.61232877431954,0.0,5248000
2025-01-07,0.0,54.683387756347656,0.0,57.021052729657576,54.28464142283697,56.971209913314134,0.0,6579800
2025-01-08,0.0,54.69335174560547,0.0,55.04724064087695,53.706447373553374,54.67341386101463,0.0,6203000
2025-01-10,0.0,52.94883346557617,0.0,53.88090592074417,52.26098966991887,53.88090592074417,0.0,24778400
2025-01-13,0.0,52.61986541748047,0.0,52.69463154542384,51.38374300340469,51.66785505014214,0.0,4882000
2025-01-14,0.0,52.49525451660156,0.0,53.54196886053333,51.767538757434465,53.26783147196908,0.0,5988800
2025-01-15,0.0,54.8678092956543,0.0,55.13696506200417,53.82109496169127,54.14009354341785,0.0,6318000
2025-01-16,0.0,54.135108947753906,0.0,55.39116540713829,54.11018563830342,55.38119836501596,0.0,4321600
2025-01-17,0.0,55.91950988769531,0.0,56.27838424819181,55.326370108387856,56.19364727774567,0.0,5983600
2025-01-21,0.0,56.522613525390625,0.0,56.821674208038246,55.55564697549251,56.50766106167268,0.0,6641400
2025-01-22,0.0,57.997982025146484,0.0,58.5014031787662,57.529451220623415,57.574312413897864,0.0,20804400
2025-01-23,0.0,58.25218963623047,0.0,58.257171255926245,57.32509880255739,57.44970774468804,0.0,4767200
2025-01-24,0.0,57.5643424987793,0.0,58.46651377328939,57.235376888096305,58.29704364439707,0.0,4596000
2025-01-27,0.0,54.1600341796875,0.0,55.007373492397896,53.30770564159417,53.49711367350968,0.0,12186000
2025-01-28,0.0,55.789913177490234,0.0,56.02916400868129,53.671561257916714,54.399276990426884,0.0,5140200
2025-01-29,0.0,55.56562042236328,0.0,55.92449097669126,54.72824819007185,55.91950935706055,0.0,3849000
2025-01-30,0.0,56.02916717529297,0.0,56.67214597725972,55.00238689507248,56.18368104833394,0.0,5598400
2025-01-31,0.0,55.82979202270508,0.0,57.803597228309116,55.6104790656058,56.851583076140116,0.0,5608600
2025-02-03,0.0,54.94257354736328,0.0,55.520757030998965,53.42234301223153,53.955669104386075,0.0,6997800
2025-02-04,0.0,56.283363342285156,0.0,56.402990658924736,54.957526239681485,55.022321517455715,0.0,3644400
2025-02-05,0.0,56.776817321777344,0.0,56.81668929112546,55.441009378160466,55.70019429135646,0.0,3631400
2025-02-06,0.0,57.350013732910156,0.0,57.404841967293514,56.53756486404483,56.87650131170428,0.0,3693400
2025-02-07,0.0,55.899566650390625,0.0,57.87337164143991,55.7300965284819,57.46465450394126,0.0,4503400
2025-02-10,0.0,57.2154426574707,0.0,57.459675120692125,56.70205442135167,56.80672547701799,0.0,2721000
2025-02-11,0.0,56.946285247802734,0.0,57.35998783885253,56.48772526394089,56.50766315055615,0.0,2220400
2025-02-12,0.0,57.01108169555664,0.0,57.20048972090162,55.65035418035644,55.71016403866486,0.0,4213400
2025-02-13,0.0,58.635982513427734,0.0,58.700777793245464,57.19550347097243,57.3749406488279,0.0,5266000
2025-02-14,0.0,59.084571838378906,0.0,59.24407111972761,58.55623118192937,58.61105561363917,0.0,6285600
2025-02-18,0.0,59.343753814697266,0.0,59.49328604728791,58.62102356362197,59.44344323734524,0.0,6538600
2025-02-19,0.0,59.373661041259766,0.0,59.64779839039258,58.715726079473434,59.16930058207185,0.0,2730400
2025-02-20,0.0,58.8453254699707,0.0,59.268998914382,57.81356358378045,59.18924736628849,0.0,4167600
2025-02-21,0.0,56.39302444458008,0.0,59.08457844575078,56.31327669636903,59.08457844575078,0.0,5246200
2025-02-24,0.0,55.032291412353516,0.0,56.99612562543217,54.97247775506576,56.76684564330676,0.0,6613400
2025-02-25,0.0,53.63666915893555,0.0,54.917648831716924,52.83418733017135,54.902696368273084,0.0,7208600
2025-02-26,0.0,53.88090133666992,0.0,54.96250595176792,53.232937173125116,54.11516673683902,0.0,5547000
2025-02-27,0.0,50.91022872924805,0.0,54.832919568513,50.86038591330422,54.65348238890475,0.0,20766000
2025-02-28,0.0,52.48030090332031,0.0,52.59493899699278,50.20244966362973,50.845432241498145,0.0,9041600
2025-03-03,0.0,50.237335205078125,0.0,53.482152712101296,49.459776721515254,53.163154164856905,0.0,9457800
2025-03-04,0.0,49.86849594116211,0.0,51.51333155641785,48.288451798572815,49.59934019260838,0.0,12562400
2025-03-05,0.0,51.17439651489258,0.0,51.47844262052404,48.99623476478611,49.98313540047274,0.0,10075400
2025-03-06,0.0,48.35823440551758,0.0,50.44169597598622,47.92459774024961,49.43984286447798,0.0,7609000
2025-03-07,0.0,49.02613830566406,0.0,49.31024651732767,46.80311542439458,48.09406212919997,0.0,8447400
2025-03-10,0.0,45.31279754638672,0.0,47.44610202744125,44.405640796929475,47.351398014527994,0.0,9306200
2025-03-11,0.0,44.983821868896484,0.0,46.35452004218696,44.11155939498437,45.09846375296905,0.0,9621800
2025-03-12,0.0,46.02057647705078,0.0,46.778197189385374,45.01373407196929,46.41932281936675,0.0,7135000
2025-03-13,0.0,44.33586120605469,0.0,45.8560918594572,43.952067327838094,45.8461248170514,0.0,7399200
2025-03-14,0.0,46.44922637939453,0.0,46.608725659111506,45.213104109515896,45.32276057733934,0.0,6040400
2025-03-17,0.0,47.0473518371582,0.0,47.67039654715634,46.08537065281055,46.42430712716006,0.0,33021400
2025-03-18,0.0,45.457340240478516,0.0,46.389416489891666,45.00875109425231,46.389416489891666,0.0,5057800
2025-03-19,0.0,46.61370849609375,0.0,47.47600399515315,45.48226104522546,45.85110242618847,0.0,6574800
2025-03-20,0.0,46.30467987060547,0.0,47.33145625293244,45.71154013767225,45.83614906961534,0.0,5467000
2025-03-21,0.0,46.63364791870117,0.0,46.72835192882776,45.088497842140534,45.30282536843128,0.0,6196000
2025-03-24,0.0,48.59748077392578,0.0,48.78190335201111,47.934560379936386,48.064154726773715,0.0,6242600
2025-03-25,0.0,49.17567443847656,0.0,49.19560852266054,48.582534660781015,48.761971840541634,0.0,4001000
2025-03-26,0.0,47.36886215209961,0.013,49.103873563543765,47.049779506230216,48.949318976759734,0.0,6238600
2025-03-27,0.0,46.80547332763672,0.0,47.777681358288554,46.55120687061377,46.95504496427999,0.0,6267400
2025-03-28,0.0,44.342559814453125,0.0,46.56616866026943,44.15310187895331,46.44152688323646,0.0,8245800
2025-03-31,0.0,44.312644958496094,0.0,44.482159759940444,42.10399242974352,42.99144511257038,0.0,31218600
2025-04-01,0.0,45.005653381347656,0.0,45.18015492075134,43.45511309859107,43.99356271088,0.0,9454400
2025-04-02,0.0,45.66375732421875,0.0,46.316882789767185,43.714362006875724,43.75424828643509,0.0,8060800
2025-04-03,0.0,40.78279113769531,0.0,42.56267556903854,40.67808869723525,41.86966759013067,0.0,10364800
2025-04-04,0.0,35.80210876464844,0.0,38.868297749721314,35.772195950396714,38.47941594938573,0.0,21589800
2025-04-07,0.0,35.90679931640625,0.0,39.13751565842727,32.26726192597071,33.25940934703461,0.0,24840600
2025-04-08,0.0,34.570640563964844,0.0,39.137516982940696,33.498724352030116,38.33482365516772,0.0,23193200
2025-04-09,0.0,42.69230270385742,0.0,43.1260574837431,34.45098851238736,34.46594491794111,0.0,37896400
2025-04-10,0.0,39.20233154296875,0.0,40.91241692835441,36.70949592600803,40.56342146348602,0.0,17448400
2025-04-11,0.0,40.58835220336914,0.0,40.84760543938358,38.32983989126293,38.948065876113,0.0,9625800
2025-04-14,0.0,41.1517333984375,0.0,42.50284993099437,40.29419728389589,42.40812095441241,0.0,11640800
2025-04-15,0.0,41.246456146240234,0.0,42.029206308630386,40.91241331223091,41.34118130475188,0.0,6603000
2025-04-16,0.0,38.76858139038086,0.0,40.264282791820925,37.59196265028011,39.60617432733791,0.0,16537400
2025-04-17,0.0,38.7087516784668,0.0,39.34193406383189,38.240097358946045,39.232248686602325,0.0,8891600
2025-04-21,0.0,36.81418991088867,0.0,37.83126717046693,35.881871942432205,37.67671259896127,0.0,9018800
2025-04-22,0.0,38.69379425048828,0.0,39.23224764969373,37.54708836000615,37.75150270376137,0.0,9504400
2025-04-23,0.0,40.41384506225586,0.0,41.98433207739201,40.16456152981409,41.11682644954879,0.0,11145200
2025-04-24,0.0,42.71223831176758,0.0,42.777054462754656,40.68307056798714,40.7877691921608,0.0,8749200
2025-04-25,0.0,43.65453338623047,0.0,43.759232019165616,42.34829003876481,42.63745606144828,0.0,6968200
2025-04-28,0.0,43.63459014892578,0.0,44.06834488763273,42.44800184120457,43.73430584942654,0.0,4880400
2025-04-29,0.0,44.17304611206055,0.0,44.34754384346872,43.11608625109373,43.185885343657006,0.0,4523200
2025-04-30,0.0,44.16307830810547,0.0,44.49213064354588,41.75001136522561,42.63746026851588,0.0,6723800
2025-05-01,0.0,45.244964599609375,0.0,46.38169698590623,45.15023563282959,45.63384633136723,0.0,22707800
2025-05-02,0.0,46.63596725463867,0.0,47.03481865463905,45.9030730048845,46.21218597799103,0.0,5397000
2025-05-05,0.0,46.08754348754883,0.0,46.670866075903355,45.72857457047987,45.83327320399747,0.0,3589600
2025-05-06,0.0,45.2399787902832,0.0,45.908060699981824,44.606800230125934,44.8660534553537,0.0,5648800
2025-05-07,0.0,45.57900619506836,0.0,46.022730637278784,44.33757510415185,45.33470936597579,0.0,9409200
2025-05-08,0.0,46.48639678955078,0.0,47.32398969583842,45.73356318376953,46.53625274035351,0.0,6169200
2025-05-09,0.0,46.4066276550293,0.0,47.08966216342912,46.08754500794504,46.84536534382887,0.0,4620200
2025-05-12,0.0,50.18576431274414,0.0,50.20072071660557,48.97424615102413,50.02123626273853,0.0,9100400
2025-05-13,0.0,51.69643020629883,0.0,52.06038210417775,50.30542736890789,50.44502556556093,0.0,7795200
2025-05-14,0.0,52.31465148925781,0.0,52.424336871463304,51.73132883345463,51.92576971872236,0.0,6100800
2025-05-15,0.0,52.429317474365234,0.0,52.95281064124071,51.621637412059414,51.86593422326797,0.0,5064800
2025-05-16,0.0,52.87802505493164,0.0,52.90295493127085,51.98060656319629,52.69854059583155,0.0,5194200
2025-05-19,0.0,52.95280838012695,0.0,53.05750700903136,51.37733840701052,51.39229481060188,0.0,6118800
2025-05-20,0.0,52.57390213012695,0.0,52.71848705370988,51.85596805231229,52.429321010309344,0.0,4190800
2025-05-21,0.0,51.11309814453125,0.0,53.13728318585007,50.74914628646888,51.766223641370786,0.0,7939800
2025-05-22,0.0,51.302555084228516,0.0,52.03046258999511,50.968516041867524,51.217799590572454,0.0,4672800
2025-05-23,0.0,50.32536697387695,0.0,50.83390376932866,49.59745942552652,49.71212773453063,0.0,7199600
2025-05-27,0.0,52.66364288330078,0.0,52.75837185216715,51.37734262002192,51.67149539147929,0.0,4745400
2025-05-28,0.0,52.214935302734375,0.0,53.16220977232842,52.10524992951438,52.86805700211589,0.0,3210600
2025-05-29,0.0,52.40439224243164,0.0,53.7156224475912,51.88588196183694,53.6857096364802,0.0,4067400
2025-05-30,0.0,52.214935302734375,0.0,52.51407480912013,50.764103181303895,52.27974765792564,0.0,5291800
2025-06-02,0.0,53.01762771606445,0.0,53.072470405635634,51.58175572562509,51.826052558591435,0.0,3449800
2025-06-03,0.0,53.86021041870117,0.0,54.139406814893285,52.917918777787165,53.08743359245068,0.0,3973600
2025-06-04,0.0,54.139404296875,0.0,54.35877505726053,53.59098119967661,53.9798629630761,0.0,3940400
2025-06-05,0.0,53.29184341430664,0.0,55.00192892481469,52.87803175871,54.42359299732246,0.0,7350400
2025-06-06,0.0,54.318885803222656,0.0,54.70777134912697,53.99482022061691,54.35877208543314,0.0,4288600
2025-06-09,0.0,54.46846008300781,0.0,54.81745555974518,54.1443906810286,54.363761439986604,0.0,3214000
2025-06-10,0.0,55.19636535644531,0.0,55.33098060885069,54.104502147277245,54.55820005193685,0.0,4771600
2025-06-11,0.0,54.812469482421875,0.0,55.714874737475,54.333845511598746,55.47057791777433,0.0,8108000
2025-06-12,0.0,55.06175231933594,0.0,55.256193186076295,54.47842591534971,54.523298932778715,0.0,5104200
2025-06-13,0.0,53.65080642700195,0.0,54.667883776775106,53.39653613861738,53.80536101221359,0.0,7400600
2025-06-16,0.0,55.12656784057617,0.0,55.35590826570753,54.34880432893372,54.35378726156142,0.0,5108000
2025-06-17,0.0,54.02971649169922,0.0,54.927134964448236,53.82031542466928,54.58810919373905,0.0,4457800
2025-06-18,0.0,54.00478744506836,0.0,54.73269494552146,53.69069154534837,54.234127851750976,0.0,4966400
2025-06-20,0.0,53.52117919921875,0.0,54.92215538324088,53.15224059803753,54.65292868386045,0.0,5328800
2025-06-23,0.0,54.63796615600586,0.0,54.73269512133135,53.007653427796185,53.64581870126988,0.0,6551600
2025-06-24,0.0,56.293216705322266,0.0,56.487657582519674,55.58524848695275,55.70490733735527,0.0,5531600
2025-06-25,0.0,56.564735412597656,0.062,57.0189283357899,56.210364021902265,56.76438228553873,0.0,5296800
2025-06-26,0.0,57.63283920288086,0.0,57.7226801012527,56.649581539574406,57.0338986110862,0.0,5577800
2025-06-27,0.0,58.01216506958008,0.0,58.40147434112577,57.248515566224654,57.83248328149022,0.0,6156000
2025-06-30,0.0,58.750858306884766,0.0,58.98544309438252,58.19184783046346,58.651036775499364,0.0,6690400
2025-07-01,0.0,57.72766876220703,0.0,58.53124077129744,57.24851479512329,58.32161329066516,0.0,6996800
2025-07-02,0.0,58.54122543334961,0.0,58.58115556541795,57.547987197818195,57.5529756083665,0.0,5045200
2025-07-03,0.0,59.639286041259766,0.0,59.858897991473356,59.00041906749028,59.020384136414016,0.0,4315000
2025-07-07,0.0,58.74586486816406,0.0,59.234999500869996,58.22179612735119,59.05032548289941,0.0,6357800
2025-07-08,0.0,58.7907829284668,0.0,59.145154281979025,58.5462175339479,59.015383256991726,0.0,3404600
2025-07-09,0.0,59.61931228637695,0.0,59.90880003167428,58.955491929125664,59.23000301895149,0.0,4030600
2025-07-10,0.0,59.42965316772461,0.0,59.82395467551252,58.85566986378152,59.73411377743493,0.0,3561200
2025-07-11,0.0,59.14515686035156,0.0,59.4745747516922,58.6759873089078,58.9405177809526,0.0,3797200
2025-07-14,0.0,59.5494384765625,0.0,59.71414742080578,58.581157493688394,59.08526114784324,0.0,3245800
2025-07-15,0.0,59.64427185058594,0.0,60.507742900990735,59.63927963190463,60.42289041519695,0.0,5046400
2025-07-16,0.0,59.774044036865234,0.0,59.903811261512374,58.54122874708699,59.759071188478806,0.0,5898400
2025-07-17,0.0,60.73234558105469,0.0,60.8371593297226,59.74409568112578,59.91878907018624,0.0,5011800
2025-07-18,0.0,60.57762145996094,0.0,61.031814373797864,60.30809875823414,60.991884238442644,0.0,6542200
2025-07-21,0.0,61.20151901245117,0.0,61.61079340316135,60.74732226493446,60.762295114554135,0.0,4801200
2025-07-22,0.0,60.557655334472656,0.0,61.231460173046095,59.97867980577728,61.21648732453625,0.0,7200800
2025-07-23,0.0,61.101688385009766,0.0,61.101688385009766,60.18830655771396,60.78225492758617,0.0,7623800
2025-07-24,0.0,61.37120819091797,0.0,61.62076580578407,60.98189892099837,61.38618103853841,0.0,5132600
2025-07-25,0.0,61.615779876708984,0.0,61.90526765341048,61.17655980057206,61.31631146989075,0.0,4364600
2025-07-28,0.0,62.00509262084961,0.0,62.18976283650241,61.735569913952354,61.900275061544534,0.0,4544200
2025-07-29,0.0,61.82041549682617,0.0,62.85358391747643,61.63574148248779,62.55910393828534,0.0,5170400
2025-07-30,0.0,61.96516036987305,0.0,62.504205765270086,61.32130122669557,61.98013321842065,0.0,5327400
2025-07-31,0.0,61.27637481689453,0.0,63.3776532760818,61.03680164009708,63.35269599152303,0.0,8180400
2025-08-01,0.0,58.830718994140625,0.0,59.95372836592632,58.296665800764885,59.91879044889976,0.0,9479800
2025-08-04,0.0,60.991886138916016,0.0,61.036808494577215,59.90880688730174,59.928771955601455,0.0,6182400
2025-08-05,0.0,60.148380279541016,0.0,61.520947226986195,60.04356653323523,61.2663973814166,0.0,4372200
2025-08-06,0.0,61.66069793701172,0.0,61.76051946301541,60.23822024774988,60.328061144332054,0.0,5789200
2025-08-07,0.0,62.0749626159668,0.0,62.958394898851054,61.181545896017745,62.59903132345847,0.0,6093400
2025-08-08,0.0,63.197975158691406,0.0,63.24788592275971,62.23967097202292,62.299566173673206,0.0,5211800
2025-08-11,0.0,62.788700103759766,0.0,63.687105270859874,62.52915804076959,63.21793952428823,0.0,6339000
2025-08-12,0.0,64.3858642578125,0.0,64.4557400849294,62.73878248617804,63.307773540099696,0.0,7203600
2025-08-13,0.0,64.435791015625,0.0,65.0946192793674,64.1313303650461,64.97982488793792,0.0,5422200
2025-08-14,0.0,64.32099151611328,0.0,64.77019989226109,63.89674804607423,63.97161230081768,0.0,5745800
2025-08-15,0.0,63.71705627441406,0.0,64.29103578025419,63.35270045708727,64.29103578025419,0.0,5608600
2025-08-18,0.0,63.6771240234375,0.0,63.81188346441335,63.26784967387566,63.517407296973055,0.0,3912000
2025-08-19,0.0,61.93022537231445,0.0,63.5174121282569,61.705621209674604,63.50243927900373,0.0,6192400
2025-08-20,0.0,61.17655563354492,0.0,61.72059323256126,59.65425260798472,61.710608795177215,0.0,8544600
2025-08-21,0.0,60.6175422668457,0.0,61.2963392742763,60.11343863369781,60.82717355439556,0.0,4594800
2025-08-22,0.0,62.45928192138672,0.0,62.89351355864245,60.582607519938215,60.88706812629904,0.0,10276000
2025-08-25,0.0,62.0849494934082,0.0,62.7338008818292,61.83539185293049,62.09992234256528,0.0,4631400
2025-08-26,0.0,62.58405685424805,0.0,62.63895983284087,61.7505353544434,61.965155050411646,0.0,4834000
2025-08-27,0.0,62.758750915527344,0.0,62.95340555977723,62.069973236485204,62.34448814911823,0.0,7315600
2025-08-28,0.0,63.52239227294922,0.0,63.72203912222131,62.51917342406539,62.878536991165774,0.0,10720800
2025-08-29,0.0,62.000099182128906,0.0,63.02827541536556,61.610789882474144,62.963391801405535,0.0,7505400
2025-09-02,0.0,60.971920013427734,0.0,61.031811405600536,59.629298788996486,60.03857313661477,0.0,10894000
2025-09-03,0.0,61.900272369384766,0.0,62.26962040052146,61.201514057390376,61.735567228955915,0.0,9083400
2025-09-04,0.0,63.02827072143555,0.0,63.09814654909547,61.685649532354,62.05000532624961,0.0,6589400
2025-09-05,0.0,63.16802978515625,0.0,64.2860507747315,62.184772056121,64.14629910302146,0.0,7853800
2025-09-08,0.0,63.786930084228516,0.0,64.21616950124694,63.55733371963501,63.67712412062653,0.0,6027000
2025-09-09,0.0,64.1313247680664,0.0,64.23613471147364,63.377659632576766,63.94664693652433,0.0,6153600
2025-09-10,0.0,64.17124938964844,0.0,64.8450503870477,63.70207604247717,64.84006197642191,0.0,7311200
2025-09-11,0.0,64.89996337890625,0.0,65.09461804585692,64.37090236698369,64.72028156203677,0.0,7643600
2025-09-12,0.0,65.45896911621094,0.0,65.71851120691194,64.88498956259222,65.0946170765024,0.0,6465400
2025-09-15,0.0,66.5719985961914,0.0,66.57698700727774,65.81334123685647,65.83829852407769,0.0,5914200
2025-09-16,0.0,66.4222640991211,0.0,66.8165618295544,66.2825124263679,66.75667043148732,0.0,4658000
2025-09-17,0.0,66.13775634765625,0.0,66.5470344916507,64.894964299841,66.41726727364696,0.0,7769800
2025-09-18,0.0,67.36060333251953,0.0,67.96951698370188,66.81656187476047,67.25079735872559,0.0,4336200
2025-09-19,0.0,68.2390365600586,0.0,68.38377662938206,67.44044912574553,67.76487860288893,0.0,4208800
2025-09-22,0.0,69.03263092041016,0.0,69.17238258500821,67.99946628456777,68.00944310640011,0.0,5058400
2025-09-23,0.0,68.09928894042969,0.0,69.08753504668731,67.82477401760961,69.04261650001528,0.0,4513000
2025-09-24,0.0,67.62548828125,0.0205,68.46425800772776,66.98642926021192,68.39935107618682,0.0,5326600
2025-09-25,0.0,67.0163803100586,0.0,67.37585194207958,65.87805601472019,66.71682569549714,0.0,5032000
2025-09-26,0.0,67.55558776855469,0.0,67.61050725729373,66.43224082286115,67.17115134738137,0.0,3117400
2025-09-29,0.0,68.15969848632812,0.0,68.8986089711886,67.87012370835414,68.24457267015407,0.0,4276000
2025-09-30,0.0,68.49919891357422,0.0,68.58907063070556,67.54061043388279,68.06983044284101,0.0,3456600
2025-10-01,0.0,69.1582260131836,0.0,69.28304232830071,67.59552331009863,67.77026919853591,0.0,4213600
2025-10-02,0.0,69.7174072265625,0.0,70.02694927935805,69.07335833196247,70.02195936882987,0.0,3962800
2025-10-03,0.0,69.08833312988281,0.0,70.05191148092803,68.68891937504465,69.86718576181616,0.0,3938800
2025-10-06,0.0,70.13179779052734,0.0,70.51123667863261,69.7323840240995,70.29655625486072,0.0,3741600
2025-10-07,0.0,69.3779067993164,0.0,70.57115051617141,69.0384024467831,70.42635931849952,0.0,3275600
2025-10-08,0.0,70.95557403564453,0.0,71.03545830304417,69.55763744706617,69.57261479493071,0.0,2534200
2025-10-09,0.0,70.77085876464844,0.0,70.98054928384308,70.03194822774579,70.97056184440024,0.0,2289400
2025-10-10,0.0,65.80815887451172,0.0,71.30507477836106,65.7232846865325,70.90066348055322,0.0,9907600
2025-10-13,0.0,68.61402893066406,0.0,68.81872953921331,67.55558889533104,68.08480891299756,0.0,7482400
2025-10-14,0.0,67.70037841796875,0.0,68.74883098775497,65.87805548346664,67.07129925791304,0.0,8362200
2025-10-15,0.0,68.61902618408203,0.0,69.64252160453641,67.2061044269762,69.03840722075527,0.0,6604600
2025-10-16,0.0,68.10977172851562,0.0,69.996993964607,67.09626377276966,69.27306079881474,0.0,8831200
2025-10-17,0.0,68.97850036621094,0.0,69.33297448712864,67.26601630932355,67.6155005194482,0.0,7761200
2025-10-20,0.0,70.70095825195312,0.0,70.98553550672466,69.68745031940607,69.72239492836437,0.0,4817000
2025-10-21,0.0,70.6610107421875,0.0,70.96556285165235,70.18671027483947,70.71593022481831,0.0,4708600
2025-10-22,0.0,69.25808715820312,0.0,70.64604416557017,67.95999425347014,70.51124039343472,0.0,7780600
2025-10-23,0.0,70.44633483886719,0.0,70.61608320759129,69.05338042599017,69.1332647000428,0.0,5162600
2025-10-24,0.0,71.88420867919922,0.0,72.21372557310083,71.45983778691668,71.65455093000705,0.0,7029000
2025-10-27,0.0,74.4604263305664,0.0,74.5702653057162,73.52180513135322,73.65660889507049,0.0,4927400
2025-10-28,0.0,75.5837631225586,0.0,76.00314408882394,74.72502631457743,74.99962371564982,0.0,5344800
2025-10-29,0.0,76.27275848388672,0.0,76.55234582003689,74.93972110876703,76.2228289089241,0.0,7443000
2025-10-30,0.0,73.9162368774414,0.0,75.69861022238916,73.88628217523492,75.38906814200928,0.0,7706000
2025-10-31,0.0,74.63017272949219,0.0,75.81842654657875,74.04104334944053,75.80344919747125,0.0,5028400
2025-11-03,0.0,75.2991943359375,0.0,76.19287584878074,74.76996673178344,76.02811738968332,0.0,4294200
2025-11-04,0.0,72.21372985839844,0.0,74.05601996213866,72.04897140167056,73.18729563162356,0.0,7876600
2025-11-05,0.0,73.1623306274414,0.0,73.94119086190007,71.73942915330304,72.05396871686935,0.0,5082000
2025-11-06,0.0,70.42636108398438,0.0,72.85279071518318,70.11681903982534,72.8028687567422,0.0,7409600
2025-11-07,0.0,69.95205688476562,0.0,69.99698893044489,67.40081106491449,69.63252741851855,0.0,9751200
2025-11-10,0.0,73.01753997802734,0.0,73.2721625030972,71.57466376626577,72.02899695449294,0.0,6672200
2025-11-11,0.0,72.62812042236328,0.0,72.90271784822794,71.67951944375834,72.40844248167156,0.0,4370800
2025-11-12,0.0,72.50331115722656,0.0,73.39699273760746,71.7444257295983,73.39699273760746,0.0,5287600
2025-11-13,0.0,69.52268981933594,0.0,71.78436091459645,69.00345728327846,71.6645345055754,0.0,8550000
2025-11-14,0.0,69.59258270263672,0.0,70.63105533398145,66.94148545128917,67.48069283399795,0.0,9982000
2025-11-17,0.0,68.39935302734375,0.0,70.42137922076712,67.54560592587711,69.00346745352812,0.0,8383600
2025-11-18,0.0,66.7367935180664,0.0,68.09479577976708,65.62343400244161,67.46572422752295,0.0,9274400
2025-11-19,0.0,67.49567413330078,0.0,68.91857560430215,66.33737503192893,66.89655732350107,0.0,6362400
2025-11-20,0.0,64.31536102294922,0.0,70.68598364908001,64.11565032762884,70.16674345943109,2.0,7790000
2025-11-21,0.0,65.26395416259766,0.0,66.76174991427628,63.206979959019385,64.66483738556283,0.0,10246000
2025-11-24,0.0,68.62901306152344,0.0,68.91858023815234,66.36234428143644,66.37233172075663,0.0,6323800
2025-11-25,0.0,69.4078598022461,0.0,69.71740183108598,66.79170705116624,68.18965132745458,0.0,6988000
2025-11-26,0.0,70.63604736328125,0.0,71.05543597453791,69.74735580349967,70.24662106711554,0.0,5542200
2025-11-28,0.0,71.70448303222656,0.0,71.72445791126867,70.86572094887926,71.00551462943714,0.0,4196700
2025-12-01,0.0,71.24516296386719,0.0,71.77438300884522,70.16674799399618,70.4463429855137,0.0,3899600
2025-12-02,0.0,72.36351013183594,0.0,72.7429489980509,71.33502488489303,71.75440588726487,0.0,4059600
2025-12-03,0.0,72.68303680419922,0.0,72.852785162692,71.4148987891456,71.78435782073272,0.0,3311300
2025-12-04,0.0,72.51329803466797,0.0,73.03253061700873,71.7743798737812,73.00257591662925,0.0,3357200
2025-12-05,0.0,73.11241149902344,0.0,73.90125158448781,72.68304303777533,72.8428039717693,0.0,3703900
2025-12-08,0.0,72.78289794921875,0.0,73.87130031140104,72.2037483479909,73.4818663519529,0.0,2875400
2025-12-09,0.0,72.99258422851562,0.0,73.16233259957514,72.18377689261018,72.49331893609325,0.0,2782400
2025-12-10,0.0,73.55177307128906,0.0,73.93121198469613,72.0140349198218,72.68304864274391,0.0,4132600
2025-12-11,0.0,73.07247161865234,0.0,73.11241375793087,71.23517130276066,72.67305784405119,0.0,5511400
2025-12-12,0.0,70.23664093017578,0.0,72.56321912884829,69.72739579344122,72.2436896316449,0.0,8015500
2025-12-15,0.0,69.5276870727539,0.0,71.34501256816795,69.25808714671206,71.34501256816795,0.0,5727600
2025-12-16,0.0,69.79728698730469,0.0,70.19670073104822,68.69890490564762,68.99845949981763,0.0,6377200
2025-12-17,0.0,67.18113708496094,0.0,70.19670374231049,67.16116982509979,70.07687732859212,0.0,9929200
2025-12-18,0.0,69.13825988769531,0.0,69.97702959290417,68.64898200359762,69.27805356886607,0.0,5479100
2025-12-19,0.0,70.94560241699219,0.0,71.02547907544232,69.73737368290786,69.75734856115834,0.0,5733500
2025-12-22,0.0,71.56468963623047,0.0,72.13385180024622,71.2351726943834,72.08392983881089,0.0,4336300
2025-12-23,0.0,72.25367736816406,0.0,72.29361950775176,71.23517185413843,71.32504357275677,0.0,4157400
2025-12-24,0.0,72.64622497558594,0.023,72.71614403709712,72.12681970098323,72.176765153751,0.0,2534000
2025-12-26,0.0,72.59627532958984,0.0,72.96585184514828,72.41648237885947,72.76607766622249,0.0,2707500
2025-12-29,0.0,71.87711334228516,0.0,72.3166089753342,71.38767987313938,71.69732036700206,0.0,4585500
2025-12-30,0.0,71.52751159667969,0.0,72.16677375803665,71.48755675901911,71.62739488052807,0.0,2467300
2025-12-31,0.0,70.32889556884766,0.0,71.62739347460148,70.2689595032302,71.56746502958995,0.0,3960500
2026-01-02,0.0,70.01925659179688,0.0,72.23670079279638,69.36002074914148,71.62740278727465,0.0,7355500
2026-01-05,0.0,71.11798095703125,0.0,71.77722435429693,70.85828594047764,71.42762904693157,0.0,5097800
2026-01-06,0.0,72.37653350830078,0.0,72.50638101985021,71.25782087592988,71.40764961732158,0.0,4801600
2026-01-07,0.0,72.50637817382812,0.0,73.40534296628584,72.16677348590301,72.26665676937475,0.0,4126600
2026-01-08,0.0,71.66735076904297,0.0,72.34656777801982,71.0580528218458,72.28663933095328,0.0,4344600
2026-01-09,0.0,73.05574798583984,0.0,73.34541484360888,71.31775445983172,71.84714272311075,0.0,4090000
2026-01-12,0.0,73.18560028076172,0.0,73.55517683808095,72.03693100971725,72.0469140043373,0.0,3879200
2026-01-13,0.0,72.92591094970703,0.0,73.69502072892683,72.36655076239454,73.17562300564435,0.0,4804900
2026-01-14,0.0,71.40765380859375,0.0,72.27665446318657,70.21902966382763,71.99697819382985,0.0,5370100
2026-01-15,0.0,71.85713195800781,0.0,73.1356562569879,71.6473747796382,73.03577297499369,0.0,4026000
2026-01-16,0.0,71.66735076904297,0.0,72.83600121047769,71.17791733658508,72.71614431634461,0.0,4071300
2026-01-20,0.0,68.65083312988281,0.0,70.26896217148492,68.43108532902174,69.23015923507286,0.0,7404900
2026-01-21,0.0,70.45874786376953,0.0,71.43761476167238,68.61088035108618,68.96047567176578,0.0,9095800
2026-01-22,0.0,71.52751159667969,0.0,71.8970881295854,70.84829459766216,71.88709751501874,0.0,4275600
2026-01-23,0.0,71.96701049804688,0.0,72.5663178492883,71.0081095913329,71.23784801328875,0.0,4766500
2026-01-26,0.0,72.57630157470703,0.0,73.05574436194449,71.81717493754105,72.04690571708235,0.0,3777100
2026-01-27,0.0,73.87480163574219,0.0,74.08455881396209,72.9858274715982,73.3554039973795,0.0,3335500
2026-01-28,0.0,74.27434539794922,0.0,75.1333553744339,74.01464275792667,74.88364334919082,0.0,4422900
2026-01-29,0.0,73.43531036376953,0.0,74.43415848287775,70.82832378385494,74.20442768302243,0.0,6630900
2026-01-30,0.0,71.62739562988281,0.0,73.11567715043033,71.05805252332395,72.5063792057929,0.0,6850500
2026-02-02,0.0,72.64622497558594,0.0,73.14564902083906,70.8982408172,70.90822381126863,0.0,4547900
2026-02-03,0.0,70.37883758544922,0.0,73.20557959257782,69.09032259682233,73.10569630474916,0.0,4970500
2026-02-04,0.0,67.90169525146484,0.0,70.04921250863634,66.71306360782394,70.02923890027363,0.0,10802600
2026-02-05,0.0,65.96392822265625,0.0,67.69193113626702,65.43453995871069,66.6431452229615,0.0,12348100
2026-02-06,0.0,68.71075439453125,0.0,69.09031388868304,66.3135176857592,66.61317513208273,0.0,11017200
2026-02-09,0.0,69.74956512451172,0.0,70.22900794822054,67.66196861865262,68.22132874045462,0.0,6467000
2026-02-10,0.0,69.10031127929688,0.0,70.34887139375323,68.99043737957622,69.95932124769134,0.0,3960700
2026-02-11,0.0,69.4399185180664,0.0,70.43876664624726,68.24130381249195,70.19904522925366,0.0,4081200
2026-02-12,0.0,66.6131820678711,0.0,70.03923134748048,66.38344365235521,69.7995023172188,0.0,6782700
2026-02-13,0.0,66.84291076660156,0.0,67.87172305557438,65.66426974356534,66.54326091908074,0.0,4856000
2026-02-17,0.0,66.69307708740234,0.0,67.30237497230442,64.94509310101894,66.07379620941397,0.0,4688200
2026-02-18,0.0,67.67195892333984,0.0,68.58091435422331,66.60319175882131,66.88286800813738,0.0,3790900
2026-02-19,0.0,67.16254425048828,0.0,67.69193252529682,66.56323691335797,67.02270612584475,0.0,3421200
2026-02-20,0.0,68.32121276855469,0.0,68.67080808559645,66.19366140086014,66.39343559674569,0.0,3453200
2026-02-23,0.0,66.67311096191406,0.0,68.12143766490415,66.1337320711202,67.83177842079114,0.0,4681200
2026-02-24,0.0,68.051513671875,0.0,68.32120690803491,66.28355600842795,66.87287268937507,0.0,3174600
2026-02-25,0.0,69.99927520751953,0.0,70.06919426822755,68.78067933180333,68.78067933180333,0.0,2925400
2026-02-26,0.0,68.36116790771484,0.0,69.80949463636044,67.1525625945775,69.7795304119977,0.0,3747000
2026-02-27,0.0,67.91167449951172,0.0,68.11144867514992,66.74302414929926,66.90284348980981,0.0,3752000
2026-03-02,0.0,68.051513671875,0.0,68.46104502285645,65.79412260655256,65.9838985506071,0.0,4495300
2026-03-03,0.0,66.60319519042969,0.0,67.10261926725636,64.41571529533472,65.40458045428832,0.0,6669400
2026-03-04,0.0,68.5709228515625,0.0,69.0803375108529,66.99274104159215,67.1525603937641,0.0,5079700
2026-03-05,0.0,68.1813735961914,0.0,69.05036656799706,66.69308443694048,67.85175189348969,0.0,5983400
2026-03-06,0.0,66.11375427246094,0.0,67.50215243980409,65.80410619773865,66.23361116019338,0.0,6292600
2026-03-09,0.0,67.86174774169922,0.0,68.19136184921413,64.22594097861737,64.86520320373461,0.0,6123900
2026-03-10,0.0,67.83177185058594,0.0,69.07034124617793,67.34233084005064,67.8817096786001,0.0,5540600
2026-03-11,0.0,67.82178497314453,0.0,68.86058787269802,67.24245126790406,68.11145182576476,0.0,5077500
2026-03-12,0.0,65.50446319580078,0.0,67.01271840832287,65.43454413045609,66.70307792188304,0.0,5388300
2026-03-13,0.0,64.6854019165039,0.0,66.85290035822764,64.43568990375401,65.99389042471951,0.0,5815100
2026-03-16,0.0,66.11375427246094,0.0,66.88286391096528,65.84406103385139,66.04383521441508,0.0,3004600
2026-03-17,0.0,66.77298736572266,0.0,67.332347428487,66.4533563101168,66.71305892423577,0.0,3213900
2026-03-18,0.0,64.87518310546875,0.0,66.71306763050634,64.8252452712478,66.35348169344697,0.0,4568200
2026-03-19,0.0,64.4556655883789,0.0,65.07495414336938,63.18712806550255,63.70652952599308,0.0,5470700
2026-03-20,0.0,62.058433532714844,0.0,64.04614292865915,61.299306842788155,64.01617108434372,0.0,7178100
2026-03-23,0.0,63.50676345825195,0.0,64.98505436547458,63.047290440536095,64.00618750377969,0.0,19902000
2026-03-24,0.0,62.567840576171875,0.0,63.44682791769784,62.168303646607626,62.76761094610544,0.0,5354100
2026-03-25,0.0,63.370086669921875,0.013,64.17931913474219,62.96047409322068,63.69977298234281,0.0,3108400
2026-03-26,0.0,60.372920989990234,0.0,62.70071820061399,60.30298741356125,62.27112786444765,0.0,5020800
2026-03-27,0.0,57.99517059326172,0.0,59.76349927280148,57.775380976395724,59.713547260381674,0.0,7692800
2026-03-30,0.0,57.10601043701172,0.0,59.11411025216677,56.54653800255989,58.964254218522036,0.0,8459000
2026-03-31,0.0,60.9423828125,0.0,61.24209868706396,58.2948843298144,58.31486589626455,0.0,9515200
2026-04-01,0.0,62.43097686767578,0.0,63.16028689024975,61.64172214599243,61.841533998596255,0.0,6712200
2026-04-02,0.0,62.54086685180664,0.0,62.750671383366,59.76349404442444,60.20307705079401,0.0,5847700
2026-04-06,0.0,63.2901611328125,0.0,63.74972953551607,62.480928658694516,62.8006260973006,0.0,5359900
2026-04-07,0.0,63.33012390136719,0.0,63.380075911282105,61.1122195990795,62.660758584100364,0.0,5676600
2026-04-08,0.0,67.01663970947266,0.0,67.88581305064814,66.2273850093999,67.646041882964,0.0,5157600
2026-04-09,0.0,67.94576263427734,0.0,68.04566665387746,66.38723096420074,67.0266258362672,0.0,3493200
2026-04-10,0.0,68.12559509277344,0.0,68.71503416275871,67.80589764653654,68.30542538266846,0.0,4318400
2026-04-13,0.0,69.52426147460938,0.0,69.57421729337474,67.47620248242151,67.82587034721575,0.0,3796300
2026-04-14,0.0,72.03189086914062,0.0,72.04188355708318,70.16366219982348,70.16366219982348,0.0,14742700
2026-04-15,0.0,74.04000091552734,0.0,74.1099344929958,71.95197103593192,72.17176445717232,0.0,4557900
2026-04-16,0.0,74.72935485839844,0.0,75.16893409771914,73.5504690570505,74.4795909820297,0.0,3949400
2026-04-17,0.0,76.65753173828125,0.0,76.95724381445795,75.55856459240098,75.92821787075967,0.0,5542400
2026-04-20,0.0,76.19795989990234,0.0,76.62755407130459,75.17892664007232,76.46770915427905,0.0,4289200
2026-04-21,0.0,75.59851837158203,0.0,76.97721966681992,75.10898337220867,76.54762555082642,0.0,6332200
2026-04-22,0.0,78.10615539550781,0.0,78.16609628341497,76.57760177636965,76.95724010342866,0.0,4155900
2026-04-23,0.0,77.22698974609375,0.0,78.53574995347937,75.8283105841903,77.73650254033791,0.0,5395800
2026-04-24,0.0,80.1642074584961,0.0,80.29408954565781,78.41586041478672,78.86543994219633,0.0,4817100
2026-04-27,0.0,80.21416473388672,0.0,80.25412786741555,79.36496910741717,79.98437862164307,0.0,3866600
2026-04-28,0.0,78.59569549560547,0.0,79.08523818568143,77.69654400812671,78.54574729319417,0.0,3800200
2026-04-29,0.0,79.56478118896484,0.0,79.57477387840103,78.35592492160244,78.82548223664998,0.0,5793000
2026-04-30,0.0,80.97344970703125,0.0,81.24319133288219,78.5757150304705,80.46392927799234,0.0,4916100
2026-05-01,0.0,82.52198028564453,0.0,82.97155982039261,81.24319050377935,81.34309452632725,0.0,4503300
2026-05-04,0.0,82.20227813720703,0.0,83.16137041873417,81.25317854401949,82.6418649578941,0.0,4732800
2026-05-05,0.0,84.31028747558594,0.0,84.61000715469707,83.34120248493974,83.43112143754831,0.0,3972100
2026-05-06,0.0,87.76702117919922,0.0,87.85694013469306,85.52913906917578,85.85882920233934,0.0,5090100
2026-05-07,0.0,87.57720184326172,0.0,89.18567405828689,86.80792490084431,87.99680329065959,0.0,7225600
2026-05-08,0.0,91.63336944580078,0.0,91.65334720155082,88.7261143530205,88.8160333093666,0.0,3645200
2026-05-11,0.0,92.17285919189453,0.0,92.52252707966356,91.07389970653976,91.43355266096769,0.0,3982000
2026-05-12,0.0,90.60433959960938,0.0,91.36361624022574,87.88690760404667,90.84411076916254,0.0,5528200
2026-05-13,0.0,92.46258544921875,0.0,93.02205406516111,89.98492456598157,91.29368477349884,0.0,3761500
2026-05-14,0.0,93.81130981445312,0.0,94.39076381425978,92.38266019268889,92.49255690376216,0.0,4528700
2026-05-15,0.0,90.94402313232422,0.0,92.55250313577743,90.07484970462443,91.24374283840682,0.0,6414500
2026-05-18,0.0,90.11479949951172,0.0,91.72327940089325,88.36645244341773,91.62337537926838,0.0,6049100
2026-05-19,0.0,89.04580688476562,0.0,90.29462616038485,87.43732704799302,88.5862423060003,0.0,4158100
2026-05-20,0.0,91.96305847167969,0.0,91.96305847167969,89.59529427900047,89.97493261117418,0.0,3884100
2026-05-21,0.0,92.29273986816406,0.0,92.95212012482284,90.33459209783186,90.87408295631954,0.0,3999800
2026-05-22,0.0,93.0120620727539,0.0,94.23091095705777,92.64241642967663,93.1818996721239,0.0,4042000
2026-05-26,0.0,96.30894470214844,0.0,96.55870855893711,94.7504130526993,95.2099852567159,0.0,4142400
2026-05-27,0.0,96.0991439819336,0.0,97.04824358890299,95.060125422978,97.01827314563693,0.0,4035800
2026-05-28,0.0,97.6976318359375,0.0,97.96737344943872,95.3098899577092,96.15908555243595,0.0,3614200
2026-05-29,0.0,98.36700439453125,0.0,99.25616318679945,97.58774231790866,98.29707081386483,0.0,4821500
2026-06-01,0.0,99.535888671875,0.0,100.31515830149645,97.74757855682708,98.06728360827462,0.0,4830700
2026-06-02,0.0,100.43504333496094,0.0,100.50497691168901,98.59678496257278,99.46595832730901,0.0,3891700
2026-06-03,0.0,99.90554809570312,0.0,101.09442655714228,99.06634515034966,100.75474373007891,0.0,4401500
2026-06-04,0.0,98.92646026611328,0.0,99.68574448829901,96.7884823650164,97.56775196320545,0.0,4130800
2026-06-05,0.0,89.4554214477539,0.0,96.48877237976023,89.19566490949168,96.08914869524632,0.0,8437900
2026-06-08,0.0,92.1628646850586,0.0,93.94118215536653,91.45353623466544,92.62242927451663,0.0,6023600
2026-06-09,0.0,90.03487396240234,0.0,94.63052720499441,84.52008397354172,93.93118386278599,0.0,10184800
2026-06-10,0.0,86.42829132080078,0.0,90.89407051589188,86.23846834135311,88.43638733860531,0.0,7232200
2026-06-11,0.0,92.09293365478516,0.0,92.57248363480048,86.7579734741887,87.82697014584394,0.0,6688400
2026-06-12,0.0,93.29180145263672,0.0,93.98115219860871,90.71424401111062,92.38266489551808,0.0,7289100
2026-06-15,0.0,99.08631896972656,0.0,99.3460755186686,97.4478686558241,97.59772849645174,0.0,4768600
2026-06-16,0.0,95.36982727050781,0.0,99.18621858166212,95.29989369761445,98.67669819504604,0.0,3520400
2026-06-17,0.0,93.47162628173828,0.0,96.86841636593277,93.02205437417517,96.73854190028278,0.0,5566100
2026-06-18,0.0,97.8175277709961,0.0,98.35701103406218,95.9792616854407,97.17812523788092,0.0,3727200
2026-06-22,0.0,97.58773803710938,0.0,99.54588583206139,96.62864570624645,98.63674932327822,0.0,3493600
2026-06-23,0.0,91.13384246826172,0.0,93.73138520217363,90.72422606117921,91.65334796616872,0.0,5692200
2026-06-24,0.0,90.34505462646484,0.061,92.71439546766403,88.77548835578337,91.56471141855098,0.0,4405200
2026-06-25,0.0,91.74466705322266,0.0,94.44392639809234,88.9554438377904,94.19399540100935,0.0,4754900
2026-06-26,0.0,89.09540557861328,0.0,91.49473707551084,88.27563220413923,89.36532770246318,0.0,4520400
2026-06-29,0.0,93.65414428710938,0.0,93.76411453689562,88.88546418032583,91.09485329707785,0.0,4209300
2026-06-30,0.0,96.73329162597656,0.0,97.13318273179944,93.61415015330437,93.66413940176538,0.0,3942000
2026-07-01,0.0,93.87408447265625,0.0,95.62360146049008,93.71412497266998,94.90379896512938,0.0,4558100
2026-07-02,0.0,90.58499145507812,0.0,95.26370003910256,89.27535546730581,93.94406467577714,0.0,6283700
2026-07-06,0.0,93.11428833007812,0.0,93.95406041640791,92.02459288289997,92.37449474083385,0.0,2936200
2026-07-07,0.0,89.66524505615234,0.0,91.45475187266013,88.51556096844986,90.88490951646514,0.0,4543600
2026-07-08,0.0,90.11511993408203,0.0,90.35505155626927,87.51583908306885,88.53555419783117,0.0,4867500
2026-07-09,0.0,93.11428833007812,0.0,93.39420981642523,91.10484104981717,91.87463276456018,0.0,2926500
2026-07-10,0.0,93.67413330078125,0.0,93.91407254615805,91.4947347326513,92.43447770882224,0.0,2857700
2026-07-13,0.0,90.10511779785156,0.0,91.91462335258764,89.67523618982226,91.64469361201957,0.0,5029600
2026-07-14,0.0,92.10456848144531,0.0,92.77438935169252,90.75494261998443,92.25452860544958,0.0,3908600
2026-07-15,0.0,91.584716796875,0.0,93.28424455610437,89.7052384114799,93.14428380545202,0.0,4532900
2026-07-16,0.0,88.5455551147461,0.0,90.53500375572796,87.73578110871249,90.11512150276897,0.0,4334400
2026-07-17,0.0,85.88629150390625,0.0,87.62580910806851,83.74687515164047,84.95654788960958,0.0,5352100
2026-07-20,0.0,86.0062484741211,0.0,88.43557792901623,85.92626872917508,87.57581473906728,0.0,3420000
2026-07-21,0.0,89.20537567138672,0.0,89.4752977947605,87.71578142315562,88.63553329778539,0.0,2825000
2026-07-22,0.0,88.25563049316406,0.0,89.345333582233,87.8457476333171,87.87573813192924,0.0,2507100
2026-07-23,0.0,84.9765396118164,0.0,86.60608697854845,83.87684474229772,85.6163623587105,0.0,5985900
2026-07-24,0.0,82.97708892822266,0.0,85.05651660179242,82.567198442298,84.51666474650285,0.0,4115500
2026-07-27,0.0,82.45723724365234,0.0,84.91655731969206,80.96764302149298,84.79658769624305,0.0,4033400
2026-07-28,0.0,80.8476791381836,0.0,81.79741384629803,79.02818184176537,81.02762975551236,0.0,5230500
2026-07-29,0.0,77.55858612060547,0.0,81.91738316678553,77.42861712522351,80.85767058982644,0.0,8074300
2026-07-30,0.0,82.65718078613281,0.0,83.01708203701712,80.24784228034005,80.58775240719248,0.0,5777700
2026-07-31,0.0,83.64690399169922,0.0,85.56637221228794,81.76742564578385,84.66662672764797,0.0,7395200
2026-08-03,0.0,86.5960922241211,0.0,86.96598520812596,83.15703935848295,83.7568722094623,0.0,4177400
2026-08-04,0.0,92.43447875976562,0.0,92.92434137689105,88.44558219430965,88.6055340657575,0.0,5541100
2026-08-05,0.0,90.77494049072266,0.0,93.66414218451581,90.69496074172422,93.08430044521005,0.0,4812900
2026-08-06,0.0,90.10511779785156,0.0,91.28479237612115,88.56554198368356,89.11539321277517,0.0,4441300
2026-08-07,0.0,92.1845474243164,0.0,92.33450754700804,90.54500070474211,91.47474431268388,0.0,4855400
2026-08-10,0.0,91.60470581054688,0.0,92.59443804530078,91.48474381405939,92.00459692917877,0.0,3544000
2026-08-11,0.0,90.95488739013672,0.0,92.23453281258973,90.33505580169738,92.22453343755197,0.0,2804900
2026-08-12,0.0,92.29451751708984,0.0,93.20426999987585,92.11456689562056,93.12429025093647,0.0,3455100
2026-08-13,0.0,94.40393829345703,0.0,94.91379967270764,92.39449090358958,92.65442128107073,0.0,4060500
2026-08-14,0.0,94.12401580810547,0.0,94.97377967978261,93.42420443409169,94.73384805623243,0.0,2800200
2026-08-17,0.0,93.81409454345703,0.0,95.01376789482454,93.65414267298122,94.60387740226959,0.0,2850100
2026-08-18,0.0,90.6249771118164,0.0,91.78465292146953,90.21508663339412,91.314781447098,0.0,3872600
2026-08-19,0.0,90.22509002685547,0.0,91.61470576168433,89.37532616147857,91.34478364060273,0.0,2973400
2026-08-20,0.0,88.92544555664062,0.0,89.92516954323484,88.33561206564862,89.23536517904115,0.0,3857100
2026-08-21,0.0,89.50528717041016,0.0,90.075129536856,88.46557331057606,89.97515866379841,0.0,2571000
2026-08-24,0.0,87.69578552246094,0.0,88.58553922177244,86.8160235709343,88.54554934876774,0.0,3890200
2026-08-25,0.0,88.7754898071289,0.0,89.6052548888543,87.98570697138798,88.9354416729321,0.0,2925800
2026-08-26,0.0,88.90545654296875,0.0,89.3553292966978,88.09568253534091,88.21564453511458,0.0,3281500
2026-08-27,0.0,91.35477447509766,0.0,91.42475484855136,89.74521825837392,90.36504987131288,0.0,3731700
2026-08-28,0.0,90.14511108398438,0.0,92.11456858073554,89.81520033404063,90.99487495696683,0.0,3702900
2026-08-31,0.0,90.215087890625,0.0,90.40503788349595,89.30534305446682,89.80520503377902,0.0,2853700
2026-09-01,0.0,87.8957290649414,0.0,89.06540427201413,87.17592659065402,87.83574806784696,0.0,5051000
2026-09-02,0.0,88.2856216430664,0.0,88.41559064106258,87.26590654628804,87.75576915757352,0.0,2406400
2026-09-03,0.0,90.35504913330078,0.0,90.67496049673457,88.38559933086405,88.67551256845123,0.0,4711700
2026-09-04,0.0,90.65496826171875,0.0,91.37477072743968,90.04513604088787,90.75493913144922,0.0,3151700
2026-09-08,0.0,90.50501251220703,0.0,91.36477576250958,89.78521001174083,91.11484476247486,0.0,3991200
2026-09-09,0.0,89.95516967773438,0.0,90.80493355985016,89.3853272977472,89.95516967773438,0.0,2641500
2026-09-10,0.0,87.99569702148438,0.0,88.85546021204284,87.56581542620515,87.68578504370922,0.0,6294800
2026-09-11,0.0,89.52528381347656,0.0,90.1950970372089,89.21536419881993,89.725225554884,0.0,3360100
2026-09-14,0.0,88.07568359375,0.0,89.00542722643365,86.45613558198995,86.6160874571059,0.0,3904300
2026-09-15,0.0,86.93599700927734,0.0,88.14566211848185,86.68606601248412,87.95571974747534,0.0,2665600
2026-09-16,0.0,86.93599700927734,0.0,88.70551273785499,85.7863128985708,87.75577037366753,0.0,3945900
2026-09-17,0.0,89.91517639160156,0.0,90.20509725846338,89.06540491442891,89.74521751979387,0.0,2837100
2026-09-18,0.0,90.97488403320312,0.0,91.09485365907089,89.4553069086556,90.38505053408649,0.0,3451100
2026-09-21,0.0,96.24342346191406,0.0,96.70330320120802,92.8243693070339,92.83436868239819,0.0,4420700
2026-09-22,0.0,97.79299926757812,0.0,98.02293913863025,96.10346330325332,96.10346330325332,0.0,3678400
2026-09-23,0.0,96.16000366210938,0.027,97.70999908447266,95.37999725341797,97.68000030517578,0.0,3835700
2026-09-24,0.0,96.0999984741211,0.0,96.5,94.44999694824219,94.5999984741211,0.0,3633900
2026-09-25,0.0,96.94999694824219,0.0,97.31999969482422,95.69999694824219,96.5199966430664,0.0,3219100
2026-09-28,0.0,94.87000274658203,0.0,96.12000274658203,93.5999984741211,95.87999725341797,0.0,3881500
2026-09-29,0.0,95.22000122070312,0.0,95.9000015258789,94.55000305175781,95.80999755859375,0.0,2920400
2026-09-30,0.0,95.6500015258789,0.0,97.04000091552734,95.61000061035156,95.77999877929688,0.0,3684300
2026-10-01,0.0,96.23999786376953,0.0,96.91000366210938,94.75,96.41000366210938,0.0,5192900
