Date,Capital Gains,Close,Dividends,High,Low,Open,Stock Splits,Volume
2020-01-02,0.0,207.87225341796875,0.0,207.87225341796875,205.7758287596099,206.1797238573661,0.0,30969400
2020-01-03,0.0,205.96815490722656,0.0,207.20870345937038,205.10266751986234,205.1219048119995,0.0,27518900
2020-01-06,0.0,207.29525756835938,0.0,207.32410617084366,204.10255661213913,204.35258272492132,0.0,21655300
2020-01-07,0.0,207.2664337158203,0.0,207.8530464926408,206.61251241641742,207.37221682881275,0.0,22139300
2020-01-08,0.0,208.8242645263672,0.0,209.77631230347006,206.91057233761165,207.23753290494886,0.0,26397300
2020-01-09,0.0,210.59375,0.0,210.99764509645493,209.3628274183027,210.54566410604605,0.0,23547000
2020-01-10,0.0,210.0552215576172,0.0,211.44001321634363,209.68017503952507,211.42079059657365,0.0,21898500
2020-01-13,0.0,212.47860717773438,0.0,212.50745578117437,210.5841372918104,210.92072389695133,0.0,22756900
2020-01-14,0.0,211.6419677734375,0.0,212.7286474126699,211.3150071528075,212.37282351492027,0.0,24418100
2020-01-15,0.0,211.728515625,0.0,212.71902348006546,211.03611979007482,211.75736422864225,0.0,25742100
2020-01-16,0.0,213.75758361816406,0.0,213.7960581994739,212.3343322585216,212.78631320951504,0.0,18805000
2020-01-17,0.0,214.8154296875,0.0,214.98852129437338,213.60372974436868,214.7192579011785,0.0,24325200
2020-01-21,0.0,214.71926879882812,0.0,215.25779561254973,214.12304477988707,214.21920189733441,0.0,21146300
2020-01-22,0.0,215.28665161132812,0.0,216.5175742774816,215.0173881952168,215.80595582365405,0.0,20736400
2020-01-23,0.0,215.9790496826172,0.0,216.07522147811991,214.1615142681597,215.1616481158672,0.0,26496100
2020-01-24,0.0,214.1614990234375,0.0,217.219582882919,213.17099123004135,216.9887793943953,0.0,37436500
2020-01-27,0.0,209.73789978027344,0.0,210.87265071401254,208.85316030891792,209.32437864977507,0.0,42264400
2020-01-28,0.0,212.95944213867188,0.0,213.44989775695828,210.66107707321532,211.21884120996393,0.0,26731900
2020-01-29,0.0,213.3056182861328,0.0,214.3826718616193,212.36319640758214,214.14225706896573,0.0,28924500
2020-01-30,0.0,214.0653533935547,0.0,214.16151051361587,211.26692147430174,211.9304686998726,0.0,39568100
2020-01-31,0.0,210.67066955566406,0.0,214.98850959468982,209.92056194543707,214.95966099511418,0.0,52015800
2020-02-03,0.0,213.85379028320312,0.0,214.3442312217576,211.55542524575202,211.69966826481047,0.0,25408600
2020-02-04,0.0,218.74864196777344,0.0,219.1236885075195,216.03675570056626,216.77723746961846,0.0,30691200
2020-02-05,0.0,219.4698944091797,0.0,221.42206168356418,218.15242581702302,221.38360176665202,0.0,38534800
2020-02-06,0.0,221.36434936523438,0.0,221.4220465735438,219.23907592538316,220.0180175850722,0.0,22467100
2020-02-07,0.0,220.4122772216797,0.0,221.6047398663341,219.77757865240778,220.37381731161216,0.0,25884900
2020-02-10,0.0,223.07611083984375,0.0,223.08572215037094,219.6237574459927,219.68145465666888,0.0,21478900
2020-02-11,0.0,223.1145782470703,0.0,225.0475229121619,222.5279654625722,224.30704111152332,0.0,30198000
2020-02-12,0.0,225.2878875732422,0.0,225.39367066406012,223.8742474840179,224.43201153798938,0.0,24471300
2020-02-13,0.0,224.99945068359375,0.0,225.9226354890243,223.45117846476495,223.72044192249535,0.0,22773200
2020-02-14,0.0,225.6437225341797,0.0,225.8552887399871,224.5955174887056,225.3552218286464,0.0,23438500
2020-02-18,0.0,225.7303009033203,0.0,226.1534333759682,224.30704913748804,224.54746398115094,0.0,24394500
2020-02-19,0.0,227.8939971923828,0.0,228.36521549138124,226.8073322550575,227.0765956619837,0.0,22230500
2020-02-20,0.0,225.77838134765625,0.0,227.86518037934215,222.9895750981008,227.39397668836102,0.0,42604000
2020-02-21,0.0,221.44129943847656,0.0,225.03789596438483,220.52772600390787,224.65323809943703,0.0,66017200
2020-02-24,0.0,212.9017333984375,0.0,215.65207934515198,211.81505378796396,213.18060811482846,0.0,84522600
2020-02-25,0.0,207.11257934570312,0.0,215.40209331436807,206.5067439045985,214.69046007903367,0.0,97743000
2020-02-26,0.0,208.17999267578125,0.0,211.8343008016856,206.6605692828195,208.40118487087628,0.0,79537700
2020-02-27,0.0,197.75559997558594,0.0,208.12228511788928,197.62096827271532,202.81392215344522,0.0,121822600
2020-02-28,0.0,197.90945434570312,0.0,199.22692267455764,190.57199039711077,191.0239713677222,0.0,148173700
2020-03-02,0.0,208.12228393554688,0.0,208.26654162093126,198.04409954915047,200.8713799671269,0.0,112933900
2020-03-03,0.0,201.44837951660156,0.0,211.1899926050038,199.6596926897097,208.78584443303924,0.0,131953500
2020-03-04,0.0,209.85330200195312,0.0,209.95908511612862,203.26592966433486,205.14117711324192,0.0,73086200
2020-03-05,0.0,203.4774627685547,0.0,208.0645811746894,202.0445999787827,204.5352937381051,0.0,78705500
2020-03-06,0.0,200.04437255859375,0.0,201.13103759413244,195.1302929274208,196.82280802017806,0.0,89828400
2020-03-09,0.0,186.14840698242188,0.0,193.4473979099486,184.74437787829106,186.06184648907126,0.0,116424000
2020-03-10,0.0,196.2843017578125,0.0,196.46701939257895,186.2541865324748,193.39932354257274,0.0,100599200
2020-03-11,0.0,187.73512268066406,0.0,193.05309723636302,185.3405858308963,191.7067801363465,0.0,89168800
2020-03-12,0.0,170.5214080810547,0.0,183.46533206523446,170.155972907254,175.10851167650665,0.0,137820700
2020-03-13,0.0,184.9655303955078,0.0,187.02348053426638,171.30036113041734,179.89759688374923,0.0,134882000
2020-03-16,0.0,162.8089141845703,0.0,177.5992234918401,162.67428247633464,167.4729527492574,0.0,92054400
2020-03-17,0.0,175.15660095214844,0.0,177.32033408854338,163.27049300260214,168.7423360375527,0.0,121257100
2020-03-18,0.0,169.8290557861328,0.0,172.3485987167,160.40479073822738,165.0303701010659,0.0,114156300
2020-03-19,0.0,170.84840393066406,0.0,176.45487971146454,165.04959921429082,168.95393383407037,0.0,120896500
2020-03-20,0.0,164.1552734375,0.0,175.8586677718469,163.57828654273192,174.77200251684195,0.0,118983900
2020-03-23,0.0,164.27378845214844,0.363,167.88769601070916,158.9444659104989,164.71708621118316,0.0,124639800
2020-03-24,0.0,176.99473571777344,0.0,177.15856442508598,171.4919528085072,173.3808282490425,0.0,94881800
2020-03-25,0.0,175.68405151367188,0.0,182.63238112970294,173.44824087496102,177.72710870040686,0.0,88754900
2020-03-26,0.0,184.93563842773438,0.0,185.7258863841862,176.94650216043672,177.1970610538119,0.0,79887600
2020-03-27,0.0,178.57522583007812,0.0,183.5961399441674,177.95845284758843,180.14606101851234,0.0,58845000
2020-03-30,0.0,185.07058715820312,0.0,185.504267778362,179.57745125479065,180.27132260101388,0.0,49356900
2020-03-31,0.0,183.4901123046875,0.0,188.16410491571844,182.33366492098668,184.7622147202768,0.0,62659300
2020-04-01,0.0,175.69366455078125,0.0,180.84951003530333,174.2962904032541,178.0643935298102,0.0,53715400
2020-04-02,0.0,179.25946044921875,0.0,183.20104043794834,174.4023747881219,174.6625802697072,0.0,56465300
2020-04-03,0.0,176.71522521972656,0.0,180.2809584797586,174.71070974925732,178.81611742344936,0.0,47487600
2020-04-06,0.0,189.34942626953125,0.0,190.47696335647933,182.32399835700147,183.5671757487575,0.0,64763500
2020-04-07,0.0,189.2723846435547,0.0,195.3052105755976,188.88690704180706,195.02572681505686,0.0,69904500
2020-04-08,0.0,193.29103088378906,0.0,193.8692471906298,189.05070444182948,190.95884325294728,0.0,45940400
2020-04-09,0.0,193.5704803466797,0.0,195.84483288265525,191.80689211409904,195.00641123463416,0.0,68252600
2020-04-13,0.0,195.66172790527344,0.0,196.0375736173328,191.5370568634339,192.74169244119133,0.0,42853900
2020-04-14,0.0,204.17132568359375,0.0,204.78809866313102,198.92874800501315,199.7093496988776,0.0,63959600
2020-04-15,0.0,201.8294677734375,0.0,204.142377038588,199.60330345068607,200.91394762276386,0.0,47036000
2020-04-16,0.0,205.51089477539062,0.0,206.5902438899382,202.0800939141254,204.0075114501197,0.0,64657400
2020-04-17,0.0,207.47683715820312,0.0,208.65256293503575,204.38334050172213,208.32490551002405,0.0,62863200
2020-04-20,0.0,205.01934814453125,0.0,208.04539219556722,204.8555194668825,205.61684269890014,0.0,38249100
2020-04-21,0.0,197.4542694091797,0.0,203.4967269058815,196.2400017750931,202.95705240184301,0.0,72932800
2020-04-22,0.0,203.3135986328125,0.0,204.64352116792185,200.7694085906636,201.51146830858954,0.0,40089100
2020-04-23,0.0,202.87994384765625,0.0,206.6576798929646,202.47518798976893,204.10384321375844,0.0,43278500
2020-04-24,0.0,206.07943725585938,0.0,206.5227496686499,201.89694558768815,203.31359836320192,0.0,34231900
2020-04-27,0.0,207.73704528808594,0.0,208.76822065683402,206.71551641756815,208.3441864754807,0.0,36451700
2020-04-28,0.0,203.82435607910156,0.0,209.4331468367117,203.5448870728922,209.4331468367117,0.0,46862800
2020-04-29,0.0,211.05215454101562,0.0,211.98695293159466,207.33223926547072,208.34413609811057,0.0,48716400
2020-04-30,0.0,210.96543884277344,0.0,212.05441948747637,209.46205588157096,211.96768924856667,0.0,43359500
2020-05-01,0.0,205.01934814453125,0.0,208.80671542758486,203.99780479944727,206.71546978226925,0.0,48795000
2020-05-04,0.0,207.40939331054688,0.0,207.63104220025195,203.45818164956526,203.78585379242324,0.0,32841000
2020-05-05,0.0,209.7608184814453,0.0,212.1508117043005,208.9802168642444,209.5488014119554,0.0,37783100
2020-05-06,0.0,211.05215454101562,0.0,213.01811334598153,210.19445459249738,211.43763204629545,0.0,36455200
2020-05-07,0.0,213.7698516845703,0.0,214.64681534695148,212.42065080278329,213.7698516845703,0.0,38624800
2020-05-08,0.0,216.6995086669922,0.0,216.83442727798635,214.40587757506572,215.4370527987556,0.0,31852300
2020-05-11,0.0,218.63658142089844,0.0,219.6581102590585,215.14796073849664,215.37925611327955,0.0,35714100
2020-05-12,0.0,214.05897521972656,0.0,219.8219639270726,214.03006513465863,219.2341010223108,0.0,41054100
2020-05-13,0.0,211.37982177734375,0.0,216.4585697598256,208.84527838678977,214.57934109990154,0.0,65521200
2020-05-14,0.0,213.77947998046875,0.0,213.81802185416308,208.151425299421,210.0595642053532,0.0,51549300
2020-05-15,0.0,215.16720581054688,0.0,215.22502596905915,210.4064833593682,210.84014925323538,0.0,55747200
2020-05-18,0.0,219.1762237548828,0.0,220.38085941647813,217.28736327231547,218.0679648282252,0.0,42398100
2020-05-19,0.0,218.62693786621094,0.0,221.5084319304571,218.4823874553903,219.43644957685967,0.0,36237300
2020-05-20,0.0,222.99252319335938,0.0,223.34909065508415,221.1518363138668,221.17111460248114,0.0,37417000
2020-05-21,0.0,220.56394958496094,0.0,223.71528035299974,220.05318527976195,223.040687374909,0.0,43642900
2020-05-22,0.0,221.3253631591797,0.0,221.52773376927453,219.24374865374375,220.15926905876455,0.0,28762400
2020-05-26,0.0,220.72781372070312,0.0,225.093427255723,220.48688656803228,224.89104197726786,0.0,33055300
2020-05-27,0.0,221.9324188232422,0.0,222.04807383996396,215.81287881385668,220.39049408218747,0.0,55665600
2020-05-28,0.0,221.64334106445312,0.0,224.99704279722127,220.73745264867057,220.79527281052464,0.0,42784300
2020-05-29,0.0,224.89100646972656,0.0,225.12230179358139,220.45794167849934,222.01915938072713,0.0,50691800
2020-06-01,0.0,225.5656280517578,0.0,225.94147381003964,223.58039072826787,224.02370314561293,0.0,25776000
2020-06-02,0.0,227.0786590576172,0.0,227.13647922003233,223.59002397330252,225.98966364871228,0.0,33383400
2020-06-03,0.0,228.1001739501953,0.0,228.85186542597955,226.8088080512865,227.68577163635135,0.0,37228700
2020-06-04,0.0,226.50042724609375,0.0,229.16025764324337,225.19941477611428,227.75325134588397,0.0,38716100
2020-06-05,0.0,230.99136352539062,0.0,231.57922647879383,227.07870816881777,227.64729282890454,0.0,47365600
2020-06-08,0.0,232.78382873535156,0.0,232.90910086117952,229.2759298166538,230.8467649260939,0.0,32937300
2020-06-09,0.0,234.47032165527344,0.0,235.31837528293485,231.74302436267436,231.92613136223463,0.0,35046300
2020-06-10,0.0,237.2843475341797,0.0,238.82628727279214,235.63639925472478,236.15681016614303,0.0,58084400
2020-06-11,0.0,225.52708435058594,0.0,234.74976774675312,225.46926418901526,233.37167154589946,0.0,72919400
2020-06-12,0.0,227.31961059570312,0.0,231.6755632886633,223.32985720567382,230.41310725705182,0.0,72034800
2020-06-15,0.0,230.08541870117188,0.0,230.7600117521702,223.0696215607382,224.004420040345,0.0,45307400
2020-06-16,0.0,234.03660583496094,0.0,235.5207103959529,230.4226991031365,234.9328476460418,0.0,48890100
2020-06-17,0.0,234.77867126464844,0.0,236.59044803668823,233.9209712469323,235.53036275410633,0.0,34749300
2020-06-18,0.0,235.41476440429688,0.0,235.6556915837433,233.68973226967276,234.4606874798789,0.0,30578600
2020-06-19,0.0,235.37615966796875,0.0,238.0359897249326,233.6511132889948,237.77578432321113,0.0,49422100
2020-06-22,0.0,238.19895935058594,0.424,238.32444930956873,234.95526707943029,235.2448706236963,0.0,24068700
2020-06-23,0.0,240.22630310058594,0.0,242.45633919542195,239.24162140325586,239.79188297169324,0.0,32767400
2020-06-24,0.0,235.27386474609375,0.0,240.69932096311024,233.77751581371916,239.4732785143209,0.0,46032400
2020-06-25,0.0,237.5135040283203,0.0,237.81277081183103,232.79277527371983,235.36070111061142,0.0,36940800
2020-06-26,0.0,231.9046630859375,0.0,237.44597535485494,231.38334721283258,237.27219848695387,0.0,52824600
2020-06-29,0.0,234.43394470214844,0.0,234.4436079737528,229.13399376148874,231.66329618153986,0.0,34377800
2020-06-30,0.0,239.02920532226562,0.0,239.56981827910502,234.1829710638583,234.36639647362844,0.0,38909200
2020-07-01,0.0,241.81910705566406,0.0,242.81345165870567,238.52714321461437,239.0677560398881,0.0,34689200
2020-07-02,0.0,243.46038818359375,0.0,245.4683902784778,242.99700761726746,244.26165931260536,0.0,31956500
2020-07-06,0.0,249.44569396972656,0.0,249.96698034351476,246.588134879684,246.60744669261595,0.0,34589000
2020-07-07,0.0,247.72731018066406,0.0,251.8495209802409,247.42804333316477,249.19471352189706,0.0,36578200
2020-07-08,0.0,250.99032592773438,0.0,251.0192862865019,247.62114319258083,249.04992296791085,0.0,30426300
2020-07-09,0.0,253.1044921875,0.0,253.77060982583646,248.7120046523325,252.90176969880503,0.0,40312900
2020-07-10,0.0,254.83253479003906,0.0,255.08354417496147,250.28558227351633,252.95968659760723,0.0,32885300
2020-07-13,0.0,249.59056091308594,0.0,260.45113845416057,248.76997805107544,257.6708258898531,0.0,64108100
2020-07-14,0.0,251.3571014404297,0.0,251.76257580284175,244.01052644619142,247.07079286037228,0.0,72230500
2020-07-15,0.0,251.86878967285156,0.0,253.5968360364418,248.57682526024888,252.7665901141447,0.0,54523900
2020-07-16,0.0,250.15037536621094,0.0,250.78753254022627,246.771530312645,249.08844674285206,0.0,47594100
2020-07-17,0.0,250.44003295898438,0.0,251.2992097515547,248.26791806810806,250.60413180802655,0.0,35137900
2020-07-20,0.0,257.5452880859375,0.0,258.1727821487989,249.83187498850995,251.07719984118611,0.0,40610100
2020-07-21,0.0,254.86151123046875,0.0,259.11886046477593,254.02163141861445,259.10919719207044,0.0,43243800
2020-07-22,0.0,255.75936889648438,0.0,256.6861594473519,253.4617485302482,255.3539238090332,0.0,29865500
2020-07-23,0.0,249.07884216308594,0.0,256.05855262336553,247.66935970613696,255.35384085608533,0.0,51363500
2020-07-24,0.0,246.71365356445312,0.0,248.03622557867962,242.62043282649148,245.24626504091694,0.0,54054500
2020-07-27,0.0,251.1157684326172,0.0,251.50191627426534,247.57282442247575,248.35478337670062,0.0,36445700
2020-07-28,0.0,247.92037963867188,0.0,250.85515663227346,247.6307760865251,250.33384077721368,0.0,31302400
2020-07-29,0.0,250.7779083251953,0.0,251.63711462828442,248.9823073870292,249.4553363406158,0.0,27556900
2020-07-30,0.0,252.09085083007812,0.0,252.65076085856404,247.6693734685886,248.81818334234706,0.0,41774500
2020-07-31,0.0,256.58953857421875,0.0,256.74400361997266,251.82053708339816,256.70537999323545,0.0,53686300
2020-08-03,0.0,260.05517578125,0.0,260.798510938539,258.59743635028576,258.7229409981416,0.0,32081600
2020-08-04,0.0,261.0206604003906,0.0,261.11720474062406,258.8099216921895,259.5532571357138,0.0,24911300
2020-08-05,0.0,261.66741943359375,0.0,262.12115126200456,260.61515401476714,261.5033205903856,0.0,21612100
2020-08-06,0.0,265.1332092285156,0.0,265.46143641822897,260.8372364837335,261.4743937794816,0.0,28048200
2020-08-07,0.0,262.07293701171875,0.0,265.36490176263493,259.9297821973263,264.5925764693598,0.0,44969400
2020-08-10,0.0,260.95306396484375,0.0,262.56526893234684,257.43907994534675,262.36251698917204,0.0,35088400
2020-08-11,0.0,256.0102844238281,0.0,261.07855238586063,255.4696715314401,259.7945746705443,0.0,43104300
2020-08-12,0.0,262.449462890625,0.0,263.39555047558576,258.11489513924374,258.1631820495838,0.0,38773400
2020-08-13,0.0,263.0480041503906,0.0,265.3166343719081,262.111579918001,263.2217663062073,0.0,31895700
2020-08-14,0.0,262.73907470703125,0.0,263.9361421763201,261.34891853441206,263.66583566837744,0.0,30799500
2020-08-17,0.0,265.7897644042969,0.0,266.2917539210773,262.777768381199,264.4478653192382,0.0,24803000
2020-08-18,0.0,268.34796142578125,0.0,268.82099045745963,265.3938868738136,266.8516270636147,0.0,23529500
2020-08-19,0.0,266.542724609375,0.0,269.36163146732724,266.03107189097386,268.30936566764206,0.0,31999400
2020-08-20,0.0,270.24005126953125,0.0,270.72274347533306,265.345545232014,265.751019647813,0.0,27723400
2020-08-21,0.0,272.1129455566406,0.0,272.56667748553065,269.78636519456194,270.43318582301333,0.0,34748900
2020-08-24,0.0,273.81195068359375,0.0,276.0999067354079,271.53362844106294,275.3758685184444,0.0,36418500
2020-08-25,0.0,275.96478271484375,0.0,276.15787138790796,272.59560043659746,273.039669031211,0.0,34866600
2020-08-26,0.0,281.85369873046875,0.0,282.10470817111917,275.93588601631683,277.2102008456472,0.0,42216700
2020-08-27,0.0,280.9750671386719,0.0,283.678160647664,278.7160715856099,282.8286178151576,0.0,49482700
2020-08-28,0.0,282.4039001464844,0.0,283.0313941204514,280.85927919896955,282.2108114800972,0.0,28021000
2020-08-31,0.0,284.6726379394531,0.0,286.47790256957006,282.490859144363,282.9252940329932,0.0,36321000
2020-09-01,0.0,289.53814697265625,0.0,289.65398840477394,285.55110407048033,287.3177448326724,0.0,36216200
2020-09-02,0.0,292.2798156738281,0.0,292.9941907640885,286.6130134690522,292.78180499925486,0.0,50836800
2020-09-03,0.0,277.4611511230469,0.0,288.2831026681369,274.5649977436825,287.78111335507754,0.0,110083300
2020-09-04,0.0,273.763671875,0.0,278.9284838673966,262.39144578992153,275.67514343024635,0.0,123959000
2020-09-08,0.0,260.6055603027344,0.0,268.58927959574385,260.3255905456521,262.7969725347713,0.0,99568600
2020-09-09,0.0,268.2610778808594,0.0,270.35594596864087,263.5499963099518,266.0986258002592,0.0,64837900
2020-09-10,0.0,262.912841796875,0.0,272.43154939464466,261.1944583653085,271.21515535547724,0.0,69667500
2020-09-11,0.0,261.08819580078125,0.0,265.69306830718654,257.6610638579995,264.6601000351791,0.0,71809000
2020-09-14,0.0,265.6352233886719,0.0,267.62391325774576,263.5113655376225,264.86289805138153,0.0,38525200
2020-09-15,0.0,269.40020751953125,0.0,270.74210617222377,265.60625334599047,269.3712471617637,0.0,41849900
2020-09-16,0.0,265.1043395996094,0.0,270.65530290761234,264.75681516866297,270.1919369996838,0.0,42321000
2020-09-17,0.0,260.9627380371094,0.0,264.90149372742,257.44872441098465,258.28860418942764,0.0,81570800
2020-09-18,0.0,257.6322021484375,0.0,262.6715113038813,253.53898057555057,262.3819076873853,0.0,86251100
2020-09-21,0.0,258.2500305175781,0.0,258.38516903481747,251.10616127531384,253.3844841341912,0.0,57168600
2020-09-22,0.0,263.0480041503906,0.0,263.62721133644635,257.31361731884147,260.6441764834606,0.0,41128900
2020-09-23,0.0,255.0159912109375,0.0,262.9128299124573,254.13748771804975,262.7294044875028,0.0,48837300
2020-09-24,0.0,256.203369140625,0.0,259.3987890115736,252.1777034012321,252.34183170516394,0.0,70631700
2020-09-25,0.0,262.1598205566406,0.0,262.9707400263321,255.15111944268128,256.7054038554884,0.0,55242400
2020-09-28,0.0,267.6045837402344,0.0,267.6045837402344,262.26600886198906,267.0060206284268,0.0,58438300
2020-09-29,0.0,266.39788818359375,0.0,268.0969450206519,265.83794862566816,267.0446793576808,0.0,27050000
2020-09-30,0.0,268.222412109375,0.0,271.35991157253846,266.320603564025,266.5909100316344,0.0,49380800
2020-10-01,0.0,272.479736328125,0.0,273.0879331903187,270.15315647905015,272.0356677704886,0.0,50020200
2020-10-02,0.0,264.81463623046875,0.0,272.4701287186663,263.97475637727064,266.4654355785202,0.0,75497400
2020-10-05,0.0,270.462158203125,0.0,270.78072216424147,266.668203723826,266.7743818904647,0.0,28184600
2020-10-06,0.0,265.6352233886719,0.0,271.4564912017764,264.75671988942867,269.7767314676186,0.0,49704200
2020-10-07,0.0,270.23046875,0.0,271.0220617272554,267.68183927825163,268.2707392009267,0.0,27539700
2020-10-08,0.0,271.6688537597656,0.0,272.69215896563554,270.6069249250336,272.6245749804261,0.0,25443300
2020-10-09,0.0,275.8200378417969,0.0,275.8972851114366,272.92388391553317,273.31003188012807,0.0,30201100
2020-10-12,0.0,284.3346252441406,0.0,287.1631940584861,279.44978323985595,280.4923852789235,0.0,79370700
2020-10-13,0.0,284.32501220703125,0.0,286.76743364068807,282.9638166230446,286.13030584164267,0.0,64240000
2020-10-14,0.0,281.9501953125,0.0,286.09170307543957,280.2125149932846,285.12631857338727,0.0,36949100
2020-10-15,0.0,280.05816650390625,0.0,280.64703715388436,276.62139860303836,277.25855617493534,0.0,42514200
2020-10-16,0.0,278.5230712890625,0.0,283.1182811416261,278.1755175744884,281.699164851271,0.0,40570700
2020-10-19,0.0,273.9761657714844,0.0,281.39034264977107,273.0011472591844,280.4345917642136,0.0,36756800
2020-10-20,0.0,274.5650329589844,0.0,277.6639092232267,273.15557971605415,274.7098347542855,0.0,32195400
2020-10-21,0.0,274.35260009765625,0.0,277.37425803966994,273.869907888675,274.8159952243082,0.0,29306100
2020-10-22,0.0,274.34295654296875,0.0,276.0806662969074,271.09927880686445,275.1828363331673,0.0,32196200
2020-10-23,0.0,274.88360595703125,0.0,275.0477343045748,272.0260757446289,274.91256631704476,0.0,24658500
2020-10-26,0.0,270.76141357421875,0.0,275.42420811965764,267.1798450415657,272.60530165220865,0.0,38421100
2020-10-27,0.0,272.8755798339844,0.0,273.69616253176326,270.5007422694398,271.7557303051984,0.0,30559100
2020-10-28,0.0,262.23712158203125,0.0,268.9948146761432,261.98611212523616,268.38661758388054,0.0,53413500
2020-10-29,0.0,266.8226318359375,0.0,269.81530016919515,263.0865691331869,263.54996429181864,0.0,43246300
2020-10-30,0.0,260.05517578125,0.0,265.71231251394505,257.8251408481981,264.8434727088002,0.0,65838300
2020-11-02,0.0,260.6346130371094,0.0,264.0520542022752,257.7287952040205,262.4398779971665,0.0,39987400
2020-11-03,0.0,265.1427917480469,0.0,267.2376886391682,261.4646799268628,262.5459056276258,0.0,43604100
2020-11-04,0.0,276.9784851074219,0.0,278.7740862311962,272.11293872046167,273.7734013268974,0.0,75728200
2020-11-05,0.0,284.1995544433594,0.0,285.16493893434745,281.89227136852344,283.36930846128735,0.0,52054200
2020-11-06,0.0,284.4118957519531,0.0,285.1359340820166,279.79735930679647,283.54305564811597,0.0,40959800
2020-11-09,0.0,278.60028076171875,0.0,288.785103869441,278.1465489147807,287.3466610782748,0.0,86537100
2020-11-10,0.0,273.60931396484375,0.0,276.7371506146228,270.9062194311436,275.2987370004564,0.0,69024900
2020-11-11,0.0,279.7298583984375,0.0,280.2028874371554,273.57069977646603,276.12896314075806,0.0,36102900
2020-11-12,0.0,278.4168395996094,0.0,281.9598131136958,277.30665349352734,280.6951619768522,0.0,34414600
2020-11-13,0.0,280.8592224121094,0.0,281.477082450668,277.9051490730729,280.12555044280623,0.0,24806900
2020-11-16,0.0,283.0508117675781,0.0,283.35007867396547,279.95190560344554,280.56010269100807,0.0,30168400
2020-11-17,0.0,282.1529235839844,0.0,283.572040009496,281.5157662642447,283.24381280742364,0.0,21843500
2020-11-18,0.0,280.0675964355469,0.0,283.21475835866573,279.9807153927917,281.60258324111805,0.0,28069600
2020-11-19,0.0,282.259033203125,0.0,282.56796321353426,278.8512282027389,279.51734564841445,0.0,22718400
2020-11-20,0.0,280.32843017578125,0.0,282.92531752645385,280.2415490830812,282.1819524091239,0.0,25907300
2020-11-23,0.0,280.3379821777344,0.0,282.61627515632387,278.0982833620005,281.3226636320275,0.0,26875600
2020-11-24,0.0,284.2767333984375,0.0,284.76908884915287,279.60427663580543,281.39987740233255,0.0,24516800
2020-11-25,0.0,286.0240173339844,0.0,286.66117441400814,284.39251574904165,285.3386028305048,0.0,23326800
2020-11-27,0.0,288.65966796875,0.0,289.7795176761544,287.5880757084196,287.9838869425091,0.0,17163100
2020-11-30,0.0,289.2485046386719,0.0,289.58639511229234,284.57604710577607,288.978198152015,0.0,27836200
2020-12-01,0.0,292.95550537109375,0.0,294.57737335206156,290.4165400008043,291.5170922214185,0.0,27521300
2020-12-02,0.0,293.3320617675781,0.0,293.6699522066538,289.9532162992099,291.7874408040852,0.0,23620000
2020-12-03,0.0,293.7472229003906,0.0,295.29184414206577,293.02318445534286,293.64104473649286,0.0,22828700
2020-12-04,0.0,294.9442443847656,0.0,295.08907562015474,293.11968310753093,293.7954345408346,0.0,19332100
2020-12-07,0.0,296.6143798828125,0.0,296.98123069702854,294.944254135375,295.127679542483,0.0,20851000
2020-12-08,0.0,297.618408203125,0.0,297.9176750537472,294.394027373597,296.1413710347903,0.0,18341500
2020-12-09,0.0,290.8799743652344,0.0,297.6859226746501,289.81804562146607,297.4059824076703,0.0,48839300
2020-12-10,0.0,292.0481262207031,0.0,293.1679758446329,287.77147969446355,288.85270568689265,0.0,27519500
2020-12-11,0.0,291.4013671875,0.0,291.52687190781336,288.13836230415995,290.3973588861949,0.0,26760400
2020-12-14,0.0,293.5155029296875,0.0,295.4559056835624,292.52115810260653,292.5887126250947,0.0,28804800
2020-12-15,0.0,296.6531066894531,0.0,296.6531066894531,293.58316060132097,295.76493970079713,0.0,25709000
2020-12-16,0.0,298.28448486328125,0.0,299.06644387653387,296.0061623415472,297.0487940000134,0.0,25461900
2020-12-17,0.0,300.23455810546875,0.0,300.46624094137616,298.6803033125985,299.8773705797132,0.0,23730500
2020-12-18,0.0,299.3271179199219,0.0,301.180669136514,296.9619140930054,300.8717390235491,0.0,41173400
2020-12-21,0.0,298.7671203613281,0.561,299.2990323838478,293.62195915625836,296.387948896712,0.0,37095500
2020-12-22,0.0,299.5795593261719,0.0,300.4983192917001,296.76519469791697,299.6665978798788,0.0,26176300
2020-12-23,0.0,298.07073974609375,0.0,299.98564636396463,297.915994749215,299.6278114713156,0.0,21201300
2020-12-24,0.0,299.38604736328125,0.0,299.83092081153956,298.2545169274472,298.33187467360824,0.0,16785000
2020-12-28,0.0,302.40350341796875,0.0,302.8774192284113,300.1597450732301,301.9876428108107,0.0,22497700
2020-12-29,0.0,302.67431640625,0.0,304.34746922756625,301.7748886675919,303.72848916143977,0.0,25871900
2020-12-30,0.0,302.68402099609375,0.0,304.1540544968562,302.0650408812908,303.8349131664459,0.0,18138100
2020-12-31,0.0,303.42864990234375,0.0,303.9122169632015,301.5137432306854,302.5872479387859,0.0,21611400
2021-01-04,0.0,299.1443176269531,0.0,304.9277915528741,295.15004811669945,304.7536849421613,0.0,45305900
2021-01-05,0.0,301.61053466796875,0.0,301.8813606473196,298.15788712105984,298.15788712105984,0.0,29323400
2021-01-06,0.0,297.4324951171875,0.0,301.62985449714506,295.92376794889293,296.9102343236711,0.0,52809600
2021-01-07,0.0,304.6279602050781,0.0,305.45968150266896,300.05340452454226,300.0824173717932,0.0,30394800
2021-01-08,0.0,308.5448913574219,0.0,308.89307509454994,304.7246986108392,306.91043183426524,0.0,33955800
2021-01-11,0.0,304.0863952636719,0.0,306.7653467874783,303.4384022628547,305.5951224882572,0.0,32746400
2021-01-12,0.0,303.6028137207031,0.0,305.2082306926176,300.97220723304343,304.1250449943924,0.0,29266800
2021-01-13,0.0,305.6531066894531,0.0,306.4461343175592,303.2642839890913,303.8639024822471,0.0,22898400
2021-01-14,0.0,304.0187072753906,0.0,307.09418761152864,303.5447913452034,306.0980403511594,0.0,23500100
2021-01-15,0.0,301.61053466796875,0.0,304.76340241188444,300.3726037555984,303.80594875341234,0.0,35118700
2021-01-19,0.0,306.0108947753906,0.0,306.5137938667766,302.8290154194985,303.92188164145045,0.0,24537000
2021-01-20,0.0,313.12896728515625,0.0,314.06708845391995,306.10759445385105,309.6182956267975,0.0,30728100
2021-01-21,0.0,315.6339111328125,0.0,316.378623374527,313.09037291631284,314.46368698602504,0.0,25130600
2021-01-22,0.0,314.724853515625,0.0,315.7306519263239,314.0381669194832,314.5991213356386,0.0,21609400
2021-01-25,0.0,317.326416015625,0.0,319.4638040355213,310.8466340162859,318.10014115221514,0.0,39080600
2021-01-26,0.0,317.7906799316406,0.0,318.9222401339376,316.46571056359466,318.042144313173,0.0,25498100
2021-01-27,0.0,308.9317321777344,0.0,315.5469278863561,306.92975690003846,315.5372766123504,0.0,55264000
2021-01-28,0.0,310.7596130371094,0.0,315.6920040712482,309.5120014751254,310.1309816193833,0.0,42836300
2021-01-29,0.0,304.22174072265625,0.0,310.17929111523523,302.48091091623917,309.0767439271352,0.0,55259000
2021-02-01,0.0,311.8235168457031,0.0,312.906702757702,305.63383246639074,307.65514001906774,0.0,35646000
2021-02-02,0.0,316.9105224609375,0.0,318.06141450154183,314.6184191662426,314.78284496401164,0.0,33930800
2021-02-03,0.0,315.6533203125,0.0,319.3477806883452,315.5952946114845,318.98026490551473,0.0,24824500
2021-02-04,0.0,319.386474609375,0.0,319.47351316901836,315.73070753134624,317.04602574447165,0.0,22350900
2021-02-05,0.0,320.4696350097656,0.0,321.47546303225465,318.6997920751562,320.3342515437262,0.0,22732000
2021-02-08,0.0,322.6167297363281,0.0,322.771474805857,320.5180642940395,322.1525240423457,0.0,20462800
2021-02-09,0.0,322.5489807128906,0.0,323.8062435394425,321.67853620186503,321.6882169898623,0.0,17597500
2021-02-10,0.0,321.8139343261719,0.0,324.4348599825175,318.6707478902288,323.98030568658186,0.0,28068700
2021-02-11,0.0,323.5838317871094,0.0,323.9900412431522,321.2046893005764,323.34204817424137,0.0,22046100
2021-02-12,0.0,325.39239501953125,0.0,325.5567913465972,321.6979343652846,322.74242657687114,0.0,20346800
2021-02-16,0.0,324.5121765136719,0.0,327.07507591522256,323.3516038152464,326.1852995778177,0.0,27080800
2021-02-17,0.0,322.9551696777344,0.0,324.6283227454087,319.3187645548896,321.54316177654357,0.0,31360300
2021-02-18,0.0,321.5431213378906,0.0,322.8971033683799,317.5681842715101,319.37675008910776,0.0,32236200
2021-02-19,0.0,320.1407165527344,0.0,323.0131059869541,319.12523756183043,322.8873738326423,0.0,39157700
2021-02-22,0.0,311.8428039550781,0.0,317.02662993365885,311.6397140045064,315.769367077322,0.0,47256900
2021-02-23,0.0,310.914306640625,0.0,312.57777860989364,300.778729814547,306.5815348913549,0.0,97241900
2021-02-24,0.0,313.4772644042969,0.0,313.78675448258105,305.57576370738207,308.2643960439544,0.0,58206300
2021-02-25,0.0,302.5486755371094,0.0,313.3805938463664,301.01093520918033,310.8273740895833,0.0,110182600
2021-02-26,0.0,303.8155822753906,0.0,308.62221139824015,300.6627150219933,305.46937365943927,0.0,104739800
2021-03-01,0.0,312.9549865722656,0.0,313.29348948232337,307.4906836456655,308.77695928636876,0.0,49164500
2021-03-02,0.0,307.93560791015625,0.0,313.6707082070273,307.6841730190571,313.5933504362126,0.0,48370000
2021-03-03,0.0,298.99932861328125,0.0,307.7808975638763,298.94130289997594,306.84277584596714,0.0,86301100
2021-03-04,0.0,294.1055603027344,0.0,301.78460936542973,290.2466741951384,298.6317419551438,0.0,139131600
2021-03-05,0.0,298.5350036621094,0.0,299.4344314626073,287.6741045435682,296.71678648609463,0.0,121523700
2021-03-08,0.0,290.08221435546875,0.0,299.8696070638947,289.6663537615767,297.9933644837871,0.0,88409800
2021-03-09,0.0,301.5234680175781,0.0,303.4190726088207,296.83288999530305,297.36480208609765,0.0,80391100
2021-03-10,0.0,300.6626892089844,0.0,306.0689659241823,299.97603218104314,305.7691566789716,0.0,76798100
2021-03-11,0.0,307.5874328613281,0.0,309.347595038354,304.5022717639471,305.39201888383275,0.0,53484800
2021-03-12,0.0,305.0921630859375,0.0,307.7711438551984,301.15594910862745,303.54474237873256,0.0,69315600
2021-03-15,0.0,308.3514404296875,0.0,308.5158662601995,303.7769137158623,305.4113731741454,0.0,42955700
2021-03-16,0.0,310.0439147949219,0.0,313.5449659100005,308.61257485615175,310.5371627546861,0.0,54925900
2021-03-17,0.0,311.320556640625,0.0,313.2064805215189,305.3049795078172,307.0168262806715,0.0,78258700
2021-03-18,0.0,301.7846374511719,0.0,307.43269901149824,301.33008308600273,306.45588378718577,0.0,82718100
2021-03-19,0.0,302.8484802246094,0.0,304.3862203790687,299.4828418868912,301.6202006470969,0.0,78446200
2021-03-22,0.0,308.5278015136719,0.395,310.59040392389574,305.2353979787207,305.2353979787207,0.0,56194800
2021-03-23,0.0,307.18182373046875,0.0,310.92935589537336,306.3684084161531,309.6124062108261,0.0,53455400
2021-03-24,0.0,302.0010986328125,0.0,308.585935368186,301.855851182799,308.5471928642251,0.0,64803700
2021-03-25,0.0,301.4781799316406,0.0,302.9888420757685,297.66288549869734,300.16123030839066,0.0,78729000
2021-03-26,0.0,306.00054931640625,0.0,306.3200938492554,299.87086777122033,301.2652734664469,0.0,63519600
2021-03-29,0.0,305.91326904296875,0.0,306.959080251903,302.58212289321926,305.4678336717442,0.0,54608000
2021-03-30,0.0,304.3735046386719,0.0,304.9448308314157,301.6814775591707,303.95711887051584,0.0,44635700
2021-03-31,0.0,309.0314025878906,0.0,310.5904412985315,305.81645412078507,306.1553845736689,0.0,55032500
2021-04-01,0.0,314.2992858886719,0.0,314.4348403495648,312.594970024574,312.8467520186459,0.0,55685600
2021-04-05,0.0,320.57421875,0.0,321.33922820909277,316.5361910716538,316.7782800541117,0.0,42172500
2021-04-06,0.0,320.3514709472656,0.0,322.2978459984403,319.576768580739,320.2643224720077,0.0,33537200
2021-04-07,0.0,321.1260986328125,0.0,321.9588998658076,318.94729840193827,319.8769115592545,0.0,32046400
2021-04-08,0.0,324.4766540527344,0.0,324.6606440220549,323.1790608045984,323.97311966673175,0.0,29940800
2021-04-09,0.0,326.44244384765625,0.0,326.6458198643711,322.38505980712984,323.1209901971692,0.0,36664900
2021-04-12,0.0,326.01641845703125,0.0,326.4328044330013,324.1378055051209,325.40634946569514,0.0,25833000
2021-04-13,0.0,329.82196044921875,0.0,330.2867522764166,327.32358617054615,327.5366256086355,0.0,30374000
2021-04-14,0.0,325.8614807128906,0.0,330.190033131231,325.04806523485155,330.0641421253656,0.0,42564300
2021-04-15,0.0,330.8000793457031,0.0,331.18744538764105,325.5806558668332,328.72781287035906,0.0,36342800
2021-04-16,0.0,331.1874084472656,0.0,331.4004479258172,329.31845911420413,331.3229629053203,0.0,40860100
2021-04-19,0.0,328.1563720703125,0.0,330.7709146313987,326.2390172173536,329.6185985792197,0.0,34533100
2021-04-20,0.0,325.76458740234375,0.0,328.7761598402926,323.7988262550352,327.4979526077044,0.0,38081800
2021-04-21,0.0,328.5534362792969,0.0,328.73742623907555,323.4017765092401,324.4863302393841,0.0,36598100
2021-04-22,0.0,324.5928955078125,0.0,329.1441503104855,323.44054967233905,328.1661309889233,0.0,45936100
2021-04-23,0.0,328.6793518066406,0.0,329.986608547514,325.2223143696923,325.2223143696923,0.0,36381900
2021-04-26,0.0,330.8194274902344,0.0,331.1002589729118,328.1758052713695,328.9214582200085,0.0,30812000
2021-04-27,0.0,329.3861389160156,0.0,331.32285004243863,328.437169377263,331.10981063645744,0.0,33187200
2021-04-28,0.0,328.2726135253906,0.0,330.0640776511694,327.62380214185237,329.0569793528501,0.0,33615700
2021-04-29,0.0,329.4540100097656,0.0,331.9523549599582,326.23906167544914,331.5359690602384,0.0,37708900
2021-04-30,0.0,327.29461669921875,0.0,329.49280360962103,326.3843597459195,327.0138147522591,0.0,38263400
2021-05-03,0.0,325.5515441894531,0.0,329.2409774847648,325.1061087885574,328.49535414501815,0.0,29729700
2021-05-04,0.0,319.6930236816406,0.0,323.3243582233889,315.88736262246255,323.0047842346644,0.0,65147000
2021-05-05,0.0,318.6180725097656,0.0,322.5980297752687,317.8433997760554,321.7361790235358,0.0,46219300
2021-05-06,0.0,321.0196533203125,0.0,321.1745938006215,316.1197751440553,318.3566747657434,0.0,46814300
2021-05-07,0.0,323.62445068359375,0.0,325.99690415299386,321.1938686909527,323.78905458519637,0.0,53324500
2021-05-10,0.0,315.45159912109375,0.0,322.423743244047,315.2482231230004,322.2494462901448,0.0,60700500
2021-05-11,0.0,315.015869140625,0.0,315.8099281055479,308.9249019906725,309.5834064906865,0.0,71963600
2021-05-12,0.0,306.86224365234375,0.0,312.4109027499661,306.00039291777273,310.09654805657937,0.0,91164900
2021-05-13,0.0,309.2347717285156,0.0,312.1979384391469,306.8719809517946,309.7964347035057,0.0,69877800
2021-05-14,0.0,316.0616760253906,0.0,316.97190332502765,311.88803517752746,312.39159912628935,0.0,44370000
2021-05-17,0.0,314.1443786621094,0.0,316.04234817873333,311.27805312959225,314.3574181676811,0.0,39395000
2021-05-18,0.0,312.02362060546875,0.0,316.31342989327334,311.75248215177146,315.09332162757306,0.0,36528500
2021-05-19,0.0,312.3819274902344,0.0,312.68211545629066,306.29096058022935,306.6395840726064,0.0,66319100
2021-05-20,0.0,318.4244689941406,0.0,319.27662694494916,313.640817864607,313.86352081637887,0.0,46466100
2021-05-21,0.0,316.6620178222656,0.0,320.39016375419965,316.30373092922235,319.9737778813046,0.0,50330400
2021-05-24,0.0,321.988037109375,0.0,323.11133352521995,316.55554501949695,318.94738532912413,0.0,32475800
2021-05-25,0.0,322.4334411621094,0.0,324.21521233902246,321.2617388850055,323.49863848305597,0.0,31280300
2021-05-26,0.0,323.5567626953125,0.0,324.0215546156915,322.4141098218782,323.1016342386901,0.0,25444900
2021-05-27,0.0,322.3463134765625,0.0,323.95378780061185,322.14296701413423,323.1113229043898,0.0,27931700
2021-05-28,0.0,323.3630676269531,0.0,324.9511854339894,323.04352319361703,323.54705760586285,0.0,29927400
2021-06-01,0.0,322.2880859375,0.0,325.16410296648826,320.9420576020292,324.68958867425465,0.0,31145400
2021-06-02,0.0,322.9176025390625,0.0,323.7600673377985,321.20362345031947,322.70456308578315,0.0,22047900
2021-06-03,0.0,319.55743408203125,0.0,321.3585617983206,317.89186081928625,320.09001798475106,0.0,37057800
2021-06-04,0.0,324.980224609375,0.0,325.42566001959835,321.28109822184103,321.3488902228397,0.0,38736500
2021-06-07,0.0,325.9486083984375,0.0,326.0067073894545,323.76011456387175,324.4476389921581,0.0,32611900
2021-06-08,0.0,326.1033935546875,0.0,328.55333168181886,324.42812797335813,327.69148113914054,0.0,27282800
2021-06-09,0.0,326.1809997558594,0.0,328.2436025634657,325.99700976961145,327.46892965959455,0.0,21485300
2021-06-10,0.0,329.5799560546875,0.0,329.6864610251138,326.0745122167404,326.5199476826768,0.0,33702100
2021-06-11,0.0,330.4417419433594,0.0,330.4514349584931,328.9408021914043,329.5895840641041,0.0,21222800
2021-06-14,0.0,333.6082763671875,0.0,333.61793983021033,329.68641752553503,330.86781281991716,0.0,27827700
2021-06-15,0.0,331.4295654296875,0.0,333.56962411799714,330.71296182648905,333.25974307617525,0.0,35963800
2021-06-16,0.0,330.21905517578125,0.0,332.95948937211466,326.77171053321524,331.8942919709,0.0,55399500
2021-06-17,0.0,334.41192626953125,0.0,335.41902438886933,329.1634553580997,329.2118613183531,0.0,59722700
2021-06-18,0.0,331.7877502441406,0.0,333.89875878145057,331.0420973699714,332.75610603760833,0.0,55414900
2021-06-21,0.0,333.84979248046875,0.397,334.1697371361954,329.7682939515747,331.9787050089073,0.0,32992600
2021-06-22,0.0,336.9618835449219,0.0,337.4078356807548,333.345715575561,333.6462517525523,0.0,28941600
2021-06-23,0.0,337.1266784667969,0.0,338.27068637748584,336.2929405785921,336.9037171919384,0.0,27188500
2021-06-24,0.0,339.21112060546875,0.0,340.733180594635,338.5130943381075,339.0560003698152,0.0,32581600
2021-06-25,0.0,338.7941589355469,0.0,340.01571207248264,338.19308662567505,339.7733422968147,0.0,28682800
2021-06-28,0.0,342.91448974609375,0.0,343.0502310394861,340.0157563194562,340.0739227062935,0.0,39130300
2021-06-29,0.0,344.15533447265625,0.0,344.1844176586804,341.9061657191062,342.7399034425647,0.0,29426000
2021-06-30,0.0,343.6124572753906,0.0,344.3880582776562,343.03076392022973,344.00024298344687,0.0,32724000
2021-07-01,0.0,343.7481384277344,0.0,344.25225680142734,341.91580911735514,343.2633989809015,0.0,29290000
2021-07-02,0.0,347.69403076171875,0.0,348.01394587637975,345.4060444894466,345.6387100273818,0.0,32727200
2021-07-06,0.0,349.19671630859375,0.0,349.4778735614373,345.6096314249504,348.29510775096395,0.0,38842400
2021-07-07,0.0,349.9334716796875,0.0,351.6882263769866,347.98480933972945,351.38769024117204,0.0,35265200
2021-07-08,0.0,347.82000732421875,0.0,348.6731536691142,343.6027968927651,344.882486823954,0.0,50890000
2021-07-09,0.0,349.9916687011719,0.0,350.466704005283,346.6566581412555,347.23835153401393,0.0,35184500
2021-07-12,0.0,351.3586730957031,0.0,351.8143295140608,349.8171750949714,351.38775628895326,0.0,25717700
2021-07-13,0.0,351.3586730957031,0.0,354.3155728920475,350.50552664548815,350.98056199729325,0.0,39723000
2021-07-14,0.0,351.9887390136719,0.0,354.33486156799205,351.16467596661545,353.69500189331825,0.0,35336400
2021-07-15,0.0,349.5166015625,0.0,352.1051238298536,347.5194769429288,351.901541498852,0.0,53391600
2021-07-16,0.0,346.6857604980469,0.0,351.3489529844366,346.3367326086339,350.36976954559515,0.0,47262000
2021-07-19,0.0,343.84515380859375,0.0,344.3395680143202,341.295419127874,343.2440519345141,0.0,64404600
2021-07-20,0.0,347.8393859863281,0.0,349.283900259043,343.001665556326,344.7758287317647,0.0,42183700
2021-07-21,0.0,350.5248718261719,0.0,350.5248718261719,347.1898612525527,347.4128521034369,0.0,30259900
2021-07-22,0.0,352.8418884277344,0.0,352.85156309900196,350.72840175494474,350.72840175494474,0.0,30252200
2021-07-23,0.0,356.96221923828125,0.0,357.24334687744266,352.812849841368,354.16041041607696,0.0,31960800
2021-07-26,0.0,357.2432861328125,0.0,357.6311013788173,355.41098631588227,356.2738071900993,0.0,28438100
2021-07-27,0.0,353.3072509765625,0.0,356.9815849421956,349.16758599168105,356.9815849421956,0.0,57933100
2021-07-28,0.0,354.66448974609375,0.0,356.2350705793198,352.1535426850584,354.4415285111085,0.0,42066200
2021-07-29,0.0,355.29473876953125,0.0,356.4580960280486,354.1022687330484,354.1022687330484,0.0,25672500
2021-07-30,0.0,353.4429931640625,0.0,354.02468652578403,351.34891481355703,351.3779980023354,0.0,36484600
2021-08-02,0.0,353.4720153808594,0.0,355.6824261051948,352.7642851277932,355.1007328438121,0.0,27334100
2021-08-03,0.0,355.6146545410156,0.0,355.7309873084682,350.951462066636,354.131352583683,0.0,35558500
2021-08-04,0.0,356.12841796875,0.0,357.07851805486206,354.4706171365289,355.57580782929244,0.0,29602200
2021-08-05,0.0,358.38739013671875,0.0,358.6200556779631,356.2351451217369,356.9428460050741,0.0,21443900
2021-08-06,0.0,356.81683349609375,0.0,358.0965532331973,355.71164251307476,357.12707396317813,0.0,33332100
2021-08-09,0.0,357.4760437011719,0.0,357.99954111974125,356.17694524113097,357.27243178557364,0.0,25960200
2021-08-10,0.0,355.6437072753906,0.0,358.28069159438905,354.4609415973218,357.98985970066474,0.0,35130800
2021-08-11,0.0,355.032958984375,0.0,357.39849052888457,353.70477725367834,356.9040762701821,0.0,34249800
2021-08-12,0.0,356.3127136230469,0.0,356.67141621785606,353.18128494132463,354.52887532307733,0.0,25969200
2021-08-13,0.0,357.56329345703125,0.0,357.8929128050202,356.1672411678105,356.6616849828713,0.0,19336200
2021-08-16,0.0,357.7184143066406,0.0,357.757172169188,352.5995657657069,356.4483990335827,0.0,34856900
2021-08-17,0.0,354.567626953125,0.0,355.94427080417313,352.1439290318299,354.9747916356551,0.0,44793900
2021-08-18,0.0,351.15496826171875,0.0,355.43037405541605,350.8253489633624,354.0343219764067,0.0,38541900
2021-08-19,0.0,352.8516845703125,0.0,354.51919018201926,348.97376729528844,349.2258413857365,0.0,48499400
2021-08-20,0.0,356.5065002441406,0.0,356.903990158749,353.6077381031964,353.9179784637907,0.0,39486000
2021-08-23,0.0,361.83868408203125,0.0,362.527005937865,357.534194642734,357.5438693148534,0.0,34034700
2021-08-24,0.0,362.9438781738281,0.0,363.5449504691931,361.9646948361928,362.4300554452593,0.0,21732900
2021-08-25,0.0,363.3608093261719,0.0,363.9328281167534,362.44949646864154,363.19601442270965,0.0,20441900
2021-08-26,0.0,361.053466796875,0.0,363.1863033449324,360.6171893101897,362.50768563761517,0.0,29133300
2021-08-27,0.0,364.56292724609375,0.0,365.06704572458636,361.19883360227624,361.6835731498802,0.0,27104700
2021-08-30,0.0,368.654052734375,0.0,369.13879218010527,365.3287176511928,365.3481261641566,0.0,27295700
2021-08-31,0.0,368.3536376953125,0.0,368.96438474527554,366.8121397155045,368.89654368605136,0.0,29628200
2021-09-01,0.0,368.9643859863281,0.0,371.0293814444789,368.7608036356557,369.4103677264875,0.0,28138300
2021-09-02,0.0,368.7899169921875,0.0,370.6416259914147,367.5780678764231,370.312006582266,0.0,25453400
2021-09-03,0.0,369.9241027832031,0.0,370.3215927167208,367.62644232641253,367.6458212550656,0.0,24605400
2021-09-07,0.0,370.4476013183594,0.0,371.0971652572,368.8770500940635,370.0307324548538,0.0,23970200
2021-09-08,0.0,369.1582946777344,0.0,370.2731898588808,366.89942112240846,370.2731898588808,0.0,32949200
2021-09-09,0.0,367.8881530761719,0.0,370.4863493830715,367.645783355316,369.3811588407654,0.0,29399000
2021-09-10,0.0,365.0960998535156,0.0,370.3119017043575,364.76648053772004,369.5944966985761,0.0,40249400
2021-09-13,0.0,364.84405517578125,0.0,367.8494462905792,362.7984684845976,367.4228731214515,0.0,48741800
2021-09-14,0.0,363.8067626953125,0.0,367.0544942449371,362.85666245797427,366.32738486764987,0.0,41826600
2021-09-15,0.0,366.5115661621094,0.0,366.8605940269488,361.97441102227873,364.26239710955736,0.0,34097900
2021-09-16,0.0,366.76361083984375,0.0,367.3355999193381,363.2638057298481,365.1833552812676,0.0,35193100
2021-09-17,0.0,362.42034912109375,0.0,366.3370528631563,361.3830289976606,366.2885907439303,0.0,60912300
2021-09-20,0.0,354.9315490722656,0.414,358.3770033366552,350.3019883262489,356.63970367984786,0.0,76203200
2021-09-21,0.0,355.3683166503906,0.0,357.9499936664905,354.24247053381623,356.75620166605563,0.0,41927500
2021-09-22,0.0,358.6876220703125,0.0,360.1434529614634,355.1839069904192,356.28063766745237,0.0,46972900
2021-09-23,0.0,361.9972229003906,0.0,363.0260077177791,359.20202278561584,359.84259194683136,0.0,44652000
2021-09-24,0.0,362.3369140625,0.0,362.75427479552803,359.3670211733709,359.7358364347196,0.0,36056800
2021-09-27,0.0,359.44464111328125,0.0,360.3181336954187,356.90179464616716,359.2990639527507,0.0,43338100
2021-09-28,0.0,349.2732849121094,0.0,359.3961566516471,348.7686074636207,354.9025162327573,0.0,97701600
2021-09-29,0.0,348.7005615234375,0.0,352.67012293653295,348.07942250497007,350.534922388047,0.0,58076600
2021-09-30,0.0,347.4194641113281,0.0,352.0004796824699,346.5848019783648,350.3408408146085,0.0,61384600
2021-10-01,0.0,349.5740966796875,0.0,350.6125964614928,343.9448959058806,348.04063454964916,0.0,56375500
2021-10-04,0.0,342.2366943359375,0.0,348.2929408905077,340.00443232533587,347.9629561353116,0.0,76766000
2021-10-05,0.0,346.85662841796875,0.0,349.098606015709,343.07147335808,343.29468184457266,0.0,47232900
2021-10-06,0.0,349.0791931152344,0.0,349.3509470683057,342.7511616639229,343.6537698345927,0.0,56806500
2021-10-07,0.0,352.2819519042969,0.0,354.9218597093188,351.5831519082924,352.1169447081904,0.0,39411200
2021-10-08,0.0,350.5252685546875,0.0,353.5922225946232,349.9914461101767,353.359269505455,0.0,41822300
2021-10-11,0.0,347.83685302734375,0.0,352.505215273685,347.74947710498463,348.99178500719063,0.0,34847200
2021-10-12,0.0,346.6236267089844,0.0,349.71966633485937,345.9830575943004,349.28293486049796,0.0,43905100
2021-10-13,0.0,349.3995056152344,0.0,350.069190370514,346.90517425826334,348.92394354399295,0.0,40120800
2021-10-14,0.0,355.8342590332031,0.0,356.0477821227285,352.3208578847075,352.98082757270936,0.0,43433900
2021-10-15,0.0,358.0762023925781,0.0,358.19266413590714,356.0186326098765,357.0474175012273,0.0,40419900
2021-10-18,0.0,361.67694091796875,0.0,361.8904639819842,356.1836017428047,356.7853404816781,0.0,34513500
2021-10-19,0.0,364.4139404296875,0.0,364.4624562859474,361.72551629956433,362.744586232701,0.0,29091000
2021-10-20,0.0,363.9383239746094,0.0,365.4815011717501,362.46306304228204,364.8700474557413,0.0,31390300
2021-10-21,0.0,366.160888671875,0.0,366.3550113150867,362.84161065323553,363.14248001694386,0.0,25469300
2021-10-22,0.0,363.084228515625,0.0,365.86971353558323,361.4245896006137,364.9088746298854,0.0,36275800
2021-10-25,0.0,366.8014221191406,0.0,367.71374513923786,362.5601063868558,364.5012141540492,0.0,32597800
2021-10-26,0.0,367.9563903808594,0.0,371.4406753328108,366.7820284534052,369.0337206133316,0.0,47191300
2021-10-27,0.0,368.810546875,0.0,371.86778627398763,368.1408621966839,368.4029011329538,0.0,45760500
2021-10-28,0.0,372.9063415527344,0.0,373.1586951266221,369.9364480253018,370.7031941482164,0.0,38007000
2021-10-29,0.0,374.7406311035156,0.0,374.9056383336375,369.489959462406,369.8393447229548,0.0,37310100
2021-11-01,0.0,376.02166748046875,0.0,376.14784421882126,373.1003205601766,375.1772903778977,0.0,30765300
2021-11-02,0.0,377.59393310546875,0.0,378.0695245945803,375.3616712777064,375.4101871187206,0.0,25135300
2021-11-03,0.0,381.6023864746094,0.0,382.0197175552883,377.0408007823251,378.07927097534747,0.0,33748900
2021-11-04,0.0,386.4939880371094,0.0,387.4451415534196,382.3206179765375,382.8641258090132,0.0,40265300
2021-11-05,0.0,386.86273193359375,0.0,389.18234000179353,385.4651321595265,388.26033170766095,0.0,43383800
2021-11-08,0.0,386.3386535644531,0.0,387.8527151633261,385.6980844850911,386.833645493722,0.0,29256300
2021-11-09,0.0,383.6793518066406,0.0,387.80420563383603,382.3205823520609,387.40627500446755,0.0,50490700
2021-11-10,0.0,378.04052734375,0.0,383.7182449890207,376.1188196118529,380.91335911329566,0.0,54937400
2021-11-11,0.0,379.088623046875,0.0,381.1850229079121,378.7489232770812,381.01033032423055,0.0,32243000
2021-11-12,0.0,383.0776672363281,0.0,383.6114600770246,378.64222844516746,380.2339215683607,0.0,34730600
2021-11-15,0.0,382.9903259277344,0.0,384.57233379501116,380.5542553619455,384.2520639854391,0.0,33716900
2021-11-16,0.0,385.71759033203125,0.0,386.2125527396347,382.06829775133565,382.2623907832922,0.0,27872900
2021-11-17,0.0,385.9212951660156,0.0,387.94974896403494,384.9604564245723,386.037756877833,0.0,28703300
2021-11-18,0.0,389.92010498046875,0.0,390.42478244356676,385.7467342482992,387.95959638489853,0.0,45721500
2021-11-19,0.0,392.0940856933594,0.0,393.3655090142673,390.7256010524446,391.55057784406847,0.0,45191700
2021-11-22,0.0,387.542236328125,0.0,396.67515387021245,387.43548959531523,393.62762942916737,0.0,61715400
2021-11-23,0.0,385.7757873535156,0.0,388.44481066512725,381.35006379541414,386.387211450435,0.0,70098700
2021-11-24,0.0,387.01812744140625,0.0,387.2995667793371,380.98128029985196,383.3008889875023,0.0,46954400
2021-11-26,0.0,379.68072509765625,0.0,385.8340337161971,378.29281040946904,384.4461190280099,0.0,51533300
2021-11-29,0.0,387.9206848144531,0.0,388.93006914854874,383.5046764835853,384.2325918976154,0.0,54447100
2021-11-30,0.0,382.2235107421875,0.0,389.37648762364154,380.21445723548345,387.0374493739301,0.0,81332700
2021-12-01,0.0,375.7208251953125,0.0,388.68744084495484,375.2549782742776,386.5522103936956,0.0,77766500
2021-12-02,0.0,378.4287109375,0.0,380.2048117122202,373.02271808833177,374.4397186247011,0.0,84416600
2021-12-03,0.0,371.84832763671875,0.0,380.78712093526707,367.74287389750515,379.78745158369395,0.0,105349100
2021-12-06,0.0,374.8279113769531,0.0,376.18668085280285,368.1310660692772,372.33358085620733,0.0,67588800
2021-12-07,0.0,386.1155090332031,0.0,386.72696283063163,381.4180309325069,381.45686138825334,0.0,56005300
2021-12-08,0.0,387.84307861328125,0.0,388.04691628360314,384.55291587972,386.4455080706862,0.0,39204000
2021-12-09,0.0,382.13629150390625,0.0,388.4157779629435,381.94216882867767,386.6202468834455,0.0,49973700
2021-12-10,0.0,386.2901611328125,0.0,386.55220001886164,381.7770618737324,384.94107701596306,0.0,52545800
2021-12-13,0.0,380.7095031738281,0.0,386.6007431595549,380.340687932566,386.2804733873282,0.0,50166400
2021-12-14,0.0,376.76904296875,0.0,378.6033744726611,372.333604453133,375.89552074702993,0.0,75199200
2021-12-15,0.0,385.3583984375,0.0,385.71752824578107,372.5762206822059,376.5166669860493,0.0,73858000
2021-12-16,0.0,375.4490966796875,0.0,386.7463591821846,373.8670889591081,386.31931306304824,0.0,82591400
2021-12-17,0.0,373.575927734375,0.0,377.72989749215094,370.5283740874729,372.0424358932726,0.0,80492500
2021-12-20,0.0,369.9521179199219,0.491,370.73926838457805,366.82294125737684,368.8637138036954,0.0,65336800
2021-12-21,0.0,378.2317810058594,0.0,378.5427620773413,369.47594078430143,373.21732244116544,0.0,48899500
2021-12-22,0.0,382.8380126953125,0.0,383.0420810005645,377.27935339313194,377.9401657718016,0.0,37042200
2021-12-23,0.0,385.7242736816406,0.0,387.1916616414903,383.0226890456838,383.18787732629505,0.0,29595500
2021-12-27,0.0,392.0992736816406,0.0,392.0992736816406,386.9876300995506,387.01678271988703,0.0,32820700
2021-12-28,0.0,390.2820739746094,0.0,393.1683026003953,389.40746553035734,392.9933868429032,0.0,33113700
2021-12-29,0.0,390.22369384765625,0.0,391.68138419397815,387.85251517842977,390.4180644232136,0.0,32248500
2021-12-30,0.0,389.0576171875,0.0,392.1867941156094,388.4745350309547,390.0099560416265,0.0,23850100
2021-12-31,0.0,386.6280517578125,0.0,389.74750060385117,386.1324275802682,388.3869956286929,0.0,34752900
2022-01-03,0.0,390.3500061035156,0.0,390.60268190377786,385.6854091645426,387.79418445250604,0.0,40575900
2022-01-04,0.0,385.2869873046875,0.0,390.9331054188095,382.19669095457175,390.89422537317694,0.0,58027200
2022-01-05,0.0,373.4505615234375,0.0,384.72337293333084,373.1978857035745,383.6057865958055,0.0,75739800
2022-01-06,0.0,373.188232421875,0.0,376.42432227981516,369.40797008273705,371.6333861172132,0.0,70814300
2022-01-07,0.0,369.14544677734375,0.0,374.87905187478674,367.37680523224924,373.1978385248553,0.0,72652300
2022-01-10,0.0,369.3884582519531,0.0,369.90353734049626,358.8930990303456,364.24769136076003,0.0,91770500
2022-01-11,0.0,374.9373779296875,0.0,375.10256621805246,366.57994783943866,368.65957052256533,0.0,68295700
2022-01-12,0.0,376.42425537109375,0.0,379.19387305126554,374.1502619150922,377.5029320274795,0.0,54576400
2022-01-13,0.0,367.00750732421875,0.0,378.48438526589916,366.0745939429649,377.8041180077626,0.0,77994000
2022-01-14,0.0,369.2912292480469,0.0,369.6216354540226,364.28646937948554,364.49056735179727,0.0,80121200
2022-01-18,0.0,360.0981140136719,0.0,365.6081968878349,359.3401161763741,363.4896939139499,0.0,75450900
2022-01-19,0.0,356.1429748535156,0.0,364.121393028259,355.88057156753797,361.65302866397286,0.0,81791500
2022-01-20,0.0,351.5171813964844,0.0,363.3244676788671,350.9827067803879,359.35956284867154,0.0,88610700
2022-01-21,0.0,341.7701416015625,0.0,351.96424840844753,341.48831311404354,349.330695686131,0.0,143388900
2022-01-24,0.0,343.33465576171875,0.0,343.9954979272125,324.724814863164,336.153116714681,0.0,198685800
2022-01-25,0.0,335.3756103515625,0.0,341.12864040252816,332.04236606432556,336.8916353592966,0.0,124398400
2022-01-26,0.0,334.8509521484375,0.0,346.81372985927146,331.1678458334886,342.955707801269,0.0,146559500
2022-01-27,0.0,331.4787902832031,0.0,341.36191421148703,330.45838924794293,339.544664993694,0.0,95255700
2022-01-28,0.0,341.87701416015625,0.0,342.0908099619055,328.41769504756473,333.3543940286969,0.0,108167900
2022-01-31,0.0,352.80963134765625,0.0,353.3927134005564,341.6048530649411,343.2374887444185,0.0,94326400
2022-02-01,0.0,355.2099609375,0.0,355.86107565255384,349.0099431185774,354.1507095470386,0.0,74433000
2022-02-02,0.0,358.0962219238281,0.0,359.66082507521895,354.0147065095673,359.33041880288266,0.0,78777100
2022-02-03,0.0,343.5776062011719,0.0,351.72124109581324,342.51835476439965,348.4171488757995,0.0,95384800
2022-02-04,0.0,347.9118957519531,0.0,351.2062611980714,342.0422530997897,344.092723711356,0.0,86318300
2022-02-07,0.0,345.1130676269531,0.0,350.8660691597223,343.8594455728271,348.504617817624,0.0,58198100
2022-02-08,0.0,348.990478515625,0.0,350.0788824953446,342.8487364508825,343.9760204746733,0.0,64720900
2022-02-09,0.0,356.3858337402344,0.0,356.4635641696809,351.90585037410443,353.49960591720173,0.0,55766400
2022-02-10,0.0,348.3199768066406,0.0,356.15263093726315,346.4833023037305,349.379228283614,0.0,112468500
2022-02-11,0.0,337.27069091796875,0.0,349.9137353868464,336.04622146829104,348.3199796169936,0.0,101569100
2022-02-14,0.0,337.6885070800781,0.0,341.08008649395026,334.1900742753806,336.716713599488,0.0,80254400
2022-02-15,0.0,346.0848388671875,0.0,346.3180598271027,341.89641107359364,342.9556624755889,0.0,55128800
2022-02-16,0.0,345.9973449707031,0.0,347.0177162208431,340.81766932337564,343.8399623458286,0.0,58947100
2022-02-17,0.0,335.7060546875,0.0,343.4900999515628,335.28816097041926,342.7904074906241,0.0,61801400
2022-02-18,0.0,331.8772277832031,0.0,337.0277217825516,329.5740817937438,336.63901029035685,0.0,80001500
2022-02-22,0.0,328.5439758300781,0.0,334.335887190417,324.9192045876381,328.9424147753113,0.0,85967100
2022-02-23,0.0,320.1282653808594,0.0,332.52833172919344,319.81728430674264,331.6926034563906,0.0,86215400
2022-02-24,0.0,330.8860168457031,0.0,331.4205211576912,309.2830625656103,309.8466898446057,0.0,130614100
2022-02-25,0.0,336.01708984375,0.0,336.22118786930884,327.8734837222253,331.6828983376037,0.0,78842100
2022-02-28,0.0,337.01800537109375,0.0,338.70894638542165,331.6925954747324,332.84903222013645,0.0,77515500
2022-03-01,0.0,331.8577880859375,0.0,338.2619043725843,329.3408462123173,335.9976383259827,0.0,67407000
2022-03-02,0.0,337.4261474609375,0.0,338.75749983927886,330.64301800966297,333.4029080497776,0.0,70609000
2022-03-03,0.0,332.6060485839844,0.0,340.1666007318738,330.749919463699,340.05968802670134,0.0,71089400
2022-03-04,0.0,327.7859802246094,0.0,331.6828821792647,325.4731362920545,330.2543443538934,0.0,76936300
2022-03-07,0.0,315.6968688964844,0.0,328.93272323703087,315.4928005351827,327.77628642834065,0.0,89933800
2022-03-08,0.0,314.22943115234375,0.0,323.81130073548536,310.91561179020954,314.9096688017703,0.0,116153900
2022-03-09,0.0,325.5411071777344,0.0,326.8919144282108,319.8075312459294,322.39250561084714,0.0,64723400
2022-03-10,0.0,321.92608642578125,0.0,323.1311307732985,317.49470955243396,321.48879705743184,0.0,69362700
2022-03-11,0.0,315.2498474121094,0.0,325.20103434271135,314.76395059746164,324.89005326370767,0.0,66228400
2022-03-14,0.0,309.1956787109375,0.0,317.3781667543356,308.49598591553655,314.0157681588127,0.0,79802600
2022-03-15,0.0,318.89398193359375,0.0,319.6714344078137,310.2256018576927,311.8290549541508,0.0,76471000
2022-03-16,0.0,330.72076416015625,0.0,330.83737463264583,319.1369728320609,322.800653231215,0.0,105243000
2022-03-17,0.0,334.7245788574219,0.0,334.78288409894554,327.5333123872343,328.8257847833909,0.0,67810000
2022-03-18,0.0,341.5757141113281,0.0,341.8672699778357,331.91608360541323,333.0725203319514,0.0,85446300
2022-03-21,0.0,340.62603759765625,0.434,342.96124908547716,336.2475605981634,340.74282192680533,0.0,73799100
2022-03-22,0.0,347.3202209472656,0.0,348.1862005857163,340.74279618753303,341.1222487248997,0.0,63345900
2022-03-23,0.0,342.32879638671875,0.0,348.0013735104719,342.27041906584384,344.4499479211533,0.0,70615500
2022-03-24,0.0,349.9375915527344,0.0,349.9862591112589,342.09525544418153,344.245565746605,0.0,53555300
2022-03-25,0.0,349.645751953125,0.0,350.9301124529747,345.354840528707,349.87926124638847,0.0,57584200
2022-03-28,0.0,355.0556335449219,0.0,355.15293899033514,348.4003508483054,349.63604389404026,0.0,56833900
2022-03-29,0.0,361.166015625,0.0,361.7887169830254,356.1745465351108,358.9378487657722,0.0,68073000
2022-03-30,0.0,357.1766662597656,0.0,360.9616303767165,355.6977248174195,359.3075272990902,0.0,68757700
2022-03-31,0.0,352.7496337890625,0.0,357.6729863672548,351.9128426053536,357.32269270861195,0.0,67011400
2022-04-01,0.0,352.0782470703125,0.0,353.790698080622,348.90627386497005,353.0123139571587,0.0,54527800
2022-04-04,0.0,359.3270568847656,0.0,359.33679633708357,352.6523251541179,352.9150231256334,0.0,45950200
2022-04-05,0.0,351.34844970703125,0.0,358.58753383724655,350.21003265629037,357.8772369001649,0.0,62738700
2022-04-06,0.0,343.7202453613281,0.0,347.14517729248894,341.0931468145804,346.04568812065344,0.0,90077100
2022-04-07,0.0,344.5375671386719,0.0,346.7268060900979,339.2736601411397,342.7277808315638,0.0,63777400
2022-04-08,0.0,339.7211608886719,0.0,343.5547631418501,339.0887201470298,342.80556776402153,0.0,61956100
2022-04-11,0.0,331.684326171875,0.0,336.4130682800903,331.34377193557583,335.4984504767519,0.0,66107400
2022-04-12,0.0,330.2831726074219,0.0,338.3006420992294,328.91124606106035,336.4227688302859,0.0,72790200
2022-04-13,0.0,336.9967956542969,0.0,338.0476171002027,329.9036543907253,330.62366112785617,0.0,61367800
2022-04-14,0.0,329.2906799316406,0.0,337.60006527348116,329.076619850918,337.08437912811996,0.0,73519400
2022-04-18,0.0,329.543701171875,0.0,331.8302455149222,326.72202142008297,328.23989134707324,0.0,58560600
2022-04-19,0.0,336.9092712402344,0.0,337.4833347492364,327.8798784785365,328.90151139069314,0.0,56515700
2022-04-20,0.0,331.9955749511719,0.0,338.17409838271,330.77933135021743,337.7167896010132,0.0,65500000
2022-04-21,0.0,325.126220703125,0.0,338.4757111308021,324.2018934187596,335.86809207916525,0.0,75801000
2022-04-22,0.0,316.61260986328125,0.0,326.49824396290654,316.1844896299288,325.28200004848594,0.0,82562100
2022-04-25,0.0,320.67962646484375,0.0,320.9909919402288,313.722719294002,314.9876304027116,0.0,101755900
2022-04-26,0.0,308.57568359375,0.0,318.81158146646436,308.3032164570966,318.62671001999485,0.0,105819600
2022-04-27,0.0,308.20587158203125,0.0,314.1605955718625,306.4933910697068,308.67289012652145,0.0,111204200
2022-04-28,0.0,319.15203857421875,0.0,320.98127357624753,308.94530277958887,313.15838695428306,0.0,99450000
2022-04-29,0.0,304.79071044921875,0.0,318.39319243041854,304.15826958250807,314.9585209672844,0.0,91977900
2022-05-02,0.0,309.8794860839844,0.0,310.11299540302446,301.28792283503986,304.38204008613553,0.0,115511800
2022-05-03,0.0,310.2102966308594,0.0,312.49684099353664,307.44699418380907,309.8989310807388,0.0,78185500
2022-05-04,0.0,320.6991271972656,0.0,321.3704960583859,305.41338552668526,310.68700129283695,0.0,116083400
2022-05-05,0.0,304.5473937988281,0.0,316.4665809363222,301.2586663927966,316.3887544119695,0.0,154607400
2022-05-06,0.0,300.8986511230469,0.0,306.58093736600506,296.8704382747219,302.55275421112583,0.0,139572800
2022-05-09,0.0,289.1254577636719,0.0,300.996008618568,287.7340820427355,295.28453273033836,0.0,113387300
2022-05-10,0.0,292.6380310058594,0.0,297.5030067590173,288.56117894923665,296.2867628207278,0.0,124124600
2022-05-11,0.0,283.95880126953125,0.0,295.8779876703027,283.09285133080135,290.3805729425134,0.0,140326100
2022-05-12,0.0,283.2875061035156,0.0,287.7632893233126,277.2452150881887,279.6874421934799,0.0,120910900
2022-05-13,0.0,293.78607177734375,0.0,294.81744395828974,286.13831670139774,287.73404253211226,0.0,83684900
2022-05-16,0.0,290.3806457519531,0.0,294.097493977759,289.10602460905653,292.0444589770364,0.0,59190400
2022-05-17,0.0,297.90191650390625,0.0,298.2813691442496,292.43365921556494,296.2283637797187,0.0,62715300
2022-05-18,0.0,283.27777099609375,0.0,294.0877309048691,282.02259916541067,293.39691278746375,0.0,79477100
2022-05-19,0.0,281.7598876953125,0.0,286.44002110714024,279.81389763549873,281.47774051592484,0.0,79920700
2022-05-20,0.0,280.8841552734375,0.0,285.8658843159157,272.6428874391469,285.21399437362163,0.0,91764200
2022-05-23,0.0,285.5546569824219,0.0,285.93410968975235,279.53181400263725,281.9253740061744,0.0,63648400
2022-05-24,0.0,279.48309326171875,0.0,281.0593405177189,274.62785738418324,280.3490731233341,0.0,73491100
2022-05-25,0.0,283.3945007324219,0.0,285.4669845959224,277.7900406726398,277.99436128506386,0.0,67144500
2022-05-26,0.0,291.24652099609375,0.0,292.7936088613913,282.31443584081836,282.59661264754214,0.0,59462200
2022-05-27,0.0,300.7528076171875,0.0,300.89875095139115,294.2532071240363,294.3699617913992,0.0,66985600
2022-05-31,0.0,299.954833984375,0.0,302.9224562294668,296.1114926697004,300.72350818599887,0.0,60968300
2022-06-01,0.0,297.7365417480469,0.0,304.2069541185857,295.52785325544323,302.0858316338694,0.0,65341700
2022-06-02,0.0,305.89013671875,0.0,306.0652686716349,295.20664219105805,296.6174966517862,0.0,59291300
2022-06-03,0.0,297.93109130859375,0.0,302.0857694144157,296.6856588527265,300.68465418988353,0.0,60914700
2022-06-06,0.0,298.9234924316406,0.0,303.91496098729647,297.36669466302385,302.3581632186797,0.0,51785000
2022-06-07,0.0,301.5020446777344,0.0,302.2804587230126,294.51594564707307,295.6056956170029,0.0,44900300
2022-06-08,0.0,299.3322448730469,0.0,303.3020520553921,298.48571414248147,300.7041419165624,0.0,38342100
2022-06-09,0.0,291.3146667480469,0.0,300.7040615823266,291.1492742435896,297.64887304083413,0.0,55900500
2022-06-10,0.0,281.0398864746094,0.0,286.9070454341088,280.59231706610126,285.7199902862331,0.0,85963500
2022-06-13,0.0,267.97259521484375,0.0,274.71544441224364,267.11635474023007,272.19539056150194,0.0,94442000
2022-06-14,0.0,268.458984375,0.0,271.1347199309147,265.9583807472279,270.16172518330933,0.0,64697500
2022-06-15,0.0,275.1629638671875,0.0,279.084132383306,269.1401226661851,271.8742658322574,0.0,86051400
2022-06-16,0.0,264.0611877441406,0.0,268.60505880586027,262.0081523836244,268.1477498634482,0.0,81910300
2022-06-17,0.0,267.2719421386719,0.0,269.7044291218456,263.20483102923214,264.82971570566315,0.0,82703400
2022-06-21,0.0,274.0151672363281,0.527,276.32562334024476,271.63652291193824,271.74374383104197,0.0,51633700
2022-06-22,0.0,273.6153869628906,0.0,278.01200811268325,270.9247499018806,271.5194033027593,0.0,67472900
2022-06-23,0.0,277.69036865234375,0.0,278.5384966482749,273.26447214712834,276.09157538374063,0.0,57457800
2022-06-24,0.0,287.2050476074219,0.0,287.6242622907725,280.2737697047167,280.507727853171,0.0,58422300
2022-06-27,0.0,285.0992736816406,0.0,289.12544103573384,283.96842674120245,288.5600324407738,0.0,54151500
2022-06-28,0.0,276.4132995605469,0.0,288.2189033828553,276.22807278418054,285.63551643685923,0.0,61609800
2022-06-29,0.0,276.6667785644531,0.0,278.16807955603764,273.7811854154774,276.27683836873155,0.0,57302700
2022-06-30,0.0,273.2352600097656,0.0,276.80327077260506,268.8483659202871,273.693447915799,0.0,79313600
2022-07-01,0.0,275.0387268066406,0.0,275.42866694103077,270.06690827922216,271.9386625750301,0.0,56675100
2022-07-05,0.0,279.7473449707031,0.0,279.86432404946754,269.7939783454508,271.31476587044517,0.0,61829300
2022-07-06,0.0,281.54107666015625,0.0,283.63706078053895,278.4117674893385,280.12753987607994,0.0,63194700
2022-07-07,0.0,287.5658264160156,0.0,288.2677307428875,282.35029021292183,282.35029021292183,0.0,56620100
2022-07-08,0.0,287.9264831542969,0.0,289.29128867561775,283.80279206972443,284.73865446284026,0.0,59895500
2022-07-11,0.0,281.77508544921875,0.0,285.742764761992,280.89771259567397,285.5185647747311,0.0,55273900
2022-07-12,0.0,279.0454406738281,0.0,284.9336355578182,277.456405436465,283.022907853938,0.0,55797100
2022-07-13,0.0,278.4703063964844,0.0,280.8099774974258,272.98180922081616,273.5472478351174,0.0,73939400
2022-07-14,0.0,279.46466064453125,0.0,280.3322753285217,272.7673107554296,275.87713357604196,0.0,63741800
2022-07-15,0.0,284.5339050292969,0.0,284.6411556730268,280.83915754095693,282.4477089432289,0.0,63818100
2022-07-18,0.0,282.1260070800781,0.0,288.7161059163632,280.95618659025564,287.3122975281542,0.0,59519600
2022-07-19,0.0,290.8023376464844,0.0,291.09481511753387,284.1440200380793,285.7427838277984,0.0,55172600
2022-07-20,0.0,295.4134216308594,0.0,296.59300027762254,290.44160280286565,291.22151286932126,0.0,67769400
2022-07-21,0.0,299.6540832519531,0.0,299.71257278651024,293.21996669593227,295.8716013477852,0.0,55049400
2022-07-22,0.0,294.3995666503906,0.0,300.79468073009497,292.5765732733218,298.72797102452967,0.0,57127700
2022-07-25,0.0,292.7227478027344,0.0,294.89670779684667,290.72428614597334,294.42876181478226,0.0,40582400
2022-07-26,0.0,286.9710998535156,0.0,291.2800176636317,286.1619747271185,291.02654315994,0.0,50074100
2022-07-27,0.0,299.0984191894531,0.0,300.7849468623081,290.95828801492434,291.52372654709603,0.0,69304400
2022-07-28,0.0,302.02301025390625,0.0,302.59817719949456,295.1404637517443,298.88394285982037,0.0,55139900
2022-07-29,0.0,307.5310363769531,0.0,308.4376838259344,302.1400318064017,303.563356736809,0.0,57501000
2022-08-01,0.0,307.3457946777344,0.0,310.79682641979406,304.6746730824699,305.766517537453,0.0,46358800
2022-08-02,0.0,306.4294128417969,0.0,310.5433458150814,304.00200763677066,305.0548788766701,0.0,48676500
2022-08-03,0.0,314.7742614746094,0.0,315.59314473177295,308.04766730768193,308.1061568438703,0.0,53735700
2022-08-04,0.0,316.246337890625,0.0,316.5583019667237,312.70757163811743,314.85228747313164,0.0,38973700
2022-08-05,0.0,313.6629333496094,0.0,315.6906402325453,310.38739998089824,311.16728037805893,0.0,53894000
2022-08-08,0.0,312.6490478515625,0.0,318.26428160423654,311.1867498743477,314.57929189167635,0.0,43878500
2022-08-09,0.0,309.1102600097656,0.0,311.0112591452007,307.4920098771659,310.7577846603357,0.0,39764200
2022-08-10,0.0,317.73785400390625,0.0,318.03033145703176,313.9651298877678,316.4315380147607,0.0,51459600
2022-08-11,0.0,315.9343566894531,0.0,322.0565100360168,315.2324524315432,320.05804792349016,0.0,45897700
2022-08-12,0.0,322.0857849121094,0.0,322.28074013641935,316.9287387580482,317.9815802708066,0.0,40928400
2022-08-15,0.0,324.6886901855469,0.0,325.18588109408125,321.12067900487204,321.14019535456083,0.0,38266600
2022-08-16,0.0,323.9281921386719,0.0,326.0144178482099,320.886617618674,323.71372061479906,0.0,41186900
2022-08-17,0.0,320.2334899902344,0.0,323.09959632644143,318.15702215986727,320.79892851943316,0.0,47842200
2022-08-18,0.0,321.0036926269531,0.0,322.1832714855751,318.5762871884128,320.1848092229941,0.0,41937200
2022-08-19,0.0,314.7449645996094,0.0,318.62493881082617,313.984570932645,317.97179578627373,0.0,51770600
2022-08-22,0.0,306.45867919921875,0.0,310.72859449957645,305.6495539907252,310.49463631890967,0.0,51098900
2022-08-23,0.0,306.2052307128906,0.0,309.03233444699987,305.454565308121,306.22471731086637,0.0,39497100
2022-08-24,0.0,307.0923156738281,0.0,308.90555078072424,305.1230688044367,305.7274805067354,0.0,38057100
2022-08-25,0.0,312.5223083496094,0.0,312.54182469616995,307.82348016039754,308.86656343289775,0.0,38098300
2022-08-26,0.0,299.712646484375,0.0,313.4290109708079,299.62491216096583,312.22991571648254,0.0,69047700
2022-08-29,0.0,296.7587890625,0.0,299.49815854026025,295.6571863667148,296.9635024726139,0.0,48321900
2022-08-30,0.0,293.4539794921875,0.0,299.02048248873007,290.9388397861882,298.4063125109601,0.0,51184500
2022-08-31,0.0,291.7478942871094,0.0,297.24614823115894,291.64067339661335,296.3492591674008,0.0,50044000
2022-09-01,0.0,291.8746337890625,0.0,292.2450873236985,285.58677112395446,289.2620022034003,0.0,57990700
2022-09-02,0.0,287.7510070800781,0.0,296.11533836235265,286.14245551571184,294.740774703101,0.0,64666800
2022-09-06,0.0,285.684326171875,0.0,289.1451165871365,283.5591264974762,288.22874062651783,0.0,57005400
2022-09-07,0.0,291.45550537109375,0.0,292.449857353697,285.8987607758549,286.16199347016936,0.0,49260400
2022-09-08,0.0,292.96649169921875,0.0,294.28256572550094,288.02394753464296,289.3887529227953,0.0,55649800
2022-09-09,0.0,299.3714599609375,0.0,299.8686509145676,292.9665861191948,295.2185231730528,0.0,56125200
2022-09-12,0.0,302.9295654296875,0.0,303.2610159868147,300.4339132050062,300.74587717072166,0.0,45905700
2022-09-13,0.0,286.3179931640625,0.0,295.4037165031951,285.4308620388399,294.214379469994,0.0,79562200
2022-09-14,0.0,288.58935546875,0.0,289.46672823361587,285.6940045193243,287.458508221613,0.0,54907200
2022-09-15,0.0,283.7833251953125,0.0,289.07683720153153,282.1845316517043,286.6786766366504,0.0,65299400
2022-09-16,0.0,282.04803466796875,0.0,282.4379748363864,278.44102117141784,280.48824424377034,0.0,79920400
2022-09-19,0.0,284.244384765625,0.519,284.400647072459,279.35155353808136,279.4101481776457,0.0,52613800
2022-09-20,0.0,281.97869873046875,0.0,284.2639794331516,279.68364231837523,281.744290332558,0.0,51271100
2022-09-21,0.0,276.9295349121094,0.0,287.07660060929834,276.79282401992526,282.8185346717677,0.0,82931000
2022-09-22,0.0,273.5212097167969,0.0,276.41198853056363,272.30043811253796,275.40607392081404,0.0,62757100
2022-09-23,0.0,269.0679016113281,0.0,271.35318302433393,265.6594862107158,271.0601798868708,0.0,74815200
2022-09-26,0.0,267.9544982910156,0.0,272.95477436818817,267.1634406196502,268.59906932027565,0.0,71176700
2022-09-27,0.0,268.06195068359375,0.0,273.6579492275771,265.7473424447554,271.31407346333293,0.0,69780100
2022-09-28,0.0,273.39422607421875,0.0,274.67359224399587,266.5676812655921,268.0423529963474,0.0,79652100
2022-09-29,0.0,265.512939453125,0.0,269.79052797757146,262.5537902388702,269.4096329262739,0.0,81216000
2022-09-30,0.0,261.0107421875,0.0,268.75531001739057,260.85447984718013,264.692578581056,0.0,78482400
2022-10-03,0.0,267.13409423828125,0.0,268.72598499950425,261.27439119809316,262.77838999019224,0.0,61267400
2022-10-04,0.0,275.5329895019531,0.0,276.2361550120086,272.46639747632554,272.46639747632554,0.0,66696900
2022-10-05,0.0,275.38653564453125,0.0,277.1737320512889,268.9799290372803,271.7730399929327,0.0,55766300
2022-10-06,0.0,273.2184753417969,0.0,277.5351072748648,272.8961749308147,274.39039826210677,0.0,53489400
2022-10-07,0.0,262.8077087402344,0.0,268.71623119922265,261.4794937780923,268.5892661876951,0.0,71354700
2022-10-10,0.0,260.1806335449219,0.0,263.39371299321334,257.47541419661354,263.0030422073812,0.0,60393000
2022-10-11,0.0,256.60614013671875,0.0,261.37203629971344,254.92635755146634,258.5105553818787,0.0,66522500
2022-10-12,0.0,256.5182800292969,0.0,259.1551286146646,255.824890155114,257.2409672276285,0.0,50580200
2022-10-13,0.0,262.5342712402344,0.0,263.8527105635727,248.31471075324347,249.19367526946817,0.0,112894100
2022-10-14,0.0,254.64315795898438,0.0,265.45431746364756,254.057211485012,264.8585952804451,0.0,77244300
2022-10-17,0.0,263.0518798828125,0.0,263.92105379550384,260.50289319135663,260.60056088370277,0.0,64576500
2022-10-18,0.0,265.13201904296875,0.0,270.7280159093199,262.4560679423864,270.06392343927286,0.0,69781000
2022-10-19,0.0,264.1651916503906,0.0,267.28060307677697,261.8017945845762,263.6182883721529,0.0,53115400
2022-10-20,0.0,262.81744384765625,0.0,268.41347120679865,261.65529678402197,263.2764551298616,0.0,60605500
2022-10-21,0.0,268.97991943359375,0.0,269.5170469661977,260.5810056434781,261.7138851597254,0.0,77897700
2022-10-24,0.0,271.9391174316406,0.0,272.8668860467629,265.61062617174724,269.2436439647236,0.0,63963600
2022-10-25,0.0,277.564453125,0.0,277.94534825838383,271.401999044465,272.87670101628277,0.0,59014500
2022-10-26,0.0,271.4312744140625,0.0,277.339827731573,270.94296570041695,271.9488804583669,0.0,63492400
2022-10-27,0.0,266.4895935058594,0.0,271.7730973816211,265.97198745982723,270.3179469473794,0.0,57760300
2022-10-28,0.0,274.644287109375,0.0,275.11307408957737,265.69847008078847,265.86450811669073,0.0,62651300
2022-10-31,0.0,271.4508056640625,0.0,273.2184806917732,269.53661418994767,272.3981256902939,0.0,47742000
2022-11-01,0.0,268.6771545410156,0.0,275.47443198903903,268.31581093092103,274.91775300938326,0.0,45895900
2022-11-02,0.0,259.4676818847656,0.0,271.70469568674423,259.399311519549,268.6478787128653,0.0,79803100
2022-11-03,0.0,254.39898681640625,0.0,258.3152310474457,254.0181216335413,256.8600810601073,0.0,70038900
2022-11-04,0.0,258.4910888671875,0.0,260.3759533151003,253.02202541162885,259.3212196262988,0.0,78313200
2022-11-07,0.0,261.33294677734375,0.0,261.8701040247889,257.4069570567532,259.53597502346213,0.0,47333800
2022-11-08,0.0,263.23748779296875,0.0,266.470089315202,259.31146639081186,262.8468467559981,0.0,63213800
2022-11-09,0.0,257.16290283203125,0.0,262.2803685087817,256.8796754388071,261.49908650457485,0.0,64862100
2022-11-10,0.0,276.1385192871094,0.0,276.4314925318648,267.4466319794542,269.55612875367035,0.0,99256700
2022-11-11,0.0,281.22674560546875,0.0,281.89086810609234,274.6150563618374,275.9530174666255,0.0,66961800
2022-11-14,0.0,278.76556396484375,0.0,282.44739939277486,277.78894694697476,279.1757264221165,0.0,55290700
2022-11-15,0.0,282.6233215332031,0.0,286.4028260736951,279.2832769369558,285.37735992912906,0.0,73985400
2022-11-16,0.0,278.76556396484375,0.0,282.7111050621506,277.9452092463121,280.66997907128274,0.0,48859800
2022-11-17,0.0,278.15032958984375,0.0,279.6250310314814,274.1559690015309,274.31223132284265,0.0,55462100
2022-11-18,0.0,278.16009521484375,0.0,281.2559547943808,275.7185524153398,281.15831692559203,0.0,53588600
2022-11-21,0.0,275.2986755371094,0.0,277.9257487549581,274.4685448395458,276.7733474498207,0.0,40083500
2022-11-22,0.0,279.26373291015625,0.0,279.4199654529086,273.90208358861463,276.0311319845541,0.0,41873400
2022-11-23,0.0,282.0665588378906,0.0,282.69157828572867,279.1074102079972,279.2831941335777,0.0,46390000
2022-11-25,0.0,280.2110290527344,0.0,281.1778705742173,279.7227204371987,280.4747049756863,0.0,15498800
2022-11-28,0.0,276.0993957519531,0.0,280.25001818275695,275.17162744393033,278.23818945943924,0.0,38714200
2022-11-29,0.0,274.009521484375,0.0,276.7245163710595,272.6422632328063,276.3240997038153,0.0,35618900
2022-11-30,0.0,286.5003967285156,0.0,286.607840114557,273.42350840960466,274.2731605730631,0.0,74718100
2022-12-01,0.0,286.85198974609375,0.0,288.8345213632916,284.078400623767,286.8226924238293,0.0,51547300
2022-12-02,0.0,285.7093200683594,0.0,286.5882992996581,281.61729204384915,281.79310577250203,0.0,53583200
2022-12-05,0.0,280.9141540527344,0.0,284.8596656371709,279.45897432203,283.5900753418602,0.0,41482100
2022-12-06,0.0,275.093505859375,0.0,280.8946139923922,273.7067262258463,280.7579030923493,0.0,53937600
2022-12-07,0.0,273.9703674316406,0.0,275.96267446849214,272.2612876715734,273.9117727956143,0.0,45614300
2022-12-08,0.0,277.2127990722656,0.0,278.1796405660975,273.247735611834,275.31815931385347,0.0,42594900
2022-12-09,0.0,275.4450988769531,0.0,278.96092644431246,275.0056092545373,276.19708332447607,0.0,47860500
2022-12-12,0.0,278.90228271484375,0.0,278.9609071572365,274.58565206435793,275.62086374817505,0.0,35732500
2022-12-13,0.0,281.9005126953125,0.0,289.93808195078236,279.22459144749337,289.7134492941307,0.0,80667700
2022-12-14,0.0,279.8106994628906,0.0,284.5961194231244,276.5683220940458,281.31466900776286,0.0,64984400
2022-12-15,0.0,270.4156188964844,0.0,276.3925128966489,269.22414442034705,275.72839038240903,0.0,60554100
2022-12-16,0.0,267.83734130859375,0.0,271.2750240756214,266.2356743509104,269.7417572978392,0.0,68300400
2022-12-19,0.0,264.0732116699219,0.655,268.1946054220828,262.8397183407502,268.1065030236201,0.0,44167900
2022-12-20,0.0,263.86767578125,0.0,265.610215389088,261.33218460259167,262.9082886290477,0.0,51064200
2022-12-21,0.0,267.6954040527344,0.0,268.9974017742697,264.0634574932923,264.90537479189913,0.0,46394700
2022-12-22,0.0,261.1460876464844,0.0,264.81716949092845,256.9365625396508,264.6899005402666,0.0,60278400
2022-12-23,0.0,261.7334899902344,0.0,262.3992023384686,257.9841041168896,259.8832799000987,0.0,39373600
2022-12-27,0.0,258.03302001953125,0.0,261.23422291108676,257.4946065647044,261.12652229491476,0.0,38009000
2022-12-28,0.0,254.62631225585938,0.0,259.8832981129733,254.2641035283262,257.63171258350565,0.0,47139000
2022-12-29,0.0,260.83282470703125,0.0,261.7726133297164,256.73100004741883,257.42604987120274,0.0,45893600
2022-12-30,0.0,260.6761779785156,0.0,260.80344692896426,256.7701564626805,258.07215367617874,0.0,37858300
2023-01-03,0.0,258.9140625,0.0,264.46472133466716,256.6135119786508,262.99628864555143,0.0,42335300
2023-01-04,0.0,260.1475524902344,0.0,261.8215874388271,257.0051145763298,261.0286360949012,0.0,47754900
2023-01-05,0.0,256.07513427734375,0.0,258.6497916979726,255.76189126208158,258.4833860141376,0.0,45396700
2023-01-06,0.0,263.1432189941406,0.0,264.25924257268844,254.8612640638941,257.80792959551763,0.0,54659700
2023-01-09,0.0,264.8465576171875,0.0,269.4965949830019,264.2396101515992,265.13043312506403,0.0,45568700
2023-01-10,0.0,267.08831787109375,0.0,267.1960184717391,263.30956536845116,263.8186112864529,0.0,35247800
2023-01-11,0.0,271.70904541015625,0.0,271.8167460338236,267.3722803802534,268.1554625853684,0.0,44077000
2023-01-12,0.0,273.1775207519531,0.0,274.2054419537708,267.97926942885414,272.267099305614,0.0,60600000
2023-01-13,0.0,275.0570983886719,0.0,275.3018372372978,270.3483253311377,270.68116658022717,0.0,44802900
2023-01-17,0.0,275.6150817871094,0.0,276.8975108319857,273.69630790097455,274.8612670906476,0.0,36269700
2023-01-18,0.0,272.0320739746094,0.0,278.6987564529242,271.8265017490513,277.15199051686204,0.0,47754500
2023-01-19,0.0,269.35955810546875,0.0,271.54263928726834,268.12609468186554,270.4070474982165,0.0,44150400
2023-01-20,0.0,276.73114013671875,0.0,277.06398142957494,269.90781894478795,270.9651076400739,0.0,60613600
2023-01-23,0.0,282.87896728515625,0.0,284.1026616358028,276.7800937617582,277.57304531094917,0.0,52799900
2023-01-24,0.0,282.3014221191406,0.0,283.45658255921296,280.7448862972763,281.26373157123106,0.0,44875100
2023-01-25,0.0,281.6748046875,0.0,282.29152139938293,275.2626298782115,277.79812038931897,0.0,50872000
2023-01-26,0.0,287.16680908203125,0.0,287.3430139058109,282.44823629847684,285.0914281565779,0.0,51596300
2023-01-27,0.0,290.0252990722656,0.0,291.98320962051486,285.7374701915448,285.8549400443847,0.0,56441900
2023-01-30,0.0,284.1614074707031,0.0,288.184930185092,283.7894294691375,286.76543273377166,0.0,49405800
2023-01-31,0.0,288.4197998046875,0.0,288.5177013077533,284.09283419741314,284.2005049380446,0.0,46705100
2023-02-01,0.0,294.587158203125,0.0,297.0443149917628,286.1485408228506,288.2141514533077,0.0,67562200
2023-02-02,0.0,305.1598815917969,0.0,307.0786252014798,300.2749052569355,301.0972239467996,0.0,83070600
2023-02-03,0.0,299.73651123046875,0.0,305.81584484231445,298.1310401558854,298.52261628075865,0.0,76170800
2023-02-06,0.0,297.2010803222656,0.0,299.4722641274987,295.8599161410481,297.1227770317245,0.0,40802300
2023-02-07,0.0,303.35870361328125,0.0,304.48449634628645,295.9578031919654,297.07379681087605,0.0,67584000
2023-02-08,0.0,297.96453857421875,0.0,302.9865826728895,297.2792879764126,302.04679420642975,0.0,56720900
2023-02-09,0.0,295.33123779296875,0.0,302.4873988896817,293.8824030198418,302.34056156474935,0.0,49137800
2023-02-10,0.0,293.3929138183594,0.0,295.2235554396842,290.9944613958253,293.1775424584774,0.0,50050100
2023-02-13,0.0,298.0919494628906,0.0,298.6793287373951,293.61811566211543,294.79287421112434,0.0,39636700
2023-02-14,0.0,300.2945556640625,0.0,301.2441435550638,294.5774599660458,296.5158023274129,0.0,64079100
2023-02-15,0.0,302.5951232910156,0.0,302.76152898056733,297.79824775573866,298.4834986177221,0.0,43100600
2023-02-16,0.0,296.91717529296875,0.0,301.93922151897635,296.7703379509055,297.97446390652266,0.0,59498600
2023-02-17,0.0,294.8221130371094,0.0,295.5758976873473,291.82651290713596,294.7340106656793,0.0,58230700
2023-02-21,0.0,287.84222412109375,0.0,292.44332595656886,287.70518591500763,291.00426047826875,0.0,46526700
2023-02-22,0.0,288.05755615234375,0.0,290.1231372020917,286.4031195400651,288.41976478189457,0.0,51389200
2023-02-23,0.0,290.57354736328125,0.0,291.8559765400383,286.39338870857665,291.6993400918778,0.0,69294400
2023-02-24,0.0,285.7080993652344,0.0,286.80452447929275,283.94596196734597,285.6199969766415,0.0,74332000
2023-02-27,0.0,287.754150390625,0.0,290.2504746907463,287.1667711802001,288.86037476393324,0.0,48995000
2023-02-28,0.0,287.382080078125,0.0,289.88820294739213,286.79470099540964,287.1275421713687,0.0,48243100
2023-03-01,0.0,285.07177734375,0.0,287.74430602409564,284.0928221054478,287.0884227446252,0.0,58287000
2023-03-02,0.0,287.4310607910156,0.0,288.23381133362534,282.3013444096141,282.58524982109236,0.0,53565900
2023-03-03,0.0,293.3733215332031,0.0,293.6082911239611,288.6645488596202,289.17362474347476,0.0,60511500
2023-03-06,0.0,293.7060852050781,0.0,297.6023370838633,293.51031211904115,294.60673700192774,0.0,56736300
2023-03-07,0.0,290.1036376953125,0.0,294.67537252764663,289.49669013145973,293.75515206782217,0.0,65955800
2023-03-08,0.0,291.552490234375,0.0,292.1496386591984,288.67435910816766,290.524569189103,0.0,50876300
2023-03-09,0.0,286.5010070800781,0.0,294.6459207938577,285.6884576057452,292.05166584300946,0.0,71456700
2023-03-10,0.0,282.4775695800781,0.0,288.1555288425777,281.332208488785,286.6674975098236,0.0,98593600
2023-03-13,0.0,284.5724792480469,0.0,288.27292857600725,279.18822584160324,280.69582516050286,0.0,97123600
2023-03-14,0.0,291.11199951171875,0.0,291.6602122153564,287.27451058625525,288.11639799707314,0.0,73602500
2023-03-15,0.0,292.6390380859375,0.0,292.97187923172703,287.06878122995937,288.5078464082678,0.0,83631500
2023-03-16,0.0,300.35333251953125,0.0,300.7155412720084,290.935785453722,291.7287370132938,0.0,98198100
2023-03-17,0.0,298.9337463378906,0.0,302.6439949209908,296.9856350447471,300.26514094865837,0.0,89923700
2023-03-20,0.0,299.9947204589844,0.472,300.3182627314526,296.1120635813606,298.31812338571973,0.0,56359500
2023-03-21,0.0,304.2792663574219,0.0,304.73027449086743,300.41620949570734,301.92614271657004,0.0,49757000
2023-03-22,0.0,300.1417236328125,0.0,309.0934270367483,299.9750603489493,304.2106715650756,0.0,75791900
2023-03-23,0.0,303.70086669921875,0.0,308.01493275195025,301.0143859601483,303.86755992069874,0.0,74576000
2023-03-24,0.0,304.818603515625,0.0,304.9166266654698,300.9555458892946,303.27925706662813,0.0,57195200
2023-03-27,0.0,302.7301330566406,0.0,306.59318988267137,301.8771283628504,305.51466616344624,0.0,50287400
2023-03-28,0.0,301.1222229003906,0.0,302.18114824564555,298.8181102637318,302.1517353150328,0.0,48585900
2023-03-29,0.0,306.61285400390625,0.0,307.2305554441771,303.9949835955194,304.80879117992583,0.0,53274300
2023-03-30,0.0,309.51507568359375,0.0,310.14259148106527,306.70112872300774,309.08366605323215,0.0,58354800
2023-03-31,0.0,314.6625061035156,0.0,314.89783945673923,309.4366095821471,309.74055315519803,0.0,62138100
2023-04-03,0.0,313.8976745605469,0.0,314.16242078750673,311.2210088192587,312.54462026769846,0.0,47126800
2023-04-04,0.0,312.8388671875,0.0,315.3488703775505,311.62306288617054,314.3389865153161,0.0,45875400
2023-04-05,0.0,309.7503662109375,0.0,312.82902914171353,307.93648914174224,311.8877854973382,0.0,62795700
2023-04-06,0.0,311.8387756347656,0.0,312.3290111128405,306.71093168392616,308.10318368556324,0.0,46916500
2023-04-10,0.0,311.6622619628906,0.0,311.71130345798,307.13249145734375,308.9169555721336,0.0,45134700
2023-04-11,0.0,309.6620788574219,0.0,311.6818762284548,309.15224481441595,311.623020452729,0.0,40113600
2023-04-12,0.0,306.9266052246094,0.0,312.2015432187939,306.46578272529894,311.61325472071314,0.0,62813300
2023-04-13,0.0,312.93695068359375,0.0,313.4075576264741,307.50513281890755,308.6816800977096,0.0,54613800
2023-04-14,0.0,312.3486022949219,0.0,314.10362355280955,309.44638706855096,311.38773010113204,0.0,56278300
2023-04-17,0.0,312.61334228515625,0.0,312.9663273730386,309.8680356976164,311.93681496151294,0.0,43007000
2023-04-18,0.0,312.6329345703125,0.0,315.14296758418715,311.4367888056213,314.7213423597959,0.0,46746900
2023-04-19,0.0,312.4858093261719,0.0,313.54473444133725,310.10327269943673,310.2307386782614,0.0,38960100
2023-04-20,0.0,310.1033020019531,0.0,313.0349001055698,308.8188876535836,309.524827823203,0.0,62462100
2023-04-21,0.0,310.4268798828125,0.0,311.2014602783377,307.96591824991697,309.7405682000311,0.0,59002300
2023-04-24,0.0,309.77984619140625,0.0,311.53486786120504,307.61298358555683,310.20144156985384,0.0,44043100
2023-04-25,0.0,303.9361572265625,0.0,308.81891296001777,303.8381340762558,308.15219994563006,0.0,57121600
2023-04-26,0.0,305.7794189453125,0.0,308.7894714365909,305.2597706261011,307.3187652590196,0.0,55400500
2023-04-27,0.0,314.0938720703125,0.0,314.59389190375305,308.8973581277927,309.5346881769988,0.0,65430400
2023-04-28,0.0,316.26068115234375,0.0,316.34891993997377,312.7309800391621,313.8585155543405,0.0,59712600
2023-05-01,0.0,315.89794921875,0.0,317.3098298316283,314.8194251503569,315.79989613587793,0.0,41013400
2023-05-02,0.0,313.1427917480469,0.0,316.1528445049361,311.4073391555542,315.82927236122555,0.0,56519400
2023-05-03,0.0,311.0936584472656,0.0,316.17249115185956,310.9857910757869,313.5056087794518,0.0,59882100
2023-05-04,0.0,309.9955139160156,0.0,312.01528168247387,308.9660014639323,310.86811750366076,0.0,50224500
2023-05-05,0.0,316.5842590332031,0.0,317.4372639173498,310.0346907683038,312.2505645476067,0.0,51806100
2023-05-08,0.0,317.36859130859375,0.0,317.71176206822287,315.0448803318045,316.12340418138433,0.0,36465800
2023-05-09,0.0,315.3586730957031,0.0,316.5744474308447,315.0449152280546,315.71162825560987,0.0,31768800
2023-05-10,0.0,318.7903137207031,0.0,319.64331859198467,315.3194384553814,317.7902142813276,0.0,60446600
2023-05-11,0.0,319.82958984375,0.0,320.3688368200273,317.79019380506895,319.3393544392817,0.0,44278500
2023-05-12,0.0,318.6824035644531,0.0,320.78062531133344,316.6332233075497,320.3590001525392,0.0,48432800
2023-05-15,0.0,320.4080505371094,0.0,320.6433539464346,317.63330150857877,319.15304915138614,0.0,33375600
2023-05-16,0.0,320.7707824707031,0.0,322.4767918322518,319.65303156376456,319.69225876793513,0.0,40019200
2023-05-17,0.0,324.65350341796875,0.0,325.231977629507,320.6531955111161,321.8297425794394,0.0,47486100
2023-05-18,0.0,330.6833801269531,0.0,330.89908490254527,325.0260743111693,325.0456729556433,0.0,64213500
2023-05-19,0.0,329.9382629394531,0.0,331.60504547004615,328.87933764086796,330.89910524485487,0.0,61554900
2023-05-22,0.0,331.046142578125,0.0,332.05602620551866,329.6734596564246,329.6832739383654,0.0,43015900
2023-05-23,0.0,326.8497619628906,0.0,330.47751622935596,326.4968068043876,329.3303820426241,0.0,48216700
2023-05-24,0.0,325.1731262207031,0.0,326.40852897088314,323.1239458935844,324.89859560084017,0.0,62891200
2023-05-25,0.0,333.0855407714844,0.0,334.3503564792471,330.09511680552123,332.51688087401254,0.0,66862800
2023-05-26,0.0,341.5960388183594,0.0,342.4294450267953,334.0072039995481,334.1052570690575,0.0,63007000
2023-05-30,0.0,343.14520263671875,0.0,347.0180445839455,341.72350791991136,345.8218689368981,0.0,72652200
2023-05-31,0.0,341.19403076171875,0.0,343.7530751587842,339.7429530992799,341.5666144604298,0.0,65105400
2023-06-01,0.0,345.1355285644531,0.0,346.4591401791111,339.89000391136346,340.9391148263001,0.0,50488600
2023-06-02,0.0,347.7239685058594,0.0,348.8809168862117,345.13554111385764,346.89056232890925,0.0,53372100
2023-06-05,0.0,347.9691467285156,0.0,350.5183772748344,346.9396641625022,347.5083241685211,0.0,47266200
2023-06-06,0.0,347.9102478027344,0.0,348.8711199384058,346.03754502332214,347.3611865599489,0.0,41390400
2023-06-07,0.0,342.0078430175781,0.0,350.1457389597309,341.3803273223321,348.19461157771684,0.0,69225900
2023-06-08,0.0,346.2532653808594,0.0,346.7140878648296,342.07648001887725,342.3019691584915,0.0,47153900
2023-06-09,0.0,347.5768737792969,0.0,350.6751648766371,346.13558060935685,347.7043397616495,0.0,53196900
2023-06-12,0.0,353.4499206542969,0.0,353.54797372181633,348.26325149654303,349.23390804531675,0.0,44606500
2023-06-13,0.0,356.1658935546875,0.0,356.99926994054516,352.99896155499044,356.19530648687544,0.0,57097800
2023-06-14,0.0,358.75433349609375,0.0,359.0386784646019,353.3813715572253,356.1756899744658,0.0,69525600
2023-06-15,0.0,363.0291442871094,0.0,364.5096349149164,356.8717885834368,357.4894600810382,0.0,71138800
2023-06-16,0.0,360.7446594238281,0.0,365.5685895292292,360.3034654615523,365.44112352181685,0.0,80932000
2023-06-20,0.0,360.22821044921875,0.504,361.6224020665425,357.2729652705581,359.2955034183002,0.0,49204700
2023-06-21,0.0,355.3191223144531,0.0,359.5212926250768,354.3962130906706,359.0892912878748,0.0,53378300
2023-06-22,0.0,359.51153564453125,0.0,359.66859981894015,353.66971914615306,354.0722672543528,0.0,47603000
2023-06-23,0.0,355.9475402832031,0.0,358.24498586469036,354.2588157580104,355.62352426121214,0.0,48922900
2023-06-26,0.0,351.17584228515625,0.0,358.2056464908537,351.0874824651817,355.41729341976225,0.0,52685500
2023-06-27,0.0,357.21405029296875,0.0,357.94061440220145,351.9908127020582,352.71734684864873,0.0,49428100
2023-06-28,0.0,357.91119384765625,0.0,359.8551702473771,355.319185364502,355.39774741937356,0.0,46498000
2023-06-29,0.0,357.19439697265625,0.0,358.2547747954641,355.55478139707867,357.61657056755206,0.0,46151000
2023-06-30,0.0,362.702392578125,0.0,363.75291267358693,360.55221365879754,360.86637193154843,0.0,58712500
2023-07-03,0.0,363.5565490722656,0.0,364.18489554856006,362.2605451389462,363.34054841671235,0.0,19432900
2023-07-05,0.0,363.5467529296875,0.0,365.245305048856,361.95621612900413,361.9954971505115,0.0,34460900
2023-07-06,0.0,360.7779846191406,0.0,361.21981366415815,357.8914440970398,359.84527769235706,0.0,49374700
2023-07-07,0.0,359.5801696777344,0.0,363.7430885890437,359.3543712445191,360.5521875880231,0.0,47133700
2023-07-10,0.0,359.69805908203125,0.0,360.3755144506833,356.8017201518788,359.3053387141886,0.0,48498800
2023-07-11,0.0,361.4751892089844,0.0,361.92681615358754,357.98972463094054,360.12027841253007,0.0,38214100
2023-07-12,0.0,366.04058837890625,0.0,367.38567128465127,363.56639328791454,365.569305989517,0.0,61975400
2023-07-13,0.0,372.25543212890625,0.0,373.0801537556552,368.63252964837125,369.2117973399221,0.0,46960000
2023-07-14,0.0,372.1768493652344,0.0,375.89790894295464,371.30301909287243,372.68738269436534,0.0,55148500
2023-07-17,0.0,375.6524658203125,0.0,376.52629611774853,372.4124862090471,372.89356628227546,0.0,40868900
2023-07-18,0.0,378.7256164550781,0.0,380.0903547968073,373.0900033607786,375.0143539359423,0.0,55262000
2023-07-19,0.0,378.63726806640625,0.0,380.92491572466935,377.31181070611046,379.7860057687003,0.0,54093000
2023-07-20,0.0,369.908935546875,0.0,377.115460023706,368.88783871111735,375.65253408673993,0.0,71941700
2023-07-21,0.0,368.7994689941406,0.0,373.0114671113866,368.36746765069796,372.2849030541567,0.0,60499600
2023-07-24,0.0,369.3885803222656,0.0,370.7140077219881,367.5329340224281,369.7714729152002,0.0,40380100
2023-07-25,0.0,371.89215087890625,0.0,373.5514218144114,370.07578583536446,370.0954413255174,0.0,38894400
2023-07-26,0.0,370.655029296875,0.0,372.34375339467977,368.35758429683284,370.8514044097547,0.0,47075700
2023-07-27,0.0,369.7713928222656,0.0,377.71427756702815,368.485216761209,376.1041155359719,0.0,63940200
2023-07-28,0.0,376.50677490234375,0.0,377.52784187278996,373.3060454566325,373.8165789418556,0.0,56902900
2023-07-31,0.0,376.7030944824219,0.0,377.88128547604856,375.3874648517023,376.81110980544776,0.0,44019900
2023-08-01,0.0,375.8293151855469,0.0,376.5853026388472,373.76749581160385,375.35803276895774,0.0,41060600
2023-08-02,0.0,367.58203125,0.0,372.3634693955508,366.3449337556179,372.3634693955508,0.0,72687100
2023-08-03,0.0,366.9930114746094,0.0,369.11373763269887,365.0097239761104,365.1766458798773,0.0,47666400
2023-08-04,0.0,365.2747802734375,0.0,371.2245819771046,364.77404459771117,368.9173087178114,0.0,61702800
2023-08-07,0.0,368.3674621582031,0.0,368.4656497280015,364.75438730568214,367.0812858929707,0.0,37230400
2023-08-08,0.0,365.2354431152344,0.0,365.88344507756824,362.1132763570565,365.86381954997177,0.0,44726500
2023-08-09,0.0,361.2198791503906,0.0,365.6773315752085,360.4638917195049,365.5202374410032,0.0,51150900
2023-08-10,0.0,361.887451171875,0.0,367.5525170667542,360.3656487971009,364.22417737002195,0.0,72035300
2023-08-11,0.0,359.5801696777344,0.0,361.30817488479244,358.0583673392255,359.33471575457895,0.0,48707200
2023-08-14,0.0,363.615478515625,0.0,363.7332916146843,358.0682253755608,358.78493171571785,0.0,42130800
2023-08-15,0.0,359.7569274902344,0.0,363.438736421652,359.08927003239927,362.643438126839,0.0,45539900
2023-08-16,0.0,355.9475402832031,0.0,360.74860439303535,355.84935270191363,359.2169740053772,0.0,53190500
2023-08-17,0.0,352.0595703125,0.0,357.68538681446483,351.6472243689865,357.34174521977246,0.0,62604300
2023-08-18,0.0,351.61767578125,0.0,352.8743987300196,348.25985276668825,348.7998694013037,0.0,61191400
2023-08-21,0.0,357.28277587890625,0.0,357.96023120114785,352.61915066898786,353.080605309317,0.0,50696500
2023-08-22,0.0,356.7722473144531,0.0,359.89441451720785,356.084964236424,359.88458677069144,0.0,44530200
2023-08-23,0.0,362.39801025390625,0.0,363.4878413565346,357.73438527213693,357.95038594348233,0.0,51770600
2023-08-24,0.0,354.6515808105469,0.0,365.9620904744971,354.445407837709,365.8639328434817,0.0,66842500
2023-08-25,0.0,357.40057373046875,0.0,359.0892980908041,352.05949342627497,355.48605091411787,0.0,69960500
2023-08-28,0.0,360.0908203125,0.0,361.023527469029,357.62645273852735,360.31661880045664,0.0,40910000
2023-08-29,0.0,367.955078125,0.0,368.3085473758451,359.57039318662726,359.8943792008163,0.0,58492400
2023-08-30,0.0,370.007080078125,0.0,370.58637775483646,367.06163274123446,368.06310401186664,0.0,41731500
2023-08-31,0.0,371.1165466308594,0.0,372.81509876045794,370.0169177230242,370.08565202042405,0.0,35730700
2023-09-01,0.0,370.7238464355469,0.0,373.9049202292134,369.2412949010862,373.48274660106966,0.0,39801200
2023-09-05,0.0,371.195068359375,0.0,372.4125102375906,368.9957808199257,369.9186899736173,0.0,32344200
2023-09-06,0.0,367.92572021484375,0.0,370.76318285205195,365.9228371372638,370.41954125768933,0.0,42998700
2023-09-07,0.0,365.29437255859375,0.0,366.0700154055185,362.43728507574485,363.47800739370695,0.0,52060700
2023-09-08,0.0,365.80487060546875,0.0,368.033611361354,364.84271042111476,365.2452584429382,0.0,35800100
2023-09-11,0.0,370.11505126953125,0.0,370.6255846271766,366.86524382561294,368.82887514943724,0.0,39936600
2023-09-12,0.0,366.01116943359375,0.0,370.0955273034834,365.72643442396486,368.4460537672233,0.0,41391000
2023-09-13,0.0,367.4053039550781,0.0,369.00566859817417,365.11768618873833,366.24676843328615,0.0,46300700
2023-09-14,0.0,370.4096374511719,0.0,371.3914532548078,367.0911252035005,369.1529144210235,0.0,48039400
2023-09-15,0.0,364.0671691894531,0.0,369.4769846496211,363.1344320540294,369.0744365155248,0.0,69811200
2023-09-18,0.0,364.4466247558594,0.536,365.55768735077066,362.8439436680501,363.1290907956141,0.0,36903500
2023-09-19,0.0,363.6698913574219,0.0,364.4663109860004,360.6513463421351,363.12912296972536,0.0,37621700
2023-09-20,0.0,358.4292907714844,0.0,365.0857956922663,358.350614993545,364.7318447095917,0.0,45514200
2023-09-21,0.0,351.8611755371094,0.0,355.5385022910984,351.69404205184406,354.7518946939296,0.0,69734800
2023-09-22,0.0,351.91033935546875,0.0,355.73511547676003,351.59569633093804,353.6015081048086,0.0,51589700
2023-09-25,0.0,353.5819091796875,0.0,353.670426931504,349.96360354560466,350.9468407291718,0.0,39168000
2023-09-26,0.0,348.2723693847656,0.0,351.54656539828693,347.28913238471915,351.00576704465425,0.0,53657700
2023-09-27,0.0,349.0884704589844,0.0,350.9959526262273,345.47013551952676,349.4227674359429,0.0,56066000
2023-09-28,0.0,352.0086975097656,0.0,354.13249308803233,347.3186376888386,348.17404910105444,0.0,56453300
2023-09-29,0.0,352.2643127441406,0.0,356.86588475516515,351.0352664817327,355.4795169704476,0.0,64829600
2023-10-02,0.0,355.2042236328125,0.0,356.6004034300205,351.920215511054,352.5298176765403,0.0,51625100
2023-10-03,0.0,348.970458984375,0.0,354.9583681944584,347.3579360413067,352.76573907241095,0.0,60478500
2023-10-04,0.0,353.719482421875,0.0,354.56505177127065,349.34406611988163,349.8061886731124,0.0,54786700
2023-10-05,0.0,352.67730712890625,0.0,354.11282484978915,349.1868275319199,353.70969405026443,0.0,45897400
2023-10-06,0.0,358.5865478515625,0.0,359.776256226346,348.90165734771625,349.688234949587,0.0,75049100
2023-10-09,0.0,360.4154052734375,0.0,360.9561737004849,354.7322957786889,356.22680543610494,0.0,45304800
2023-10-10,0.0,362.41131591796875,0.0,365.0562258023892,360.24821255924587,360.7496430164254,0.0,46968800
2023-10-11,0.0,364.99725341796875,0.0,365.1840708551433,362.01804640146526,363.7387112131161,0.0,38215100
2023-10-12,0.0,363.7288818359375,0.0,367.47501266939906,361.33962295903945,365.49872656424327,0.0,49587900
2023-10-13,0.0,359.1568298339844,0.0,364.93826851164727,357.7606200148562,364.35816225059114,0.0,52469900
2023-10-16,0.0,363.2176208496094,0.0,364.2696917484524,360.32690137403074,360.4743809378837,0.0,44201100
2023-10-17,0.0,362.0279235839844,0.0,363.71909264929917,357.56401860820876,359.67797243834826,0.0,50999100
2023-10-18,0.0,357.2789001464844,0.0,361.7428054809417,355.9515239119674,359.54036373277734,0.0,54280500
2023-10-19,0.0,353.9358215332031,0.0,359.8843933378224,353.13940196943787,358.6946849781009,0.0,72274200
2023-10-20,0.0,348.6558532714844,0.0,354.0046650604322,348.4296979547339,353.4343707855007,0.0,72559700
2023-10-23,0.0,349.7079772949219,0.0,353.2377951328684,345.2342301698792,347.33837211559495,0.0,60665200
2023-10-24,0.0,353.10992431640625,0.0,353.8768480102766,349.82591619106324,351.51708510652264,0.0,47082100
2023-10-25,0.0,344.46728515625,0.0,350.89766425060594,343.8871788626788,350.7206887724348,0.0,71190500
2023-10-26,0.0,337.89923095703125,0.0,344.2017837265647,336.611192887755,343.267696574336,0.0,78621400
2023-10-27,0.0,339.5216064453125,0.0,342.9924322678214,338.31221398932763,340.6228272153074,0.0,63476700
2023-10-30,0.0,343.34637451171875,0.0,344.66390849909146,340.64247274510757,341.99931460839315,0.0,55298500
2023-10-31,0.0,344.98834228515625,0.0,345.361977125428,340.8095852665568,343.375849297575,0.0,47671900
2023-11-01,0.0,350.97625732421875,0.0,351.5367095936347,345.7257755512951,345.8241052486329,0.0,58992700
2023-11-02,0.0,357.34771728515625,0.0,357.5836846025912,354.26033818730366,355.4795726747569,0.0,58162400
2023-11-03,0.0,361.54608154296875,0.0,362.8341196576423,358.40955300253114,358.6357083226237,0.0,53280500
2023-11-06,0.0,363.02099609375,0.0,363.5814484959267,360.7595625493423,362.3130641136368,0.0,38848700
2023-11-07,0.0,366.4524841308594,0.0,367.3177075855141,362.86364466248693,364.0631951409586,0.0,50777400
2023-11-08,0.0,366.68841552734375,0.0,367.5241729930119,364.40729844641794,366.82605310659983,0.0,35663400
2023-11-09,0.0,363.86651611328125,0.0,368.5172078212966,363.37489762365516,367.3766793306541,0.0,53859400
2023-11-10,0.0,372.04705810546875,0.0,372.1945376523924,365.05622752117154,365.5871838961083,0.0,58309800
2023-11-13,0.0,370.8868713378906,0.0,371.93894227391564,368.94989298145856,370.47392854450817,0.0,40733500
2023-11-14,0.0,378.8706970214844,0.0,379.7851302288468,376.7567434893468,377.2778578949994,0.0,67792600
2023-11-15,0.0,379.1558532714844,0.0,381.2501529163194,377.7989813885765,380.758534408368,0.0,54141400
2023-11-16,0.0,379.4803161621094,0.0,379.7162834302425,377.1303654282443,378.38890753497225,0.0,45343500
2023-11-17,0.0,379.5688171386719,0.0,380.58155004111273,377.8481524011065,378.7527136312029,0.0,46571900
2023-11-20,0.0,384.19000244140625,0.0,384.84878441118275,379.57861867100365,379.57861867100365,0.0,44429600
2023-11-21,0.0,381.9580993652344,0.0,382.7053691278028,380.2177805827414,382.4890557757968,0.0,43337000
2023-11-22,0.0,383.5213928222656,0.0,386.48094557042384,382.5185019602564,384.0228532562751,0.0,44121000
2023-11-24,0.0,382.980712890625,0.0,383.7082987815847,381.9876337646269,383.11835048885297,0.0,15718800
2023-11-27,0.0,382.6463623046875,0.0,384.5931523904098,381.7712669585099,382.4890407815765,0.0,34139700
2023-11-28,0.0,383.6492919921875,0.0,384.2293982888467,381.5451501649011,381.899131129143,0.0,35491100
2023-11-29,0.0,383.2756042480469,0.0,387.5330371689785,382.93146530431625,386.10733154752785,0.0,38811700
2023-11-30,0.0,382.31207275390625,0.0,384.0032417854491,379.35254945321765,383.54111914293406,0.0,52834400
2023-12-01,0.0,383.4034423828125,0.0,383.99339059048106,379.598319952068,381.2501509287302,0.0,40490100
2023-12-04,0.0,379.84417724609375,0.0,380.1194824436904,376.2455257307844,379.6180219028473,0.0,51186900
2023-12-05,0.0,380.7979431152344,0.0,381.987651724067,377.76955573963744,377.9465612399907,0.0,42933000
2023-12-06,0.0,378.5954284667969,0.0,383.8262569727363,378.2513194910496,383.72792726280227,0.0,41994100
2023-12-07,0.0,383.88525390625,0.0,384.711169469861,380.4734199676345,381.5648287522021,0.0,49593500
2023-12-08,0.0,385.5960998535156,0.0,386.03853853703976,381.96795261854504,382.1547700647045,0.0,46687500
2023-12-11,0.0,388.889892578125,0.0,389.1553857754819,384.9667864981938,385.17325786923954,0.0,41198000
2023-12-12,0.0,391.9871520996094,0.0,392.10513575192317,387.79855240637823,388.9292690824057,0.0,39221200
2023-12-13,0.0,396.97210693359375,0.0,397.58170908822694,392.15425151154363,392.92117519092295,0.0,55408100
2023-12-14,0.0,396.62799072265625,0.0,399.48918400821196,393.6290998471996,398.1913339633251,0.0,55447800
2023-12-15,0.0,398.5453186035156,0.0,399.7252151143467,396.80499975575367,397.4047599779828,0.0,62896600
2023-12-18,0.0,401.05560302734375,0.808,401.9521395300037,398.6123238311212,398.93742692657247,0.0,46610000
2023-12-19,0.0,403.10479736328125,0.0,403.223016658827,401.3215861682606,401.5087767415231,0.0,35711900
2023-12-20,0.0,397.1148376464844,0.0,404.3954880510741,396.93750866811394,402.30686657439776,0.0,54042400
2023-12-21,0.0,401.7353820800781,0.0,402.099931688355,398.48423095913716,401.03589782139267,0.0,45568900
2023-12-22,0.0,402.3363952636719,0.0,403.9028612694033,400.4645193486063,402.9472150823402,0.0,34314000
2023-12-26,0.0,404.7994079589844,0.0,405.46933745008045,403.09499933674465,403.193525453894,0.0,22722500
2023-12-27,0.0,405.6234436035156,0.216,405.9093105893374,404.2237091283738,405.0813100858391,0.0,31980500
2023-12-28,0.0,405.4263000488281,0.0,407.02319044168144,405.0714555715917,406.7767606385684,0.0,27029200
2023-12-29,0.0,403.6717224121094,0.0,405.7614724182198,401.7594247269773,405.40659785802626,0.0,42662100
2024-01-02,0.0,396.8406982421875,0.0,400.2907155215089,394.5242520525762,400.04428571584305,0.0,58026900
2024-01-03,0.0,392.6415100097656,0.0,395.2733934715993,392.20782124327246,394.2186667232616,0.0,47002800
2024-01-04,0.0,390.6207580566406,0.0,393.8834858235891,390.40389865452806,390.77847672015514,0.0,39432800
2024-01-05,0.0,391.08404541015625,0.0,393.8539136213913,389.694177896052,390.7883417185422,0.0,44922800
2024-01-08,0.0,399.1669616699219,0.0,399.452798550121,392.1584832247877,392.30633507346994,0.0,42473800
2024-01-09,0.0,399.9555969238281,0.0,400.88217545140054,395.9732826190553,396.1704385072998,0.0,39132900
2024-01-10,0.0,402.6662292480469,0.0,403.67165184292986,399.3837980693423,400.2709391920929,0.0,33962800
2024-01-11,0.0,403.5041198730469,0.0,405.3277062256267,398.4670796261402,403.9378386838797,0.0,54536200
2024-01-12,0.0,403.7111511230469,0.0,405.3770189692426,402.32128344819796,404.5391516370874,0.0,39595000
2024-01-16,0.0,403.6717224121094,0.0,405.2488791736917,401.02013531515087,402.47901058392307,0.0,43903000
2024-01-17,0.0,401.3946838378906,0.0,401.7692619253495,397.1659703728697,400.369557587937,0.0,54386000
2024-01-18,0.0,407.0921325683594,0.0,407.6737032433849,403.31684154852866,404.65740512178894,0.0,59562500
2024-01-19,0.0,415.1651916503906,0.0,415.322910326965,408.70874313748874,409.29031383636556,0.0,70325100
2024-01-22,0.0,415.7073669433594,0.0,418.66452452840616,415.10606259188336,417.36336797136255,0.0,44880600
2024-01-23,0.0,417.43231201171875,0.0,417.649171404892,414.5638659809187,416.39728896539987,0.0,33003800
2024-01-24,0.0,419.7487487792969,0.0,423.7113587915539,419.2558892320418,421.3357721639732,0.0,46948000
2024-01-25,0.0,420.2613525390625,0.0,422.9129393765781,417.92520303935225,422.2426275133017,0.0,44367200
2024-01-26,0.0,417.7576599121094,0.0,420.12338002200374,417.1070816175798,418.37866783333135,0.0,37137000
2024-01-29,0.0,422.03564453125,0.0,422.2328003923078,417.56047120473414,418.21104944811174,0.0,38694700
2024-01-30,0.0,419.2263488769531,0.0,421.57236530293176,418.31950409086363,421.00066142315893,0.0,36739000
2024-01-31,0.0,411.01531982421875,0.0,416.8310568585981,410.83789759483614,414.83991498252755,0.0,64010600
2024-02-01,0.0,415.8552551269531,0.0,416.3481147675071,411.84337043321966,412.809386158141,0.0,51008600
2024-02-02,0.0,422.8833923339844,0.0,424.0958076653043,416.7522178703175,417.7477737801536,0.0,59602400
2024-02-05,0.0,422.3313903808594,0.0,423.4747981460052,418.93064721196345,422.942531453122,0.0,39889200
2024-02-06,0.0,421.483642578125,0.0,424.07608872396537,419.1474930343102,423.47478440731186,0.0,35846100
2024-02-07,0.0,425.8207702636719,0.0,426.64877067040624,422.9621909848072,424.2633473732864,0.0,37712700
2024-02-08,0.0,426.609375,0.0,427.3683678727417,425.25894465466604,425.93906315412374,0.0,29889900
2024-02-09,0.0,430.80853271484375,0.0,431.5971260660349,426.9543973976089,427.74296066703954,0.0,36943900
2024-02-12,0.0,429.1229553222656,0.0,432.868706003154,428.44280672731315,430.70011192044177,0.0,33203300
2024-02-13,0.0,422.4299621582031,0.0,425.1111196554867,419.25594504804957,421.1781095709481,0.0,64491700
2024-02-14,0.0,427.0332336425781,0.0,427.45708563986375,422.7552163189453,425.1012326116575,0.0,45092700
2024-02-15,0.0,428.30487060546875,0.0,428.7681598450567,425.1702606039895,427.72329987181814,0.0,38796100
2024-02-16,0.0,424.42108154296875,0.0,428.7779431339281,423.7113625852965,428.6793952890023,0.0,53716500
2024-02-20,0.0,421.217529296875,0.0,423.9380937915089,417.45207479106114,422.4299446419333,0.0,53999500
2024-02-21,0.0,419.5319519042969,0.0,419.62069310797756,415.60880857574824,418.4870919149259,0.0,49779000
2024-02-22,0.0,431.8140563964844,0.0,432.84904961781456,427.5163046514916,428.2851644940765,0.0,53887800
2024-02-23,0.0,430.54241943359375,0.0,434.29800707839775,429.566567077912,433.3714286486903,0.0,39853900
2024-02-26,0.0,430.3157043457031,0.0,432.3364467529688,430.1284152913282,431.35072755384294,0.0,33043200
2024-02-27,0.0,431.3507080078125,0.0,431.73512283553583,428.81740256122896,431.4197155682474,0.0,33713200
2024-02-28,0.0,429.0539855957031,0.0,430.43401654188887,428.0978367678952,429.21170427760325,0.0,32938800
2024-02-29,0.0,432.7306823730469,0.0,433.8051125759615,428.80750954852294,431.97168949991254,0.0,42495200
2024-03-01,0.0,439.24627685546875,0.0,440.20242559258236,433.55868843719577,433.6178291770783,0.0,43853000
2024-03-04,0.0,437.678955078125,0.0,439.6701267810901,437.4325253193824,439.246244733917,0.0,34325700
2024-03-05,0.0,429.8228454589844,0.0,434.6528936081218,427.4571253935113,434.64302678995017,0.0,57917100
2024-03-06,0.0,432.5237121582031,0.0,435.67799537388134,430.65085179861904,434.03186124713403,0.0,46234500
2024-03-07,0.0,439.08856201171875,0.0,440.340414373381,434.56408510896307,436.1018344992265,0.0,44526700
2024-03-08,0.0,432.75048828125,0.0,442.23313347942417,432.08020635824886,439.44353093712164,0.0,72096000
2024-03-11,0.0,431.1437683105469,0.0,432.3956209608814,429.2216036907926,431.2620498105136,0.0,45860000
2024-03-12,0.0,437.3241882324219,0.0,437.67903270870585,430.22699788911217,433.4503189575067,0.0,55300900
2024-03-13,0.0,433.96282958984375,0.0,436.3482830248126,432.8489622045044,436.3285493906767,0.0,37928700
2024-03-14,0.0,432.86871337890625,0.0,435.7174260233508,430.1579857702073,435.19499608749015,0.0,52195200
2024-03-15,0.0,427.7232360839844,0.0,432.6025274769866,426.5600647083873,429.84252608792025,0.0,73069800
2024-03-18,0.0,431.8026123046875,0.573,435.3164099799992,431.56570642305184,433.0363904244328,0.0,47323800
2024-03-19,0.0,432.87847900390625,0.0,433.2831618565317,427.70646045459057,429.79897352411336,0.0,43004100
2024-03-20,0.0,438.010986328125,0.0,438.34657038066183,432.3750959996177,434.07277599109307,0.0,43653500
2024-03-21,0.0,440.083740234375,0.0,443.50870969307005,439.8863537969903,443.05468775339364,0.0,39345700
2024-03-22,0.0,440.58721923828125,0.0,441.6828000306345,438.72173178551486,439.5705870123186,0.0,28253900
2024-03-25,0.0,438.9881896972656,0.0,440.46872362587334,436.7969982780647,437.79387064068004,0.0,27789200
2024-03-26,0.0,437.5668029785156,0.0,441.4260644009586,437.3397769695949,440.50811062334685,0.0,34142000
2024-03-27,0.0,439.0571594238281,0.0,440.74498940950923,436.19480049800956,440.6462811455431,0.0,41359200
2024-03-28,0.0,438.2478942871094,0.0,439.8567458712152,437.8925505041075,439.0078908107103,0.0,36839600
2024-04-01,0.0,439.1756896972656,0.0,441.7221945881504,437.2707133093092,439.19541930424367,0.0,38729000
2024-04-02,0.0,435.38555908203125,0.0,435.70141356819596,432.3455424869359,434.36892692844134,0.0,44259700
2024-04-03,0.0,436.3626708984375,0.0,438.2380076998727,433.25355592217153,433.26340566492473,0.0,39949800
2024-04-04,0.0,429.6903991699219,0.0,441.1497467951012,429.4633731365682,440.53776750365273,0.0,57267700
2024-04-05,0.0,434.7537841796875,0.0,437.4187568704157,430.3023032460056,431.11166889240866,0.0,54744600
2024-04-08,0.0,434.88214111328125,0.0,436.7574779320718,433.5003155689901,435.68162696824743,0.0,28144900
2024-04-09,0.0,436.4910583496094,0.0,437.48793079141376,431.7632111946562,437.2115656409815,0.0,39443600
2024-04-10,0.0,432.68109130859375,0.0,433.5397961490954,430.618217694108,431.3288751692714,0.0,61502200
2024-04-11,0.0,439.5902404785156,0.0,440.5377737187917,432.27639956537496,434.546569566325,0.0,45474600
2024-04-12,0.0,432.5823974609375,0.0,436.5008785092053,431.21045166763093,435.375688373544,0.0,53665000
2024-04-15,0.0,425.4659423828125,0.0,436.4120189606587,424.62696718234923,436.3231905448268,0.0,63453600
2024-04-16,0.0,425.50543212890625,0.0,428.1309157561056,424.1236065676271,425.3080155680643,0.0,47619000
2024-04-17,0.0,420.31365966796875,0.0,427.4991822952907,419.3858561040903,427.4794526889554,0.0,56880500
2024-04-18,0.0,417.91522216796875,0.0,422.68252783849687,417.3427322200064,420.9552383732777,0.0,46549400
2024-04-19,0.0,409.2688903808594,0.0,417.2637789829598,407.709408020396,416.7406582413731,0.0,75231000
2024-04-22,0.0,413.3847961425781,0.0,415.71415492772303,408.5681212264379,411.89438243688096,0.0,47807700
2024-04-23,0.0,419.5537109375,0.0,420.7479998697546,413.43415866494064,415.30949561248633,0.0,44384700
2024-04-24,0.0,420.97503662109375,0.0,424.15325073276335,418.69501672810685,422.64310729557025,0.0,48440300
2024-04-25,0.0,418.9417419433594,0.0,419.8004467599326,412.71363193551656,413.7993326654368,0.0,57392200
2024-04-26,0.0,425.4067077636719,0.0,426.93658062696824,421.3796691199886,422.0705668137359,0.0,41874900
2024-04-29,0.0,427.1340026855469,0.0,428.1309050863392,424.39996110309824,427.5090760688762,0.0,30022200
2024-04-30,0.0,419.0799255371094,0.0,426.9464969281247,419.0009769819428,425.55479143619027,0.0,43665900
2024-05-01,0.0,416.04974365234375,0.0,424.5579035239852,415.200918698871,417.6585952639436,0.0,52251700
2024-05-02,0.0,421.3598937988281,0.0,422.2580878768443,415.1712736472869,419.7806517948606,0.0,36559000
2024-05-03,0.0,429.82861328125,0.0,430.81563588260366,427.00571297817805,428.8021013418112,0.0,48515300
2024-05-06,0.0,434.53668212890625,0.0,434.6255105447398,430.8550771355993,431.62495352769525,0.0,30227200
2024-05-07,0.0,434.60577392578125,0.0,436.2343550995329,433.87535676036975,434.980847312053,0.0,30996100
2024-05-08,0.0,434.3490905761719,0.0,435.75067568812074,431.8716546240631,431.99012261841733,0.0,24896700
2024-05-09,0.0,435.296630859375,0.0,435.869120749492,432.76985579243,434.6155829578941,0.0,24580100
2024-05-10,0.0,436.3232421875,0.0,438.5440432107632,434.78348922109416,436.7970239162178,0.0,27116600
2024-05-13,0.0,437.3299255371094,0.0,438.32682792263495,435.91849056064825,438.2281196461856,0.0,22994200
2024-05-14,0.0,440.1429748535156,0.0,440.6759754843591,436.71800527283966,436.9055419740339,0.0,34478300
2024-05-15,0.0,447.0225524902344,0.0,447.26930815291627,441.10041658586863,442.61056003662026,0.0,41464700
2024-05-16,0.0,446.11444091796875,0.0,448.7892634620817,445.9466338392956,446.83494806603215,0.0,34780400
2024-05-17,0.0,445.8973388671875,0.0,446.8448721279926,443.7061474930174,446.24277267953175,0.0,35803700
2024-05-20,0.0,449.0064697265625,0.0,449.6677580228072,445.9269639301303,446.1145006401795,0.0,24474200
2024-05-21,0.0,449.8848876953125,0.0,450.0724243984787,446.96330924202005,447.1607258100495,0.0,23167700
2024-05-22,0.0,449.79608154296875,0.0,450.89169234315284,447.200207164725,450.14154549335257,0.0,25120000
2024-05-23,0.0,447.77264404296875,0.0,454.6028230744019,445.98613567551195,454.57321360339853,0.0,40899200
2024-05-24,0.0,452.0069580078125,0.0,453.2703455808259,447.6837947140764,449.38147458920713,0.0,29669500
2024-05-28,0.0,453.7145080566406,0.0,453.7737269985474,450.7633203393182,453.22099679305967,0.0,26216800
2024-05-29,0.0,450.5166015625,0.0,452.29323020811563,449.4308706694951,449.569068292941,0.0,29739200
2024-05-30,0.0,445.6900329589844,0.0,449.72698180915853,444.36742631931105,449.58878418992737,0.0,30536800
2024-05-31,0.0,444.86090087890625,0.0,446.6079499751622,437.31018480642405,445.91702217912916,0.0,55941300
2024-06-03,0.0,447.2495422363281,0.0,449.66772946137996,442.08740334832584,448.67085714771804,0.0,32997500
2024-06-04,0.0,448.4734191894531,0.0,449.6677080088743,445.2754758521607,446.99288540418263,0.0,23767400
2024-06-05,0.0,457.5145568847656,0.0,457.5935054345104,448.51291613698316,452.03659383490276,0.0,33817400
2024-06-06,0.0,457.35662841796875,0.0,458.51145804041124,456.19194905279596,458.19560359921735,0.0,21966800
2024-06-07,0.0,456.95196533203125,0.0,459.6958869003459,455.8465048615647,456.99145466927325,0.0,25829700
2024-06-10,0.0,458.7976989746094,0.0,459.1530427715406,455.5405364640256,455.82678145022857,0.0,20660800
2024-06-11,0.0,461.9463195800781,0.0,462.06478759754907,456.03406367638996,457.52447748377983,0.0,22053300
2024-06-12,0.0,467.99676513671875,0.0,470.31627429764677,465.1738949266606,465.8647926816662,0.0,34532600
2024-06-13,0.0,470.5334167480469,0.0,472.18175774937856,468.26327680859976,471.52043935155245,0.0,25859000
2024-06-14,0.0,472.9713439941406,0.0,473.04044280266436,469.87207869046944,470.3359804995687,0.0,23372600
2024-06-17,0.0,478.7651672363281,0.0,480.54179582054763,471.93498789371336,473.23783479875635,0.0,37054500
2024-06-18,0.0,478.9132385253906,0.0,479.59428654506,477.1563394611156,478.71585207369253,0.0,24438600
2024-06-20,0.0,475.22174072265625,0.0,480.52204691160244,473.39574301016904,480.1075143153198,0.0,33918700
2024-06-21,0.0,473.9485168457031,0.0,476.2779059039156,472.4581331645929,474.94541933585094,0.0,37456800
2024-06-24,0.0,468.5527648925781,0.762,474.4546566741709,468.4143777866246,472.7246217485548,0.0,37751000
2024-06-25,0.0,473.910888671875,0.0,474.2074539856312,469.6994802000683,470.638653975982,0.0,29014700
2024-06-26,0.0,474.8896484375,0.0,475.4333918119505,472.6752133443042,473.0904048395707,0.0,22737100
2024-06-27,0.0,476.11541748046875,0.0,477.5884389583205,473.83177410628525,474.64242617202774,0.0,26222100
2024-06-28,0.0,473.6439514160156,0.0,481.641681382078,473.0013731209687,476.9063207260723,0.0,34881600
2024-07-01,0.0,476.4219665527344,0.0,476.9854407051725,470.82653577529436,474.5634099490614,0.0,24898300
2024-07-02,0.0,481.42425537109375,0.0,481.4835684420996,474.8006808608911,474.92920257120903,0.0,26723600
2024-07-03,0.0,485.43792724609375,0.0,485.56644895460255,480.67290947959197,480.67290947959197,0.0,18064900
2024-07-05,0.0,490.49951171875,0.0,490.93449434748237,485.9816417886156,486.2782373097051,0.0,28495900
2024-07-08,0.0,491.6660461425781,0.0,492.21965491627554,489.84704157622735,490.8652895174296,0.0,22109400
2024-07-09,0.0,492.09112548828125,0.0,494.295695149638,490.5785818678999,493.17858205149344,0.0,25614500
2024-07-10,0.0,497.22186279296875,0.0,497.7754714973867,492.70402356256653,494.00894112617357,0.0,28046900
2024-07-11,0.0,486.3177490234375,0.0,497.53826719034237,485.13145747225576,497.3306714485331,0.0,49966600
2024-07-12,0.0,489.1747741699219,0.0,493.92000053484,486.42649145110255,486.89113058774603,0.0,37109400
2024-07-15,0.0,490.4896240234375,0.0,495.2941939835856,488.4531281241457,490.9443676264422,0.0,31151400
2024-07-16,0.0,490.6774597167969,0.0,492.75350772394023,487.5238506867198,491.94285552229314,0.0,25950600
2024-07-17,0.0,476.273681640625,0.0,483.2234781761037,476.20450316938724,482.7094214942809,0.0,56268800
2024-07-18,0.0,474.0196838378906,0.0,480.16872359296,470.8364183022551,479.9907843804537,0.0,49347400
2024-07-19,0.0,469.818115234375,0.0,476.1945411257476,468.53295862451336,473.68351080048836,0.0,42042900
2024-07-22,0.0,476.8174133300781,0.0,477.835661269661,472.25999126847034,475.6706436808386,0.0,40300000
2024-07-23,0.0,475.13677978515625,0.0,478.9033104941796,474.66227523561906,475.91777541548873,0.0,23282500
2024-07-24,0.0,458.0934753417969,0.0,468.7801456725655,457.2334056742168,468.4143716915868,0.0,58818600
2024-07-25,0.0,453.0417175292969,0.0,462.60140853428965,450.431852223762,458.4295521028487,0.0,59256800
2024-07-26,0.0,457.6881408691406,0.0,460.61436283274776,454.52463646511234,457.371784394855,0.0,39992100
2024-07-29,0.0,458.6075134277344,0.0,462.57177432799335,456.3535263948634,460.39686132723483,0.0,28218500
2024-07-30,0.0,452.3101806640625,0.0,461.23715898276777,448.9687372105857,460.5352676004035,0.0,41317200
2024-07-31,0.0,465.69580078125,0.0,467.3961793520911,461.0889608140942,462.5322959431304,0.0,44552100
2024-08-01,0.0,454.4159240722656,0.0,470.12462564471286,450.7779149807164,466.3778859810745,0.0,56653900
2024-08-02,0.0,443.6304016113281,0.0,448.39541951664893,439.39923152251373,445.7460017404434,0.0,66323200
2024-08-05,0.0,430.40301513671875,0.0,437.24408061547723,418.6190230324202,419.8646276295471,0.0,87483500
2024-08-06,0.0,434.51556396484375,0.0,441.9695513474924,429.6022636455994,432.24181587995844,0.0,63164400
2024-08-07,0.0,429.809814453125,0.0,443.87747904877693,429.41438398005954,441.3961053134686,0.0,54929200
2024-08-08,0.0,442.95819091796875,0.0,443.8676781831214,432.1627587005004,436.0281550009436,0.0,47890100
2024-08-09,0.0,445.2714538574219,0.0,446.9026236253443,440.52619705961143,441.6433101631058,0.0,33574000
2024-08-12,0.0,446.2303771972656,0.0,449.1862557378928,443.43264672667567,446.24027276517336,0.0,27795000
2024-08-13,0.0,457.30255126953125,0.0,457.569490229533,450.4812773186454,450.619694582263,0.0,40084500
2024-08-14,0.0,457.450927734375,0.0,459.80375001845346,453.17030990577854,458.2220278505323,0.0,34733700
2024-08-15,0.0,469.00750732421875,0.0,469.4029378183491,463.0364073037887,463.41207683250695,0.0,38280600
2024-08-16,0.0,469.6105041503906,0.0,470.97476491373806,466.2690608707509,467.22799559792907,0.0,38383600
2024-08-19,0.0,475.7793884277344,0.0,475.8189405325183,467.9695221355202,469.7490048177998,0.0,23737700
2024-08-20,0.0,474.78094482421875,0.0,477.43036269965324,473.09043170353624,474.8699144353993,0.0,29209300
2024-08-21,0.0,476.9953308105469,0.0,478.84399182513124,473.851617528973,475.5618612719516,0.0,25658800
2024-08-22,0.0,469.4326477050781,0.0,480.0006925308986,468.40450416795426,479.30866646045797,0.0,37739600
2024-08-23,0.0,474.5238342285156,0.0,477.23256479469126,469.8576819851587,473.77249517010836,0.0,36061500
2024-08-26,0.0,469.9170227050781,0.0,474.8995317051293,467.84097477427224,473.98014896286577,0.0,27452600
2024-08-27,0.0,471.3207702636719,0.0,472.3884355306579,466.32836638914665,468.28578790959983,0.0,27510000
2024-08-28,0.0,465.9725341796875,0.0,471.57783018305867,462.5520165904531,470.8561778132263,0.0,37372400
2024-08-29,0.0,465.2904357910156,0.0,472.47748446744345,464.01514442703615,467.8805404533223,0.0,41081500
2024-08-30,0.0,470.83636474609375,0.0,471.4591820884378,465.1420994076882,469.6204167628621,0.0,33466500
2024-09-03,0.0,456.5413513183594,0.0,467.92991237004406,454.1687382037683,467.80142084180835,0.0,44985200
2024-09-04,0.0,455.3550720214844,0.0,459.15128956114927,452.50795412085876,453.4372324539809,0.0,32505100
2024-09-05,0.0,455.7801818847656,0.0,460.05087375136264,452.7155425486622,453.733790471333,0.0,34452400
2024-09-06,0.0,443.5710754394531,0.0,455.95812441212007,443.0767797419494,455.07826358924416,0.0,50624400
2024-09-09,0.0,449.2752685546875,0.0,450.2638600192875,444.6882198470404,447.89124653813093,0.0,32981200
2024-09-10,0.0,453.42730712890625,0.0,453.93149836596723,447.0706720603165,451.03490281418044,0.0,29680300
2024-09-11,0.0,463.2737121582031,0.0,464.01515573239755,446.1315403431584,454.66308923066197,0.0,57843000
2024-09-12,0.0,467.82122802734375,0.0,468.6318802238229,461.5239055757067,463.3033580451051,0.0,40067800
2024-09-13,0.0,469.9170227050781,0.0,471.093448860221,466.86227896279263,467.08966584106395,0.0,29111800
2024-09-16,0.0,467.8409729003906,0.0,468.4538947261113,464.52921592790534,467.79155539938006,0.0,22585600
2024-09-17,0.0,468.0881042480469,0.0,472.1512303463687,465.59686493050253,470.8561781036208,0.0,30084400
2024-09-18,0.0,466.0614929199219,0.0,473.36716706476903,465.45843652843155,469.2843102676915,0.0,39909200
2024-09-19,0.0,477.8454895019531,0.0,480.6827719537272,475.0082372195922,477.10404600644785,0.0,52782500
2024-09-20,0.0,476.9360656738281,0.0,478.1718049970089,472.8432825541331,476.9854831789885,0.0,34577700
2024-09-23,0.0,478.2002258300781,0.677,479.28921050590276,476.774651383873,478.1111312036665,0.0,24843000
2024-09-24,0.0,480.5068664550781,0.0,481.4572393469827,475.3589855964362,479.6059805071586,0.0,25952600
2024-09-25,0.0,480.9523620605469,0.0,482.90262496877455,479.7049768893712,479.88316613902225,0.0,26549900
2024-09-26,0.0,484.5657653808594,0.0,488.7533938484829,480.93252358640206,488.4266833589124,0.0,32020200
2024-09-27,0.0,481.8730163574219,0.0,485.7240550678834,480.6949371259619,485.58544329391975,0.0,22851100
2024-09-30,0.0,483.17987060546875,0.0,483.5164604062823,478.0814762210966,480.91280642242884,0.0,30281100
2024-10-01,0.0,476.4479675292969,0.0,483.1105480539154,472.6167473202181,482.8135659492625,0.0,42735400
2024-10-02,0.0,477.1211853027344,0.0,479.0318407021968,472.9335562861933,475.54708948630235,0.0,23744000
2024-10-03,0.0,476.7647705078125,0.0,479.69510472886486,474.19081481378305,474.93330029022553,0.0,25337200
2024-10-04,0.0,482.4372863769531,0.0,482.9916730191702,477.556689946239,482.5659886710046,0.0,30686600
2024-10-07,0.0,477.2696228027344,0.0,481.6948370104161,476.0519358662982,480.5266672279018,0.0,24975100
2024-10-08,0.0,484.3974304199219,0.0,485.08051935909856,479.00205500183847,479.8039367631665,0.0,28272000
2024-10-09,0.0,488.20892333984375,0.0,488.78312900233186,483.0610423839176,484.1005099217249,0.0,24995000
2024-10-10,0.0,487.654541015625,0.0,489.51570938090015,484.6252027910595,485.93198443627097,0.0,25750400
2024-10-11,0.0,488.41680908203125,0.0,489.4365180924452,485.2587987967278,485.8230647717071,0.0,20644500
2024-10-14,0.0,492.51531982421875,0.0,493.8319806523621,490.29777307711055,490.8026426096845,0.0,26060100
2024-10-15,0.0,485.93194580078125,0.0,493.5052907600534,483.7836747724818,492.841990516388,0.0,34784500
2024-10-16,0.0,485.99139404296875,0.0,486.76357772485443,482.6848623686476,486.2586779364561,0.0,22996800
2024-10-17,0.0,486.3279724121094,0.0,491.5154611167259,486.2685759927291,491.4659741711791,0.0,27210700
2024-10-18,0.0,489.51568603515625,0.0,490.60467068756384,488.3573954930934,489.1097903823585,0.0,25335000
2024-10-21,0.0,490.4561767578125,0.0,491.25805858536,486.38734099228543,488.3079056738165,0.0,30336500
2024-10-22,0.0,490.9907531738281,0.0,492.4658447615583,487.0407403823035,487.793135280426,0.0,26685800
2024-10-23,0.0,483.4669189453125,0.0,489.2979192730172,480.1900855245362,488.644528441287,0.0,39346600
2024-10-24,0.0,487.3872375488281,0.0,488.06041708017347,484.53608869629585,487.17931987829945,0.0,22024900
2024-10-25,0.0,490.3571472167969,0.0,495.2674420245327,489.4760500724546,490.17895797810087,0.0,38762100
2024-10-28,0.0,490.4364013671875,0.0,493.5251361197284,490.1394192609091,493.46573969847276,0.0,20477800
2024-10-29,0.0,495.1487121582031,0.0,496.3267915168347,488.9019368423387,490.75319577395663,0.0,28014100
2024-10-30,0.0,491.40655517578125,0.0,495.3367792072064,490.92147436919066,494.3864063289727,0.0,29756000
2024-10-31,0.0,479.00213623046875,0.0,487.4961567845673,478.9031321246182,487.4466698375477,0.0,41245200
2024-11-01,0.0,482.54620361328125,0.0,485.83294623138613,480.3385663617861,480.6355484367559,0.0,33655800
2024-11-04,0.0,481.14044189453125,0.0,484.47667141097253,479.3980665126335,481.9423236982892,0.0,23291600
2024-11-05,0.0,487.2782897949219,0.0,487.9415900181475,482.63527886776353,482.72437348667916,0.0,24353600
2024-11-06,0.0,500.51434326171875,0.0,501.33604402055556,494.5942790255398,495.54465187540853,0.0,43082200
2024-11-07,0.0,508.3946228027344,0.0,509.17674615897624,503.2467417365988,503.30613815649883,0.0,32853100
2024-11-08,0.0,508.9886474609375,0.0,509.76080091969163,507.2759399103948,507.89963253119925,0.0,22924500
2024-11-11,0.0,508.6916198730469,0.0,510.41417631985416,505.80086344502917,510.20625865697133,0.0,24167500
2024-11-12,0.0,507.7709045410156,0.0,509.50337052817315,504.72177769681446,508.622333748083,0.0,25835300
2024-11-13,0.0,507.1175842285156,0.0,509.8202120475562,504.84064083500584,507.2661054943715,0.0,24567400
2024-11-14,0.0,503.59326171875,0.0,507.65215823407385,502.68246622311574,506.78100063575187,0.0,28679500
2024-11-15,0.0,491.5946960449219,0.0,498.2869446598162,489.53551938509924,497.90086791848177,0.0,51461100
2024-11-18,0.0,495.0101318359375,0.0,497.10891626859785,491.75311713085495,493.13908404916805,0.0,27080800
2024-11-19,0.0,498.4156494140625,0.0,498.9007604764236,492.09956803539825,492.436188042674,0.0,24523000
2024-11-20,0.0,498.1285705566406,0.0,498.43546213725455,491.584782834035,498.11866108248813,0.0,29565500
2024-11-21,0.0,499.92041015625,0.0,501.8805523925843,492.57474087141514,501.1677651579691,0.0,34526700
2024-11-22,0.0,500.7222900390625,0.0,501.45486600636707,497.7424388015507,499.3660214674592,0.0,23826600
2024-11-25,0.0,501.5142822265625,0.0,506.32560378411665,499.20764065875716,504.7911156851186,0.0,26375200
2024-11-26,0.0,504.2070007324219,0.0,505.028701522575,502.14785444392766,502.9893137573825,0.0,26557100
2024-11-27,0.0,500.2371826171875,0.0,503.147727983714,496.90095284560425,503.07845230303303,0.0,24957400
2024-11-29,0.0,504.6326904296875,0.0,505.2266848191646,500.2470837176549,500.86086684245106,0.0,15334000
2024-12-02,0.0,510.1270446777344,0.0,511.0873572104706,505.503852529163,505.8899594368698,0.0,25147200
2024-12-03,0.0,511.69122314453125,0.0,511.96844669162806,508.2262913475137,508.80049696391745,0.0,18597900
2024-12-04,0.0,518.0172729492188,0.0,518.2746775802158,514.3939100143905,515.1067274866609,0.0,26086200
2024-12-05,0.0,516.581787109375,0.0,518.7894245658355,516.1956801642583,518.066758045711,0.0,18169600
2024-12-06,0.0,521.2049560546875,0.0,521.4425417259406,517.116331428286,517.2450337374846,0.0,23762600
2024-12-09,0.0,517.1460571289062,0.0,521.0762510047207,515.997645825731,520.2842786301696,0.0,20674400
2024-12-10,0.0,515.3838500976562,0.0,520.1159861294152,513.9582756888856,518.3736106938491,0.0,24350000
2024-12-11,0.0,524.6105346679688,0.0,525.2936237406254,519.3339812527705,519.739846737161,0.0,32168600
2024-12-12,0.0,521.2247314453125,0.0,523.6601052193815,520.7495601425144,522.3929011804341,0.0,23577500
2024-12-13,0.0,525.2144775390625,0.0,527.8279806042226,522.0167988644887,525.1451716408418,0.0,28780400
2024-12-16,0.0,532.7777709960938,0.0,533.7479929417908,527.6595889004179,527.7388042563879,0.0,31979900
2024-12-17,0.0,530.4315185546875,0.0,532.0946784771915,528.7782681045646,530.9859051955222,0.0,28579100
2024-12-18,0.0,511.2951354980469,0.0,531.5006687979134,509.8498028210189,529.7880220839635,0.0,54703200
2024-12-19,0.0,509.018310546875,0.0,516.5322899221571,508.6817509785398,515.9679937267025,0.0,46441800
2024-12-20,0.0,513.4633178710938,0.0,519.5616322810632,504.1872345780623,505.32570624002693,0.0,60530000
2024-12-23,0.0,518.4658813476562,0.835,518.8426854640211,511.7826617906483,515.173838316872,0.0,29672800
2024-12-24,0.0,525.4961547851562,0.0,525.5853628210008,519.7747362800005,520.4093600682405,0.0,17558200
2024-12-26,0.0,525.13916015625,0.0,526.7653609772972,521.8768935817466,523.8699730547174,0.0,19090500
2024-12-27,0.0,518.158447265625,0.0,522.0156961164594,513.4980235081564,521.5793998387165,0.0,33839600
2024-12-30,0.0,511.2669677734375,0.0,514.9853812712737,507.51880817803965,511.16783428858304,0.0,34584000
2024-12-31,0.0,506.9238586425781,0.0,513.2996604502096,505.96202785972133,512.5461128600035,0.0,29117000
2025-01-02,0.0,505.93231201171875,0.0,512.288323816092,501.45036488484794,509.968007151715,0.0,36389800
2025-01-03,0.0,514.2119750976562,0.0,515.2729696624741,508.2129468477879,509.02598666204625,0.0,29059500
2025-01-06,0.0,520.1216430664062,0.0,523.47317729995,517.6328362787647,519.6060643142744,0.0,36109700
2025-01-07,0.0,510.840576171875,0.0,521.55951995804,508.9566163889167,521.1629255137043,0.0,36690300
2025-01-08,0.0,510.9297790527344,0.0,512.5658444023089,506.2693561531676,510.7413770465484,0.0,30777800
2025-01-10,0.0,502.9178771972656,0.0,507.270883939106,499.67543171273695,507.17175046011545,0.0,40532500
2025-01-13,0.0,501.3016357421875,0.0,501.7577526619827,495.4910093944748,496.97837480559224,0.0,31694200
2025-01-14,0.0,500.8256530761719,0.0,505.86288073178616,497.36505933888617,504.4548282030205,0.0,33737200
2025-01-15,0.0,512.3477783203125,0.0,513.4880554025902,507.1518949698399,508.7087081711547,0.0,34957600
2025-01-16,0.0,508.7583312988281,0.0,514.6879422428226,508.6294214503886,514.608599138924,0.0,28229000
2025-01-17,0.0,517.3453369140625,0.0,519.6557281030132,508.7880231807161,518.4459727794786,0.0,51837900
2025-01-21,0.0,520.3795776367188,0.0,521.5397057365492,515.6795125194549,520.0622657463014,0.0,23628000
2025-01-22,0.0,527.0330200195312,0.0,529.3235601169421,524.8019721121422,525.109358514096,0.0,33593000
2025-01-23,0.0,528.1535034179688,0.0,528.2724877972731,523.9987940309559,524.5837904756945,0.0,23096600
2025-01-24,0.0,525.1689453125,0.0,529.29387911289,523.7014306802266,528.530405956913,0.0,19878300
2025-01-27,0.0,509.8787841796875,0.0,513.6269134248726,505.8529540893436,506.6958005141239,0.0,60771700
2025-01-28,0.0,517.4147338867188,0.0,518.594712805148,507.46921890319015,510.880215560734,0.0,33194200
2025-01-29,0.0,516.4429931640625,0.0,518.1881781217885,512.5461033650954,518.0592682882486,0.0,26649000
2025-01-30,0.0,518.6441650390625,0.0,521.6684617777706,513.8449678489707,519.2986395329167,0.0,27431300
2025-01-31,0.0,517.8906860351562,0.0,527.0429821306037,516.7999756352082,522.481692001157,0.0,38755200
2025-02-03,0.0,513.7459106445312,0.0,516.4628217597667,506.7453799127663,509.14497914666026,0.0,40580800
2025-02-04,0.0,520.0523071289062,0.0,520.6869308692702,513.8648769629846,514.2615319309748,0.0,26046800
2025-02-05,0.0,522.412353515625,0.0,522.5710397381317,516.234847755249,517.4247523398045,0.0,21134100
2025-02-06,0.0,525.13916015625,0.0,525.3474131158787,521.311687423661,522.9180373377746,0.0,19434500
2025-02-07,0.0,518.5154418945312,0.0,527.6181117377854,517.7916100317253,525.6746594987869,0.0,29605500
2025-02-10,0.0,524.7921142578125,0.0,525.8927501755105,522.3131718191833,522.7791839475389,0.0,20852800
2025-02-11,0.0,523.5427856445312,0.0,525.456522193407,521.4010057283945,521.5299155936456,0.0,19325500
2025-02-12,0.0,523.85009765625,0.0,524.7326156787228,517.5536081471272,517.9006358758927,0.0,25009400
2025-02-13,0.0,531.3860473632812,0.0,531.7032986903349,524.732545046932,525.515868954993,0.0,28714800
2025-02-14,0.0,533.6171875,0.0,534.3013780517931,531.1580353822636,531.4951981919974,0.0,17862600
2025-02-18,0.0,534.8267822265625,0.0,535.4514804621186,531.5248144844866,535.1837353551529,0.0,20565000
2025-02-19,0.0,534.9757080078125,0.0,536.2548207070823,531.9414844365849,534.0336976380876,0.0,19666900
2025-02-20,0.0,532.704833984375,0.0,534.5590779295543,527.9750533668508,534.1921993214312,0.0,26550800
2025-02-21,0.0,521.6488647460938,0.0,533.8651011085647,521.2819860839653,533.845250201079,0.0,47093800
2025-02-24,0.0,515.4910888671875,0.0,524.6136086408569,515.153986605975,523.4336296845087,0.0,39268400
2025-02-25,0.0,508.9963073730469,0.0,514.9457693084149,505.14898381315766,514.8664262033808,0.0,48940000
2025-02-26,0.0,510.22576904296875,0.0,515.2827866459336,507.0626365479479,511.18763003490153,0.0,34457600
2025-02-27,0.0,496.05615234375,0.0,514.6978157493617,495.83800422083726,513.7657310660549,0.0,52448000
2025-02-28,0.0,503.8896789550781,0.0,504.49452637787834,492.74433330599743,495.9173916940296,0.0,47654000
2025-03-03,0.0,492.8633117675781,0.0,508.71861754283515,489.4225385345535,507.2114314699513,0.0,44587200
2025-03-04,0.0,491.3759765625,0.0,499.49699471773914,483.6317625137892,490.0175208967214,0.0,67875400
2025-03-05,0.0,497.7815246582031,0.0,499.38787437969364,487.1220730815822,492.0204653432156,0.0,46323700
2025-03-06,0.0,484.087890625,0.0,494.3804341923218,482.10473667776205,489.5316385267994,0.0,57574300
2025-03-07,0.0,487.64764404296875,0.0,489.1250840373066,476.48247773478363,483.05663785377993,0.0,54714700
2025-03-10,0.0,468.7481994628906,0.0,479.89351510162237,464.71247386753913,479.3779059627174,0.0,76668000
2025-03-11,0.0,467.6277160644531,0.0,474.7769777127711,463.0763812967414,468.37139880938366,0.0,68760800
2025-03-12,0.0,472.9029235839844,0.0,477.00803669300126,467.81612865238577,475.1240464155093,0.0,46971100
2025-03-13,0.0,464.3951416015625,0.0,472.26826494555587,462.50122601019615,472.23851884770306,0.0,46563300
2025-03-14,0.0,475.6197814941406,0.0,476.5121946558048,469.1348600678031,469.73973771483116,0.0,43563000
2025-03-17,0.0,478.70361328125,0.0,481.7477619076092,473.7754744231914,475.5702263569213,0.0,41744400
2025-03-18,0.0,470.5429382324219,0.0,475.570210412658,468.43087446970304,475.37191317732794,0.0,39072300
2025-03-19,0.0,476.8394775390625,0.0,481.2420515746122,470.87016463878365,472.79382643754434,0.0,40430300
2025-03-20,0.0,475.22320556640625,0.0,480.4686261404273,472.1691314421106,472.8632474505038,0.0,36780500
2025-03-21,0.0,476.78985595703125,0.0,477.5533593130606,468.92665802336944,470.0867861064201,0.0,42234900
2025-03-24,0.0,487.252685546875,0.716,488.0967889047563,481.0361475224084,484.3529497341384,0.0,34567200
2025-03-25,0.0,490.03326416015625,0.0,490.19215671107986,487.01439660957385,487.9776618644101,0.0,26035200
2025-03-26,0.0,481.01629638671875,0.0,489.7353237051958,479.4671320107272,488.8812800947295,0.0,34627100
2025-03-27,0.0,478.27545166015625,0.0,483.20099914044886,476.9149702846153,479.0599740999814,0.0,33469800
2025-03-28,0.0,465.68353271484375,0.0,477.183104147624,464.7996986134778,476.4780431008445,0.0,46363800
2025-03-31,0.0,465.6636657714844,0.0,466.5971101953478,454.1541241921948,458.712276265686,0.0,53000300
2025-04-01,0.0,469.41741943359375,0.0,470.3409539177989,461.1949198365586,464.0548946612918,0.0,41156200
2025-04-02,0.0,472.84344482421875,0.0,476.2297682498692,462.6248936323242,462.88309780084677,0.0,49894500
2025-04-03,0.0,447.53045654296875,0.0,456.87511371412586,447.01407852229937,453.2703169066499,0.0,70456300
2025-04-04,0.0,419.7348327636719,0.0,437.31189907621473,419.7348327636719,435.0974044364688,0.0,117088400
2025-04-07,0.0,420.7477722167969,0.0,440.06271771596437,399.5956979160209,405.82214624882306,0.0,161557000
2025-04-08,0.0,413.17071533203125,0.0,440.06267826494616,406.94426755742165,435.11725040921294,0.0,101248100
2025-04-09,0.0,462.7639465332031,0.0,464.58122509175337,412.5451135598803,412.68415590169013,0.0,142876900
2025-04-10,0.0,443.0815734863281,0.0,452.4262310181804,429.62568122180926,450.41032921157523,0.0,108384100
2025-04-11,0.0,451.24444580078125,0.0,452.62480759240583,438.2652022029638,441.562153974959,0.0,52483800
2025-04-14,0.0,454.3031005859375,0.0,461.8205086737922,449.48677471863374,461.23460948868865,0.0,43941200
2025-04-15,0.0,454.8095703125,0.0,459.169099381901,452.9823514613099,455.3557691308537,0.0,35404200
2025-04-16,0.0,441.095458984375,0.0,449.4768512400112,434.72005857210513,445.91178503143493,0.0,48980600
2025-04-17,0.0,441.0160217285156,0.0,444.6406688022329,438.2950286304019,444.06470985775826,0.0,44837000
2025-04-21,0.0,430.102294921875,0.0,436.0308380461499,424.9582742045425,435.1867650335119,0.0,44149300
2025-04-22,0.0,441.3934326171875,0.0,444.47188121124253,434.5810543831942,435.7727334107137,0.0,52304400
2025-04-23,0.0,451.4033508300781,0.0,460.1621084899731,449.7350246964748,454.9882973027817,0.0,55801100
2025-04-24,0.0,464.10455322265625,0.0,464.4123980424965,452.6645330068807,453.3100434087902,0.0,45956100
2025-04-25,0.0,469.27838134765625,0.0,469.8046996364442,462.1581892201978,463.72720383212953,0.0,38697100
2025-04-28,0.0,469.1294250488281,0.0,471.5127525568199,462.7937251286729,469.74511470528023,0.0,33550800
2025-04-29,0.0,472.227783203125,0.0,473.1116173366788,466.3290298283073,466.90501911449314,0.0,30613100
2025-04-30,0.0,472.1681823730469,0.0,473.8861795985349,459.218727902781,463.88610169130095,0.0,46810600
2025-05-01,0.0,478.33502197265625,0.0,483.7968278621536,477.40154726890813,480.05301909884207,0.0,43316500
2025-05-02,0.0,485.4353942871094,0.0,487.5009670708342,481.4631715706509,483.161318602008,0.0,39218100
2025-05-05,0.0,482.55548095703125,0.0,485.6339592539035,480.73820261686967,481.2347303968281,0.0,28309500
2025-05-06,0.0,478.0669250488281,0.0,481.6816318630385,474.86928463727685,476.22976603156343,0.0,32786300
2025-05-07,0.0,479.94378662109375,0.0,482.42642576212086,473.4690746513304,478.7322575080464,0.0,38006300
2025-05-08,0.0,484.899169921875,0.0,489.27854913850405,480.8077853400776,485.1374935889608,0.0,39577600
2025-05-09,0.0,484.5813293457031,0.0,488.1265450159619,482.8236318908867,486.80576413222576,0.0,27767400
2025-05-12,0.0,504.3233337402344,0.0,504.36306445306417,497.99757390012485,503.46929009549314,0.0,45090600
2025-05-13,0.0,512.0096435546875,0.0,513.7971317920018,504.8894204545504,505.6242720156775,0.0,53269600
2025-05-14,0.0,515.078125,0.0,515.6242935146439,512.168479062204,513.1814152753577,0.0,47014500
2025-05-15,0.0,515.6441040039062,0.0,518.3054856544411,511.5924203127881,512.9330816972009,0.0,50153300
2025-05-16,0.0,517.888427734375,0.0,518.0771107199419,513.5090186630139,517.044294120501,0.0,48394600
2025-05-19,0.0,518.3850708007812,0.0,518.901479215336,510.66900779532483,510.66900779532483,0.0,52536200
2025-05-20,0.0,516.656982421875,0.0,517.312372355049,513.072006154656,515.8624895666042,0.0,42517600
2025-05-21,0.0,509.47723388671875,0.0,519.3680896901809,507.68974589149923,512.6848447576629,0.0,71292800
2025-05-22,0.0,510.4306640625,0.0,514.1149227768763,508.74245713691766,510.092998432858,0.0,55607200
2025-05-23,0.0,505.7036437988281,0.0,508.28559452080873,502.06905652418396,502.66489596858764,0.0,58368100
2025-05-27,0.0,517.6004028320312,0.0,518.0870509820926,511.01650006700226,512.565664354886,0.0,47226300
2025-05-28,0.0,515.306396484375,0.0,520.0432905566033,514.7900488464219,518.553707324964,0.0,46637200
2025-05-29,0.0,516.3193969726562,0.0,522.8238991077211,513.7275363725571,522.674977132733,0.0,58513300
2025-05-30,0.0,515.505126953125,0.0,517.0642316666292,508.3749943409687,515.8328523034309,0.0,67662800
2025-06-02,0.0,519.57666015625,0.0,519.8149838106336,512.38688645161,513.6480865025803,0.0,44762800
2025-06-03,0.0,523.6382446289062,0.0,525.0682472235115,519.0602725197831,519.9242261070126,0.0,44070300
2025-06-04,0.0,525.0980224609375,0.0,526.1605992130462,522.3174183265618,524.3432905165386,0.0,41359300
2025-06-05,0.0,521.1456298828125,0.0,529.3482788898035,519.0304165921941,526.4982141482292,0.0,61031200
2025-06-06,0.0,526.2400512695312,0.0,528.1070008049783,524.5419648405629,526.3195126954442,0.0,42467000
2025-06-09,0.0,527.0147094726562,0.0,528.653215127025,525.3364427962305,526.4586006656857,0.0,33688700
2025-06-10,0.0,530.500244140625,0.0,531.1854549164767,525.2171811724196,527.4813163809062,0.0,40664800
2025-06-11,0.0,528.7127075195312,0.0,533.0524162719269,526.4286917523204,531.9004378288197,0.0,53701000
2025-06-12,0.0,529.9539794921875,0.0,530.9272151126187,527.1536162776914,527.4018801564538,0.0,34104900
2025-06-13,0.0,523.3006591796875,0.0,528.1765360507057,522.0791594397207,524.0156301980296,0.0,55814400
2025-06-16,0.0,530.5796508789062,0.0,531.6521678903393,526.7663513447269,526.8159920021084,0.0,37622100
2025-06-17,0.0,525.4059448242188,0.0,529.626431694589,524.2440259750547,528.0176862540823,0.0,42180900
2025-06-18,0.0,525.3165283203125,0.0,528.851804209901,523.7376036898021,526.4188056074704,0.0,43983500
2025-06-20,0.0,523.1715087890625,0.0,529.8547537100831,521.235038209529,528.5637935274957,0.0,61643500
2025-06-23,0.0,528.5509643554688,0.591,529.0678919430073,520.5975974398857,523.7391506726165,0.0,50666100
2025-06-24,0.0,536.6336059570312,0.0,537.5482262091718,533.1440563345205,533.7604374478519,0.0,45442000
2025-06-25,0.0,538.0054321289062,0.0,540.1429235757588,536.235839695347,538.9002101018606,0.0,44804200
2025-06-26,0.0,543.0360107421875,0.0,543.4833997920184,538.3634559621551,540.1827450564219,0.0,43811400
2025-06-27,0.0,544.8951416015625,0.0,546.7840298565204,541.365786451658,544.0699627850514,0.0,57577100
2025-06-30,0.0,548.4244384765625,0.0,549.5776499977443,545.8097642093843,548.0466486880396,0.0,45548700
2025-07-01,0.0,543.8015747070312,0.0,547.4999223063551,541.4851393331254,546.5255934838585,0.0,56166700
2025-07-02,0.0,547.5892944335938,0.0,547.7881407403361,542.9365821168159,542.9763271064149,0.0,36538300
2025-07-03,0.0,552.9777221679688,0.0,553.9520509353719,549.9554644038756,549.9554644038756,0.0,26443500
2025-07-07,0.0,548.8121948242188,0.0,551.1087271918242,546.3764639666066,550.2934997666972,0.0,45349300
2025-07-08,0.0,549.120361328125,0.0,550.7806096795933,547.8875384869722,550.1542771813712,0.0,36153300
2025-07-09,0.0,553.007568359375,0.0,554.3795290687111,549.8759057229825,551.2478664323185,0.0,43045500
2025-07-10,0.0,552.2122802734375,0.0,554.051472305681,549.5280065047026,553.643888904804,0.0,34710900
2025-07-11,0.0,550.9695434570312,0.0,552.550241260774,548.8320516783502,550.0747653451698,0.0,39618600
2025-07-14,0.0,552.9678344726562,0.0,553.7035112516938,548.4145146258895,550.7607434561655,0.0,36453300
2025-07-15,0.0,553.4747924804688,0.0,557.5310267291989,553.4151446538423,556.9842448718932,0.0,43277700
2025-07-16,0.0,554.04150390625,0.0,556.9445267538166,548.3449238107365,554.0316131674816,0.0,52314700
2025-07-17,0.0,558.5252685546875,0.0,559.0323054850909,553.9620575398243,554.7673336412346,0.0,40423800
2025-07-18,0.0,557.9884033203125,0.0,561.4381474291321,556.7158353640372,559.8375467448564,0.0,50484700
2025-07-21,0.0,560.8814086914062,0.0,562.7604063527048,558.78372254689,558.8135768015356,0.0,39595200
2025-07-22,0.0,557.9783935546875,0.0,561.0602989399885,555.3537679288595,561.0106025330075,0.0,43270600
2025-07-23,0.0,560.5234375,0.0,560.5631824875104,556.3181144245517,559.0620355470234,0.0,40215300
2025-07-24,0.0,561.7164916992188,0.0,562.9393024491583,560.0064862534048,561.8357873489995,0.0,42275500
2025-07-25,0.0,563.0685424804688,0.0,564.3908067082859,560.9808079560194,561.6369340216146,0.0,30630800
2025-07-28,0.0,564.828369140625,0.0,565.7230867005358,563.5657524579107,564.4306764388512,0.0,31498700
2025-07-29,0.0,563.953369140625,0.0,568.775073517546,563.2276438335854,567.4329671345109,0.0,45463300
2025-07-30,0.0,564.708984375,0.0,567.2938044905766,561.7562651946612,564.8680250229864,0.0,43433800
2025-07-31,0.0,561.7164916992188,0.0,571.2804105926765,560.5831223469277,571.1909085156537,0.0,64613600
2025-08-01,0.0,550.6514282226562,0.0,555.7614816318713,548.4642399269435,555.5725867181648,0.0,69400800
2025-08-04,0.0,560.811767578125,0.0,561.0305167243922,555.691823967975,555.7912167839488,0.0,47669800
2025-08-05,0.0,557.0042114257812,0.0,563.2575252367493,556.467320245349,562.0943621447843,0.0,48666600
2025-08-06,0.0,564.0130615234375,0.0,564.4504991615455,557.3620555482147,557.8392381791041,0.0,41823700
2025-08-07,0.0,565.9218139648438,0.0,569.9780480877156,561.8158834345544,568.337641887322,0.0,44463000
2025-08-08,0.0,571.2008666992188,0.0,571.4196158459907,566.8265512369031,567.1247903648876,0.0,35255500
2025-08-11,0.0,569.5108032226562,0.0,573.4377906026674,568.238295962644,571.3401044656866,0.0,33112900
2025-08-12,0.0,576.6688232421875,0.0,576.9670623788118,569.1528936023716,571.8073129373929,0.0,42143300
2025-08-13,0.0,576.9572143554688,0.0,579.919824464235,575.5653507090063,579.3630911415263,0.0,41209300
2025-08-14,0.0,576.5098266601562,0.0,578.4882172102513,574.5413268492241,574.9092259384532,0.0,45425000
2025-08-15,0.0,573.9746704101562,0.0,576.4600977307613,572.214968449767,576.4202920588297,0.0,49480200
2025-08-18,0.0,573.7460327148438,0.0,574.4022195798505,571.8869377296325,573.0799551101481,0.0,29831000
2025-08-19,0.0,565.961669921875,0.0,573.1992029150304,564.9376447129671,573.030210843046,0.0,53752600
2025-08-20,0.0,562.6013793945312,0.0,565.1365032465736,555.5825347335871,565.0172075838456,0.0,76781100
2025-08-21,0.0,559.9966430664062,0.0,563.1878929880804,557.7100013329036,561.060352587378,0.0,46436900
2025-08-22,0.0,568.6359252929688,0.0,570.6441700157645,559.9866866300696,561.3784895430127,0.0,51502100
2025-08-25,0.0,566.9956665039062,0.0,569.9483255316267,565.8423940525939,567.0752171817801,0.0,34044700
2025-08-26,0.0,569.2721557617188,0.0,569.5803462979931,565.4843672510174,566.5083923524479,0.0,34103000
2025-08-27,0.0,570.1470947265625,0.0,571.0617150204744,567.0452861825311,568.2582063082527,0.0,36927100
2025-08-28,0.0,573.7161865234375,0.0,574.6308068035561,569.1231216071435,570.7634672604604,0.0,46787900
2025-08-29,0.0,567.0751342773438,0.0,571.6781506312136,565.225930193606,571.3102515546032,0.0,56030400
2025-09-02,0.0,562.322998046875,0.0,562.6709336262861,556.2784213564261,558.0381234497154,0.0,65876800
2025-09-03,0.0,566.7470092773438,0.0,568.3675126902098,563.4264517898029,565.9118790267905,0.0,54230200
2025-09-04,0.0,571.876953125,0.0,572.2447915330674,565.713141595555,567.4131351357099,0.0,47526300
2025-09-05,0.0,572.7020874023438,0.0,577.7325897394942,568.1985247693755,577.1062572168585,0.0,68342500
2025-09-08,0.0,575.4957275390625,0.0,577.4542758453497,574.4021637761383,574.9986420687553,0.0,46371400
2025-09-09,0.0,577.1261596679688,0.0,577.5536458740363,573.6763550869094,576.2910294118851,0.0,44007600
2025-09-10,0.0,577.3151245117188,0.0,580.3672368302584,575.1776325430338,580.3373825734994,0.0,49308000
2025-09-11,0.0,580.6753540039062,0.0,581.4706785849379,578.2296717548423,579.8402237522287,0.0,44745800
2025-09-12,0.0,583.2402954101562,0.0,584.4333126708588,580.6952202377008,581.6297433459904,0.0,50745900
2025-09-15,0.0,588.2310180664062,0.0,588.3403622999832,584.8607642254873,585.0099141290013,0.0,44360300
2025-09-16,0.0,587.7339477539062,0.0,589.4041475911258,587.047967402961,589.1556048651221,0.0,36942100
2025-09-17,0.0,586.5608520507812,0.0,588.3006511882201,580.9636648285566,587.6544158082771,0.0,69384800
2025-09-18,0.0,591.849853515625,0.0,594.6534228585294,589.5036246514226,591.4422094482347,0.0,61069300
2025-09-19,0.0,595.8563232421875,0.0,596.5522550297854,592.376724983576,593.8481392234803,0.0,58196100
2025-09-22,0.0,599.3837890625,0.694,600.0506387588739,594.9246987314865,594.9446246402422,0.0,57154800
2025-09-23,0.0,595.4024658203125,0.0,599.7520241875826,594.1881396910441,599.5529473590462,0.0,64635500
2025-09-24,0.0,593.3123168945312,0.0,597.0945948124443,590.5851402114129,596.7760840009503,0.0,49850300
2025-09-25,0.0,590.75439453125,0.0,592.3369248989499,585.747888095055,589.430597247467,0.0,70920200
2025-09-26,0.0,593.182861328125,0.0,593.5113350621451,588.2958501327772,591.5704422698004,0.0,54337400
2025-09-29,0.0,595.9299926757812,0.0,599.2344738358131,594.6161584254272,596.3082204485978,0.0,48332900
2025-09-30,0.0,597.5623779296875,0.0,597.900814656983,593.312327051642,595.6314478673851,0.0,46533800
2025-10-01,0.0,600.4288330078125,0.0,600.9662857667149,593.5511751358089,594.3772498069465,0.0,46899600
2025-10-02,0.0,602.897216796875,0.0,604.3205219527487,600.1103234584608,604.2210139137661,0.0,43765400
2025-10-03,0.0,600.3591918945312,0.0,604.4898085161411,598.5775847871106,603.6736359963404,0.0,46482100
2025-10-06,0.0,604.8679809570312,0.0,606.5102280511511,603.136067280922,605.6045105234541,0.0,41962100
2025-10-07,0.0,601.6829833984375,0.0,606.8586774446749,600.2099241447881,606.1719018399856,0.0,58209500
2025-10-08,0.0,608.58056640625,0.0,608.8891142425712,602.429474838809,602.5787369049325,0.0,50629800
2025-10-09,0.0,607.8441162109375,0.0,608.7498339295508,604.6391427264058,608.6204370055018,0.0,45551000
2025-10-10,0.0,586.7431640625,0.0,610.312415678386,586.2952563674698,608.540771556568,0.0,97614800
2025-10-13,0.0,599.1946411132812,0.0,600.1302475257781,594.436966170024,596.8755206148027,0.0,65872600
2025-10-14,0.0,595.2034301757812,0.0,599.8714996417642,587.370239391138,592.5260076334632,0.0,69203200
2025-10-15,0.0,599.4037475585938,0.0,603.8628385839613,593.1431840019766,601.1854156774474,0.0,62805500
2025-10-16,0.0,597.1842041015625,0.0,605.4653038413962,592.715210804705,602.2802561338091,0.0,70982000
2025-10-17,0.0,601.105712890625,0.0,602.6783410274755,593.5810696753152,595.1536978121658,0.0,72024900
2025-10-20,0.0,608.6800537109375,0.0,609.9341709221964,604.2309872468923,604.3006671752644,0.0,45761700
2025-10-21,0.0,608.5208740234375,0.0,609.8545734667066,606.4705100847576,608.7796678481768,0.0,44538200
2025-10-22,0.0,602.6583862304688,0.0,608.550684046599,596.9352763909752,607.9634772307389,0.0,61478800
2025-10-23,0.0,607.724609375,0.0,608.5108930309417,601.6929516953679,602.0810816712476,0.0,42844300
2025-10-24,0.0,614.2140502929688,0.0,615.52788448046,612.2532923406192,613.109255890892,0.0,47632500
2025-10-27,0.0,625.1527709960938,0.0,625.6105809315065,621.1117599698571,621.5994587704798,0.0,54098600
2025-10-28,0.0,629.9600830078125,0.0,631.7118619498357,626.307263060354,627.4120574784298,0.0,61195700
2025-10-29,0.0,632.7968139648438,0.0,634.0310053320909,627.3026090399652,632.6176630324746,0.0,67422800
2025-10-30,0.0,623.1222534179688,0.0,630.5374255047892,623.012782414942,629.2136282645249,0.0,61628600
2025-10-31,0.0,626.1281127929688,0.0,631.234126811276,623.7592381870214,631.2042379487298,0.0,66305100
2025-11-03,0.0,629.1240234375,0.0,632.8465231847631,626.9044109747781,632.1398217101251,0.0,37154300
2025-11-04,0.0,616.3540649414062,0.0,624.0180678867468,615.5677812621689,620.3652477253576,0.0,63830800
2025-11-05,0.0,620.365234375,0.0,623.6696547974706,614.3236136919261,615.5975961289528,0.0,48688500
2025-11-06,0.0,608.8095092773438,0.0,619.1310091300359,607.4459209399873,618.8821782546098,0.0,72115100
2025-11-07,0.0,606.8884887695312,0.0,607.0975285563833,595.8702512859107,605.4651835773906,0.0,81835400
2025-11-10,0.0,620.3154296875,0.0,621.3903960500816,614.0051128778478,616.0255879416002,0.0,55919900
2025-11-11,0.0,618.6632080078125,0.0,619.807793532697,614.6321601598369,617.667884551536,0.0,44868800
2025-11-12,0.0,618.1754760742188,0.0,621.9377669472728,614.920749106872,621.9179017890243,0.0,47444400
2025-11-13,0.0,605.5548095703125,0.0,615.2293243171331,603.2456518828649,614.6520197078406,0.0,71333600
2025-11-14,0.0,606.0126342773438,0.0,610.4816269444214,594.3773004655238,596.7461751876709,0.0,80087300
2025-11-17,0.0,600.8369750976562,0.0,609.6157359179533,597.064720790693,603.4646437955126,0.0,63850400
2025-11-18,0.0,593.5213012695312,0.0,599.4932417404225,588.5745730726753,596.8158193326508,0.0,83327300
2025-11-19,0.0,597.064697265625,0.0,603.3252601497043,591.8094208267037,594.277803642733,0.0,73111500
2025-11-20,0.0,582.9310913085938,0.0,611.1585116514054,582.0154107078263,608.7597480209467,0.0,117743200
2025-11-21,0.0,587.3104858398438,0.0,594.1881438029353,578.0241015093158,584.7226085504005,0.0,103344200
2025-11-24,0.0,602.3299560546875,0.0,603.8428672485702,592.3767208312,592.4962155436305,0.0,60168100
2025-11-25,0.0,606.0425415039062,0.0,607.4061298411984,594.526641299767,600.6876962050133,0.0,57560900
2025-11-26,0.0,611.3973388671875,0.0,613.3083428306168,607.5354791235628,609.6455599216604,0.0,42393600
2025-11-28,0.0,616.3540649414062,0.0,616.4237448749676,612.541959003384,613.2287346345189,0.0,23034400
2025-12-01,0.0,614.2837524414062,0.0,616.5431560974239,609.6555348802722,610.7603293223117,0.0,40957600
2025-12-02,0.0,619.0911865234375,0.0,620.8330025626916,614.7018368343952,616.5630868277917,0.0,54541800
2025-12-03,0.0,620.6041259765625,0.0,621.3008038243313,615.1398097007426,616.7223400403288,0.0,47841600
2025-12-04,0.0,620.0267944335938,0.0,622.0174413402095,616.6426703924581,622.0074783857208,0.0,47067800
2025-12-05,0.0,622.554931640625,0.0,625.9788469562651,620.7932503319497,621.4601000759177,0.0,53614200
2025-12-08,0.0,621.3605346679688,0.0,625.8992070395384,618.7826202766802,624.2768250026879,0.0,43462400
2025-12-09,0.0,622.1268920898438,0.0,622.9430645849563,618.0958443851024,620.0964541810868,0.0,37156000
2025-12-10,0.0,624.6749267578125,0.0,626.2674807044035,618.0858904749533,620.9325009204754,0.0,55031400
2025-12-11,0.0,622.654541015625,0.0,622.8536178811968,614.8312515217392,620.9027617981618,0.0,58272800
2025-12-12,0.0,610.7503662109375,0.0,620.6239577552077,608.5009255098857,619.1708244083038,0.0,75158700
2025-12-15,0.0,607.6847534179688,0.0,615.5279070139317,606.4704879765786,615.4781529916935,0.0,49538200
2025-12-16,0.0,608.8890991210938,0.0,610.6408780514341,604.0717070626577,605.4154301227284,0.0,55152800
2025-12-17,0.0,597.6021118164062,0.0,610.7802450139451,597.4727756606954,610.1929774623923,0.0,70654300
2025-12-18,0.0,606.261474609375,0.0,610.0636176198245,604.0817137427742,606.9482502454197,0.0,78875800
2025-12-19,0.0,614.1643676757812,0.0,614.7317093738202,609.0085991169561,609.0882420087144,0.0,60369800
2025-12-22,0.0,617.1082763671875,0.794,619.5399968618768,615.6731616354366,619.2409664706046,0.0,43703100
2025-12-23,0.0,619.9984130859375,0.0,620.2973826571792,615.6831538137028,616.1017112134413,0.0,41120400
2025-12-24,0.0,621.8123168945312,0.0,622.1611654591384,619.6097959397175,619.8788989998433,0.0,18468700
2025-12-26,0.0,621.7723999023438,0.0,623.3968722036194,621.0249455610693,622.5397449963523,0.0,28959800
2025-12-29,0.0,618.7626342773438,0.0,620.6661854070132,616.6298832800768,617.9952283512266,0.0,32458300
2025-12-30,0.0,617.3275146484375,0.0,620.0681805596082,617.1182055353263,617.7361570843227,0.0,31226800
2025-12-31,0.0,612.2249145507812,0.0,617.8557617254266,611.9657873069227,617.5468163565164,0.0,40746500
2026-01-02,0.0,611.0390014648438,0.0,620.7359573580553,608.0791111541869,617.9554488091355,0.0,61859200
2026-01-05,0.0,615.8923950195312,0.0,618.7028306128764,614.6266862165028,617.2178977361207,0.0,46828400
2026-01-06,0.0,621.3040161132812,0.0,621.9020161336854,616.4405745883714,617.1282350736393,0.0,43137500
2026-01-07,0.0,621.9020385742188,0.0,625.8087167042466,620.4469720495259,620.9253234207138,0.0,44880300
2026-01-08,0.0,618.364013671875,0.0,621.3040131478426,615.7030930363629,620.9153830886294,0.0,50435900
2026-01-09,0.0,624.5230712890625,0.0,625.7588527928842,616.9588062315833,619.3008056143428,0.0,49688700
2026-01-12,0.0,625.041259765625,0.0,626.7155502563702,620.1479519171962,620.1977700429699,0.0,37388700
2026-01-13,0.0,624.1144409179688,0.0,627.3334583647393,621.5830839442848,625.140974146081,0.0,44481400
2026-01-14,0.0,617.4471435546875,0.0,621.3339307094008,612.4740900847709,620.1280157301809,0.0,72598700
2026-01-15,0.0,619.6696166992188,0.0,627.8616876163956,618.6430834728214,624.4732033837762,0.0,53934900
2026-01-16,0.0,619.1513671875,0.0,623.9550147388202,616.7794403711221,623.3769663073682,0.0,61058100
2026-01-20,0.0,605.9961547851562,0.0,612.9723957819789,604.9895731374214,608.4578028817349,0.0,81988900
2026-01-21,0.0,614.188232421875,0.0,618.3141340756262,605.7967680520393,607.4012887411642,0.0,79837900
2026-01-22,0.0,618.6530151367188,0.0,620.347257132182,615.6831493704997,620.2375842668598,0.0,42254800
2026-01-23,0.0,620.6063842773438,0.0,623.2773415638685,616.5502518751565,617.6265424291936,0.0,43645800
2026-01-26,0.0,623.3370971679688,0.0,625.4797631810548,620.0084069696974,621.0947340762326,0.0,35983000
2026-01-27,0.0,628.9878540039062,0.0,629.8947385616864,625.210739736326,626.7753573897714,0.0,38997200
2026-01-28,0.0,631.0707397460938,0.0,634.4392724526244,629.6655522338405,633.3031879902048,0.0,50691700
2026-01-29,0.0,627.2936401367188,0.0,631.5192393919408,616.1715451315209,630.502742743786,0.0,79944000
2026-01-30,0.0,619.75927734375,0.0,626.1276033472989,617.1979930005075,623.5862705860875,0.0,65650700
2026-02-02,0.0,624.0148315429688,0.0,626.3568310719594,616.560178063243,616.600081229079,0.0,49020300
2026-02-03,0.0,614.4274291992188,0.0,627.8417043791845,608.8863033670389,626.1674139293162,0.0,81234000
2026-02-04,0.0,603.6939697265625,0.0,613.0122097237908,598.4318618495455,612.9325250551025,0.0,81850700
2026-02-05,0.0,595.003662109375,0.0,602.7572245428578,592.741347204136,598.1728616382483,0.0,89354500
2026-02-06,0.0,607.5807495117188,0.0,609.3347246219274,596.7376735555687,598.1528367578925,0.0,78019300
2026-02-09,0.0,612.2349243164062,0.0,614.3676754732974,603.0163200345862,605.4779073318616,0.0,56797600
2026-02-10,0.0,609.39453125,0.0,614.9257422105983,608.9361315029465,613.2215243611824,0.0,53938900
2026-02-11,0.0,611.0289916992188,0.0,615.4240575153926,605.6274050805947,614.287912259566,0.0,58575100
2026-02-12,0.0,598.601318359375,0.0,613.719811213741,597.5349428610552,612.6235691721736,0.0,81378900
2026-02-13,0.0,599.8770141601562,0.0,604.4215346906121,594.3956816382996,598.3920810821693,0.0,69237500
2026-02-17,0.0,599.259033203125,0.0,601.900062806609,591.3260902585407,596.3489614066287,0.0,69013800
2026-02-18,0.0,603.7338256835938,0.0,607.7003582620254,598.6810268108527,600.0663235174607,0.0,64250700
2026-02-19,0.0,601.4216918945312,0.0,603.763752095183,598.710953230483,600.7639588101054,0.0,60960800
2026-02-20,0.0,606.7435913085938,0.0,608.2783423846172,597.1960904508568,598.0830842359059,0.0,74127300
2026-02-23,0.0,599.36865234375,0.0,605.9462869551629,597.0166773136035,604.551014539048,0.0,63859100
2026-02-24,0.0,605.8067626953125,0.0,606.9229563249177,597.6943768857255,600.3553581675079,0.0,55023700
2026-02-25,0.0,614.5868530273438,0.0,614.7363682274654,608.9261394233886,608.995909128246,0.0,55710700
2026-02-26,0.0,607.172119140625,0.0,613.500602585001,601.9299628027486,613.500602585001,0.0,96178900
2026-02-27,0.0,605.2286987304688,0.0,606.2552318753544,600.1460336131216,600.9333302766826,0.0,68125200
2026-03-02,0.0,606.0260620117188,0.0,607.8498068726756,595.9603066969873,596.8273488972434,0.0,75264600
2026-03-03,0.0,599.5381469726562,0.0,601.9100736934439,589.8610825503507,594.3059664111527,0.0,97015500
2026-03-04,0.0,608.677001953125,0.0,610.7997772068554,601.38184008267,602.1093428631908,0.0,70943900
2026-03-05,0.0,606.8432006835938,0.0,610.680169445705,600.215808722112,605.3383770464741,0.0,89602400
2026-03-06,0.0,597.71435546875,0.0,603.9431419992706,596.2991922008539,598.272452308765,0.0,86302300
2026-03-09,0.0,605.6971435546875,0.0,607.2020280273126,589.3229177543049,592.2130380432229,0.0,93068200
2026-03-10,0.0,605.7071533203125,0.0,611.2083762165881,603.3650930899329,605.7171291112322,0.0,64078900
2026-03-11,0.0,605.6273803710938,0.0,610.3512821254359,602.9764357103162,606.8831134101955,0.0,60114800
2026-03-12,0.0,595.2328491210938,0.0,602.0895025742029,595.0235399841715,600.7141815669924,0.0,71836600
2026-03-13,0.0,591.7047729492188,0.0,601.5512432287993,590.5587127632866,597.6943836062096,0.0,63145500
2026-03-16,0.0,598.3422241210938,0.0,601.8103930085241,597.0765152286837,598.0033513683248,0.0,49077200
2026-03-17,0.0,601.2622680664062,0.0,603.8435039613423,599.827153220896,601.0928621051149,0.0,47106600
2026-03-18,0.0,592.880859375,0.0,601.1127728070715,592.5419866131784,599.4484580276425,0.0,56128000
2026-03-19,0.0,591.0072021484375,0.0,593.7777346942335,585.0873611514585,587.5091059918601,0.0,75597600
2026-03-20,0.0,580.0844116210938,0.0,589.1634765193921,576.5763394854986,589.0538644721536,0.0,91964700
2026-03-23,0.0,586.7431640625,0.733,593.8080477851386,584.707546439402,589.2577971122703,0.0,89936100
2026-03-24,0.0,582.731689453125,0.0,586.6732582803922,580.6860836277402,583.5599323333884,0.0,57750900
2026-03-25,0.0,586.5635375976562,0.0,590.105937264777,584.4380856164452,587.8807233962021,0.0,60475500
2026-03-26,0.0,572.5634765625,0.0,583.3803323809582,572.2042606955537,581.354642361522,0.0,81492100
2026-03-27,0.0,561.3775024414062,0.0,569.7994643796657,560.3696515714074,569.5898913289244,0.0,82702200
2026-03-30,0.0,557.086669921875,0.0,566.835744504963,554.4123449976639,566.167193726255,0.0,70602600
2026-03-31,0.0,575.9462280273438,0.0,577.4031290957437,563.0039815896954,563.0837667324405,0.0,95878000
2026-04-01,0.0,583.06103515625,0.0,586.4836962239632,579.179335412676,580.2370672268827,0.0,79435100
2026-04-02,0.0,583.7295532226562,0.0,584.7972733467034,570.6974721352691,572.7430779653056,0.0,50941700
2026-04-06,0.0,587.2420654296875,0.0,589.3475406308395,583.4402118432972,584.9768981262092,0.0,35108500
2026-04-07,0.0,587.3319091796875,0.0,587.7210292628183,577.1636879809167,584.3882026562935,0.0,49948200
2026-04-08,0.0,604.7944946289062,0.0,608.5963482247196,600.8329489303708,607.4088894425788,0.0,63086000
2026-04-09,0.0,608.8857421875,0.0,609.1950771369181,601.7410732406024,604.6348380470022,0.0,37837500
2026-04-10,0.0,609.7638549804688,0.0,612.3582731602751,608.2770495763316,610.5322286073159,0.0,34038500
2026-04-13,0.0,616.0703125,0.0,625.4003020437667,606.8101197315917,608.1771864154443,0.0,32972100
2026-04-14,0.0,627.2562866210938,0.0,627.2562866210938,618.7744561353234,618.8941947521593,0.0,49921100
2026-04-15,0.0,636.0375366210938,0.0,636.4666101570109,626.8571900931449,627.7353139030603,0.0,50102400
2026-04-16,0.0,639.1009521484375,0.0,640.8073189117684,633.9021276162631,637.8436965859062,0.0,42320600
2026-04-17,0.0,647.4630126953125,0.0,648.6105788505391,642.6932619551269,644.2100323367088,0.0,53488900
2026-04-20,0.0,645.4074096679688,0.0,647.3732302965532,641.1465785698142,646.6547376870972,0.0,37138500
2026-04-21,0.0,642.9526977539062,0.0,648.8101451741646,640.8372343366078,647.0239324977517,0.0,39580500
2026-04-22,0.0,653.709716796875,0.0,653.929278227069,647.1338367363905,648.7603575560191,0.0,37368400
2026-04-23,0.0,650.0275268554688,0.0,655.5157702184271,644.1401750634725,652.1529787029532,0.0,40099800
2026-04-24,0.0,662.4609375,0.0,663.0895957247212,655.1266727511743,657.1024209404745,0.0,45563100
2026-04-27,0.0,662.8101806640625,0.0,663.0097653425256,659.2777693835679,661.9819986507146,0.0,32717000
2026-04-28,0.0,656.1444702148438,0.0,658.2300296236717,652.4124742350715,656.004754848671,0.0,34147900
2026-04-29,0.0,660.1558837890625,0.0,660.3055266172468,655.1865481613837,657.2221656812865,0.0,31724900
2026-04-30,0.0,666.3126220703125,0.0,667.4701765484971,656.1543902560467,663.9277163428184,0.0,40622200
2026-05-01,0.0,672.708984375,0.0,674.5250404091096,667.3703838092385,667.7295996684235,0.0,39172600
2026-05-04,0.0,671.4417114257812,0.0,675.2834576176889,667.4702382389029,673.2178749724156,0.0,34542000
2026-05-05,0.0,680.1530151367188,0.0,681.3105696942113,676.06180342226,676.5108537091375,0.0,37101100
2026-05-06,0.0,694.2827758789062,0.0,694.4424070727396,685.012594745374,686.309864653291,0.0,38778500
2026-05-07,0.0,693.4545288085938,0.0,699.741050020677,690.2913219165297,695.0910378327916,0.0,43779100
2026-05-08,0.0,709.709716796875,0.0,709.709716796875,698.0048093195176,698.4238945105413,0.0,44320400
2026-05-11,0.0,711.7652587890625,0.0,713.0625286499792,707.394616546851,708.8415292269354,0.0,36019100
2026-05-12,0.0,705.7282104492188,0.0,708.6619284096558,695.1508931250245,706.7060961344681,0.0,45873000
2026-05-13,0.0,713.1823120117188,0.0,715.1181676509774,703.3234258783424,708.4424652516221,0.0,40012500
2026-05-14,0.0,718.2514038085938,0.0,720.4866668965204,712.6933025541022,713.0924719031191,0.0,33327500
2026-05-15,0.0,707.4146728515625,0.0,713.6014326902291,704.0418926432,708.622108433035,0.0,51792700
2026-05-18,0.0,704.3711547851562,0.0,710.5479258193494,697.3561524904881,710.0190294838146,0.0,49834500
2026-05-19,0.0,700.030517578125,0.0,704.9798766607653,693.7639117658215,698.3141623863071,0.0,46827500
2026-05-20,0.0,711.6256713867188,0.0,711.6256713867188,702.2856320315602,703.7824257923921,0.0,36779200
2026-05-21,0.0,712.9827270507812,0.0,715.5871334944783,705.2592812358496,707.4745066970102,0.0,36415400
2026-05-22,0.0,716.0062255859375,0.0,720.5764528207093,714.4196583413607,716.5351219372583,0.0,33118600
2026-05-26,0.0,728.7190551757812,0.0,729.6071065125336,722.6120806481434,724.4082818705217,0.0,34254700
2026-05-27,0.0,727.8908081054688,0.0,731.7525310831555,723.8893697615578,731.3933152026018,0.0,35148700
2026-05-28,0.0,734.027587890625,0.0,735.0254503325125,724.8572296134905,728.1701402291201,0.0,32840000
2026-05-29,0.0,736.7318115234375,0.0,740.0447221142881,733.6783549102875,736.2628454135092,0.0,37541700
2026-06-01,0.0,741.1524047851562,0.0,744.0562188501588,734.416832716765,735.464576190909,0.0,33890600
2026-06-02,0.0,744.5650024414062,0.0,744.8444331554832,737.6498231242726,740.8130908722517,0.0,30085200
2026-06-03,0.0,742.6192626953125,0.0,747.0497745697194,739.4260905589007,745.7126120403002,0.0,40270200
2026-06-04,0.0,739.0269165039062,0.0,741.9107536874841,731.0540050355258,733.9078771104591,0.0,40782600
2026-06-05,0.0,703.5529174804688,0.0,730.1260001864761,702.8145089902632,728.4994794722375,0.0,99606600
2026-06-08,0.0,714.5393676757812,0.0,721.4845122126053,711.5457803433952,716.2756385838147,0.0,47401500
2026-06-09,0.0,706.3169555664062,0.0,724.1087982042852,684.9028066603832,721.4345342962913,0.0,91932200
2026-06-10,0.0,692.2072143554688,0.0,709.7596418767092,691.448829138881,700.1601489508766,0.0,65334300
2026-06-11,0.0,715.5870971679688,0.0,716.8344251989125,693.5143852047621,697.7951930812733,0.0,71798900
2026-06-12,0.0,719.798095703125,0.0,722.4623712773896,709.7596023215499,716.0760275085878,0.0,51168400
2026-06-15,0.0,742.40966796875,0.0,743.1680531807805,735.8038233761346,736.5222551108849,0.0,46710200
2026-06-16,0.0,728.2998657226562,0.0,742.629155741597,728.0803652201432,740.6633959693683,0.0,45348700
2026-06-17,0.0,720.965576171875,0.0,734.1074069958862,719.3090904725119,733.6184641620571,0.0,51669300
2026-06-18,0.0,739.0369262695312,0.0,740.2343734608266,730.9442759416646,735.6242535433294,0.0,50154600
2026-06-22,0.0,737.1818237304688,0.813,744.6740164081855,733.6255320449774,741.2475942735041,0.0,43518600
2026-06-23,0.0,712.9071655273438,0.0,722.8567588543334,711.368729535907,714.994955841975,0.0,53354200
2026-06-24,0.0,709.8803100585938,0.0,719.1806168314835,703.7167494897757,714.6253657788768,0.0,52480400
2026-06-25,0.0,715.63427734375,0.0,726.073411438839,704.5657941797848,725.144386854217,0.0,49668000
2026-06-26,0.0,705.7846069335938,0.0,714.8151753001493,702.0784467013282,706.3939573549355,0.0,47081800
2026-06-29,0.0,723.3262939453125,0.0,723.8257734758017,704.4359439581019,713.2467701925264,0.0,44939100
2026-06-30,0.0,735.6334838867188,0.0,736.8521846863197,723.156433880318,723.4261723402657,0.0,42121800
2026-07-01,0.0,724.4151000976562,0.0,731.1580735258118,723.8456861360175,728.4309348946762,0.0,40803800
2026-07-02,0.0,711.8582153320312,0.0,730.0692808035519,706.823483523477,724.8247456386157,0.0,50959800
2026-07-06,0.0,722.067626953125,0.0,725.3242433880005,717.7021805458717,719.1806205090421,0.0,30220400
2026-07-07,0.0,708.6915283203125,0.0,715.6043080380856,704.1662754218111,713.42658457407,0.0,42483100
2026-07-08,0.0,710.699462890625,0.0,711.5186166673155,700.1803943256999,704.2162281021572,0.0,35603200
2026-07-09,0.0,722.5271606445312,0.0,723.476123003734,714.3856196637845,717.5823009494849,0.0,33654700
2026-07-10,0.0,724.7548217773438,0.0,725.633910657471,716.2536701350646,719.9498309758326,0.0,26415900
2026-07-13,0.0,710.9990844726562,0.0,717.9917976257694,709.3408393238593,716.9728399125403,0.0,36552400
2026-07-14,0.0,718.9408569335938,0.0,721.5381261320255,713.5964502872879,719.4702735364855,0.0,29448100
2026-07-15,0.0,716.9928588867188,0.0,723.6059629208669,709.4906666647634,723.0964840498398,0.0,32627600
2026-07-16,0.0,705.2051391601562,0.0,712.8571384924941,701.8785885225277,711.2688277809667,0.0,39402000
2026-07-17,0.0,694.606201171875,0.0,701.5689163623388,686.0451149463661,690.9300392487022,0.0,54109300
2026-07-20,0.0,695.33544921875,0.0,705.0653008245885,694.7860339234736,701.4290751693121,0.0,29687600
2026-07-21,0.0,708.2319946289062,0.0,709.3108875148979,702.0684341343024,705.8345294031318,0.0,33728300
2026-07-22,0.0,704.61572265625,0.0,708.9112952334938,702.8875430569569,702.8875430569569,0.0,23692200
2026-07-23,0.0,691.23974609375,0.0,697.9327231441935,687.0740428357205,693.9468861753709,0.0,44028600
2026-07-24,0.0,683.5177612304688,0.0,691.9090420069233,681.7695828163428,689.6913211134731,0.0,42876700
2026-07-27,0.0,681.4099731445312,0.0,691.5793694171385,675.246412599162,690.9600196558405,0.0,42681500
2026-07-28,0.0,674.786865234375,0.0,678.69282941625,667.1848012007116,675.5260852047327,0.0,51398700
2026-07-29,0.0,661.0411376953125,0.0,679.3420743940087,660.4517860132496,674.8068223593629,0.0,57233300
2026-07-30,0.0,682.8384399414062,0.0,684.4068129515903,672.5991097762519,674.0576119251697,0.0,66753700
2026-07-31,0.0,687.2738647460938,0.0,695.0457958477069,679.3421270152298,691.3895713800811,0.0,50540500
2026-08-03,0.0,699.34130859375,0.0,700.8597459456591,685.1061413344767,687.5835404062232,0.0,44965100
2026-08-04,0.0,723.0964965820312,0.0,724.9046100552433,706.7935382563429,707.4228263749409,0.0,59778600
2026-08-05,0.0,716.5533447265625,0.0,727.7816351687756,716.1737353937511,725.4940407971483,0.0,33540200
2026-08-06,0.0,713.9061279296875,0.0,718.5712497417534,707.7625052246912,710.0800975972087,0.0,33035900
2026-08-07,0.0,722.2774047851562,0.0,722.8767558377907,715.7641721456221,719.4003977892652,0.0,31070400
2026-08-10,0.0,720.11962890625,0.0,723.9156612253314,719.5802129514979,721.6380662225321,0.0,26243200
2026-08-11,0.0,717.7021484375,0.0,722.5970112457043,714.7552070178748,722.5370761410037,0.0,29286100
2026-08-12,0.0,722.9467163085938,0.0,726.4930089361641,722.1674989405016,726.32320296041,0.0,29066000
2026-08-13,0.0,731.3079833984375,0.0,733.1960306989878,723.276374318815,724.3952036143359,0.0,31599700
2026-08-14,0.0,730.3090209960938,0.0,733.6255724540374,727.561883529615,732.6465510961883,0.0,23790600
2026-08-17,0.0,729.1102294921875,0.0,733.8153485193716,728.5108784569633,732.1870404067878,0.0,26452600
2026-08-18,0.0,716.7631225585938,0.0,721.3783085230132,715.1747508308598,719.4603242061223,0.0,48997200
2026-08-19,0.0,715.3345947265625,0.0,720.7489355626859,711.8681752092583,719.6401056796244,0.0,35801700
2026-08-20,0.0,710.18994140625,0.0,714.1957769031727,707.782476952734,711.3487680341726,0.0,33396400
2026-08-21,0.0,712.6973876953125,0.0,714.9250469928722,708.46181083734,714.485502546953,0.0,33399400
2026-08-24,0.0,705.5847778320312,0.0,709.0511365395006,701.9685508753718,708.9212669826352,0.0,37443100
2026-08-25,0.0,709.9801635742188,0.0,713.2967150154067,706.713608864013,710.4796431110551,0.0,23869600
2026-08-26,0.0,710.6295166015625,0.0,712.2778234739277,707.2330313373777,707.6725757719001,0.0,20392400
2026-08-27,0.0,720.359375,0.0,720.5991154262211,713.7862680851495,716.1837333189847,0.0,28723500
2026-08-28,0.0,715.6842651367188,0.0,723.3762624487671,714.3456940785237,718.9908173393685,0.0,34105400
2026-08-31,0.0,716.013916015625,0.0,716.8330697733344,712.4176267643429,714.425544259608,0.0,32237200
2026-09-01,0.0,706.9033813476562,0.0,711.5585035915489,703.9264419829226,706.6536415906066,0.0,35236100
2026-09-02,0.0,708.501708984375,0.0,709.0611236151823,704.3660038718234,706.3639219777956,0.0,23476200
2026-09-03,0.0,716.9229125976562,0.0,718.1716113897015,708.9512390201578,710.1100046716628,0.0,29449800
2026-09-04,0.0,718.2116088867188,0.0,721.1085535017505,715.8140828169636,718.601156571467,0.0,32871100
2026-09-08,0.0,717.6122436523438,0.0,721.1385985378392,714.8251697161986,720.1595771602128,0.0,28341400
2026-09-09,0.0,715.5643920898438,0.0,718.9508780796424,713.276797695489,715.6543252365607,0.0,26763400
2026-09-10,0.0,707.9523315429688,0.0,711.3188188537567,706.1242193062288,706.8135035284996,0.0,31414400
2026-09-11,0.0,714.1358642578125,0.0,716.8830016980755,712.8871654213293,714.9350193188371,0.0,26649100
2026-09-14,0.0,708.4417724609375,0.0,712.2078675940699,702.0084737337293,702.597886401324,0.0,35219000
2026-09-15,0.0,703.8065795898438,0.0,708.7914364120502,702.9075530374577,708.062154852668,0.0,26631700
2026-09-16,0.0,703.9863891601562,0.0,711.138970068843,699.2713317325664,707.2630040952242,0.0,35688000
2026-09-17,0.0,716.1737060546875,0.0,717.2925353145212,712.577477858311,715.2047450412119,0.0,37270300
2026-09-18,0.0,720.6990356445312,0.0,720.9787124798182,714.3356712251818,718.08176775015,0.0,48478700
2026-09-21,0.0,741.469970703125,0.751,743.219970703125,727.8099975585938,727.8900146484375,0.0,46730600
2026-09-22,0.0,747.4600219726562,0.0,748.3499755859375,740.9299926757812,740.97998046875,0.0,40128800
2026-09-23,0.0,741.2100219726562,0.0,747.1300048828125,738.1900024414062,746.969970703125,0.0,33191800
2026-09-24,0.0,741.0999755859375,0.0,742.6599731445312,734.6199951171875,735.2899780273438,0.0,29000900
2026-09-25,0.0,744.5,0.0,745.9199829101562,739.6400146484375,742.8300170898438,0.0,30283800
2026-09-28,0.0,736.530029296875,0.0,741.4199829101562,731.6300048828125,740.4600219726562,0.0,41775000
2026-09-29,0.0,737.9299926757812,0.0,740.5800170898438,735.3400268554688,740.1500244140625,0.0,27052300
2026-09-30,0.0,739.77001953125,0.0,745.0999755859375,739.4600219726562,740.1900024414062,0.0,29820400
2026-10-01,0.0,742.030029296875,0.0,744.6699829101562,736.25,742.510009765625,0.0,35534100
