Date,Capital Gains,Close,Dividends,High,Low,Open,Stock Splits,Volume
2020-01-02,0.0,93.51776123046875,0.0,93.51776123046875,92.9211183599209,93.27910688352137,0.0,1885300
2020-01-03,0.0,92.91194915771484,0.0,93.21486471767469,92.44380756533873,92.64575127197864,0.0,826800
2020-01-06,0.0,93.13225555419922,0.0,93.15061789435119,92.26023348286311,92.36120534415646,0.0,767600
2020-01-07,0.0,93.00373077392578,0.0,93.19649329242057,92.75589525105522,92.98537544019372,0.0,3601600
2020-01-08,0.0,93.38008880615234,0.0,93.8115057121435,92.9670202321206,93.02209324071946,0.0,701900
2020-01-09,0.0,94.14196014404297,0.0,94.14196014404297,93.80233391154567,93.93084227030361,0.0,1218200
2020-01-10,0.0,94.01345825195312,0.0,94.52749872552322,93.88494988435579,94.32555500410434,0.0,676700
2020-01-13,0.0,94.79368591308594,0.0,94.79368591308594,94.13278876413145,94.2980148021652,0.0,718700
2020-01-14,0.0,94.656005859375,0.0,95.00481328070984,94.51831632354943,94.75697771876837,0.0,1070900
2020-01-15,0.0,94.94055938720703,0.0,95.15168427654069,94.62846263817215,94.6560061479658,0.0,1140300
2020-01-16,0.0,95.71160888671875,0.0,95.72079005658298,95.32608379058934,95.43623681941803,0.0,911500
2020-01-17,0.0,95.97779846191406,0.0,96.02369730407311,95.7299629225234,95.9686242960263,0.0,721700
2020-01-21,0.0,95.72077178955078,0.0,95.98696963936764,95.57390811565351,95.71159062143866,0.0,947400
2020-01-22,0.0,95.7758560180664,0.0,96.27153410653102,95.69324650491238,95.9319078815465,0.0,912300
2020-01-23,0.0,95.68407440185547,0.0,95.72079207890745,95.0782502384499,95.61982021780972,0.0,865300
2020-01-24,0.0,94.6927261352539,0.0,95.89520030790007,94.36227404147344,95.89520030790007,0.0,903100
2020-01-27,0.0,93.12308502197266,0.0,93.64629972517955,92.90278593724913,93.07719317271197,0.0,1150300
2020-01-28,0.0,93.95838165283203,0.0,94.22457954789178,93.29747750001897,93.64628491259008,0.0,909100
2020-01-29,0.0,94.08686828613281,0.0,94.66515578469829,93.87574345150666,94.41732028622134,0.0,684200
2020-01-30,0.0,94.21540069580078,0.0,94.27047370882975,93.01292655679686,93.37091514784659,0.0,925100
2020-01-31,0.0,92.07662200927734,0.0,93.82067271781426,91.83796767259034,93.82067271781426,0.0,957400
2020-02-03,0.0,92.9945297241211,0.0,93.58199832246608,92.66407776215478,92.71915775793455,0.0,1121600
2020-02-04,0.0,94.36225128173828,0.0,94.70187746057687,94.0317992676613,94.11440876959094,0.0,680100
2020-02-05,0.0,95.50968170166016,0.0,95.53721821081967,94.74780560006701,95.36281098190088,0.0,964900
2020-02-06,0.0,95.84931182861328,0.0,96.06043674593694,95.58311389076242,96.06043674593694,0.0,582600
2020-02-07,0.0,95.2159423828125,0.0,95.59228632732996,95.01399865508951,95.59228632732996,0.0,642700
2020-02-10,0.0,95.67489624023438,0.0,95.67489624023438,94.91302023037355,94.99562974790565,0.0,1313100
2020-02-11,0.0,95.84931182861328,0.0,96.23483697866695,95.68408576385005,96.12469093761256,0.0,627100
2020-02-12,0.0,96.42758178710938,0.0,96.49183596227974,96.04204973290733,96.3082476023788,0.0,3387300
2020-02-13,0.0,96.19811248779297,0.0,96.47348455407118,95.80340622326494,96.22564899410273,0.0,2212100
2020-02-14,0.0,96.38169860839844,0.0,96.473489301675,95.91355696855268,96.43677162372818,0.0,2023400
2020-02-18,0.0,96.1155014038086,0.0,96.31744513241345,95.7575127951658,96.23482860562918,0.0,741600
2020-02-19,0.0,96.43675994873047,0.0,96.5928118119075,96.27153391956314,96.47347762223211,0.0,5644100
2020-02-20,0.0,96.14305877685547,0.0,96.67545472177714,95.3169283456292,96.38172023547253,0.0,1375700
2020-02-21,0.0,95.2159423828125,0.0,95.84012890341945,94.9589186364135,95.84012890341945,0.0,4847600
2020-02-24,0.0,91.92976379394531,0.0,92.92111987695276,91.61766709973355,91.79207428188658,0.0,1180400
2020-02-25,0.0,89.1209716796875,0.0,92.44384915859644,88.8639548476627,92.37041377710837,0.0,1325800
2020-02-26,0.0,88.92818450927734,0.0,90.73649001097891,88.735421938466,89.79103249563602,0.0,3605500
2020-02-27,0.0,85.1463394165039,0.0,88.63443442041002,85.10962174237686,87.13822596642932,0.0,1943600
2020-02-28,0.0,84.40283203125,0.0,84.60477576908534,82.00705769271508,82.31915447023734,0.0,4074200
2020-03-02,0.0,88.1387710571289,0.0,88.1387710571289,84.13664195283665,85.63285065691318,0.0,3411300
2020-03-03,0.0,85.49515533447266,0.0,89.29534744551054,84.79753346290997,88.45086186598678,0.0,2987700
2020-03-04,0.0,88.82719421386719,0.0,88.90062955985331,86.16522945208062,87.11068677131682,0.0,2320500
2020-03-05,0.0,86.02754974365234,0.0,87.57883833948362,85.3391090536464,86.55076438792963,0.0,1424900
2020-03-06,0.0,84.76998901367188,0.0,85.14633992332908,82.76892128250847,83.35639006567752,0.0,1870000
2020-03-09,0.0,78.80349731445312,0.0,81.42875129724862,77.79378586026557,78.63827129444573,0.0,3206400
2020-03-10,0.0,82.87906646728516,0.0,82.87906646728516,78.48222517554832,81.69494784355322,0.0,4144600
2020-03-11,0.0,78.80349731445312,0.0,80.93307323722642,77.83050353173164,80.59344703172992,0.0,2998000
2020-03-12,0.0,71.42341613769531,0.0,76.4352629306227,71.2765524494351,72.86455153234743,0.0,3878100
2020-03-13,0.0,77.89473724365234,0.0,77.90391840990198,71.68041129327732,75.56321824187775,0.0,4118200
2020-03-16,0.0,69.96393585205078,0.0,75.6091510889371,69.07355141102757,75.6091510889371,0.0,2575100
2020-03-17,0.0,73.01142883300781,0.0,73.87427671537675,68.77981294655262,70.34945683671395,0.0,3226100
2020-03-18,0.0,69.87212371826172,0.0,70.93690805071084,66.43909538016078,68.7338970484844,0.0,3259800
2020-03-19,0.0,69.89048767089844,0.0,71.6528938887932,67.57733038530903,69.65182630706484,0.0,3322700
2020-03-20,0.0,66.14539337158203,0.0,70.90940620418235,65.87919540758574,70.68910709725458,0.0,2211900
2020-03-23,0.0,63.59354019165039,0.0,65.92505943464273,62.6021842294624,65.75065227374523,0.0,2590700
2020-03-24,0.0,70.18423461914062,0.0,70.25766997550912,66.26471526512097,67.29278224155574,0.0,2369300
2020-03-25,0.0,71.67928314208984,0.41,74.48480768841875,69.49208660475072,70.24883942678483,0.0,3679900
2020-03-26,0.0,75.70297241210938,0.0,76.17363775678467,72.2145273607224,72.74979327890729,0.0,3189600
2020-03-27,0.0,73.34969329833984,0.0,75.71223768480745,72.73136519390287,73.29431632363736,0.0,2472500
2020-03-30,0.0,76.090576171875,0.0,76.22900798452808,73.6265166622011,74.12486696319152,0.0,3603000
2020-03-31,0.0,74.78934478759766,0.0,76.45050565554418,74.4755654977264,76.04444786521174,0.0,2733100
2020-04-01,0.0,71.67005920410156,0.0,73.16510350598371,71.00559194062659,72.26991883385418,0.0,1873500
2020-04-02,0.0,73.35890197753906,0.0,73.60808071057821,71.3101303544893,71.47624716286998,0.0,1756400
2020-04-03,0.0,72.22376251220703,0.0,73.77418341368153,71.38394796347986,73.29428737414175,0.0,1748300
2020-04-06,0.0,77.05960845947266,0.0,77.7886762586722,74.85395076863807,74.95546698377574,0.0,2474900
2020-04-07,0.0,77.29032897949219,0.0,80.20660029436782,77.26264401804934,80.09585340766014,0.0,7883800
2020-04-08,0.0,79.87435150146484,0.0,80.2711856356105,77.29031429666504,78.42544678673491,0.0,3358700
2020-04-09,0.0,80.69572448730469,0.0,81.56321717087847,79.94819528261385,80.77877937619442,0.0,19224800
2020-04-13,0.0,79.40371704101562,0.0,80.44655736194515,78.37010034844873,80.26198622156498,0.0,5263600
2020-04-14,0.0,81.90467834472656,0.0,82.2092270075514,80.91720813815154,81.16637983623053,0.0,2715400
2020-04-15,0.0,80.01275634765625,0.0,80.49265227172411,79.32060445177365,80.15118813501941,0.0,2006000
2020-04-16,0.0,80.17890167236328,0.0,80.68648272669687,79.15451593793418,80.3727034273991,0.0,1622500
2020-04-17,0.0,82.49528503417969,0.0,82.64294749980617,81.34169842497488,82.3476296094871,0.0,1733200
2020-04-20,0.0,80.99103546142578,0.0,82.1169374637476,80.84337295052768,81.23097648023112,0.0,2107200
2020-04-21,0.0,78.5915756225586,0.0,79.72670124584836,78.35162756392934,79.61595436318808,0.0,1565900
2020-04-22,0.0,80.40042114257812,0.0,80.90799531831739,79.64366817285627,79.85592428823914,0.0,1771500
2020-04-23,0.0,80.31733703613281,0.0,81.7385570097425,80.23428215501406,81.00025854209673,0.0,1617600
2020-04-24,0.0,81.59089660644531,0.0,81.75700635863707,80.26196226142662,80.64033509853381,0.0,1381100
2020-04-27,0.0,82.99365997314453,0.0,83.30743224450285,81.93235856890226,82.08002107843745,0.0,1812800
2020-04-28,0.0,83.00289916992188,0.0,84.39642728195068,82.87369798126936,84.21185616700043,0.0,2230900
2020-04-29,0.0,85.18086242675781,0.0,85.66075149556508,84.48871026307647,84.96859933188374,0.0,2788900
2020-04-30,0.0,83.97189331054688,0.0,84.8670778465212,83.6027441046589,84.8670778465212,0.0,2355700
2020-05-01,0.0,81.96005249023438,0.0,82.91060711625327,81.61859522123929,82.39380235824768,0.0,1630100
2020-05-04,0.0,82.21846771240234,0.0,82.29229898677524,80.97259488134566,81.4709454219559,0.0,1679100
2020-05-05,0.0,83.00289916992188,0.0,83.8334762281347,82.82755168206344,83.10441539542552,0.0,1724600
2020-05-06,0.0,82.57836151123047,0.0,83.72271765814583,82.53221522234121,83.72271765814583,0.0,1839500
2020-05-07,0.0,83.51048278808594,0.0,84.15649584601881,83.3351423211515,83.61199902517629,0.0,3149000
2020-05-08,0.0,84.90399169921875,0.0,85.03319286244273,84.15646967757493,84.71942062059458,0.0,1812400
2020-05-11,0.0,85.04243469238281,0.0,85.48540815560516,84.13801939015478,84.29490553167369,0.0,1693100
2020-05-12,0.0,83.16900634765625,0.0,85.45771888782181,83.15054501373949,85.34697904806484,0.0,1695200
2020-05-13,0.0,81.87699890136719,0.0,83.44587453649368,81.02796048802666,83.15055652137796,0.0,1780600
2020-05-14,0.0,82.86445617675781,0.0,82.86445617675781,80.26196437647293,81.00948644477671,0.0,1951700
2020-05-15,0.0,83.49201202392578,0.0,83.51046631751274,81.82162033732986,82.0246457305308,0.0,1256700
2020-05-18,0.0,86.07604217529297,0.0,86.4821070414541,85.20854956249794,85.20854956249794,0.0,1413000
2020-05-19,0.0,85.07013702392578,0.0,86.25140922163403,85.0424520569385,85.9284062052197,0.0,1946400
2020-05-20,0.0,86.42671203613281,0.0,86.73126059736352,86.02987795235966,86.26982594371725,0.0,1139600
2020-05-21,0.0,85.90992736816406,0.0,86.6851414905978,85.55923945619182,86.54670964292004,0.0,815300
2020-05-22,0.0,86.07604217529297,0.0,86.10373417693349,85.383889993938,85.87301678314849,0.0,1073400
2020-05-26,0.0,87.46033477783203,0.0,88.20786382101701,87.30344866097826,87.93100016932848,0.0,1662900
2020-05-27,0.0,88.45703887939453,0.0,88.46626954572213,86.88816356860241,88.43858458767474,0.0,1326500
2020-05-28,0.0,88.1986312866211,0.0,89.37990303238887,88.06019946370941,88.91846831663989,0.0,2391700
2020-05-29,0.0,88.68777465820312,0.0,88.85389148190043,87.27578517724442,88.16173922331778,0.0,1285600
2020-06-01,0.0,88.98309326171875,0.0,89.1399794182096,88.23557107060833,88.54011975622255,0.0,1033700
2020-06-02,0.0,89.67523193359375,0.0,89.71214756027962,88.82619364262649,89.29685908170141,0.0,1110700
2020-06-03,0.0,91.01339721679688,0.0,91.27179956328482,90.05361204345887,90.38584564349648,0.0,1283500
2020-06-04,0.0,90.49657440185547,0.0,91.06875598539966,89.8136529924824,90.74575309184044,0.0,2975300
2020-06-05,0.0,92.7668685913086,0.0,93.32059610043757,91.82554449947733,92.26852509859295,0.0,1183700
2020-06-08,0.0,93.60668182373047,0.0,93.60668182373047,92.65612707935122,93.20984753772443,0.0,1701100
2020-06-09,0.0,92.67456817626953,0.0,93.08986374159771,92.40693513397447,92.84068499421348,0.0,1907600
2020-06-10,0.0,92.12083435058594,0.0,93.01601890323518,91.80706209634447,92.84067144296165,0.0,1503000
2020-06-11,0.0,86.65746307373047,0.0,90.23819484423612,86.48211558403375,90.2197405489223,0.0,1691300
2020-06-12,0.0,87.58955383300781,0.0,89.11228298319064,85.86378521094832,89.11228298319064,0.0,1761300
2020-06-15,0.0,88.363037109375,0.355,88.72430695695483,85.32466143364178,85.61182283367432,0.0,1202200
2020-06-16,0.0,90.01190948486328,0.0,90.91972028162586,88.7057816916932,90.91972028162586,0.0,1014300
2020-06-17,0.0,89.61360168457031,0.0,90.37319572691179,89.42833760297353,90.37319572691179,0.0,1369400
2020-06-18,0.0,89.54873657226562,0.0,89.65989923436521,88.9003053784429,89.17820143263694,0.0,1124100
2020-06-19,0.0,89.0300064086914,0.0,90.67888063324526,88.57610449760404,90.66961530968845,0.0,1103900
2020-06-22,0.0,89.63211822509766,0.0,89.66917244905903,88.41861535931702,88.85399365664995,0.0,936300
2020-06-23,0.0,90.1230697631836,0.0,90.74371208153953,89.95632929748211,90.55844803848021,0.0,962800
2020-06-24,0.0,87.6960678100586,0.0,89.63211020134759,87.12174505849636,89.46536974213309,0.0,2237600
2020-06-25,0.0,88.49271392822266,0.0,88.57608768967084,86.83457469475555,87.60343385453751,0.0,1217900
2020-06-26,0.0,86.21395111083984,0.0,88.15925213559942,86.08426484701397,88.14072855535485,0.0,1200100
2020-06-29,0.0,87.50155639648438,0.0,87.5293453008239,85.93604882322406,86.48258985559674,0.0,1541000
2020-06-30,0.0,88.85399627685547,0.0,89.19674255807746,87.4274404154426,87.53860309060478,0.0,1245500
2020-07-01,0.0,89.32643127441406,0.0,89.72475537051177,89.01147388645795,89.14116721140763,0.0,1036000
2020-07-02,0.0,89.87296295166016,0.0,90.76225022040896,89.7062224721911,90.49361238863267,0.0,715000
2020-07-06,0.0,91.1698226928711,0.0,91.33656315429,90.79928754889906,91.01234755357824,0.0,890300
2020-07-07,0.0,90.0582275390625,0.0,91.33656641060256,89.99338441660838,90.74371298605904,0.0,1313600
2020-07-08,0.0,90.55844116210938,0.0,90.69739271753797,89.70620825358654,90.41022428502029,0.0,1403500
2020-07-09,0.0,89.93779754638672,0.0,90.7714998646383,88.99293963061503,90.7714998646383,0.0,881900
2020-07-10,0.0,90.8548812866211,0.0,90.90119376703392,89.43759075984136,89.96560109466853,0.0,627400
2020-07-13,0.0,90.08602905273438,0.0,92.1888052330623,89.98413169355752,91.54037391772891,0.0,703100
2020-07-14,0.0,91.3643569946289,0.0,91.40141121776715,89.48389934142834,89.5857966882159,0.0,1310300
2020-07-15,0.0,92.55933380126953,0.0,92.80944805307551,91.83679408248918,92.41112396870035,0.0,1518200
2020-07-16,0.0,92.11470031738281,0.0,92.24438657548282,91.70711089628504,91.8738513806095,0.0,835900
2020-07-17,0.0,92.52228546142578,0.0,92.80018863280463,91.92943195869739,92.41112984677123,0.0,859100
2020-07-20,0.0,92.9483871459961,0.0,93.17071248295004,92.01279452228712,92.33701013779867,0.0,810700
2020-07-21,0.0,93.32819366455078,0.0,93.86546932921048,93.0966100574427,93.73578307461963,0.0,974000
2020-07-22,0.0,94.07853698730469,0.0,94.15264544932576,93.39305138203966,93.39305138203966,0.0,745400
2020-07-23,0.0,93.0410385131836,0.0,94.31011224240294,92.67050330340656,94.00442723165534,0.0,1086200
2020-07-24,0.0,92.0869140625,0.0,92.503761751612,91.67932462968207,92.29070171153775,0.0,769400
2020-07-27,0.0,92.74458312988281,0.0,92.77237202524806,92.00351293908675,92.34625913911952,0.0,699500
2020-07-28,0.0,92.04058074951172,0.0,92.75385508292213,91.97573762829259,92.46669369857601,0.0,758500
2020-07-29,0.0,93.01323699951172,0.0,93.19850104559849,92.20732355755656,92.26290135790853,0.0,1914500
2020-07-30,0.0,92.58711242675781,0.0,92.6519555464418,91.32729718658041,92.04057857047422,0.0,1073000
2020-07-31,0.0,93.25408172607422,0.0,93.25408172607422,91.72562856285639,92.80017985198378,0.0,985100
2020-08-03,0.0,93.57830047607422,0.0,93.89325785551353,93.37451283922618,93.73578269947926,0.0,1074000
2020-08-04,0.0,93.9210433959961,0.0,93.9210433959961,93.33745527355974,93.46714152299005,0.0,806900
2020-08-05,0.0,94.83811950683594,0.0,94.90296263636591,94.31937447059619,94.467591376591,0.0,710800
2020-08-06,0.0,95.40318298339844,0.0,95.44023720946616,94.49537918053761,94.80106417769713,0.0,778000
2020-08-07,0.0,95.66256713867188,0.0,95.66256713867188,95.01413577201336,95.1067678147686,0.0,626000
2020-08-10,0.0,95.89412689208984,0.0,96.0052895561287,95.32906945182673,95.80149487240917,0.0,707400
2020-08-11,0.0,95.4124526977539,0.0,96.73711130431079,95.24571220646104,96.56110548923184,0.0,3373600
2020-08-12,0.0,96.60745239257812,0.0,96.82050542837898,95.97754447683826,95.97754447683826,0.0,672300
2020-08-13,0.0,96.3758316040039,0.0,96.72783613094667,96.07940487937564,96.39435518231853,0.0,729300
2020-08-14,0.0,96.32952117919922,0.0,96.60742435182922,96.03309442650047,96.53331589681171,0.0,1018200
2020-08-17,0.0,96.62593841552734,0.0,96.83899843587626,96.4591979418453,96.68152328500172,0.0,385700
2020-08-18,0.0,96.6722640991211,0.0,97.02426864707544,96.17204264632007,97.02426864707544,0.0,610500
2020-08-19,0.0,96.3758316040039,0.0,97.09837130357464,96.22761470800448,96.76489035494652,0.0,756100
2020-08-20,0.0,96.59815216064453,0.0,96.72783841401973,95.73666086758315,95.87561244401965,0.0,643300
2020-08-21,0.0,96.88532257080078,0.0,96.99648525575223,96.40363173742067,96.54258332676712,0.0,471400
2020-08-24,0.0,97.95059204101562,0.0,97.9783809406941,97.46890128939187,97.75606267589622,0.0,646100
2020-08-25,0.0,98.28408813476562,0.0,98.32114236251022,97.83945153657315,98.25629923080001,0.0,1289500
2020-08-26,0.0,99.18260955810547,0.0,99.30303046840835,98.23775171661688,98.40449216715835,0.0,656600
2020-08-27,0.0,99.2660140991211,0.0,99.8403369989054,98.83989398542258,99.5809644548258,0.0,1311000
2020-08-28,0.0,100.24787902832031,0.0,100.32198745366821,99.38638801891413,99.72913418562186,0.0,584400
2020-08-31,0.0,99.6550521850586,0.0,100.32201405530614,99.60873264009183,100.23864028784006,0.0,597800
2020-09-01,0.0,100.35906219482422,0.0,100.35906219482422,99.44199314792375,99.63652251742565,0.0,1558500
2020-09-02,0.0,102.04501342773438,0.0,102.28585531280356,100.63698100909674,100.86856463753583,0.0,1143900
2020-09-03,0.0,98.64537048339844,0.0,101.66522328606749,97.9413612694243,101.39658540150938,0.0,1105100
2020-09-04,0.0,97.75606536865234,0.0,99.27525317679695,95.99602864437641,99.13630160720693,0.0,1061300
2020-09-08,0.0,95.42169952392578,0.0,96.65371878853603,95.28274796355576,96.65371878853603,0.0,1460300
2020-09-09,0.0,96.95014953613281,0.0,97.68194740105918,96.1164472672278,96.53329486799545,0.0,913600
2020-09-10,0.0,95.35685729980469,0.0,97.6356388822049,95.04189995551832,97.6356388822049,0.0,642200
2020-09-11,0.0,95.43097686767578,0.0,96.25542107282006,94.6713828620635,96.0608846089668,0.0,1137700
2020-09-14,0.0,96.6815414428711,0.0,97.15396698422148,96.27395197123839,96.41290356996517,0.0,587300
2020-09-15,0.0,97.20952606201172,0.0,97.85795726079573,96.95941183721645,97.52447633931537,0.0,1531700
2020-09-16,0.0,97.06132507324219,0.0,98.17293068267449,96.99648194274481,97.68196747477013,0.0,752200
2020-09-17,0.0,96.1998291015625,0.0,96.76489366901448,95.44023515197684,96.07014284680672,0.0,660500
2020-09-18,0.0,95.30130004882812,0.0,96.63522411962161,94.63434508080343,96.63522411962161,0.0,717700
2020-09-21,0.0,93.7728500366211,0.0,94.0970657171351,92.59640119499225,94.0970657171351,0.0,1012100
2020-09-22,0.0,94.77326965332031,0.0,94.93075187160952,93.4671418319208,94.17115795070546,0.0,918200
2020-09-23,0.0,93.16563415527344,0.442,95.46360930500062,93.00747570398966,95.44499825306335,0.0,680800
2020-09-24,0.0,93.29586029052734,0.0,94.25412338767981,92.26316719991735,92.7190455863186,0.0,843500
2020-09-25,0.0,94.607666015625,0.0,94.80303943258232,92.67252869809275,93.19352447664562,0.0,448400
2020-09-28,0.0,96.1613540649414,0.0,96.40324800197759,95.60314329319529,95.92876565187761,0.0,861900
2020-09-29,0.0,95.88225555419922,0.0,96.42186243470076,95.57524421008392,96.2916134770674,0.0,556600
2020-09-30,0.0,96.51492309570312,0.0,97.42667314944985,95.97532316393242,96.17069665444147,0.0,948500
2020-10-01,0.0,97.04518127441406,0.0,97.59409358673244,96.51488000890494,97.18473573334481,0.0,873200
2020-10-02,0.0,96.27301025390625,0.0,96.87773451976629,95.24961543898887,95.60315441070065,0.0,673100
2020-10-05,0.0,97.8639144897461,0.0,97.90112949198797,96.97077573004887,97.15684364322233,0.0,622700
2020-10-06,0.0,96.71955871582031,0.0,98.71051483780663,96.50558136424274,98.04065911488887,0.0,652700
2020-10-07,0.0,98.23604583740234,0.0,98.46863426728316,97.4731560713147,97.6034121222407,0.0,977100
2020-10-08,0.0,99.13848114013672,0.0,99.15709218774865,98.6453948489445,99.03614167237589,0.0,705400
2020-10-09,0.0,100.09676361083984,0.0,100.23631810278361,99.49203930914405,99.71532223743229,0.0,746200
2020-10-12,0.0,101.37135314941406,0.0,101.74349610353376,100.59915776177208,100.85035727246837,0.0,471100
2020-10-13,0.0,100.68289184570312,0.0,101.53881565920652,100.41308838530908,101.53881565920652,0.0,734700
2020-10-14,0.0,100.08747100830078,0.0,101.16667780620006,99.8548825408701,100.75732693018703,0.0,711000
2020-10-15,0.0,99.95721435546875,0.0,100.10606727221011,98.44073312157632,99.11058899200289,0.0,614100
2020-10-16,0.0,99.93860626220703,0.0,100.7294055945163,99.92930783453538,100.32935316550764,0.0,787300
2020-10-19,0.0,98.3476791381836,0.0,100.45028028160041,98.14300020855434,100.18978240681217,0.0,1506100
2020-10-20,0.0,98.83148193359375,0.0,99.78974515990342,98.67331640166981,98.94311984079204,0.0,811900
2020-10-21,0.0,98.98963928222656,0.0,99.73391801485339,98.87799427821646,99.01754875872015,0.0,466500
2020-10-22,0.0,99.53853607177734,0.0,99.77112448672086,98.5151484656329,99.25012870861863,0.0,831100
2020-10-23,0.0,100.05023956298828,0.0,100.05023956298828,99.2222253228249,99.88277561003189,0.0,666100
2020-10-26,0.0,97.9104232788086,0.0,99.12919147585285,96.79400165660596,99.12919147585285,0.0,667500
2020-10-27,0.0,97.47315216064453,0.0,98.09649452222335,97.39872926057559,98.09649452222335,0.0,740200
2020-10-28,0.0,93.83547973632812,0.0,95.85434566908361,93.65871025256313,95.85434566908361,0.0,1156100
2020-10-29,0.0,94.87747955322266,0.0,95.66827882949285,93.305179427695,93.86339026400125,0.0,1093500
2020-10-30,0.0,94.01225280761719,0.0,94.82165605777375,92.78418609541501,94.47742970008825,0.0,1017700
2020-11-02,0.0,95.19380950927734,0.0,95.88226939875204,94.39370459798101,95.15659450200347,0.0,717500
2020-11-03,0.0,96.98005676269531,0.0,97.50105960259832,96.08691816319183,96.24507657082549,0.0,508600
2020-11-04,0.0,99.33384704589844,0.0,100.62704503188252,98.00344116357192,98.28255007238116,0.0,841900
2020-11-05,0.0,101.04573059082031,0.0,101.6132469980336,100.53403314233735,101.20388903924723,0.0,1207200
2020-11-06,0.0,100.86896514892578,0.0,101.28762865035624,100.32935819936833,101.08294966272847,0.0,815000
2020-11-09,0.0,103.24137115478516,0.0,106.85114165233595,103.18555219338099,106.36736075808068,0.0,1136300
2020-11-10,0.0,103.06458282470703,0.0,103.43672572819351,102.08771568834499,103.22274125182724,0.0,1141900
2020-11-11,0.0,103.38090515136719,0.0,103.95771989956737,102.89711725503146,103.95771989956737,0.0,659000
2020-11-12,0.0,102.15281677246094,0.0,103.10177421591904,101.63181398766841,102.87849136417017,0.0,3356700
2020-11-13,0.0,103.77166748046875,0.0,104.02285989247481,102.73897415704164,103.11111711019278,0.0,906400
2020-11-16,0.0,105.06484985351562,0.0,105.06484985351562,104.01355266548399,104.99041984957466,0.0,513500
2020-11-17,0.0,104.63688659667969,0.0,104.97181451195704,103.87399681144475,104.59036607032169,0.0,1396900
2020-11-18,0.0,103.39952087402344,0.0,104.98111949648948,103.36230587021956,104.96251554360563,0.0,586800
2020-11-19,0.0,103.53905487060547,0.0,103.65999828550298,102.4784523152433,103.22273094989959,0.0,550500
2020-11-20,0.0,102.76687622070312,0.0,103.70653551254566,102.73896674338712,103.70653551254566,0.0,769700
2020-11-23,0.0,103.48323822021484,0.0,103.75303452881374,102.69243194992751,103.35298218077526,0.0,737100
2020-11-24,0.0,105.14857482910156,0.0,105.34395535753508,103.95772319732252,104.38568505886589,0.0,938300
2020-11-25,0.0,104.77645111083984,0.0,105.19510749600812,104.44152316349066,105.19510749600812,0.0,636600
2020-11-27,0.0,105.01832580566406,0.0,105.24161581000085,104.75782789864009,105.24161581000085,0.0,206800
2020-11-30,0.0,104.62757873535156,0.0,104.8973821665242,103.82747396650463,104.8973821665242,0.0,1590000
2020-12-01,0.0,106.06962585449219,0.0,106.53480269804557,105.6230529615454,105.66957348511487,0.0,1018300
2020-12-02,0.0,105.85564422607422,0.0,105.902164750893,105.39977289459938,105.47420289509522,0.0,464600
2020-12-03,0.0,105.96728515625,0.0,106.35803199678993,105.6788706899165,105.8556401597949,0.0,594300
2020-12-04,0.0,106.84183502197266,0.0,106.84183502197266,106.14406961948421,106.16268067178447,0.0,776900
2020-12-07,0.0,106.6929702758789,0.0,106.82321923540674,106.32082734949823,106.64644974831783,0.0,710900
2020-12-08,0.0,107.11163330078125,0.0,107.36283280839369,106.30223001589677,106.30223001589677,0.0,1000500
2020-12-09,0.0,106.32081604003906,0.0,107.3721202275888,106.01379762608019,107.25116970801005,0.0,1725300
2020-12-10,0.0,105.98587799072266,0.0,106.33941689339991,105.53000672457169,106.12543244714607,0.0,718600
2020-12-11,0.0,106.0044937133789,0.0,106.08822213210577,105.21368745810616,105.42767191379951,0.0,716800
2020-12-14,0.0,105.41442108154297,0.408,107.10441082662221,105.41442108154297,106.56286471129421,0.0,899000
2020-12-15,0.0,106.74024963378906,0.0,106.79626917891513,105.91859876991896,106.21738154983022,0.0,2387500
2020-12-16,0.0,106.74024963378906,0.0,107.04837137906912,106.48815455717845,106.91765435807942,0.0,926800
2020-12-17,0.0,107.54324340820312,0.0,107.59926296047479,107.2537995567405,107.45920695625135,0.0,1328100
2020-12-18,0.0,107.15107727050781,0.0,108.0194158266817,106.48815320858589,108.0194158266817,0.0,2240300
2020-12-21,0.0,106.61888885498047,0.0,106.81496441823765,104.84486269523917,105.86258925550901,0.0,1008600
2020-12-22,0.0,106.38545227050781,0.0,106.72158380402787,106.18003776407403,106.46948159211597,0.0,1179800
2020-12-23,0.0,106.32008361816406,0.0,106.94565892007051,106.30140568833647,106.76825420442363,0.0,1023800
2020-12-24,0.0,106.87096405029297,0.0,106.87096405029297,106.43212529471786,106.46013506659828,0.0,242400
2020-12-28,0.0,107.66461944580078,0.0,107.87003396497617,107.4311951510186,107.4311951510186,0.0,616200
2020-12-29,0.0,107.56190490722656,0.0,108.23416797047258,107.40317810716672,108.0847801361644,0.0,691400
2020-12-30,0.0,107.81399536132812,0.0,108.23415616826935,107.71128811989043,107.73929789054745,0.0,613400
2020-12-31,0.0,108.50492858886719,0.0,108.57962605925661,107.59924135013827,107.64592905001737,0.0,351700
2021-01-04,0.0,106.77759552001953,0.0,108.74769687116205,105.64782294104211,108.7010091691083,0.0,949900
2021-01-05,0.0,107.20710754394531,0.0,107.5152293161593,106.38545660825201,106.38545660825201,0.0,719000
2021-01-06,0.0,107.70196533203125,0.0,108.52362338694621,106.44147559833867,106.70290966179562,0.0,659200
2021-01-07,0.0,108.91577911376953,0.0,109.13986444575558,108.15947954255722,108.32754532243281,0.0,667800
2021-01-08,0.0,109.44799041748047,0.0,109.52268790551554,108.36489821160558,109.33594418542786,0.0,831500
2021-01-11,0.0,108.94377899169922,0.0,109.43863731983232,108.62631827031309,108.83173277411406,0.0,721000
2021-01-12,0.0,108.71035766601562,0.0,109.04648920435389,108.04743355527735,109.04648920435389,0.0,990600
2021-01-13,0.0,108.74771118164062,0.0,109.1398622857411,108.43958940404276,108.87842821634078,0.0,868100
2021-01-14,0.0,108.1314697265625,0.0,109.15854233850304,108.02876246536844,109.03715714424956,0.0,1663900
2021-01-15,0.0,107.58056640625,0.0,107.96337846107102,106.9549911437726,107.92602972731292,0.0,2510900
2021-01-19,0.0,108.43025207519531,0.0,108.53295933594566,107.79533770125865,108.20616674426009,0.0,823700
2021-01-20,0.0,109.54135131835938,0.0,109.86814390201363,108.79439073554045,108.8597492522713,0.0,1562500
2021-01-21,0.0,109.6253662109375,0.0,110.04552700393792,109.39194196515001,109.79342482930353,0.0,1728700
2021-01-22,0.0,108.96244049072266,0.0,109.41061819923125,108.84106244136593,109.15852313563099,0.0,4288800
2021-01-25,0.0,109.26123046875,0.0,109.30791817272349,107.81400425163682,108.93443791156595,0.0,4228600
2021-01-26,0.0,109.03715515136719,0.0,109.65339870726838,108.99980640947523,109.52268167241857,0.0,3805100
2021-01-27,0.0,106.53485107421875,0.0,107.9914235772853,105.89993668148318,107.9914235772853,0.0,2105600
2021-01-28,0.0,107.72064208984375,0.0,108.85041477949014,106.88031323536266,106.88031323536266,0.0,837800
2021-01-29,0.0,105.43307495117188,0.0,107.347156857928,104.90086788846334,107.347156857928,0.0,5358700
2021-02-01,0.0,106.87096405029297,0.0,107.24444429696602,105.77854020569741,106.50682276876111,0.0,790800
2021-02-02,0.0,108.48625946044922,0.0,108.92509820134381,107.83266726975023,107.89802577646583,0.0,781200
2021-02-03,0.0,108.2808609008789,0.0,108.85974858163043,108.0194268355661,108.85974858163043,0.0,1077100
2021-02-04,0.0,109.58802032470703,0.0,109.59735216583033,108.45824780056071,108.5889648117153,0.0,1119700
2021-02-05,0.0,110.18558502197266,0.0,110.39099950184648,109.98017054209885,110.06419985284207,0.0,883900
2021-02-08,0.0,110.96056365966797,0.0,110.98858055738255,110.40968577152543,110.56841257418917,0.0,2200200
2021-02-09,0.0,110.8858642578125,0.0,111.06326185427139,110.55907171323749,110.75514723998249,0.0,1062100
2021-02-10,0.0,110.97924041748047,0.0,111.4554279439781,110.2883065422492,111.4554279439781,0.0,667000
2021-02-11,0.0,111.56745910644531,0.0,111.68884428266198,110.87652528034306,111.40873231674698,0.0,911000
2021-02-12,0.0,111.85690307617188,0.0,111.93159342203012,111.30601814376782,111.34336687846833,0.0,891700
2021-02-16,0.0,111.54878234863281,0.0,112.27706487290644,111.47408487856814,112.00629188657908,0.0,824800
2021-02-17,0.0,111.7261962890625,0.0,111.76353790363689,110.79249920674793,111.25000878248991,0.0,644300
2021-02-18,0.0,111.4740982055664,0.0,111.73553225850506,110.54040108876056,111.08194712615844,0.0,804100
2021-02-19,0.0,111.11931610107422,0.0,111.9876548627745,111.0259477970995,111.9876548627745,0.0,552500
2021-02-22,0.0,110.41901397705078,0.0,111.00724054794605,110.12956305055744,110.31630673273752,0.0,530300
2021-02-23,0.0,110.7551498413086,0.0,111.16597171119058,108.98112397025038,110.0175282956328,0.0,874300
2021-02-24,0.0,112.01563262939453,0.0,112.12767171272728,110.03619238251505,110.2322679018903,0.0,3870700
2021-02-25,0.0,109.2799072265625,0.0,111.87558397224865,108.90642696941453,111.20332093409098,0.0,2761700
2021-02-26,0.0,108.80372619628906,0.0,110.10156464637568,108.22483853062224,109.82145977950123,0.0,1580400
2021-03-01,0.0,111.30601501464844,0.0,111.71684396126173,109.98016702599605,109.99883783105004,0.0,640100
2021-03-02,0.0,110.47504425048828,0.0,111.49277782747969,110.37233699619895,111.306034127161,0.0,911800
2021-03-03,0.0,108.89710235595703,0.0,110.42836520088537,108.88777051286742,110.33499690517888,0.0,958400
2021-03-04,0.0,107.36583709716797,0.0,109.53201427716127,106.27341310251941,108.7103633204549,0.0,1069900
2021-03-05,0.0,109.90547943115234,0.0,110.17625243178446,106.79626652999484,108.45825327079297,0.0,1635000
2021-03-08,0.0,109.74677276611328,0.0,111.45544039883404,109.68141424525457,110.01754581639781,0.0,2280400
2021-03-09,0.0,111.0912857055664,0.0,111.92227556675012,110.82051268780917,110.82051268780917,0.0,1237500
2021-03-10,0.0,111.85690307617188,0.0,112.37977111489347,111.39938641874771,111.6608204381085,0.0,1003100
2021-03-11,0.0,112.79061126708984,0.0,113.54690363009165,112.46381158691247,112.72525275576307,0.0,961100
2021-03-12,0.0,112.66923522949219,0.0,112.73459374612281,112.0063110969404,112.46382071335478,0.0,999500
2021-03-15,0.0,113.79900360107422,0.0,113.85503027286485,112.48249435246642,112.76259921724453,0.0,853300
2021-03-16,0.0,113.81768035888672,0.0,114.31253869274659,113.57491711308131,113.86436094076304,0.0,932900
2021-03-17,0.0,113.82701873779297,0.0,114.06044301660212,112.8372949516325,113.33215328294091,0.0,1168300
2021-03-18,0.0,112.16505432128906,0.0,113.59361717708242,112.05301520412141,112.99604435015956,0.0,896900
2021-03-19,0.0,111.77289581298828,0.0,112.57587600975614,111.38074468160247,112.19306384536846,0.0,1553400
2021-03-22,0.0,112.77194213867188,0.0,113.0147053954963,111.81957416735143,111.82890601002404,0.0,716400
2021-03-23,0.0,112.01563262939453,0.0,113.05203689148007,111.78220837439406,112.20236918397774,0.0,811700
2021-03-24,0.0,111.5768051147461,0.0,112.98668975137403,111.5768051147461,112.4264729077242,0.0,935300
2021-03-25,0.0,112.05513763427734,0.54,112.28024011508293,110.51692422966124,111.32354920475004,0.0,903800
2021-03-26,0.0,114.43751525878906,0.0,114.50317045921773,112.13956893202517,112.50536321382495,0.0,1725800
2021-03-29,0.0,114.57820129394531,0.0,114.83144072412345,113.64026581703696,114.29681778852088,0.0,1001500
2021-03-30,0.0,113.92163848876953,0.0,114.31556965894232,113.5370886767093,114.31556965894232,0.0,967200
2021-03-31,0.0,114.22177124023438,0.0,114.69073893766078,114.08107949983062,114.17487876401924,0.0,880900
2021-04-01,0.0,115.45047760009766,0.0,115.45985895877168,114.76578869037452,114.83144388933262,0.0,1097500
2021-04-05,0.0,116.87615203857422,0.0,117.15753557213925,115.96635339004517,115.96635339004517,0.0,1613200
2021-04-06,0.0,116.85736846923828,0.0,117.26068097891631,116.57599214175917,116.80109463491831,0.0,904200
2021-04-07,0.0,116.81986999511719,0.0,117.02620979525152,116.5103495610957,116.73545207862041,0.0,772900
2021-04-08,0.0,117.28883361816406,0.0,117.30758917901413,116.96993183667495,117.06372395268477,0.0,890700
2021-04-09,0.0,118.2173843383789,0.0,118.27365817519357,117.29820445375509,117.42014064135962,0.0,1084400
2021-04-12,0.0,118.06729888916016,0.0,118.22675333659768,117.7015046763472,117.92661431183117,0.0,835600
2021-04-13,0.0,118.09546661376953,0.0,118.20801429817482,117.69215404759669,118.08608525477567,0.0,1557000
2021-04-14,0.0,117.81407165527344,0.0,118.37683149031584,117.61710607080256,117.89848241038399,0.0,962000
2021-04-15,0.0,119.10841369628906,0.0,119.23034987728799,118.28303312557556,118.28303312557556,0.0,1371100
2021-04-16,0.0,119.67119598388672,0.0,119.84940603213164,119.34291996544648,119.42733788783427,0.0,713900
2021-04-19,0.0,119.14594268798828,0.0,119.63367314409717,118.76139286286377,119.40856347702547,0.0,981600
2021-04-20,0.0,118.37681579589844,0.0,119.02399345612803,117.9735033223447,118.87392037021101,0.0,917600
2021-04-21,0.0,119.49299621582031,0.0,119.62430662662969,118.44250577346463,118.44250577346463,0.0,985200
2021-04-22,0.0,118.61131286621094,0.0,119.77435078838234,118.30179245886455,119.5680110060308,0.0,1417600
2021-04-23,0.0,119.6430435180664,0.0,120.10263704005429,118.60193459778465,118.78014462287707,0.0,1025500
2021-04-26,0.0,119.62429809570312,0.0,119.97133681716804,119.46485077335987,119.81188233894459,0.0,725700
2021-04-27,0.0,119.53048706054688,0.0,119.76497090543596,119.23034802532399,119.76497090543596,0.0,733200
2021-04-28,0.0,119.47422790527344,0.0,119.94319568075386,119.4085727029414,119.79312971365792,0.0,742100
2021-04-29,0.0,120.59034729003906,0.0,120.71226914593163,119.59613101511574,120.15889075880385,0.0,1230400
2021-04-30,0.0,119.70869445800781,0.0,120.05573313772561,119.49297331981839,120.05573313772561,0.0,747100
2021-05-03,0.0,120.28085327148438,0.0,120.60912210833469,120.16829127986264,120.38402674861102,0.0,924100
2021-05-04,0.0,119.73685455322266,0.0,119.86816495644216,118.78015629447451,119.82126531705792,0.0,1055900
2021-05-05,0.0,119.66181945800781,0.0,120.19643528060566,119.54926461563542,120.14954995240781,0.0,1270800
2021-05-06,0.0,120.56222534179688,0.0,120.5809880594739,119.22098441897462,119.7931256581618,0.0,855500
2021-05-07,0.0,121.49078369140625,0.0,121.66899372558572,120.68415859211382,120.6935327948433,0.0,533300
2021-05-10,0.0,120.39339447021484,0.0,121.7627865191083,120.39339447021484,121.5283026575125,0.0,817200
2021-05-11,0.0,119.36167907714844,0.0,119.55864468226046,118.21739657098118,119.16471347203641,0.0,2188400
2021-05-12,0.0,116.72605895996094,0.0,118.71448460609197,116.58537437310675,118.50813767086676,0.0,1184900
2021-05-13,0.0,118.36743927001953,0.0,118.91144349485342,116.85736277177175,117.09184661117818,0.0,1016800
2021-05-14,0.0,120.02760314941406,0.0,120.3558862883678,119.10842324092712,119.13656016006493,0.0,702100
2021-05-17,0.0,119.49299621582031,0.0,119.87754608865328,119.04278398170196,119.62430662662969,0.0,870100
2021-05-18,0.0,118.50814819335938,0.0,119.69933027760631,118.50814819335938,119.46484640419013,0.0,672300
2021-05-19,0.0,118.33930969238281,0.0,118.44248316058969,116.72605963228919,117.16689042264957,0.0,1118800
2021-05-20,0.0,119.69933319091797,0.0,120.11201995217631,118.48939551593675,118.50815107767936,0.0,813200
2021-05-21,0.0,119.5211181640625,0.0,120.50594612174484,119.38980776970484,120.13077765551145,0.0,642500
2021-05-24,0.0,120.65601348876953,0.0,120.9842966149146,120.14014613843825,120.29021924249079,0.0,523500
2021-05-25,0.0,120.49657440185547,0.0,121.03119019284097,120.33712708483313,121.00305327288173,0.0,2059100
2021-05-26,0.0,120.72168731689453,0.0,120.90927155891622,120.52471456012758,120.89050884118596,0.0,737800
2021-05-27,0.0,120.7779541015625,0.0,121.1437483612484,120.68415483015197,121.11561144217714,0.0,682800
2021-05-28,0.0,120.91864013671875,0.0,121.49078135091283,120.89050321731244,121.49078135091283,0.0,696700
2021-06-01,0.0,120.6748046875,0.0,121.72528804029473,120.53410575233208,121.44390448172119,0.0,650400
2021-06-02,0.0,121.21878051757812,0.0,121.37822782378288,120.77794971911132,120.93739702531607,0.0,2932400
2021-06-03,0.0,120.87173461914062,0.0,121.13435539532735,120.00883573856154,120.41215541669332,0.0,1002300
2021-06-04,0.0,122.10980987548828,0.0,122.19422062518667,121.26565944322985,121.50953180248055,0.0,567200
2021-06-07,0.0,122.1754379272461,0.0,122.25047446306888,121.74399573595987,122.02537916735636,0.0,892600
2021-06-08,0.0,122.06289672851562,0.0,122.51310165548283,121.53765526176112,122.17544438231828,0.0,533800
2021-06-09,0.0,121.82843780517578,0.0,122.43809013686946,121.82843780517578,122.40057901518841,0.0,680600
2021-06-10,0.0,122.53202819824219,0.378,122.6543202498195,121.81712206996622,121.93941412154354,0.0,1092000
2021-06-11,0.0,122.77661895751953,0.0,122.98356812362645,122.25924604225224,122.75780148236583,0.0,828600
2021-06-14,0.0,123.03057098388672,0.0,123.03057098388672,122.3156649289863,122.99295039300804,0.0,647100
2021-06-15,0.0,122.71076202392578,0.0,123.16228094207429,122.4944113022024,123.16228094207429,0.0,548000
2021-06-16,0.0,121.72309875488281,0.0,122.88953861748243,121.15870348216664,122.88953861748243,0.0,645700
2021-06-17,0.0,121.93002319335938,0.0,122.28748350751097,121.21511691858632,121.49732167430967,0.0,932200
2021-06-18,0.0,120.34969329833984,0.0,121.18689160642143,120.30265678256526,120.86706626480135,0.0,836900
2021-06-21,0.0,122.04290008544922,0.0,122.12755719665785,120.62247490314927,120.62247490314927,0.0,558900
2021-06-22,0.0,122.80487060546875,0.0,123.00240390969165,121.9300371976006,122.21224198573651,0.0,585200
2021-06-23,0.0,122.42857360839844,0.0,123.40688147368041,122.42857360839844,123.40688147368041,0.0,699500
2021-06-24,0.0,123.2093505859375,0.0,123.36926328008754,122.9553792000394,123.25638710857727,0.0,515800
2021-06-25,0.0,124.36637115478516,0.0,124.5168679109865,123.91483782559278,123.9524727797902,0.0,487500
2021-06-28,0.0,124.92139434814453,0.0,124.94021182970563,124.3758022111354,124.78028476673555,0.0,417400
2021-06-29,0.0,125.1189193725586,0.0,125.26943050800375,124.9307876300181,124.96842259064535,0.0,489900
2021-06-30,0.0,124.9872055053711,0.0,125.11889913920605,124.76145319224234,124.76145319224234,0.0,602800
2021-07-01,0.0,125.73973083496094,0.0,125.74913239564465,125.0530437133271,125.1941388912218,0.0,625700
2021-07-02,0.0,126.85916900634766,0.0,126.9344245733108,126.01256899669268,126.29475943088984,0.0,796400
2021-07-06,0.0,126.54874420166016,0.0,126.96264264000753,125.69272828176277,126.7650949840575,0.0,1114800
2021-07-07,0.0,127.17893981933594,0.0,127.25419535400164,126.33234017301662,126.92495418402991,0.0,3849800
2021-07-08,0.0,126.13484954833984,0.0,126.35121469076148,125.28824951979318,125.38230821544721,0.0,1825500
2021-07-09,0.0,127.24482727050781,0.0,127.291863786239,126.21008133853887,126.21008133853887,0.0,770800
2021-07-12,0.0,127.63054656982422,0.0,127.64936405483118,127.11318773718432,127.11318773718432,0.0,651900
2021-07-13,0.0,127.39533233642578,0.0,127.85626725501322,127.23541965533143,127.47058789579906,0.0,2844800
2021-07-14,0.0,127.51761627197266,0.0,127.91269716830676,127.16015597615777,127.91269716830676,0.0,782600
2021-07-15,0.0,127.03788757324219,0.0,127.25423833753085,126.53933204701634,127.25423833753085,0.0,792000
2021-07-16,0.0,126.32295227050781,0.0,127.36709972103982,126.22889359646375,127.32007756078217,0.0,667500
2021-07-19,0.0,124.71443176269531,0.0,125.27882696732236,123.88663490500474,125.02485558432927,0.0,6085500
2021-07-20,0.0,126.34178161621094,0.0,126.71805940832388,124.59212935509362,124.94018810698934,0.0,1608200
2021-07-21,0.0,127.28243255615234,0.0,127.29184847028327,126.44523434957571,126.44523434957571,0.0,3358900
2021-07-22,0.0,127.56465911865234,0.0,127.60227972103864,126.98144648371917,127.47058608239146,0.0,3478200
2021-07-23,0.0,129.37074279785156,0.0,129.46481582926995,128.11964611833972,128.12906203359915,0.0,852600
2021-07-26,0.0,129.43658447265625,0.0,129.4742050695258,128.9097956417865,128.93802903134866,0.0,1275200
2021-07-27,0.0,128.91925048828125,0.0,129.2766965038346,127.98797895733651,129.2766965038346,0.0,773100
2021-07-28,0.0,128.9568634033203,0.0,129.38016339993968,128.61822053531853,128.93806027709294,0.0,945600
2021-07-29,0.0,129.5588836669922,0.0,129.70939478649103,129.1449852651356,129.21083926249023,0.0,1008300
2021-07-30,0.0,129.21084594726562,0.0,129.56830628618613,128.9662761305749,129.2296634265591,0.0,812100
2021-08-02,0.0,129.00387573242188,0.0,130.1797168100302,128.8627805445204,130.1797168100302,0.0,940800
2021-08-03,0.0,129.96337890625,0.0,129.98218203080808,128.69346467560158,129.0885455942737,0.0,860100
2021-08-04,0.0,129.76583862304688,0.0,130.1232989593274,129.53067037097412,129.96338627034166,0.0,835300
2021-08-05,0.0,130.6124267578125,0.0,130.65944891597536,130.03861576364972,130.24556493226765,0.0,556000
2021-08-06,0.0,130.62184143066406,0.0,130.79115566551383,130.3772716402601,130.7535350645015,0.0,741600
2021-08-09,0.0,130.4901580810547,0.0,130.80058188960737,130.33964695808416,130.52777868503196,0.0,864700
2021-08-10,0.0,130.52774047851562,0.0,130.9040181758024,130.28317074042408,130.5183389186559,0.0,702100
2021-08-11,0.0,130.6876983642578,0.0,130.86642853815857,130.44312854149078,130.74415080354078,0.0,711700
2021-08-12,0.0,130.80995178222656,0.0,130.9040247996901,130.2361408241644,130.5089439626923,0.0,726400
2021-08-13,0.0,131.32736206054688,0.0,131.32736206054688,130.82880650380972,131.01693823877125,0.0,526100
2021-08-16,0.0,132.10812377929688,0.0,132.1175253424074,130.8194063101132,130.93228248156535,0.0,535700
2021-08-17,0.0,130.9981231689453,0.0,131.44024064867995,130.24559621525634,131.44024064867995,0.0,3552300
2021-08-18,0.0,129.43658447265625,0.0,131.14860152401695,129.33310988935497,130.66886355790814,0.0,975700
2021-08-19,0.0,129.9915771484375,0.0,130.45249763637761,128.46769179829965,128.47709335907447,0.0,885400
2021-08-20,0.0,131.2709503173828,0.0,131.37442494540548,129.99163416798183,130.12332784423484,0.0,875400
2021-08-23,0.0,132.0892791748047,0.0,132.48436004728825,131.71301577820947,131.71301577820947,0.0,785900
2021-08-24,0.0,132.17398071289062,0.0,132.39034587451056,132.05170296233734,132.39034587451056,0.0,784800
2021-08-25,0.0,132.3903045654297,0.0,132.59725374460297,132.15513634850814,132.5219981927646,0.0,532000
2021-08-26,0.0,131.49667358398438,0.0,132.2586307780749,131.39319897887563,132.1927767777643,0.0,1314500
2021-08-27,0.0,132.82298278808594,0.0,132.94527483259995,131.7882514269392,131.96696718354062,0.0,723500
2021-08-30,0.0,133.36862182617188,0.0,133.64142504444706,132.96413931059814,132.96413931059814,0.0,681400
2021-08-31,0.0,132.8700714111328,0.0,133.5003206469069,132.74777931865074,133.5003206469069,0.0,642300
2021-09-01,0.0,132.9453125,0.0,133.19929822074997,132.69132677925003,133.13344422319128,0.0,1484200
2021-09-02,0.0,133.01116943359375,0.0,133.36862980159324,132.5690519321835,133.20871709841776,0.0,1013400
2021-09-03,0.0,133.00172424316406,0.0,133.27451303474126,132.5031688163478,132.74773857271109,0.0,588800
2021-09-07,0.0,131.9576416015625,0.0,132.9735704281343,131.8071304375812,132.8889132809703,0.0,1107500
2021-09-08,0.0,131.7600860595703,0.0,131.91999876178326,131.23329707438788,131.54372091522438,0.0,5565800
2021-09-09,0.0,131.26150512695312,0.0,132.29625117642598,131.20506704307843,131.84473215189738,0.0,1055900
2021-09-10,0.0,130.58421325683594,0.0,132.07046374386985,130.5371767431511,131.82589396764894,0.0,1212700
2021-09-13,0.0,130.4525146484375,0.0,131.57191772831908,129.7564258686004,131.31794637252813,0.0,871400
2021-09-14,0.0,129.8599090576172,0.0,130.93227569139395,129.59652176886715,130.7535455268427,0.0,1109200
2021-09-15,0.0,130.6782989501953,0.0,130.82881008369552,129.6059322426868,129.93517355302706,0.0,661500
2021-09-16,0.0,130.48074340820312,0.0,130.78175127036926,129.67176414543331,130.49014496987013,0.0,591400
2021-09-17,0.0,129.0885467529297,0.0,130.31142447609872,128.9192325092063,130.31142447609872,0.0,684200
2021-09-20,0.0,127.0190658569336,0.0,127.85626419884544,125.55161836805709,127.18839444985855,0.0,1081100
2021-09-21,0.0,126.91555786132812,0.0,128.11021619895882,126.68979124801585,127.70571947763179,0.0,5180600
2021-09-22,0.0,127.75281524658203,0.0,128.31722486492535,126.94383578217412,127.36713581916518,0.0,1357500
2021-09-23,0.0,129.06973266601562,0.0,129.64354369911592,128.26075341203045,128.3924470415848,0.0,1066900
2021-09-24,0.0,129.04901123046875,0.418,129.27545344355346,128.3507808128715,128.46400191941387,0.0,942500
2021-09-27,0.0,128.24697875976562,0.0,128.88859856785976,127.9922168949788,128.7753630738474,0.0,923500
2021-09-28,0.0,125.51066589355469,0.0,127.37888551652811,125.24647380131154,127.36001053925669,0.0,1778500
2021-09-29,0.0,125.68050384521484,0.0,126.47308016197896,125.58615774887052,126.02962615411971,0.0,1300300
2021-09-30,0.0,124.29351043701172,0.0,126.54858842772342,124.27464985278617,126.35988180372014,0.0,1491700
2021-10-01,0.0,125.55784606933594,0.0,126.1428407879272,123.5292107367492,124.98228164068063,0.0,1624900
2021-10-04,0.0,123.50091552734375,0.0,125.21817866322596,122.84986553401238,125.0011524005219,0.0,3004600
2021-10-05,0.0,124.95397186279297,0.0,125.58616127325215,123.86889814134761,124.0009941978487,0.0,930000
2021-10-06,0.0,125.33137512207031,0.0,125.37855536110304,123.4159754759196,123.98209515214964,0.0,1137700
2021-10-07,0.0,126.53913879394531,0.0,127.51099143653624,126.36929278012876,126.36929278012876,0.0,886500
2021-10-08,0.0,126.41650390625,0.0,126.973207934425,126.23722755797279,126.9071526914202,0.0,543300
2021-10-11,0.0,125.66163635253906,0.0,127.18074824885737,125.66163635253906,126.39761657325022,0.0,864200
2021-10-12,0.0,125.38803100585938,0.0,126.05795608872218,125.13326914083913,126.03908110680403,0.0,3984900
2021-10-13,0.0,126.32209777832031,0.0,126.58628983005433,125.19927435975724,125.80314396334742,0.0,1294800
2021-10-14,0.0,128.6055145263672,0.0,128.6715553582513,127.43551055796428,127.54873163970328,0.0,799600
2021-10-15,0.0,129.3225860595703,0.0,129.53016761001814,129.02065842089354,129.35089132577787,0.0,605500
2021-10-18,0.0,130.03970336914062,0.0,130.11517448783292,128.65268760558163,128.86026917546053,0.0,592100
2021-10-19,0.0,131.15309143066406,0.0,131.16252172180694,130.52091638670677,130.7568032417979,0.0,1090900
2021-10-20,0.0,131.58712768554688,0.0,131.70977905820357,131.25688033421463,131.25688033421463,0.0,1135400
2021-10-21,0.0,132.27593994140625,0.0,132.3136755104371,131.1153804282402,131.5116686913361,0.0,581100
2021-10-22,0.0,132.22874450683594,0.0,132.62503272445178,131.63430498171613,131.9456773807126,0.0,753100
2021-10-25,0.0,132.94581604003906,0.0,133.20057785616083,132.0022686887332,132.50234763313412,0.0,842400
2021-10-26,0.0,132.58729553222656,0.0,133.37987195772928,132.5118100063608,133.16286006923514,0.0,896100
2021-10-27,0.0,131.6154327392578,0.0,132.62502097621578,131.5965577598837,132.39857881328956,0.0,604300
2021-10-28,0.0,132.8514862060547,0.0,132.88922176987464,132.10607564473693,132.10607564473693,0.0,657500
2021-10-29,0.0,133.87997436523438,0.0,133.95545990429173,132.26650156234692,132.55901342521702,0.0,606800
2021-11-01,0.0,133.61575317382812,0.0,134.30453877179724,133.1439794551715,134.24792822914105,0.0,824800
2021-11-02,0.0,134.3800048828125,0.0,134.47436537186965,133.8516206978266,133.9082312323052,0.0,660700
2021-11-03,0.0,135.0216522216797,0.0,135.08769305965063,133.98374421877455,134.2856863277623,0.0,947700
2021-11-04,0.0,136.54074096679688,0.0,136.54074096679688,135.27637659787993,135.40847264867548,0.0,631800
2021-11-05,0.0,136.62567138671875,0.0,137.41824777627636,136.21050821198156,136.85211355665447,0.0,667500
2021-11-08,0.0,136.79550170898438,0.0,137.18235960878854,136.38033853820832,136.9464727524286,0.0,1011700
2021-11-09,0.0,136.8992462158203,0.0,137.2106184886269,136.38029242780934,137.11627241641617,0.0,548000
2021-11-10,0.0,135.5783233642578,0.0,136.63509180732578,135.2103404673045,136.22937335057298,0.0,800700
2021-11-11,0.0,135.78591918945312,0.0,136.08784689171154,135.65382312020412,136.08784689171154,0.0,480100
2021-11-12,0.0,137.2295379638672,0.0,137.43711954638772,136.10671423952186,136.30486553097907,0.0,525900
2021-11-15,0.0,137.28614807128906,0.0,137.82397700540875,137.0125256574079,137.48429936212023,0.0,1230500
2021-11-16,0.0,137.8428192138672,0.0,138.20137178882078,137.07854821768842,137.28612977188376,0.0,476700
2021-11-17,0.0,136.73887634277344,0.0,137.47484210303693,136.569044735354,137.47484210303693,0.0,1430800
2021-11-18,0.0,136.9087371826172,0.0,137.3427609357562,136.2388121757403,137.2767201026225,0.0,598600
2021-11-19,0.0,137.22007751464844,0.0,137.974918237352,136.82378937464165,137.07855117799932,0.0,567100
2021-11-22,0.0,136.17274475097656,0.0,138.24854580199022,136.12556450944228,137.5880656126752,0.0,786400
2021-11-23,0.0,136.37086486816406,0.0,136.4746556278428,134.98384944217864,135.889661017319,0.0,611200
2021-11-24,0.0,136.8992462158203,0.0,136.91812118921698,135.3329545637822,135.6443268365888,0.0,811200
2021-11-26,0.0,134.0498046875,0.0,135.6255273371422,133.62519678048508,134.92729698089295,0.0,905900
2021-11-29,0.0,135.71983337402344,0.0,136.20105168723273,134.6253151055099,135.2952399897829,0.0,631800
2021-11-30,0.0,133.06851196289062,0.0,135.45568615095698,132.80431979643697,135.0688281938665,0.0,1208800
2021-12-01,0.0,131.209716796875,0.0,135.14430825665306,131.15310624883963,134.79520027883981,0.0,2059400
2021-12-02,0.0,133.0213165283203,0.0,133.54027050942847,130.8700294769916,131.16252688523664,0.0,2091300
2021-12-03,0.0,131.8041534423828,0.0,134.02148144347908,130.51149796607672,133.55915237978016,0.0,1550300
2021-12-06,0.0,132.81373596191406,0.0,133.19116358626835,131.40785945369566,132.49293327925673,0.0,2283900
2021-12-07,0.0,135.94630432128906,0.0,136.18219115949285,134.53098329206637,134.8329109583244,0.0,1333100
2021-12-08,0.0,136.1161346435547,0.0,136.25767538356905,135.36130828637098,136.04064912835835,0.0,991800
2021-12-09,0.0,135.01220703125,0.0,136.13503084911804,134.95559648537298,135.72931233873794,0.0,1035800
2021-12-10,0.0,136.10671997070312,0.0,136.12559495101547,134.8989803837596,135.5783357010893,0.0,1254300
2021-12-13,0.0,135.10089111328125,0.407,136.3782901128096,135.04412039119177,136.3782901128096,0.0,1306700
2021-12-14,0.0,134.00328063964844,0.0,134.61833050729157,133.00029267736215,133.89919616593218,0.0,1290300
2021-12-15,0.0,136.69053649902344,0.0,136.72837883242912,133.59640236097013,134.16412399082319,0.0,1428000
2021-12-16,0.0,134.97789001464844,0.0,137.26774855133888,134.40069689291127,137.26774855133888,0.0,1631000
2021-12-17,0.0,133.43551635742188,0.0,134.87375570469243,133.03810697687675,134.07893694360217,0.0,1507700
2021-12-20,0.0,131.61878967285156,0.0,132.11081211440157,130.61578753094074,131.8742578658437,0.0,1570500
2021-12-21,0.0,134.097900390625,0.0,134.1262857510776,132.08245316971988,133.04759873949354,0.0,1246000
2021-12-22,0.0,135.22389221191406,0.0,135.22389221191406,133.81402350405818,133.90865099139842,0.0,1095000
2021-12-23,0.0,136.1417236328125,0.0,136.5769754219802,135.46990312588747,135.55505920140365,0.0,703100
2021-12-27,0.0,138.41265869140625,0.0,138.42211566621495,136.58646632239433,136.58646632239433,0.0,681400
2021-12-28,0.0,138.06256103515625,0.0,138.87630843956242,137.84492067437455,138.81953771522953,0.0,935500
2021-12-29,0.0,138.43157958984375,0.0,138.75328997348817,137.8638434931888,138.15716851581334,0.0,674300
2021-12-30,0.0,138.06256103515625,0.0,138.9330791638953,137.93954817368217,138.45997054361564,0.0,649900
2021-12-31,0.0,137.7313995361328,0.0,138.25182198280984,137.60838665651877,137.94902549087723,0.0,595700
2022-01-03,0.0,137.36233520507812,0.0,138.1098548023171,136.4728888175417,137.94898518914377,0.0,1352600
2022-01-04,0.0,137.2014923095703,0.0,137.92061217498386,136.58645691239948,137.43804660665577,0.0,3915900
2022-01-05,0.0,133.8992156982422,0.0,137.0785066595598,133.88030174617418,136.99335056085974,0.0,4518300
2022-01-06,0.0,134.02224731445312,0.0,134.7981526016579,133.00033067278832,133.6816084338982,0.0,2014000
2022-01-07,0.0,132.76373291015625,0.0,134.13574496137574,132.47986486276946,134.13574496137574,0.0,1075300
2022-01-10,0.0,132.1676483154297,0.0,132.27173281389594,129.5939500988812,131.57154113160726,0.0,2396800
2022-01-11,0.0,133.397705078125,0.0,133.42609044083335,130.91862048073176,132.09193507915208,0.0,1978000
2022-01-12,0.0,133.58692932128906,0.0,134.3344489496266,132.9340516206325,133.94649645583763,0.0,1297900
2022-01-13,0.0,131.6755828857422,0.0,134.2682086526155,131.34440110591206,134.13573882830903,0.0,1483500
2022-01-14,0.0,131.43902587890625,0.0,131.68503713663762,130.05754250702358,130.7672053593043,0.0,987800
2022-01-18,0.0,129.09237670898438,0.0,130.47385986388048,128.85582246204586,130.47385986388048,0.0,1075700
2022-01-19,0.0,127.90962219238281,0.0,130.27516497095,127.87177986070175,129.61281588057662,0.0,1124200
2022-01-20,0.0,126.2442855834961,0.0,129.94399796339587,126.08343040673445,128.26918962938873,0.0,1722600
2022-01-21,0.0,124.16262817382812,0.0,127.19052047336952,124.13424281149878,125.72388085445951,0.0,2600500
2022-01-24,0.0,124.99529266357422,0.0,125.15614784826619,119.40314578048262,122.87576102656088,0.0,3337700
2022-01-25,0.0,123.19747924804688,0.0,124.91013010742064,121.46590000158291,123.26372138379807,0.0,2229400
2022-01-26,0.0,122.90413665771484,0.0,126.17805412631124,121.66459458581373,125.193980272043,0.0,2504600
2022-01-27,0.0,122.36479949951172,0.0,125.12775163565051,121.80652045032258,124.14367778883971,0.0,2253000
2022-01-28,0.0,125.6671142578125,0.0,125.71442800929205,121.33343739624782,122.89470456629428,0.0,2830800
2022-01-31,0.0,128.1556396484375,0.0,128.21241036137553,125.17504727605368,125.4589152788702,0.0,1469400
2022-02-01,0.0,128.88426208496094,0.0,128.97887515010018,127.13375434139138,128.29759755332617,0.0,1786100
2022-02-02,0.0,130.6442108154297,0.0,130.85236530851412,129.3194981224291,129.8493774243781,0.0,1156900
2022-02-03,0.0,126.65118408203125,0.0,128.42060571086742,126.367316020763,127.71094277676146,0.0,2714600
2022-02-04,0.0,126.2159194946289,0.0,127.29460659145903,124.98583417133464,126.29161860786095,0.0,1332500
2022-02-07,0.0,125.69550323486328,0.0,126.80257574829048,125.39272120532272,126.32001012083666,0.0,1234800
2022-02-08,0.0,126.2442855834961,0.0,126.57546734855833,124.9195873995018,125.46839505805009,0.0,1657600
2022-02-09,0.0,128.6666259765625,0.0,128.78963884726062,127.65418096107373,127.65418096107373,0.0,1652000
2022-02-10,0.0,125.84689331054688,0.0,128.4489907286221,125.2791571895333,126.75526821654276,0.0,1562800
2022-02-11,0.0,123.2353286743164,0.0,126.35783376595725,122.84737617180846,126.10236552705231,0.0,1444600
2022-02-14,0.0,122.56352996826172,0.0,123.46243354683759,121.52268512688079,122.91362576121226,0.0,1763700
2022-02-15,0.0,124.74928283691406,0.0,124.872295703621,123.8030655561035,123.8030655561035,0.0,1153600
2022-02-16,0.0,124.99529266357422,0.0,125.42108749812685,123.661123002265,124.26670140739338,0.0,1048200
2022-02-17,0.0,122.22288513183594,0.0,124.35187402588971,122.07148690088536,124.35187402588971,0.0,1129500
2022-02-18,0.0,121.4564208984375,0.0,122.6770345379802,120.93599863424241,122.39318097398865,0.0,1609300
2022-02-22,0.0,119.88570404052734,0.0,121.8632943202848,118.920565772032,121.08740380379297,0.0,1645700
2022-02-23,0.0,117.93651580810547,0.0,121.20096238718715,117.79458177878352,120.68054723842617,0.0,1505300
2022-02-24,0.0,120.1695785522461,0.0,120.34936212159796,114.97484839837274,115.41957161578168,0.0,2931400
2022-02-25,0.0,123.1312484741211,0.0,123.1312484741211,120.16011983380142,120.72784870822687,0.0,1626200
2022-02-28,0.0,122.89469909667969,0.0,123.3678077141592,121.22934752274911,121.82546900097464,0.0,1608300
2022-03-01,0.0,121.26719665527344,0.0,123.48134138039174,120.45344930696565,122.87576296570651,0.0,1675700
2022-03-02,0.0,123.56648254394531,0.0,124.01120571771261,121.5794353785105,121.84437500056848,0.0,2210500
2022-03-03,0.0,123.06497192382812,0.0,124.44645499797412,122.43100831166426,124.3802128824031,0.0,1604100
2022-03-04,0.0,121.92953491210938,0.0,122.38371507307032,120.74676354847263,122.15663221165335,0.0,1433300
2022-03-07,0.0,118.32447052001953,0.0,121.8917136108695,118.24877140711139,121.6835446599045,0.0,2976800
2022-03-08,0.0,117.45393371582031,0.0,120.44398341277964,117.08490960017919,118.28660943855027,0.0,3383100
2022-03-09,0.0,120.59537506103516,0.0,121.26719560246238,119.27067680232702,119.66808627993946,0.0,1571400
2022-03-10,0.0,119.81002044677734,0.0,120.14119501186336,118.32445978133657,119.02465846452759,0.0,1806900
2022-03-11,0.0,118.05951690673828,0.0,120.72784912286002,117.8986617152604,120.49129482278163,0.0,1589000
2022-03-14,0.0,116.90513610839844,0.0,119.1192808564132,116.55503315104333,118.06897920341208,0.0,1471400
2022-03-15,0.0,119.43153381347656,0.0,119.63023855531966,117.32146632217554,117.4444791759814,0.0,1548000
2022-03-16,0.0,122.01468658447266,0.0,122.04307194112602,118.86378927187513,120.62375357501556,0.0,2189200
2022-03-17,0.0,123.70845031738281,0.0,123.74629265517319,121.52267630908463,121.52267630908463,0.0,1151400
2022-03-18,0.0,125.57249450683594,0.0,125.64817917941757,123.2447937764012,123.2447937764012,0.0,988200
2022-03-21,0.0,125.29805755615234,0.0,126.12126175320915,124.12474323957768,125.49676948550714,0.0,867700
2022-03-22,0.0,126.56600952148438,0.0,126.88773434766607,125.71441980296134,125.71441980296134,0.0,819000
2022-03-23,0.0,124.75874328613281,0.0,126.04559925246947,124.73035792525343,125.96990014408159,0.0,1068100
2022-03-24,0.0,126.74398040771484,0.382,126.78194718164724,125.07380435672893,125.27307923958847,0.0,875800
2022-03-25,0.0,127.14256286621094,0.0,127.30388547832852,125.98482225681772,126.81043318717484,0.0,1478500
2022-03-28,0.0,128.04400634765625,0.0,128.053505277196,126.30741089079335,127.09504011851452,0.0,736100
2022-03-29,0.0,130.3784942626953,0.0,130.61573586478042,128.92657681634063,129.08789936814912,0.0,1083800
2022-03-30,0.0,129.47698974609375,0.0,130.39748839648487,128.96453973449485,130.31208488791154,0.0,1414600
2022-03-31,0.0,127.75936889648438,0.0,129.7427054740719,127.4841604932309,129.5718839685904,0.0,1269200
2022-04-01,0.0,127.93016815185547,0.0,128.0535384272057,126.94324938929155,127.83528019242237,0.0,1357600
2022-04-04,0.0,129.0404510498047,0.0,129.08790226730306,127.9016942302367,127.9016942302367,0.0,793600
2022-04-05,0.0,127.33234405517578,0.0,129.23027744324577,127.0002144003131,128.575502587631,0.0,1663800
2022-04-06,0.0,126.15562438964844,0.0,126.71551121849821,125.1117553188426,126.00378625569824,0.0,1591400
2022-04-07,0.0,126.7819595336914,0.0,127.40826656377962,125.41544514062073,125.91839634361438,0.0,1328500
2022-04-08,0.0,126.26000213623047,0.0,127.33232448926053,125.99429266113626,126.76295324837882,0.0,965500
2022-04-11,0.0,124.10584259033203,0.0,125.57674361917071,123.99197123948112,125.57674361917071,0.0,2177300
2022-04-12,0.0,123.57440948486328,0.0,125.93734110479399,123.09992627058568,125.14969723148376,0.0,1288600
2022-04-13,0.0,124.99788665771484,0.0,125.25411170427874,123.57443670137593,123.80219390721959,0.0,1088400
2022-04-14,0.0,123.60287475585938,0.0,125.46285528848716,123.55542353940001,125.08326003689055,0.0,653200
2022-04-18,0.0,123.27074432373047,0.0,123.88758124561399,122.64443742961961,123.16635742803201,0.0,1031700
2022-04-19,0.0,125.80447387695312,0.0,126.04171546050618,123.22328428948967,123.22328428948967,0.0,771000
2022-04-20,0.0,125.74752807617188,0.0,126.8008813227268,125.52926986618738,126.5826231127423,0.0,1245200
2022-04-21,0.0,123.61238861083984,0.0,127.16152903709259,123.36566249867192,126.84836831006308,0.0,1379600
2022-04-22,0.0,120.32894897460938,0.0,123.58389695358456,120.20557870226001,123.28023521867394,0.0,1291400
2022-04-25,0.0,121.32537078857422,0.0,121.36333031900956,118.5164306967198,119.63621150442204,0.0,1452900
2022-04-26,0.0,118.2507095336914,0.0,120.89832678948773,118.21275000700867,120.67057686943068,0.0,1267500
2022-04-27,0.0,118.1368408203125,0.0,119.93038697564074,117.82368736909457,118.24122771739847,0.0,2377900
2022-04-28,0.0,121.47720336914062,0.0,122.13199260823738,118.52592404693003,120.04426908537734,0.0,1903800
2022-04-29,0.0,117.17837524414062,0.0,121.35382164726241,116.99806930981013,120.66108022385211,0.0,1920400
2022-05-02,0.0,118.21276092529297,0.0,118.69673588514925,115.50820774969618,117.15940749268579,0.0,2221800
2022-05-03,0.0,118.52592468261719,0.0,119.20918176359304,117.59593426905778,117.8616437472061,0.0,1856300
2022-05-04,0.0,122.27435302734375,0.0,122.46414345260854,117.60543182139924,118.85806745225248,0.0,1909700
2022-05-05,0.0,117.37767028808594,0.0,121.05965775143096,116.16299431007685,120.78445659390704,0.0,1835900
2022-05-06,0.0,116.07757568359375,0.0,117.21633252570612,114.47382006891733,116.62797796129848,0.0,1953300
2022-05-09,0.0,112.65180969238281,0.0,114.86290332290419,112.21528598147107,114.35046055617137,0.0,3111100
2022-05-10,0.0,112.81314086914062,0.0,114.98627513766803,111.68387559775229,114.57821923152463,0.0,3784200
2022-05-11,0.0,110.87725067138672,0.0,113.95190757400528,110.70644363905939,112.5094743317802,0.0,2370500
2022-05-12,0.0,111.3612289428711,0.0,112.20580863676442,109.32094930704542,109.94727073759495,0.0,3560100
2022-05-13,0.0,114.08474731445312,0.0,114.57820668083332,112.395588198714,112.59487028360059,0.0,1926200
2022-05-16,0.0,113.69566345214844,0.0,114.73953229689536,112.88904345033056,113.66719561820791,0.0,1948800
2022-05-17,0.0,115.81187438964844,0.0,115.89727790080157,114.2745460285326,115.33739113202454,0.0,1407900
2022-05-18,0.0,110.47867584228516,0.0,113.89495372160604,110.10857949436104,113.76209899363532,0.0,1035000
2022-05-19,0.0,109.49176025390625,0.0,110.9057256562125,108.89391392114585,109.50125194681874,0.0,1512200
2022-05-20,0.0,110.0611343383789,0.0,110.88673053336973,107.45147654677609,110.7633674987264,0.0,1732600
2022-05-23,0.0,111.8641586303711,0.0,112.01599673231102,110.193982949267,110.6305066322855,0.0,1413000
2022-05-24,0.0,110.82980346679688,0.0,111.17143200160653,108.7515644200448,110.56409399306494,0.0,1141100
2022-05-25,0.0,112.06344604492188,0.0,112.60436387880873,110.16551312053979,110.28888339424992,0.0,1194900
2022-05-26,0.0,114.91984558105469,0.0,115.44178006968825,112.37661498560759,112.37661498560759,0.0,1865800
2022-05-27,0.0,118.00398254394531,0.0,118.0134742361337,115.68850921272634,115.72646150140027,0.0,1003000
2022-05-31,0.0,116.9791030883789,0.0,117.8331744288717,116.00166870316387,117.48206144003146,0.0,2154300
2022-06-01,0.0,115.60310363769531,0.0,117.66235929232204,114.98627393855658,116.98859391758408,0.0,1356100
2022-06-02,0.0,118.33612823486328,0.0,118.33612823486328,115.35637378799626,115.62208326885721,0.0,995200
2022-06-03,0.0,116.5046157836914,0.0,117.39664662401279,116.22942186575901,116.96961458856188,0.0,807800
2022-06-06,0.0,116.76084899902344,0.0,118.0704202744335,116.44768828967305,117.75725956508312,0.0,1187300
2022-06-07,0.0,117.96603393554688,0.0,118.12736375752475,115.53668179329748,115.6505603899806,0.0,1559600
2022-06-08,0.0,116.65644836425781,0.0,118.10836590392537,116.43818289069465,117.46306841517985,0.0,682500
2022-06-09,0.0,113.90640258789062,0.422,116.82024062353723,113.89687819957723,116.28699111766194,0.0,772200
2022-06-10,0.0,110.45929718017578,0.0,112.17332366310112,110.42120689555756,112.17332366310112,0.0,1526700
2022-06-13,0.0,105.98381805419922,0.0,107.88828912604481,105.58387360772639,107.62165707340273,0.0,2709600
2022-06-14,0.0,105.69812774658203,0.0,106.74558521720091,104.8220729358811,106.65036313168636,0.0,2728900
2022-06-15,0.0,107.13601684570312,0.0,108.58341159163687,105.26963616003425,106.80273587772301,0.0,2054800
2022-06-16,0.0,103.38418579101562,0.0,104.73635816767396,102.52717257166219,104.73635816767396,0.0,1702900
2022-06-17,0.0,103.43182373046875,0.0,104.51737163086842,102.45101505240623,103.4413408547846,0.0,1610000
2022-06-21,0.0,105.6409912109375,0.0,106.22185535100141,104.91729031651738,105.01251239776181,0.0,2091700
2022-06-22,0.0,105.4600830078125,0.0,106.67894330139758,104.21265681124972,104.30787890950222,0.0,1735400
2022-06-23,0.0,106.98365783691406,0.0,107.15506051889899,105.47912399115538,106.0409467184872,0.0,1267900
2022-06-24,0.0,110.51644897460938,0.0,110.59262955763211,107.77401337061333,107.77401337061333,0.0,1352600
2022-06-27,0.0,110.04032135009766,0.0,110.89733466972046,109.69751602224854,110.79258819371213,0.0,1077000
2022-06-28,0.0,107.2407455444336,0.0,111.04968686672238,107.1740893618927,110.37360065381361,0.0,879300
2022-06-29,0.0,107.04080200195312,0.0,107.64070778496145,106.41232304977045,107.36455860278852,0.0,1287900
2022-06-30,0.0,106.39326477050781,0.0,107.4026319728633,105.03156785366053,106.01236915632362,0.0,1508900
2022-07-01,0.0,106.95509338378906,0.0,107.15506197131852,105.12680292782218,106.12664586546947,0.0,1807300
2022-07-05,0.0,107.67879486083984,0.0,107.71688515361991,104.92683477605989,105.66957732281982,0.0,2534700
2022-07-06,0.0,108.26918029785156,0.0,109.01193013745387,107.18363234033075,107.79306251771153,0.0,1151800
2022-07-07,0.0,110.14506530761719,0.0,110.37360703094402,108.79289280367423,108.79289280367423,0.0,1139700
2022-07-08,0.0,110.01174926757812,0.0,110.56404751640454,109.06903830146351,109.48802418194964,0.0,690400
2022-07-11,0.0,108.73575592041016,0.0,109.50706422187527,108.53578737058508,109.23091510117044,0.0,4932900
2022-07-12,0.0,107.67879486083984,0.0,109.44995351771989,107.10745499909996,108.65959628873976,0.0,2187300
2022-07-13,0.0,107.21217346191406,0.0,107.99301341522876,105.85048389985897,106.11710863270834,0.0,1404800
2022-07-14,0.0,107.17410278320312,0.0,107.34550545476988,105.08870482330433,105.91715228004028,0.0,1975200
2022-07-15,0.0,109.01191711425781,0.0,109.0595245275959,107.8216228061072,108.3548723313651,0.0,1096300
2022-07-18,0.0,108.2120361328125,0.0,110.31647560893786,107.88827956647627,109.96415314145196,0.0,817000
2022-07-19,0.0,111.35441589355469,0.0,111.50676978782774,109.29758383351907,109.46898650518871,0.0,976700
2022-07-20,0.0,112.49710083007812,0.0,112.86847209203526,111.10683787878058,111.44964323827645,0.0,1453800
2022-07-21,0.0,113.42076873779297,0.0,113.44933463982984,111.43059280445561,112.31617209249949,0.0,1680400
2022-07-22,0.0,112.05906677246094,0.0,113.88735707207766,111.43058789541652,113.51598583199863,0.0,1737800
2022-07-25,0.0,111.8876724243164,0.0,112.20191188620977,111.19253730542928,112.20191188620977,0.0,1088200
2022-07-26,0.0,110.35456848144531,0.0,111.37346014784869,110.10698522405399,111.25918927559574,0.0,657300
2022-07-27,0.0,113.1636734008789,0.0,113.6588399733224,111.04971650538555,111.2687266214817,0.0,1180700
2022-07-28,0.0,114.96339416503906,0.0,115.18240425984686,112.33522217248365,113.27793327552735,0.0,1272400
2022-07-29,0.0,116.1917724609375,0.0,116.41078982242993,114.63010682284116,114.86816569773366,0.0,1081100
2022-08-01,0.0,115.89657592773438,0.0,116.63931841749135,115.08717724697306,115.4966387817083,0.0,1103800
2022-08-02,0.0,114.91577911376953,0.0,116.37269824967773,114.4396613692254,115.38237246922832,0.0,678200
2022-08-03,0.0,116.40123748779297,0.0,116.76309154034354,115.24903368173041,115.50614127327725,0.0,875800
2022-08-04,0.0,116.67740631103516,0.0,116.84880897938035,116.02988592672884,116.61075012139979,0.0,875200
2022-08-05,0.0,116.47743225097656,0.0,116.63931052317668,115.19191593148122,115.31570391640258,0.0,768900
2022-08-08,0.0,116.41079711914062,0.0,117.4677791711141,115.9727696336802,116.60124132499968,0.0,622200
2022-08-09,0.0,115.28714752197266,0.0,116.05845592426407,114.8967347588921,116.03941441154454,0.0,586600
2022-08-10,0.0,118.18194580078125,0.0,118.22956048069145,117.18209564250846,117.27732500232884,0.0,637900
2022-08-11,0.0,117.7915267944336,0.0,119.50555357642217,117.56299231182851,118.82946725268785,0.0,783500
2022-08-12,0.0,119.78170013427734,0.0,119.81026603585919,118.26764196561926,118.51522522096198,0.0,1286300
2022-08-15,0.0,120.22925567626953,0.0,120.42922425849405,119.1246590144805,119.1246590144805,0.0,770800
2022-08-16,0.0,120.43875885009766,0.0,121.06723055247295,119.52460630394668,120.1340437563743,0.0,529000
2022-08-17,0.0,119.41033172607422,0.0,120.2673451188292,118.86755778815943,119.22940465844255,0.0,941600
2022-08-18,0.0,119.98165893554688,0.0,120.26733245805187,119.33413858085109,119.60076332720003,0.0,652400
2022-08-19,0.0,118.11527252197266,0.0,119.19129584147778,117.85816491161768,118.98180290414531,0.0,492500
2022-08-22,0.0,115.73469543457031,0.0,116.85833353645857,115.40141448591275,116.85833353645857,0.0,777700
2022-08-23,0.0,115.37284851074219,0.0,116.38221574458983,115.28714354401146,115.7156465827257,0.0,758000
2022-08-24,0.0,115.72518920898438,0.0,116.22035578040273,115.03957842700876,115.2681201976546,0.0,646900
2022-08-25,0.0,117.7534408569336,0.0,117.7534408569336,115.91562612250773,116.22034118010777,0.0,494300
2022-08-26,0.0,113.3826675415039,0.0,117.77247326846522,113.3350528660353,117.5725047084601,0.0,854500
2022-08-29,0.0,112.28759765625,0.0,113.31601364129551,112.16380966850511,112.38281974412911,0.0,6389900
2022-08-30,0.0,111.1449203491211,0.0,112.7732420596513,110.48787557882689,112.59231500348803,0.0,847300
2022-08-31,0.0,110.22124481201172,0.0,112.02096909210668,110.22124481201172,111.54485140393385,0.0,1447600
2022-09-01,0.0,110.44977569580078,0.0,110.56404655265891,108.58339529032618,109.3356620851058,0.0,1443800
2022-09-02,0.0,109.33565521240234,0.0,111.94477786100072,108.80240577720875,111.64006286017886,0.0,1432500
2022-09-06,0.0,109.23091888427734,0.0,110.22124454507598,108.45961055609871,109.44993621689736,0.0,1224000
2022-09-07,0.0,111.17347717285156,0.0,111.39249450006129,109.00238173606964,109.07856230770598,0.0,1389800
2022-09-08,0.0,112.02098083496094,0.0,112.06859551476128,110.09746836969703,110.25934665705,0.0,1194800
2022-09-09,0.0,113.97306823730469,0.0,114.27778330381136,112.71611767984211,112.71611767984211,0.0,539200
2022-09-12,0.0,114.66817474365234,0.0,115.26808764092996,114.2111058614187,114.29680355247042,0.0,1071200
2022-09-13,0.0,109.45947265625,0.0,112.31617928249382,109.12619166951768,111.94480800228058,0.0,986900
2022-09-14,0.0,109.58324432373047,0.0,110.13554256277625,108.6595748844592,109.80225438284855,0.0,1042200
2022-09-15,0.0,108.0406265258789,0.0,109.71656284722204,107.61212350617923,109.14522306596263,0.0,1089500
2022-09-16,0.0,107.22169494628906,0.0,107.45975377488428,106.298025528943,106.65987959799423,0.0,994000
2022-09-19,0.0,107.94540405273438,0.0,107.97396995194799,106.2789921254656,106.28851651352996,0.0,683600
2022-09-20,0.0,106.42182922363281,0.0,106.9836446165587,105.59338181891655,106.9836446165587,0.0,793400
2022-09-21,0.0,104.72685241699219,0.0,108.0977593375056,104.6982792524289,106.68845501485764,0.0,1002400
2022-09-22,0.0,103.67940521240234,0.0,104.66973106712534,103.48896100629364,104.4602380814173,0.0,1167300
2022-09-23,0.0,102.16533660888672,0.0,102.65097869551752,100.93695207504383,102.53670783249277,0.0,1691500
2022-09-26,0.0,101.03612518310547,0.53,102.74908931876149,100.74903344824057,101.83040598865838,0.0,2608100
2022-09-27,0.0,100.892578125,0.0,102.85435458765083,100.24184319455911,102.0217944072049,0.0,2636600
2022-09-28,0.0,103.29456329345703,0.0,103.75390133252913,101.0456949526269,101.48590424988686,0.0,2341600
2022-09-29,0.0,101.17009735107422,0.0,102.44285948852452,100.33753717749214,102.18447547211638,0.0,1378500
2022-09-30,0.0,99.46670532226562,0.0,101.7442739186968,99.41885426687227,100.61505764124608,0.0,2155700
2022-10-03,0.0,102.23230743408203,0.0,102.78734744614236,100.21311593931173,100.53847969056079,0.0,1925400
2022-10-04,0.0,105.18932342529297,0.0,105.22760280403027,103.56248998470454,103.56248998470454,0.0,1537700
2022-10-05,0.0,105.20848083496094,0.0,105.92620285491701,103.39025025752971,104.06969289362928,0.0,1252600
2022-10-06,0.0,104.3089370727539,0.0,105.9262064150791,104.18453454682358,104.68215195159108,0.0,1310600
2022-10-07,0.0,101.3806381225586,0.0,103.09360235584238,100.86387735097746,103.09360235584238,0.0,1094200
2022-10-10,0.0,100.78732299804688,0.0,101.85912397512199,99.96433439621269,101.85912397512199,0.0,1043000
2022-10-11,0.0,100.20355224609375,0.0,101.60071675587646,99.5336813513504,100.12699348639589,0.0,1414700
2022-10-12,0.0,99.81120300292969,0.0,100.76816561158272,99.76335195207892,100.09828740489841,0.0,1120800
2022-10-13,0.0,101.90694427490234,0.0,102.43327662038902,97.22739778883042,97.61018428545299,0.0,1763800
2022-10-14,0.0,99.35186004638672,0.0,103.02660034552683,99.21788586214652,102.56725507024227,0.0,2319500
2022-10-17,0.0,101.96438598632812,0.0,102.29932149536396,100.9500004861884,100.9500004861884,0.0,1475800
2022-10-18,0.0,103.13187408447266,0.0,104.2515260695435,102.12706756075073,104.21324668277603,0.0,1505500
2022-10-19,0.0,102.28976440429688,0.0,103.26587065667945,101.43806800232343,102.58642056872317,0.0,1310000
2022-10-20,0.0,101.48589324951172,0.0,103.6103442267756,101.25621695382452,102.33758943480943,0.0,1419400
2022-10-21,0.0,104.06011962890625,0.0,104.18452944979626,101.12224449758298,101.30406974285556,0.0,1342400
2022-10-24,0.0,105.33287811279297,0.0,105.73480067170793,103.68690119413675,104.44290256031236,0.0,1037800
2022-10-25,0.0,107.60088348388672,0.0,107.68700661851038,105.19890517064734,105.19890517064734,0.0,991900
2022-10-26,0.0,107.14154052734375,0.0,108.86407626775355,106.66305918845723,106.66305918845723,0.0,1232500
2022-10-27,0.0,106.2132797241211,0.0,107.71571075360744,106.10801325126798,107.24680111156334,0.0,1085900
2022-10-28,0.0,108.7301025390625,0.0,108.84493338821397,106.17500662975426,106.17500662975426,0.0,880400
2022-10-31,0.0,107.7156982421875,0.0,108.32815366707918,107.49560095254698,108.02192595463333,0.0,1072900
2022-11-01,0.0,107.67744445800781,0.0,108.95977832812484,107.10326827333367,108.56742009961894,0.0,1347200
2022-11-02,0.0,104.67257690429688,0.0,108.59612979289338,104.64386919162696,107.28508827294834,0.0,1541300
2022-11-03,0.0,103.71562194824219,0.0,104.59603324173662,102.83521795579423,103.46681688584157,0.0,1570000
2022-11-04,0.0,105.39985656738281,0.0,106.14628620163202,103.65818498711964,105.29459010090716,0.0,1361100
2022-11-07,0.0,106.61521911621094,0.0,106.82574477971116,105.31374924542118,105.80179497118279,0.0,852100
2022-11-08,0.0,107.24681854248047,0.0,108.34732720050991,106.04104339448885,107.08413662201042,0.0,894200
2022-11-09,0.0,105.02664184570312,0.0,107.04583344841483,104.9022393402302,106.51950111555823,0.0,797600
2022-11-10,0.0,111.80194091796875,0.0,111.95505113551853,108.73965625547659,108.73965625547659,0.0,1682100
2022-11-11,0.0,113.40007019042969,0.0,113.72543397592577,111.66797018883443,111.66797018883443,0.0,1060600
2022-11-14,0.0,112.4718246459961,0.0,114.03167851527138,112.46225297473018,113.14170291473663,0.0,1107200
2022-11-15,0.0,113.73502349853516,0.0,114.74940899716574,112.58667109753605,114.49102496126072,0.0,1151400
2022-11-16,0.0,112.1273193359375,0.0,112.88332075537333,111.94550138516914,112.32828062955268,0.0,799800
2022-11-17,0.0,111.92635345458984,0.0,112.01248389177802,110.48133777281943,110.58660425102397,0.0,678500
2022-11-18,0.0,112.3474349975586,0.0,112.99816999833469,111.40004386295924,112.70150656346462,0.0,1962300
2022-11-21,0.0,111.73495483398438,0.0,112.06031861235776,111.26603790485302,111.61054502374556,0.0,3035200
2022-11-22,0.0,113.5627670288086,0.0,113.62018975813511,111.89765389926619,112.05076414169547,0.0,717200
2022-11-23,0.0,114.2900619506836,0.0,114.51016659646469,113.37137858338376,113.37137858338376,0.0,628700
2022-11-25,0.0,114.07952117919922,0.0,114.24220308393507,113.91683927446336,113.91683927446336,0.0,260800
2022-11-28,0.0,112.52923583984375,0.0,113.7063031257246,112.24215142207586,112.95987341806412,0.0,502000
2022-11-29,0.0,112.46223449707031,0.0,112.92157972876566,111.84977905550635,112.538793252527,0.0,569000
2022-11-30,0.0,116.02216339111328,0.0,116.02216339111328,111.98377936137034,112.52924784447019,0.0,952700
2022-12-01,0.0,115.99343872070312,0.0,116.66331693779419,115.22787300251457,116.21354333657266,0.0,1570100
2022-12-02,0.0,115.95518493652344,0.0,116.25184838001333,114.29964332096203,114.38576647158854,0.0,816400
2022-12-05,0.0,114.05081176757812,0.0,115.46711973741193,113.57233043062756,115.46711973741193,0.0,834600
2022-12-06,0.0,112.19430541992188,0.0,113.87856182396415,111.58184987318761,113.85942578233634,0.0,571500
2022-12-07,0.0,112.05075073242188,0.0,112.80675208550667,111.77323799491376,111.86893279761091,0.0,640800
2022-12-08,0.0,112.99815368652344,0.0,113.3617968722986,112.22300896006809,112.72063363644013,0.0,585800
2022-12-09,0.0,111.94549560546875,0.0,113.19911435850702,111.92635226361028,112.70148968482683,0.0,741700
2022-12-12,0.0,113.81156921386719,0.0,113.82114088474046,112.05075412651237,112.05075412651237,0.0,1345000
2022-12-13,0.0,114.80220794677734,0.481,117.37728280188165,114.03352604080528,116.92568273192511,0.0,1313700
2022-12-14,0.0,114.34098815917969,0.0,115.93600042030106,113.32249094660888,114.7253290813156,0.0,792500
2022-12-15,0.0,111.381591796875,0.0,113.0150391649744,110.80508397959652,112.85168929667823,0.0,742400
2022-12-16,0.0,110.08443450927734,0.0,110.90115443252613,109.43105710453958,110.5648588559759,0.0,652100
2022-12-19,0.0,108.902587890625,0.0,110.31503664931117,108.47020890888972,110.31503664931117,0.0,939600
2022-12-20,0.0,109.07555389404297,0.0,109.51755079849855,108.2396201193908,108.54709144595033,0.0,1173800
2022-12-21,0.0,111.02606964111328,0.0,111.28549556326173,109.94030592410375,110.12286952197837,0.0,784000
2022-12-22,0.0,109.31575775146484,0.0,110.0171805560613,107.68231782832498,109.9499214375954,0.0,1355800
2022-12-23,0.0,109.95952606201172,0.0,110.00756409793496,108.58551214667499,109.0563259506076,0.0,799700
2022-12-27,0.0,109.61363983154297,0.0,110.19975822325827,109.2581231138926,109.98837030090914,0.0,786700
2022-12-28,0.0,108.15311431884766,0.0,110.14207059541263,108.14351111110216,109.63282201856981,0.0,835200
2022-12-29,0.0,110.04601287841797,0.0,110.391919035977,108.83534132696138,108.89299724035098,0.0,806600
2022-12-30,0.0,109.4983139038086,0.0,109.62322159225849,108.50864094345354,109.34458192807746,0.0,1086200
2023-01-03,0.0,109.19087219238281,0.0,110.86274728370901,108.40297636031454,110.61293183915498,0.0,1781800
2023-01-04,0.0,110.07482147216797,0.0,110.58407009520265,109.0563242260986,109.61361821499051,0.0,1521800
2023-01-05,0.0,108.79690551757812,0.0,109.56558010735966,108.60473137211218,109.44067241082736,0.0,857600
2023-01-06,0.0,111.59296417236328,0.0,111.89082491484196,109.21006357114676,109.81539559541767,0.0,532000
2023-01-09,0.0,111.50651550292969,0.0,113.23603908923616,111.48729442013234,111.99654315383417,0.0,925400
2023-01-10,0.0,112.31361389160156,0.0,112.31361389160156,111.0260800384417,111.3335513564123,0.0,691500
2023-01-11,0.0,113.9278335571289,0.0,113.9278335571289,112.62107869862746,112.78442122326663,0.0,2110400
2023-01-12,0.0,114.46590423583984,0.0,114.79259660935077,113.0630659982786,114.29295117473264,0.0,1750200
2023-01-13,0.0,114.7157211303711,0.0,114.8886741826995,113.32249350322645,113.32249350322645,0.0,684400
2023-01-17,0.0,114.47551727294922,0.0,115.26341293947226,114.21609134097567,114.57160067995075,0.0,1410800
2023-01-18,0.0,112.8805160522461,0.0,115.30185171270746,112.82286014151761,114.72534392028278,0.0,1460200
2023-01-19,0.0,111.91004943847656,0.0,112.71715882901694,111.6890510116226,112.20791019012448,0.0,824900
2023-01-20,0.0,114.15845489501953,0.0,114.2449351075507,111.8908509158496,112.47696932838817,0.0,487800
2023-01-23,0.0,115.67658996582031,0.0,116.16662492132757,114.21610297088031,114.40826980445051,0.0,1017200
2023-01-24,0.0,115.5997085571289,0.0,115.80148591108886,114.80220968119971,115.21537492903033,0.0,492700
2023-01-25,0.0,115.4652099609375,0.0,115.59012500894131,113.7164652651418,114.42749139489734,0.0,616900
2023-01-26,0.0,116.70470428466797,0.0,116.75274966102819,115.38833867776687,116.12819642182124,0.0,1065500
2023-01-27,0.0,116.98333740234375,0.0,117.70397397771754,116.36839477781368,116.5125235590273,0.0,889500
2023-01-30,0.0,115.40754699707031,0.0,116.87764445048708,115.37872270672008,116.33957148209777,0.0,615200
2023-01-31,0.0,117.32923889160156,0.0,117.32923889160156,115.65736415563678,115.66696736482764,0.0,765600
2023-02-01,0.0,118.74169921875,0.0,119.56802979238044,116.25309695704117,116.84882586591502,0.0,646800
2023-02-02,0.0,121.25911712646484,0.0,121.78758690527448,120.19257435882699,120.19257435882699,0.0,814000
2023-02-03,0.0,119.86589050292969,0.0,121.16303494604087,119.55841917322411,119.76980708690195,0.0,965400
2023-02-06,0.0,118.80895233154297,0.0,119.36624637964343,118.42461135593251,118.94347057340248,0.0,472800
2023-02-07,0.0,120.25983428955078,0.0,120.64416792889698,118.12674886998569,118.60717324986273,0.0,608900
2023-02-08,0.0,118.58794403076172,0.0,119.85626401336421,118.39577722427707,119.59683809154056,0.0,506600
2023-02-09,0.0,117.39649963378906,0.0,119.62566842281782,117.03137975074522,119.5103639346857,0.0,510300
2023-02-10,0.0,117.57905578613281,0.0,117.68474972754606,116.75272533364405,116.95450267706195,0.0,937200
2023-02-13,0.0,119.28936767578125,0.0,119.28936767578125,117.7808355086857,117.7808355086857,0.0,428100
2023-02-14,0.0,119.12602996826172,0.0,119.85626973230177,117.94418279297739,118.68403309700837,0.0,536300
2023-02-15,0.0,119.18367004394531,0.0,119.18367004394531,117.9441743785325,118.18438654630955,0.0,599500
2023-02-16,0.0,117.54063415527344,0.0,118.85699230497934,117.52141307429838,117.52141307429838,0.0,559500
2023-02-17,0.0,117.06980895996094,0.0,117.14667861983885,116.17622665398368,116.84881785117976,0.0,426700
2023-02-21,0.0,114.5523910522461,0.0,116.14739619180071,114.49474247210988,115.61893376893198,0.0,652200
2023-02-22,0.0,114.29295349121094,0.0,115.15771881427399,113.92783361289277,114.76377464696941,0.0,473400
2023-02-23,0.0,115.40754699707031,0.0,115.7246288523116,114.1007920761011,115.57088952951786,0.0,471800
2023-02-24,0.0,114.06236267089844,0.0,114.36983400041672,113.33211551428198,113.87979904907063,0.0,320700
2023-02-27,0.0,114.24491882324219,0.0,115.4363692308901,114.02392038333694,114.87907519173271,0.0,538300
2023-02-28,0.0,114.10078430175781,0.0,115.05202247197397,114.04313572498529,114.08157055306494,0.0,556100
2023-03-01,0.0,113.76448822021484,0.0,114.29295060992979,113.351322983539,113.96626556872715,0.0,681100
2023-03-02,0.0,114.86946105957031,0.0,115.11927643486364,113.05345766559432,113.07267141342705,0.0,583700
2023-03-03,0.0,116.6566390991211,0.0,116.72389821196062,115.1000616339432,115.44596773731607,0.0,484000
2023-03-06,0.0,116.77194213867188,0.0,117.60788315245283,116.64703444586529,116.91607091079878,0.0,2735800
2023-03-07,0.0,115.13851165771484,0.0,117.04098814669042,115.02320716447305,116.97372902497298,0.0,701400
2023-03-08,0.0,115.53243255615234,0.0,115.77264470395829,114.86945201307917,115.3306552316785,0.0,1216500
2023-03-09,0.0,113.62997436523438,0.0,116.38760556516189,113.38015163953595,115.59010668004186,0.0,649700
2023-03-10,0.0,111.75630950927734,0.0,113.9950887307914,111.35275481623957,113.44740526718476,0.0,1178100
2023-03-13,0.0,111.71788787841797,0.0,113.16877163366084,110.52643740698336,110.92038893769417,0.0,1633800
2023-03-14,0.0,113.70684051513672,0.0,114.15844061229929,112.28478843332095,112.95737964354538,0.0,1308900
2023-03-15,0.0,113.1591567993164,0.0,113.21681271058316,111.49689252679495,112.24635339701335,0.0,1630100
2023-03-16,0.0,115.14810180664062,0.0,115.22497146008278,112.35203597159834,112.83246030957136,0.0,1830100
2023-03-17,0.0,114.32178497314453,0.0,115.48441105525855,113.87978810690504,115.15771867551989,0.0,43206800
2023-03-20,0.0,115.31147003173828,0.0,115.48442311420234,114.32179691068629,114.8598699091546,0.0,11609200
2023-03-21,0.0,116.58938598632812,0.0,116.76233905778989,115.58049917837985,116.47408882581652,0.0,2873300
2023-03-22,0.0,114.65808868408203,0.0,117.74241244219586,114.65808868408203,116.22426958385111,0.0,2788900
2023-03-23,0.0,115.43392944335938,0.365,116.97601007155366,114.56651828148183,115.69415867447096,0.0,2169600
2023-03-24,0.0,115.92546081542969,0.0,116.05075908697314,114.2195439666464,115.1351478502173,0.0,2440900
2023-03-27,0.0,115.88690948486328,0.0,116.696502510921,115.67487304105805,116.37844784521313,0.0,1428300
2023-03-28,0.0,115.56887817382812,0.0,115.8483727758861,115.04842701784125,115.83874010215034,0.0,1522100
2023-03-29,0.0,117.13021850585938,0.0,117.23623673720697,116.41701096576385,116.7543383595127,0.0,2106200
2023-03-30,0.0,117.82415008544922,0.0,117.97836109157271,117.26514621802981,117.82415008544922,0.0,1530100
2023-03-31,0.0,119.57825469970703,0.0,119.6650002252207,118.0747342205317,118.0747342205317,0.0,1363300
2023-04-03,0.0,120.11797332763672,0.0,120.1565260758537,119.16381670711714,119.46259131431769,0.0,1155900
2023-04-04,0.0,119.02889251708984,0.0,120.39748206709677,118.71083784114612,120.39748206709677,0.0,1041500
2023-04-05,0.0,118.90360260009766,0.0,119.12527172531604,118.22894049209286,118.88432254813976,0.0,911900
2023-04-06,0.0,119.18312072753906,0.0,119.25058621219101,118.07475289124021,118.7108549817891,0.0,894800
2023-04-10,0.0,119.60718536376953,0.0,119.60718536376953,118.39279929672787,118.56628302059097,0.0,1295800
2023-04-11,0.0,119.828857421875,0.0,120.27220306569127,119.53971544177543,119.84813012239483,0.0,1754400
2023-04-12,0.0,119.22167205810547,0.0,120.56134914365117,119.07710840751088,120.4456982231755,0.0,3721800
2023-04-13,0.0,120.61917114257812,0.0,120.78301483401987,119.2216613689061,119.62646161383739,0.0,2224700
2023-04-14,0.0,120.47459411621094,0.0,121.29381988556403,119.72283382543549,120.3782159115551,0.0,1281000
2023-04-17,0.0,120.63843536376953,0.0,120.64807538999618,119.82884963718315,120.19508974875525,0.0,1223800
2023-04-18,0.0,120.83122253417969,0.0,121.2649282070005,120.43606226736284,121.2456555039985,0.0,1193300
2023-04-19,0.0,120.53241729736328,0.0,120.78300650729553,120.07943165551151,120.29146811367069,0.0,1193400
2023-04-20,0.0,120.52278137207031,0.0,121.11069795267049,119.7035482870736,119.7035482870736,0.0,1353300
2023-04-21,0.0,120.33966827392578,0.0,120.69627573481371,119.89632263111662,120.69627573481371,0.0,917900
2023-04-24,0.0,120.52278137207031,0.0,120.5902468475563,119.79029381451865,120.10834849317487,0.0,743900
2023-04-25,0.0,118.46027374267578,0.0,120.12763816665972,118.41208095915358,119.98306716927952,0.0,746700
2023-04-26,0.0,117.56393432617188,0.0,118.66266206586813,117.39045061184164,118.60482925896747,0.0,1230100
2023-04-27,0.0,120.33966827392578,0.0,120.44568650950906,118.65302388461036,118.65302388461036,0.0,864800
2023-04-28,0.0,121.62150573730469,0.0,121.62150573730469,120.12761793791475,120.12761793791475,0.0,972200
2023-05-01,0.0,121.86246490478516,0.0,122.28653047977527,121.42875195010011,121.42875195010011,0.0,827400
2023-05-02,0.0,120.1854476928711,0.0,121.76607372081513,119.26984375281056,121.6407827947266,0.0,935400
2023-05-03,0.0,119.40476989746094,0.0,121.14923953232729,119.33730442410105,120.20472290528892,0.0,1169400
2023-05-04,0.0,118.04582977294922,0.0,118.98070644850561,117.79524055778874,118.89396827009566,0.0,1470900
2023-05-05,0.0,120.03124237060547,0.0,120.3685697462899,118.97106746708928,118.97106746708928,0.0,973700
2023-05-08,0.0,120.04090118408203,0.0,120.1758321554738,119.59754816015318,120.06981391321078,0.0,687600
2023-05-09,0.0,119.55899047851562,0.0,119.88667784590436,119.42405952098076,119.58790320467513,0.0,1668700
2023-05-10,0.0,120.13726806640625,0.0,120.62880647478758,118.94216213830465,120.41677001026285,0.0,782800
2023-05-11,0.0,120.01197052001953,0.0,120.12762877952308,119.43369392887342,119.9059596402902,0.0,1219100
2023-05-12,0.0,120.11797332763672,0.0,120.49385343127125,119.37585314571812,120.33964979158816,0.0,921000
2023-05-15,0.0,120.63843536376953,0.0,120.70590084098507,119.79029688546206,120.37821348113405,0.0,988700
2023-05-16,0.0,119.6457290649414,0.0,120.33966390787856,119.62645636516459,120.09871471814681,0.0,598200
2023-05-17,0.0,121.14923858642578,0.0,121.36127503052563,119.77100905296177,120.06015099549522,0.0,1554400
2023-05-18,0.0,122.43109130859375,0.0,122.59493497973003,120.9853962859404,121.01430900988385,0.0,869200
2023-05-19,0.0,122.13231658935547,0.0,122.75878590262468,121.7082436967083,122.60457490414021,0.0,1132200
2023-05-22,0.0,122.28653717041016,0.0,122.72988282267534,121.92029702806575,121.9492097559895,0.0,840600
2023-05-23,0.0,120.81192779541016,0.0,121.87210280816068,120.61917137606864,121.65043366123653,0.0,939200
2023-05-24,0.0,119.95413970947266,0.0,120.39748532132351,119.47224134617579,120.34929989690511,0.0,930500
2023-05-25,0.0,121.94920349121094,0.0,122.4407419002218,121.13961773819142,121.91065073823108,0.0,1027100
2023-05-26,0.0,123.63585662841797,0.0,123.88643851084103,122.04559038246009,122.19980140535392,0.0,880700
2023-05-30,0.0,123.65512084960938,0.0,124.51289933336092,123.2503206429383,124.51289933336092,0.0,988800
2023-05-31,0.0,122.49856567382812,0.0,123.16358778553898,122.07450010323463,122.8937258715652,0.0,1441700
2023-06-01,0.0,123.587646484375,0.0,123.89606848683681,122.28652241252657,122.81661353777623,0.0,1195000
2023-06-02,0.0,125.37065124511719,0.0,125.6116003715785,124.32011658327406,124.58997842840134,0.0,1513400
2023-06-05,0.0,124.76347351074219,0.0,125.58270654650921,124.65745529089433,125.23573916394986,0.0,1587800
2023-06-06,0.0,125.05262756347656,0.0,125.17792584626488,124.51290373972873,124.77313297845402,0.0,1090000
2023-06-07,0.0,124.31311798095703,0.385,125.54077184252861,124.21644558628275,125.10577556676738,0.0,1025000
2023-06-08,0.0,124.84480285644531,0.0,124.98981148441152,124.02314629853075,124.02314629853075,0.0,941500
2023-06-09,0.0,125.01878356933594,0.0,125.73412096421862,124.80611609383399,125.1541160764611,0.0,1338500
2023-06-12,0.0,126.45912170410156,0.0,126.48812047393557,125.13478063108721,125.4731192793336,0.0,1011700
2023-06-13,0.0,127.25178527832031,0.0,127.43545399594632,126.63312024271258,127.03911778950473,0.0,834100
2023-06-14,0.0,127.85112762451172,0.0,128.09279391238138,126.64279618516345,127.15512753543594,0.0,870200
2023-06-15,0.0,129.35911560058594,0.0,129.7264382654396,127.43544696699871,127.52244327576902,0.0,1326900
2023-06-16,0.0,129.0498046875,0.0,130.17113986376967,128.97246970119102,129.9391349048427,0.0,676300
2023-06-20,0.0,128.4794464111328,0.0,128.8177703050494,127.8897801815865,128.4311102119627,0.0,1248700
2023-06-21,0.0,128.1121063232422,0.0,128.58577746500194,127.7254462382271,128.34411122433332,0.0,863900
2023-06-22,0.0,128.4601287841797,0.0,128.4697901254482,127.59979740682108,127.66747104611886,0.0,1003100
2023-06-23,0.0,127.64811706542969,0.0,128.06377593818178,127.2904409829114,127.55144466471936,0.0,884400
2023-06-26,0.0,126.9617691040039,0.0,128.025106433238,126.94244642538972,127.49343776862095,0.0,735400
2023-06-27,0.0,128.68246459960938,0.0,128.91446955386593,127.26146559883576,127.42581166027173,0.0,1070100
2023-06-28,0.0,128.38279724121094,0.0,128.86612982008765,127.95746221177707,128.27646348385247,0.0,1109000
2023-06-29,0.0,128.95310974121094,0.0,129.08844225607632,128.26678582658573,128.46011588351658,0.0,803400
2023-06-30,0.0,130.37411499023438,0.0,130.6061199201439,129.7941247906685,129.8617836763888,0.0,1022000
2023-07-03,0.0,130.2001190185547,0.0,130.2774539932092,129.91011655113482,129.9874515257893,0.0,480500
2023-07-05,0.0,130.0841064453125,0.0,130.4611051772395,129.68777028478675,129.77476658827692,0.0,851500
2023-07-06,0.0,129.05946350097656,0.0,129.1851346950341,128.31514192884848,128.85647207226532,0.0,921500
2023-07-07,0.0,128.4601287841797,0.0,129.73613383831477,128.44079135150326,128.7307938410921,0.0,993400
2023-07-10,0.0,129.29147338867188,0.0,129.29147338867188,128.46980205025767,128.52781435367172,0.0,1057400
2023-07-11,0.0,130.1614532470703,0.0,130.2871244334285,129.16578934782754,129.47512926805095,0.0,968400
2023-07-12,0.0,131.36013793945312,0.0,131.67913923640154,130.93480287685526,131.09913419646972,0.0,1094300
2023-07-13,0.0,132.60708618164062,0.0,132.839091071678,131.9884212250103,132.2107647759305,0.0,1862000
2023-07-14,0.0,132.67478942871094,0.0,133.3514520713978,132.45246057828655,132.89711827913533,0.0,786900
2023-07-17,0.0,133.4191436767578,0.0,133.68013267756325,132.4718010992891,132.67480729450136,0.0,727600
2023-07-18,0.0,134.1537628173828,0.0,134.34709286057839,133.22577270998934,133.2837702479343,0.0,829300
2023-07-19,0.0,134.18275451660156,0.0,134.5500919044148,133.9314269487028,134.35676187140533,0.0,1013400
2023-07-20,0.0,133.20645141601562,0.0,134.23111404419336,133.042120121887,133.583450208461,0.0,14984000
2023-07-21,0.0,133.32241821289062,0.0,134.04741687144036,133.32241821289062,134.0087567663773,0.0,2723900
2023-07-24,0.0,133.91209411621094,0.0,134.11510024542648,133.4384229814657,133.65109045011567,0.0,1466900
2023-07-25,0.0,134.7434539794922,0.0,135.0527939059774,133.89278393179734,133.89278393179734,0.0,1071100
2023-07-26,0.0,134.695068359375,0.0,135.16873941673714,134.0570660576548,134.43407948605375,0.0,1297400
2023-07-27,0.0,134.09579467773438,0.0,136.10646001807459,133.71879584830432,135.88413115716457,0.0,834600
2023-07-28,0.0,135.2654266357422,0.0,135.43943400615555,134.59844017454688,134.80143156486886,0.0,897000
2023-07-31,0.0,135.3041229248047,0.0,135.56512664669273,134.83045168880633,135.43945545649854,0.0,951900
2023-08-01,0.0,135.3041229248047,0.0,135.43945545649854,134.76279279802927,134.87878789658407,0.0,1067400
2023-08-02,0.0,133.19674682617188,0.0,134.28908285652324,132.98409412349315,134.20208655768164,0.0,1103500
2023-08-03,0.0,132.94544982910156,0.0,133.409444946386,132.39445839297733,132.6747847815074,0.0,1061900
2023-08-04,0.0,132.2010955810547,0.0,133.9024353631161,131.95942933929703,133.1484378688432,0.0,909000
2023-08-07,0.0,133.6800994873047,0.0,133.6800994873047,132.60710072219703,132.60710072219703,0.0,802700
2023-08-08,0.0,133.14842224121094,0.0,133.2160811108908,132.23975491883058,133.09040995988306,0.0,875700
2023-08-09,0.0,132.31712341308594,0.0,133.24511364764086,132.0174595925497,133.24511364764086,0.0,720100
2023-08-10,0.0,132.16246032714844,0.0,133.97011943540355,131.6501289782832,132.74246531649834,0.0,832600
2023-08-11,0.0,131.6404266357422,0.0,132.19143274076012,131.26342789288552,131.60176652756005,0.0,806500
2023-08-14,0.0,133.06146240234375,0.0,133.06146240234375,131.3118007040492,131.53414432603617,0.0,830600
2023-08-15,0.0,131.882080078125,0.0,132.8390836018115,131.67908871712604,132.5297585159585,0.0,945100
2023-08-16,0.0,131.08944702148438,0.0,132.49110838327482,131.08944702148438,131.70811205876404,0.0,982200
2023-08-17,0.0,130.2291259765625,0.0,131.7661199753245,130.08413210880727,131.62112610756927,0.0,1886900
2023-08-18,0.0,130.36447143554688,0.0,130.74147027924852,129.21413747010993,129.38814487881717,0.0,837300
2023-08-21,0.0,131.62110900878906,0.0,131.86277525707922,130.31610536796728,130.72210289507828,0.0,1475000
2023-08-22,0.0,131.04110717773438,0.0,132.09476850489045,130.87677589507,132.09476850489045,0.0,3756000
2023-08-23,0.0,132.43312072753906,0.0,132.56845325360544,131.15711569593688,131.4084580658738,0.0,1258600
2023-08-24,0.0,130.644775390625,0.0,133.4771116524962,130.63511405019074,133.29344293327895,0.0,1269000
2023-08-25,0.0,131.4277801513672,0.0,131.98843287236102,129.9294464483607,131.08944150063957,0.0,1036400
2023-08-28,0.0,132.2977752685547,0.0,132.47176789214302,131.6307740445242,132.03677158303458,0.0,806100
2023-08-29,0.0,134.28909301757812,0.0,134.31809178605286,132.1237582205997,132.1914318471318,0.0,1324400
2023-08-30,0.0,134.6854248046875,0.0,134.97542723013567,134.14409481059016,134.43409723603833,0.0,795600
2023-08-31,0.0,134.7144317626953,0.0,135.43943049532675,134.6757716536819,134.8111041604343,0.0,815200
2023-09-01,0.0,135.0237579345703,0.0,135.70043522372814,134.5887616416382,135.35243523935503,0.0,629800
2023-09-05,0.0,134.26010131835938,0.0,134.94643995871817,134.19244243840137,134.8207687886196,0.0,968000
2023-09-06,0.0,133.3707733154297,0.0,134.09577207676594,132.6361132139918,134.0474358759827,0.0,783700
2023-09-07,0.0,132.85848999023438,0.0,133.0808188939178,132.20114987262994,132.22048730995024,0.0,478100
2023-09-08,0.0,132.84878540039062,0.0,133.45778916913423,132.6071191112244,132.91645904142422,0.0,654100
2023-09-11,0.0,133.29347229003906,0.0,133.7284687075938,132.74248076117408,133.52547726280088,0.0,1155000
2023-09-12,0.0,132.47178649902344,0.0,133.1291264752299,132.29779385099624,132.9261203023918,0.0,1549600
2023-09-13,0.0,132.70379638671875,0.0,133.07113387974846,132.2688000003174,132.38479510332036,0.0,1293100
2023-09-14,0.0,133.56407165527344,0.0,133.70908022319273,132.7424154376004,133.32240545887535,0.0,1288500
2023-09-15,0.0,131.53411865234375,0.0,133.16777017460498,131.40844747750137,132.95510268647388,0.0,1002900
2023-09-18,0.0,131.90147399902344,0.0,132.27847286676882,131.25381003392965,131.31180759048408,0.0,829400
2023-09-19,0.0,131.7371063232422,0.0,131.87243883457552,130.8864363947827,131.75644375347193,0.0,779500
2023-09-20,0.0,130.47076416015625,0.0,132.26876148382894,130.42242796460036,132.0174339171287,0.0,792500
2023-09-21,0.0,127.99612426757812,0.0,129.53311817454136,127.96712549575906,129.53311817454136,0.0,919000
2023-09-22,0.0,128.1701202392578,0.0,129.1947828706079,128.06378648977022,128.52779635124617,0.0,1016900
2023-09-25,0.0,128.595458984375,0.0,128.62445775779491,127.69646750807944,127.7737877371065,0.0,1410300
2023-09-26,0.0,126.89725494384766,0.51,127.93555922983535,126.69346757182922,127.88703701679282,0.0,5988000
2023-09-27,0.0,127.1981201171875,0.0,127.7609454264957,126.18891100846032,127.54745945376133,0.0,1259600
2023-09-28,0.0,128.11024475097656,0.0,128.63424618872526,126.99429300442237,127.31452186350828,0.0,1281500
2023-09-29,0.0,127.88707733154297,0.0,129.35236867007882,127.50862764155066,129.26503754321257,0.0,1756300
2023-10-02,0.0,128.19760131835938,0.0,128.49841838930527,127.25632640203575,127.88707091808976,0.0,1149400
2023-10-03,0.0,126.58677673339844,0.0,128.1005756392942,126.16951810465571,127.46013250696596,0.0,1114100
2023-10-04,0.0,127.57654571533203,0.0,127.74150942546059,126.40237308724791,126.62557234821891,0.0,1082200
2023-10-05,0.0,127.63478088378906,0.0,127.90648759081375,126.77113853498092,127.44070677975786,0.0,1421000
2023-10-06,0.0,129.439697265625,0.0,129.82784547093232,126.79054948748558,127.18841102241376,0.0,1498600
2023-10-09,0.0,130.43917846679688,0.0,130.5944436544291,128.79922508882666,128.86715916100448,0.0,1109800
2023-10-10,0.0,130.95352172851562,0.0,131.9336205709003,130.4974393538611,130.80796982465048,0.0,1928700
2023-10-11,0.0,131.8850555419922,0.0,131.96268813450052,130.9340673889422,131.38045109413943,0.0,1500200
2023-10-12,0.0,131.48721313476562,0.0,132.4187895731203,130.65268115285178,132.15678138625412,0.0,1369400
2023-10-13,0.0,130.76913452148438,0.0,132.2053156112261,130.31305218725518,131.79775550962043,0.0,1353000
2023-10-16,0.0,132.21499633789062,0.0,132.52552673935617,131.24461104366756,131.24461104366756,0.0,1410400
2023-10-17,0.0,132.00149536132812,0.0,132.51579832416485,130.9243672150865,131.14755166141686,0.0,1049800
2023-10-18,0.0,130.31301879882812,0.0,131.7006773004045,130.00250324202887,131.34163952341393,0.0,980400
2023-10-19,0.0,128.99331665039062,0.0,130.80794731208184,128.7895440200495,130.71090285493494,0.0,4343800
2023-10-20,0.0,127.57654571533203,0.0,129.26502132408265,127.5377220147704,128.9156820535447,0.0,1722600
2023-10-23,0.0,127.50859832763672,0.0,128.74099157096651,126.6255591252667,127.07192798678969,0.0,1528400
2023-10-24,0.0,128.44020080566406,0.0,128.8186504860021,127.54744809324879,128.3043474539249,0.0,1643100
2023-10-25,0.0,126.4120864868164,0.0,127.84825246343284,126.21801240460931,127.84825246343284,0.0,1478800
2023-10-26,0.0,124.32573699951172,0.0,125.88805763704013,124.07344219846496,125.60665246690729,0.0,1592200
2023-10-27,0.0,123.87938690185547,0.0,124.9759121863133,123.3844883420678,124.83036031883344,0.0,1972400
2023-10-30,0.0,125.43199920654297,0.0,125.74252961148872,124.4325035268439,124.51984945755032,0.0,1459100
2023-10-31,0.0,125.99481201171875,0.0,126.15007719885104,124.83035272203308,125.39317792021019,0.0,9310800
2023-11-01,0.0,127.29512786865234,0.0,127.50861380465084,126.05303595388129,126.05303595388129,0.0,1705000
2023-11-02,0.0,129.87635803222656,0.0,129.9734024797833,128.3625594145262,128.3625594145262,0.0,2483800
2023-11-03,0.0,130.99234008789062,0.0,131.52604025152533,130.6332873948494,130.88559709378222,0.0,1488200
2023-11-06,0.0,131.44834899902344,0.0,131.49685639995488,130.895222482175,131.13781871442805,0.0,1157400
2023-11-07,0.0,132.03060913085938,0.0,132.27320543304216,131.1572683657626,131.40956318954755,0.0,1478100
2023-11-08,0.0,132.4381866455078,0.0,132.66138593398563,131.71039764277057,132.17619326549413,0.0,1562100
2023-11-09,0.0,131.584228515625,0.0,132.942761764177,131.43866186312894,132.93306324343803,0.0,1165900
2023-11-10,0.0,133.71910095214844,0.0,133.7676231798541,131.85596290211004,132.29263333765098,0.0,1166600
2023-11-13,0.0,133.4958953857422,0.0,133.8355213122239,132.95246725094663,133.30180650557816,0.0,1405000
2023-11-14,0.0,135.8636474609375,0.0,136.2227001089691,135.13585844877002,135.20379253055356,0.0,1721600
2023-11-15,0.0,135.7374725341797,0.0,136.3876287743897,135.49487625916544,136.11592213092587,0.0,1882300
2023-11-16,0.0,135.6598663330078,0.0,135.72778560363219,134.9514892181307,135.44638038492357,0.0,1522300
2023-11-17,0.0,135.7374725341797,0.0,135.96065696126036,135.27167702518324,135.68895031779653,0.0,906900
2023-11-20,0.0,136.84373474121094,0.0,137.07661772928574,135.26200201498358,135.26200201498358,0.0,2028900
2023-11-21,0.0,136.5914306640625,0.0,136.7175854923494,136.15476023671408,136.31972396229438,0.0,1172600
2023-11-22,0.0,136.98928833007812,0.0,137.49389282208762,136.5526179150468,136.91165573077632,0.0,1110400
2023-11-24,0.0,136.98928833007812,0.0,137.11544315480657,136.82432460915092,136.9795898077545,0.0,328700
2023-11-27,0.0,136.58172607421875,0.0,137.0572201846429,136.47498310277268,136.47498310277268,0.0,1004000
2023-11-28,0.0,136.4846954345703,0.0,136.9989984926015,136.11595906518727,136.24209909372897,0.0,843300
2023-11-29,0.0,136.41673278808594,0.0,137.35800747584557,136.30029131971185,137.05719047794523,0.0,1055000
2023-11-30,0.0,136.89227294921875,0.0,136.89227294921875,135.79573272932353,136.8049270115883,0.0,1462900
2023-12-01,0.0,137.70738220214844,0.0,137.86264740462354,136.47498871872247,136.698173192965,0.0,1171000
2023-12-04,0.0,137.00868225097656,0.0,137.1154252101838,136.2905919065914,136.77578448355106,0.0,986000
2023-12-05,0.0,136.94076538085938,0.0,137.18336169980614,136.36824162180204,136.5623157155786,0.0,1313500
2023-12-06,0.0,136.54295349121094,0.0,137.6880013013273,136.4264971597238,137.6880013013273,0.0,1626600
2023-12-07,0.0,137.58123779296875,0.0,137.68798077689067,136.82433838221533,136.98930211974817,0.0,727600
2023-12-08,0.0,138.2896270751953,0.0,138.49341453757282,137.163991190766,137.163991190766,0.0,949500
2023-12-11,0.0,139.48316955566406,0.0,139.5316769686035,138.46426216659162,138.54189475695836,0.0,1890100
2023-12-12,0.0,140.5700225830078,0.0,140.57972110603498,139.39584979288463,139.5705268557112,0.0,3530900
2023-12-13,0.0,142.19053649902344,0.0,142.35550019961414,140.5311861650858,140.55058320734182,0.0,1079600
2023-12-14,0.0,142.093505859375,0.0,142.5689999650682,141.36571691773042,142.5301910698849,0.0,1660200
2023-12-15,0.0,141.9673614501953,0.0,142.365222946302,141.6180221767437,141.76357403780543,0.0,1461600
2023-12-18,0.0,142.9571533203125,0.0,143.18033776811433,142.4331370257655,142.52046813922234,0.0,1034600
2023-12-19,0.0,143.60728454589844,0.0,143.63639491196784,143.00563576436375,143.0444594570565,0.0,3666000
2023-12-20,0.0,141.73751831054688,0.449,144.0540682141872,141.68886327718067,143.4214042607888,0.0,1358200
2023-12-21,0.0,142.99314880371094,0.0,143.08074569578767,141.9224706162216,142.65247442079195,0.0,1062100
2023-12-22,0.0,142.7887420654297,0.0,143.29488219820382,142.25340296845374,142.83741195642125,0.0,993000
2023-12-26,0.0,143.43113708496094,0.0,143.7425976279349,142.90554092095798,142.9152689575632,0.0,778700
2023-12-27,0.0,143.7036895751953,0.0,143.76208750645424,143.21702034541588,143.5674227849357,0.0,1057400
2023-12-28,0.0,143.6618194580078,0.097,143.98323412562672,143.60338312966465,143.77869211469414,0.0,1089400
2023-12-29,0.0,143.31114196777344,0.0,143.91500365478683,142.8144184699134,143.76891287945355,0.0,997600
2024-01-02,0.0,142.26902770996094,0.0,142.55147489823935,141.63593285210922,142.31771473910064,0.0,1070000
2024-01-03,0.0,141.35348510742188,0.0,141.92812877692907,141.15867754470784,141.6943686187105,0.0,944400
2024-01-04,0.0,140.85671997070312,0.0,142.02550567886374,140.78854922603944,141.27553831719715,0.0,1251500
2024-01-05,0.0,140.9833526611328,0.0,141.65540003615055,140.50609796511455,140.94440007002441,0.0,1067600
2024-01-08,0.0,143.06765747070312,0.0,143.0871411960233,141.02229730219236,141.02229730219236,0.0,1165900
2024-01-09,0.0,142.96051025390625,0.0,143.30140854772498,142.17159033808653,142.4150848731779,0.0,877500
2024-01-10,0.0,143.81761169433594,0.0,144.09032437696564,143.0579099553351,143.19426629664994,0.0,1512100
2024-01-11,0.0,144.16824340820312,0.0,144.45069051977723,142.69752695667083,144.14875968480015,0.0,1142800
2024-01-12,0.0,144.51890563964844,0.0,144.87927285671506,144.01243275980625,144.4994219122658,0.0,720000
2024-01-16,0.0,143.8955535888672,0.0,144.54811724014155,143.39881516439397,144.13904815404698,0.0,1311800
2024-01-17,0.0,143.32090759277344,0.0,143.40857693878158,142.6001731286251,143.1455986242174,0.0,1230300
2024-01-18,0.0,144.78189086914062,0.0,144.94748028421768,143.52546520588186,143.95401810241407,0.0,1928800
2024-01-19,0.0,146.8856658935547,0.0,146.96358594141228,145.12276753824864,145.55132037060073,0.0,1213400
2024-01-22,0.0,147.40187072753906,0.0,147.68433275398854,147.10967426841967,147.45057261434718,0.0,1338700
2024-01-23,0.0,147.07070922851562,0.0,147.24601817211223,146.53501824242377,147.24601817211223,0.0,1184600
2024-01-24,0.0,147.3336944580078,0.0,148.49273095668232,147.19733809708896,148.06417814758635,0.0,1262700
2024-01-25,0.0,147.7622528076172,0.0,148.20054006545263,146.98306720383792,147.78172167295796,0.0,18640200
2024-01-26,0.0,147.41162109375,0.0,147.9083446746541,147.13890835971685,147.4213555264907,0.0,3662400
2024-01-29,0.0,148.75567626953125,0.0,148.83359630367158,147.47003286053322,147.47003286053322,0.0,2663000
2024-01-30,0.0,148.75567626953125,0.0,148.9504689240186,148.46347985693677,148.66802180427098,0.0,1571500
2024-01-31,0.0,146.58375549316406,0.0,148.42457415372522,146.55453732884814,147.95706866293884,0.0,1592000
2024-02-01,0.0,148.33688354492188,0.0,148.33688354492188,146.88565066972842,146.9635707095101,0.0,1645100
2024-02-02,0.0,150.28485107421875,0.0,150.83027653131973,148.70699615991484,148.96024002337535,0.0,1876800
2024-02-05,0.0,150.1971893310547,0.0,150.62572726824192,149.38878561705087,150.41145086878413,0.0,1646200
2024-02-06,0.0,150.4601593017578,0.0,150.966632164497,149.7199411652382,150.7134031639919,0.0,1181000
2024-02-07,0.0,152.22305297851562,0.0,152.41786051639508,151.1419365348903,151.1419365348903,0.0,1295100
2024-02-08,0.0,152.5834503173828,0.0,152.7782430130447,152.3107375711102,152.46656281060166,0.0,1232700
2024-02-09,0.0,153.53793334960938,0.0,153.74247532475243,152.68082771926345,152.91458785346566,0.0,1018700
2024-02-12,0.0,153.52818298339844,0.0,154.3463210756032,153.19701911221588,153.73271007558594,0.0,916800
2024-02-13,0.0,151.61920166015625,0.0,152.34968539229908,150.684190805582,151.21986698643641,0.0,1166800
2024-02-14,0.0,153.15809631347656,0.0,153.29445268869821,151.84321958962266,152.52501632746115,0.0,1076800
2024-02-15,0.0,154.04441833496094,0.0,154.2684291926236,153.304185282585,153.60613105284526,0.0,1883200
2024-02-16,0.0,152.87564086914062,0.0,154.48269912325406,152.8658915746107,154.48269912325406,0.0,912300
2024-02-20,0.0,151.736083984375,0.0,152.37891327649703,150.9861313386298,152.174386141014,0.0,948800
2024-02-21,0.0,151.97958374023438,0.0,151.99906746961435,150.75237630045473,151.0932746868146,0.0,1505100
2024-02-22,0.0,155.89495849609375,0.0,156.14820235613973,154.27815101168048,154.39503850928972,0.0,1276000
2024-02-23,0.0,156.0897674560547,0.0,156.98582576862717,155.72940021668597,156.63520782441788,0.0,814100
2024-02-26,0.0,155.94371032714844,0.0,156.51835411991192,155.86579025769572,156.38199771380306,0.0,992600
2024-02-27,0.0,155.93392944335938,0.0,156.16767472035787,155.39823841402247,155.96314760298418,0.0,1142200
2024-02-28,0.0,155.593017578125,0.0,155.78781024593982,155.07681032063815,155.3105704390527,0.0,812200
2024-02-29,0.0,156.10922241210938,0.0,156.450120721789,155.2521168529567,156.41115327179423,0.0,1299200
2024-03-01,0.0,158.15460205078125,0.0,158.15460205078125,156.38195440060377,156.6351982716174,0.0,878100
2024-03-04,0.0,158.0377197265625,0.0,158.75846904669052,157.98903269906103,158.23252728348845,0.0,1473200
2024-03-05,0.0,156.32351684570312,0.0,157.66761165284015,155.53459680211554,157.57020787833798,0.0,1681100
2024-03-06,0.0,157.4630584716797,0.0,158.15458955331007,156.94685119933757,157.7065530288874,0.0,894500
2024-03-07,0.0,159.30389404296875,0.0,159.58635608259576,158.27147938608096,158.40783575846746,0.0,934400
2024-03-08,0.0,157.4046173095703,0.0,160.01487174884156,157.22929350567998,159.77137719913068,0.0,1007400
2024-03-11,0.0,156.9663543701172,0.0,157.2293178240329,155.95340856408197,157.09296144957395,0.0,840400
2024-03-12,0.0,159.2552032470703,0.0,159.38182519515283,157.14167189699307,157.86242126508668,0.0,834800
2024-03-13,0.0,159.0214385986328,0.0,159.4694602867289,158.57340204880757,159.20649685047957,0.0,857300
2024-03-14,0.0,158.76821899414062,0.0,159.86881937905324,157.86242618518995,159.6642773689858,0.0,17780600
2024-03-15,0.0,157.2780303955078,0.0,158.08643426389287,156.9468813010073,158.0572161003623,0.0,3647200
2024-03-18,0.0,158.16432189941406,0.0,159.12856568346183,158.0474492692488,158.553907241117,0.0,1331100
2024-03-19,0.0,159.089599609375,0.0,159.19673780852995,157.28774881124144,157.71628674613294,0.0,1508900
2024-03-20,0.0,160.6479949951172,0.0,160.65772942861054,158.99223473568622,159.36233641093023,0.0,1451100
2024-03-21,0.0,161.50216674804688,0.375,162.2831279687752,161.27764542435125,161.70715994493528,0.0,1790900
2024-03-22,0.0,160.66261291503906,0.0,161.18975309818072,160.44784823786435,161.0726141453924,0.0,920200
2024-03-25,0.0,160.037841796875,0.0,160.4673711372395,159.89140321506326,160.12569600860581,0.0,1108100
2024-03-26,0.0,159.4228515625,0.0,160.66262687104862,159.35452546596972,160.66262687104862,0.0,1365400
2024-03-27,0.0,160.2526397705078,0.0,160.32096587307774,159.1007185823586,160.26239638641871,0.0,1132800
2024-03-28,0.0,160.43807983398438,0.0,160.66260110886128,159.99877900212147,160.16474570050124,0.0,1573300
2024-04-01,0.0,159.96949768066406,0.0,160.76998687123205,159.53021173501762,160.58450694192516,0.0,1193600
2024-04-02,0.0,158.97378540039062,0.0,158.97378540039062,157.9683030622535,158.44663035392279,0.0,1215000
2024-04-03,0.0,159.0225830078125,0.0,159.61806413935932,158.55401233079652,158.71996413524815,0.0,1172300
2024-04-04,0.0,156.77735900878906,0.0,160.48689840982297,156.72854614391335,160.27213372084586,0.0,1262600
2024-04-05,0.0,158.67115783691406,0.0,159.18855629001274,157.07996581286454,157.37282808395634,0.0,880900
2024-04-08,0.0,158.5735626220703,0.0,159.06166149007936,158.2514155817129,158.8371401815619,0.0,834200
2024-04-09,0.0,158.59307861328125,0.0,159.15926014872812,156.7871069815882,158.95426698138218,0.0,1379300
2024-04-10,0.0,157.05068969726562,0.0,157.69496885432528,156.5625908505144,157.0116334479925,0.0,1455100
2024-04-11,0.0,158.44662475585938,0.0,158.79805647589043,156.6601814203342,157.7144765804274,0.0,1156100
2024-04-12,0.0,156.33807373046875,0.0,157.70475960547378,155.87925956689662,157.48999489505294,0.0,1303600
2024-04-15,0.0,154.40518188476562,0.0,157.8511584282322,154.122091117812,157.74377608995445,0.0,1304100
2024-04-16,0.0,154.55162048339844,0.0,155.38137955598057,154.12209113025278,154.47352288322702,0.0,1218700
2024-04-17,0.0,153.46804809570312,0.0,155.50829772871168,153.11661632530397,155.3911438748487,0.0,1170600
2024-04-18,0.0,153.1361541748047,0.0,154.64926384327944,152.9018762206029,153.99521306180398,0.0,1849400
2024-04-19,0.0,150.881103515625,0.0,153.17517390749646,150.50038703522864,152.84327028778551,0.0,2146600
2024-04-22,0.0,152.1697235107422,0.0,153.116636603736,150.90066334425177,151.7401940794134,0.0,1467900
2024-04-23,0.0,153.91708374023438,0.0,154.20018940404174,152.66755192322165,152.96041420124524,0.0,1015100
2024-04-24,0.0,153.80972290039062,0.0,154.80544882661175,153.23376977364947,154.57115599232552,0.0,1212000
2024-04-25,0.0,153.34115600585938,0.0,153.731629177283,151.43757322787496,151.83780301512536,0.0,1011900
2024-04-26,0.0,155.26426696777344,0.0,155.69379639385426,154.1416305322265,154.43449285869946,0.0,716600
2024-04-29,0.0,155.18614196777344,0.0,155.55710184221363,154.31732665310622,155.4009066429131,0.0,895000
2024-04-30,0.0,153.22398376464844,0.0,155.43994161951045,153.1849275186282,154.9518428134115,0.0,1171400
2024-05-01,0.0,152.47230529785156,0.0,154.91279929417905,152.37467957976116,152.92134785164362,0.0,1627000
2024-05-02,0.0,153.6242218017578,0.0,153.88779934212104,152.0915992131445,153.6242218017578,0.0,1854500
2024-05-03,0.0,155.40090942382812,0.0,155.6449588412547,154.42471175412192,155.32281182278032,0.0,1411100
2024-05-06,0.0,157.499755859375,0.0,157.499755859375,155.94760486942073,156.1916543293103,0.0,1093300
2024-05-07,0.0,158.00738525390625,0.0,158.47595605308766,157.66571004674654,157.8707181501618,0.0,1449600
2024-05-08,0.0,158.00738525390625,0.0,158.32953233321757,157.52904294300208,157.6071405587985,0.0,852600
2024-05-09,0.0,158.5247344970703,0.0,158.5735473582917,157.76330152791692,158.0952051512722,0.0,738300
2024-05-10,0.0,159.0616455078125,0.0,159.5204595892877,158.66140090131816,159.0616455078125,0.0,946600
2024-05-13,0.0,158.9640350341797,0.0,159.53998812086408,158.6516595057863,159.53998812086408,0.0,869400
2024-05-14,0.0,159.66690063476562,0.0,159.82309584875776,158.79808523837818,158.99332180807062,0.0,940500
2024-05-15,0.0,162.25379943847656,0.0,162.3514102549774,160.3892585648807,160.44782803389964,0.0,1216600
2024-05-16,0.0,161.62904357910156,0.0,162.65403914134097,161.58998733361832,162.29285079638396,0.0,1034900
2024-05-17,0.0,161.59976196289062,0.0,161.7754852959689,160.96523941118525,161.71691581680778,0.0,914200
2024-05-20,0.0,162.1464385986328,0.0,162.48809884504587,161.5802421637718,161.5802421637718,0.0,490600
2024-05-21,0.0,162.29286193847656,0.0,162.35143141512918,161.8145197198229,161.93167356872246,0.0,777100
2024-05-22,0.0,161.79501342773438,0.0,162.2635841566381,161.15071936574495,162.2245279067991,0.0,754300
2024-05-23,0.0,161.40452575683594,0.0,163.27882357210444,160.95548315187932,163.16168461352356,0.0,762500
2024-05-24,0.0,162.5564422607422,0.0,162.82977642019475,161.73642488678996,162.0390586806645,0.0,630500
2024-05-28,0.0,162.95668029785156,0.0,163.37645306843697,162.0585801716351,163.37645306843697,0.0,753700
2024-05-29,0.0,161.65835571289062,0.0,162.10739834289768,161.2678676698456,161.2678676698456,0.0,976400
2024-05-30,0.0,160.77001953125,0.0,161.59977873145823,160.36001823898303,161.4338268914166,0.0,618600
2024-05-31,0.0,161.79501342773438,0.0,161.88286764647978,159.2080805651144,161.22881696982805,0.0,896000
2024-06-03,0.0,161.94143676757812,0.0,162.64430030717708,160.48689682398688,162.64430030717708,0.0,1064900
2024-06-04,0.0,162.3319091796875,0.0,162.55644537579343,161.23857252092574,161.72667137152936,0.0,973100
2024-06-05,0.0,164.39169311523438,0.0,164.39169311523438,162.60526436288055,163.26907167481164,0.0,776600
2024-06-06,0.0,164.3233642578125,0.0,164.61622655339977,163.83526539703206,164.56741368820272,0.0,1597900
2024-06-07,0.0,164.1476593017578,0.0,165.1238571326231,163.72790138437222,164.17694404503604,0.0,828600
2024-06-10,0.0,164.8114776611328,0.0,164.8993318888825,163.66932801359766,163.95241882376766,0.0,1002400
2024-06-11,0.0,165.56954956054688,0.345,165.62825389390622,163.81858423075985,164.6011444885014,0.0,982500
2024-06-12,0.0,166.6846923828125,0.0,167.58464637743012,166.30319631109006,167.23249500921747,0.0,1129900
2024-06-13,0.0,167.13470458984375,0.0,167.37925378800716,166.03912895842322,166.89015539168034,0.0,986900
2024-06-14,0.0,167.39878845214844,0.0,167.39878845214844,166.52819407770005,166.89989863488435,0.0,976500
2024-06-17,0.0,168.72915649414062,0.0,169.17911862376047,166.95860790468808,167.37924025308644,0.0,813700
2024-06-18,0.0,169.41387939453125,0.0,169.5312582156212,168.83674695604404,168.98347048240646,0.0,1471700
2024-06-20,0.0,168.66065979003906,0.0,170.03014401662597,168.15199336724416,169.94209497680475,0.0,1036100
2024-06-21,0.0,168.29873657226562,0.0,168.76826678483184,167.93679366211788,168.35742598307436,0.0,924300
2024-06-24,0.0,167.69223022460938,0.0,168.94433556169233,167.66288552170303,168.24003283974977,0.0,800100
2024-06-25,0.0,168.4552764892578,0.0,168.55308721301438,167.70206077844932,168.2400720004554,0.0,692800
2024-06-26,0.0,168.0933074951172,0.0,168.27916724540094,167.45748564781653,168.0933074951172,0.0,760200
2024-06-27,0.0,167.99549865722656,0.0,168.51394168953007,167.56508974148105,168.14222218482325,0.0,1606900
2024-06-28,0.0,167.03688049316406,0.0,168.8661186621807,166.56735020763244,167.966179395704,0.0,1007500
2024-07-01,0.0,166.71405029296875,0.0,167.3401104870264,165.8630239715785,167.30097426184955,0.0,1055800
2024-07-02,0.0,167.72161865234375,0.0,167.7607399542379,166.1467213128723,166.2543235507032,0.0,1169800
2024-07-03,0.0,168.4552764892578,0.0,168.562878733659,167.6042351285942,167.74118208273225,0.0,674100
2024-07-05,0.0,169.62908935546875,0.0,169.75624477374393,168.31830939043888,168.60197985931077,0.0,976700
2024-07-08,0.0,169.45298767089844,0.0,170.0594796941473,169.0421469025593,170.0594796941473,0.0,779700
2024-07-09,0.0,169.51168823242188,0.0,169.98123336379157,169.3649647076789,169.94209713979603,0.0,958700
2024-07-10,0.0,170.85183715820312,0.0,170.9300946843976,169.39431871926288,169.824727650284,0.0,896800
2024-07-11,0.0,169.27694702148438,0.0,171.0768254214615,169.26715550148714,170.9594465902753,0.0,861400
2024-07-12,0.0,170.51925659179688,0.0,171.79090036601465,169.6388706026109,169.66821530964071,0.0,784800
2024-07-15,0.0,171.1648406982422,0.0,172.04522661349395,170.519242271706,171.27244292368087,0.0,977800
2024-07-16,0.0,172.24085998535156,0.0,172.3093259861262,171.38983371542224,171.63438286665212,0.0,957400
2024-07-17,0.0,169.44322204589844,0.0,170.65619124481114,169.44322204589844,170.21599081886723,0.0,1965400
2024-07-18,0.0,168.3182830810547,0.0,170.41162304576702,167.68244638467772,170.1377142869883,0.0,1188100
2024-07-19,0.0,167.05642700195312,0.0,169.0519565780396,166.88035876493788,168.48460071527373,0.0,547200
2024-07-22,0.0,169.3160400390625,0.0,169.4529869612687,167.9856921121614,168.56283942997584,0.0,803000
2024-07-23,0.0,168.72915649414062,0.0,169.5312700376834,168.6117627387681,169.2475995582359,0.0,812400
2024-07-24,0.0,164.7967987060547,0.0,167.39880550183867,164.522904825035,167.26185856132884,0.0,1101700
2024-07-25,0.0,163.5544891357422,0.0,166.3032195397909,163.22190583211366,164.74789033214802,0.0,1081100
2024-07-26,0.0,165.66738891601562,0.0,166.58689617558832,164.79679447524722,164.93374141224123,0.0,914000
2024-07-29,0.0,165.6478271484375,0.0,166.50864502885744,165.13917560645956,166.29344055875248,0.0,697900
2024-07-30,0.0,164.9728546142578,0.0,166.61623270362068,163.88705576492217,166.1956003938657,0.0,821200
2024-07-31,0.0,168.0346221923828,0.0,168.76826969232374,167.07599363843372,167.60421327090867,0.0,1807200
2024-08-01,0.0,166.15647888183594,0.0,169.80514810416733,164.99242251297707,168.88564089091426,0.0,1332000
2024-08-02,0.0,163.86749267578125,0.0,164.99241275459673,162.45888723462775,164.12181840917478,0.0,1076000
2024-08-05,0.0,159.09390258789062,0.0,161.23615563995565,157.23533492299114,157.23533492299114,0.0,1538200
2024-08-06,0.0,160.80577087402344,0.0,163.11431591216308,159.53411205260696,160.0721232762176,0.0,1777800
2024-08-07,0.0,159.4851531982422,0.0,163.4761967695756,159.35799780106808,162.44910236995784,0.0,819800
2024-08-08,0.0,163.59361267089844,0.0,163.77945749596802,160.91334848385176,161.0698635296858,0.0,641600
2024-08-09,0.0,164.59136962890625,0.0,165.07069138023488,163.30993435362632,163.57405163914183,0.0,700300
2024-08-12,0.0,164.865234375,0.0,165.61844987224703,164.06312099278813,165.00218129030907,0.0,744400
2024-08-13,0.0,167.32054138183594,0.0,167.35966268068418,165.5402162992632,165.71629945932148,0.0,587400
2024-08-14,0.0,167.7313690185547,0.0,168.1324331992198,166.7042596227933,167.6726796118418,0.0,925400
2024-08-15,0.0,170.72463989257812,0.0,170.8518102183541,169.40406860118117,169.4432048211559,0.0,619400
2024-08-16,0.0,170.82247924804688,0.0,171.16483910682618,170.03014237995424,170.304036237416,0.0,904500
2024-08-19,0.0,172.07456970214844,0.0,172.09412288761118,170.44098315026244,170.96920275357638,0.0,557700
2024-08-20,0.0,172.03543090820312,0.0,172.72018046765686,171.58546883175157,172.1234799458528,0.0,829600
2024-08-21,0.0,173.2777557373047,0.0,173.58099431369766,172.397384713835,172.54410824238113,0.0,1155700
2024-08-22,0.0,171.9376220703125,0.0,173.88422376869562,171.56590258269955,173.49295109569988,0.0,695000
2024-08-23,0.0,173.51255798339844,0.0,173.8353647275032,172.094160643093,172.9647701483476,0.0,674700
2024-08-26,0.0,173.25819396972656,0.0,174.05053090508494,172.8180084418716,173.6983944236786,0.0,829300
2024-08-27,0.0,173.8842315673828,0.0,173.99183379619694,172.56367504222354,172.62236445319553,0.0,561900
2024-08-28,0.0,172.55389404296875,0.0,173.90381028200983,171.55614414342278,173.85489746118566,0.0,668300
2024-08-29,0.0,172.573486328125,0.0,174.25598610267502,172.2702476930781,173.1506188868336,0.0,1046400
2024-08-30,0.0,173.9037628173828,0.0,174.01136502338852,171.869112420425,173.22880488208273,0.0,655300
2024-09-03,0.0,170.1573028564453,0.0,173.16037371130727,169.4040872629499,173.16037371130727,0.0,1037900
2024-09-04,0.0,169.93231201171875,0.0,170.74421696874148,169.40407749698332,169.44321371901316,0.0,722800
2024-09-05,0.0,168.94436645507812,0.0,170.0595101477213,168.16180607358692,169.76604813889986,0.0,2281300
2024-09-06,0.0,166.9390411376953,0.0,169.7953735177923,166.5770982333765,169.27693049586935,0.0,1176700
2024-09-09,0.0,168.79762268066406,0.0,169.21825502950637,167.77051314513002,168.13245607927277,0.0,865200
2024-09-10,0.0,169.21824645996094,0.0,169.40409128839883,167.7900727615091,169.13998893562555,0.0,1145800
2024-09-11,0.0,170.97897338867188,0.0,171.23331405178305,166.52819089736946,169.27692089478145,0.0,1938900
2024-09-12,0.0,172.22129821777344,0.0,172.28977914716623,170.35293905129268,171.38984002862225,0.0,793400
2024-09-13,0.0,172.96475219726562,0.0,173.39514621863796,172.09414278236687,172.44629420065152,0.0,589800
2024-09-16,0.0,173.2973175048828,0.0,173.375575025941,172.27020806437602,172.90602989959189,0.0,620800
2024-09-17,0.0,173.2777557373047,0.0,174.17769487327936,172.64193387880954,173.94293722760557,0.0,731000
2024-09-18,0.0,172.52455139160156,0.0,174.71571742619875,172.34848314585318,173.4342821062606,0.0,1093500
2024-09-19,0.0,175.07762145996094,0.0,175.74280290258264,174.6570040908803,175.1656704968739,0.0,777300
2024-09-20,0.0,174.51026916503906,0.0,174.95046958019236,173.9918261560897,174.9211248759949,0.0,670700
2024-09-23,0.0,175.12652587890625,0.0,175.32216220226465,174.5396019827364,174.85263204098558,0.0,634300
2024-09-24,0.0,175.18524169921875,0.0,175.50804839817823,174.30487064830888,175.50804839817823,0.0,673000
2024-09-25,0.0,174.92324829101562,0.543,175.47270191820306,174.54059201697518,175.13910721190905,0.0,1260700
2024-09-26,0.0,175.71800231933594,0.0,176.61087198754146,174.97231736068017,176.28708359231894,0.0,789900
2024-09-27,0.0,175.32553100585938,0.0,176.25764090081069,175.05080419411559,176.01234803521885,0.0,916800
2024-09-30,0.0,175.92405700683594,0.0,176.0123588507177,174.19718554520512,174.94288548417816,0.0,1017200
2024-10-01,0.0,174.78587341308594,0.0,176.0908331777563,173.89300384176082,175.8161063821928,0.0,1619600
2024-10-02,0.0,175.0802459716797,0.0,175.30591122610153,173.6477289850914,174.38360761478307,0.0,725200
2024-10-03,0.0,175.0017547607422,0.0,175.48253420037366,174.28550373556828,174.5994708401213,0.0,802700
2024-10-04,0.0,175.83578491210938,0.0,176.18900731888644,174.5406310967629,176.0320162555429,0.0,744900
2024-10-07,0.0,174.24624633789062,0.0,175.54139992833285,173.98134080742773,175.32554099659248,0.0,1077200
2024-10-08,0.0,176.0025634765625,0.0,176.1889884729056,174.8938347960947,174.8938347960947,0.0,891900
2024-10-09,0.0,177.1505126953125,0.0,177.34674399589267,176.01235019186348,176.09084570639328,0.0,1034600
2024-10-10,0.0,176.86598205566406,0.0,177.21920442019737,176.29690074772205,176.80711415682353,0.0,757200
2024-10-11,0.0,178.01394653320312,0.0,178.2199991454676,176.9542944376677,176.9542944376677,0.0,840600
2024-10-14,0.0,179.7407989501953,0.0,179.9762705146471,178.44564545975808,178.56339621347206,0.0,511300
2024-10-15,0.0,177.533203125,0.0,179.54460802874672,177.17998072740792,179.42685724855508,0.0,673300
2024-10-16,0.0,178.4849090576172,0.0,178.59283852020656,177.17014285624765,177.69996887255715,0.0,836100
2024-10-17,0.0,178.1905517578125,0.0,179.64268134540723,178.1905517578125,179.60344107395377,0.0,763500
2024-10-18,0.0,178.9853057861328,0.0,179.15210314693303,178.55358792453737,178.9166315653276,0.0,558200
2024-10-21,0.0,178.54379272460938,0.0,179.01475088865584,177.798107717245,178.6222882471988,0.0,717300
2024-10-22,0.0,177.9648895263672,0.0,178.43584764923088,177.46448248505376,177.75883692615187,0.0,655000
2024-10-23,0.0,176.4636993408203,0.0,177.58223424611162,175.4236449802083,177.40561559186096,0.0,711500
2024-10-24,0.0,176.3361358642578,0.0,176.88558948603125,175.7866822424844,176.83652791876827,0.0,708800
2024-10-25,0.0,176.3754119873047,0.0,178.01396686083953,176.22824222708863,177.26828178992582,0.0,578500
2024-10-28,0.0,176.69918823242188,0.0,177.30752479946352,176.60108005621476,177.19959532559247,0.0,566100
2024-10-29,0.0,177.1505126953125,0.0,177.54297529647286,175.9044207308211,176.4636956575376,0.0,697000
2024-10-30,0.0,176.23800659179688,0.0,177.28786720300502,175.68855298915958,176.3459360474212,0.0,795900
2024-10-31,0.0,173.09828186035156,0.0,175.50214914697122,173.09828186035156,175.50214914697122,0.0,1933200
2024-11-01,0.0,173.75567626953125,0.0,174.7662818269002,173.31415204073258,173.70661469488905,0.0,765600
2024-11-04,0.0,173.55943298339844,0.0,174.40324110603405,173.11790878502285,173.69679640003727,0.0,820500
2024-11-05,0.0,175.32553100585938,0.0,175.32553100585938,173.67715516390828,173.79490592000445,0.0,828500
2024-11-06,0.0,178.8283233642578,0.0,179.05400360281877,177.14070708118325,178.87738493661845,0.0,1038600
2024-11-07,0.0,180.51593017578125,0.0,180.78085067543657,179.28946578856662,179.28946578856662,0.0,1169300
2024-11-08,0.0,180.9476318359375,0.0,181.52651938171974,180.4668524494557,180.58460320069912,0.0,1784400
2024-11-11,0.0,180.78086853027344,0.0,181.37938380920616,180.44727377716092,181.22239275898005,0.0,1005600
2024-11-12,0.0,180.604248046875,0.0,181.19294197328955,179.89780335798616,180.87897487349963,0.0,903800
2024-11-13,0.0,180.16273498535156,0.0,180.83974582456318,179.7015831085405,180.60427420848356,0.0,1084600
2024-11-14,0.0,179.1128692626953,0.0,180.27064450419024,178.90681664995165,180.27064450419024,0.0,1272500
2024-11-15,0.0,176.1791534423828,0.0,177.88639725469523,175.80630347875976,177.88639725469523,0.0,1164900
2024-11-18,0.0,176.5912322998047,0.0,177.00332250970777,175.60025453109648,176.0025384162952,0.0,959300
2024-11-19,0.0,177.00331115722656,0.0,177.21917005878188,175.28626124034636,175.53155408561494,0.0,818000
2024-11-20,0.0,177.48411560058594,0.0,177.6214790144851,175.7572591156412,177.2976906164037,0.0,1847200
2024-11-21,0.0,178.65170288085938,0.0,179.04416547988325,176.74822783546787,178.1022492536306,0.0,934200
2024-11-22,0.0,179.30911254882812,0.0,179.64270730459842,178.61247411508128,178.61247411508128,0.0,742200
2024-11-25,0.0,180.290283203125,0.0,180.84955820672366,179.28948396965356,180.2215940041607,0.0,2910600
2024-11-26,0.0,181.07521057128906,0.0,181.27144188485025,180.3589595396204,180.71216692113683,0.0,864900
2024-11-27,0.0,180.78086853027344,0.0,181.26164800728188,180.37858457837805,181.08502933290487,0.0,630100
2024-11-29,0.0,181.80130004882812,0.0,182.16434376312205,181.03598731068317,181.33034181877557,0.0,553400
2024-12-02,0.0,182.478271484375,0.0,182.50770543167306,181.61485074448407,181.83070967232905,0.0,961000
2024-12-03,0.0,182.51751708984375,0.0,182.6744931433139,181.85031271951496,182.31146449814992,0.0,675900
2024-12-04,0.0,183.3319091796875,0.0,183.49870654576588,182.73339393835232,183.04736104759112,0.0,860900
2024-12-05,0.0,182.55677795410156,0.0,183.4987092386202,182.4096082087814,183.4987092386202,0.0,1031400
2024-12-06,0.0,182.94924926757812,0.0,183.7341745109385,182.94924926757812,183.08661268231512,0.0,752700
2024-12-09,0.0,182.07601928710938,0.0,183.00812930405104,181.91902823942712,183.00812930405104,0.0,1079500
2024-12-10,0.0,181.6638946533203,0.0,182.44883483645702,181.43822940354596,182.31147142726977,0.0,1005800
2024-12-11,0.0,182.61563110351562,0.0,183.14547208685602,182.20354087841125,182.32129163664723,0.0,704100
2024-12-12,0.0,181.26162719726562,0.0,182.0661800371979,181.25180590057244,182.03674609009605,0.0,629800
2024-12-13,0.0,180.49630737304688,0.0,181.57558699019825,180.13326375423813,181.25179861360635,0.0,955000
2024-12-16,0.0,180.44725036621094,0.0,181.3499263306633,180.37856117633967,180.85934059097252,0.0,1977000
2024-12-17,0.0,179.78594970703125,0.548,180.2681510232337,179.41198540774417,179.8056359902133,0.0,798200
2024-12-18,0.0,175.09176635742188,0.0,180.6716337408584,174.9736786930848,180.0122859212531,0.0,1295100
2024-12-19,0.0,174.88510131835938,0.0,176.8631446456737,174.87525066949684,176.5482242067323,0.0,1380400
2024-12-20,0.0,176.57774353027344,0.0,178.25073205919745,174.20606470531038,174.471761928507,0.0,1271400
2024-12-23,0.0,177.9161376953125,0.0,178.00471845876046,175.78063403160246,176.82378176430348,0.0,1036900
2024-12-24,0.0,179.24468994140625,0.0,179.29389814135402,177.8275778738227,178.122812057275,0.0,442300
2024-12-26,0.0,179.3529510498047,0.0,179.59897704575778,178.50662102307663,178.69360318259862,0.0,557600
2024-12-27,0.0,177.65045166015625,0.0,178.4574091016233,176.4793655412271,178.44757346783481,0.0,700800
2024-12-30,0.0,175.7412872314453,0.0,176.76474874417366,174.64893123362523,175.78064478275863,0.0,681200
2024-12-31,0.0,175.2492218017578,0.0,176.40062154630448,174.86542188690893,176.27268323594365,0.0,2818700
2025-01-02,0.0,174.7866668701172,0.0,176.91233456467234,173.6647892006961,176.1545704759572,0.0,1252200
2025-01-03,0.0,176.4498291015625,0.0,176.74506326950245,175.18032668429086,175.46572521925177,0.0,760700
2025-01-06,0.0,177.13868713378906,0.0,178.45738264522257,176.7056790515315,177.36502680724823,0.0,1500900
2025-01-07,0.0,175.80032348632812,0.0,178.2212257341673,175.26891397722076,177.83742580641362,0.0,893800
2025-01-08,0.0,176.1447296142578,0.0,176.40059117469312,175.10156706118065,175.7018709288679,0.0,2389400
2025-01-10,0.0,173.54673767089844,0.0,175.2787552178714,173.22198156529703,175.0228935965951,0.0,1262000
2025-01-13,0.0,173.84194946289062,0.0,173.93053022701017,172.07057444024298,172.40516616530007,0.0,1901100
2025-01-14,0.0,173.83212280273438,0.0,174.52099257112673,172.46421889969997,174.5111569373764,0.0,1012000
2025-01-15,0.0,176.59744262695312,0.0,177.05013703008316,175.86921534814613,176.01682492730055,0.0,1138200
2025-01-16,0.0,176.6171112060547,0.0,177.54217118598774,176.41044279972039,177.04026863470403,0.0,869900
2025-01-17,0.0,177.8177490234375,0.0,178.46726124856227,177.56187238044203,178.26059280739167,0.0,1840500
2025-01-21,0.0,179.24468994140625,0.0,179.4021501747454,178.3294804905619,178.63455030751004,0.0,1063100
2025-01-22,0.0,180.799560546875,0.0,181.2817768392818,180.23861414451,180.5043263885899,0.0,902100
2025-01-23,0.0,181.6754150390625,0.0,181.7246232355377,180.25830307148325,180.3271975497952,0.0,1208900
2025-01-24,0.0,181.17355346679688,0.0,181.90178082066814,180.88815489603482,181.77385751095952,0.0,775200
2025-01-27,0.0,179.64816284179688,0.0,179.6875203890971,177.6110606415875,177.65043320512098,0.0,677700
2025-01-28,0.0,180.7897186279297,0.0,181.25223360647334,179.04785066922423,179.74655596942998,0.0,905700
2025-01-29,0.0,180.2386016845703,0.0,180.84875624050824,179.5398964083714,180.74050422382828,0.0,3288400
2025-01-30,0.0,181.92144775390625,0.0,182.3249339572443,180.78973427416022,180.86844937196068,0.0,1429500
2025-01-31,0.0,180.44528198242188,0.0,182.89570596723945,180.31734367712025,182.52174170019347,0.0,2191700
2025-02-03,0.0,179.55960083007812,0.0,180.3567225715155,177.36503836259064,177.75868892494051,0.0,1249800
2025-02-04,0.0,180.40594482421875,0.0,180.60276261261095,179.12660667531748,179.29390254626256,0.0,807100
2025-02-05,0.0,181.19320678710938,0.0,181.23257935253156,179.36277291706133,179.91388371933402,0.0,1862400
2025-02-06,0.0,181.4293975830078,0.0,181.80336187428045,180.50433750432327,181.28178800289177,0.0,1305300
2025-02-07,0.0,180.00242614746094,0.0,182.02967753328295,179.87448785076452,181.75412967596142,0.0,1001000
2025-02-10,0.0,181.32115173339844,0.0,181.3998818508889,180.7208477267389,181.03576819670073,0.0,1096900
2025-02-11,0.0,181.48841857910156,0.0,181.76396643813644,180.65193936997144,180.65193936997144,0.0,681900
2025-02-12,0.0,180.92752075195312,0.0,181.0849659746936,179.4710360657833,179.60881002082803,0.0,963800
2025-02-13,0.0,182.84649658203125,0.0,182.87601849594986,181.12431486102548,181.38017645373105,0.0,1739600
2025-02-14,0.0,182.16748046875,0.0,182.9350803386906,182.12812291839367,182.7382625544402,0.0,751700
2025-02-18,0.0,182.63002014160156,0.0,182.63985577565018,181.74431754146445,182.58081193888808,0.0,1277000
2025-02-19,0.0,183.24998474121094,0.0,183.24998474121094,182.06904810677082,182.30523843690548,0.0,890500
2025-02-20,0.0,182.74807739257812,0.0,183.18108547839648,181.96079132892953,182.95474580307604,0.0,913600
2025-02-21,0.0,179.69735717773438,0.0,182.65950416523933,179.6579846172378,182.65950416523933,0.0,1060800
2025-02-24,0.0,179.12660217285156,0.0,180.7110101063708,178.99866385630682,180.3370458064612,0.0,899000
2025-02-25,0.0,178.93960571289062,0.0,179.5989534936316,177.64058141681602,178.76245921059265,0.0,1313400
2025-02-26,0.0,178.6542205810547,0.0,180.15006275698983,177.99487275087714,179.04787116221354,0.0,897900
2025-02-27,0.0,176.0955352783203,0.0,179.5989423819128,176.00696954076741,179.53989855687755,0.0,8412200
2025-02-28,0.0,178.6837615966797,0.0,178.81168489927433,175.2787553189656,175.99714699867332,0.0,2606400
2025-03-03,0.0,176.2530059814453,0.0,179.5891174406234,175.2196939331194,178.93960529410617,0.0,2434900
2025-03-04,0.0,174.44223022460938,0.0,176.85329649289568,173.40893327103748,175.0228628657732,0.0,2011700
2025-03-05,0.0,176.30221557617188,0.0,176.843475748665,173.42863386139445,174.45211037233324,0.0,1704600
2025-03-06,0.0,173.41879272460938,0.0,175.73144292631227,172.6610285071655,174.34385280529054,0.0,2249500
2025-03-07,0.0,174.01910400390625,0.0,174.5308422645794,171.0766277753289,172.7988096949886,0.0,2098300
2025-03-10,0.0,170.1318817138672,0.0,172.6610208492903,168.7836492020136,171.77533337349647,0.0,1185400
2025-03-11,0.0,168.03573608398438,0.0,170.0826739389613,167.03194593035752,169.4725343437339,0.0,2518200
2025-03-12,0.0,168.39002990722656,0.0,169.87602148725622,167.10085611678096,169.81697765200448,0.0,2190500
2025-03-13,0.0,165.48690795898438,0.0,168.07509088813305,165.08342177429878,168.07509088813305,0.0,2020000
2025-03-14,0.0,168.6557159423828,0.0,168.98047200197612,166.64813575875732,166.87449044698542,0.0,1198400
2025-03-17,0.0,170.348388671875,0.0,171.0274077395739,168.66556441968424,168.66556441968424,0.0,970600
2025-03-18,0.0,168.623291015625,0.391,169.81674406454505,167.91313091617303,169.56030321483198,0.0,2089700
2025-03-19,0.0,170.2211456298828,0.0,171.24692409050778,168.76137876468337,168.79096751497445,0.0,2371700
2025-03-20,0.0,169.58001708984375,0.0,171.2567931696575,168.78109074958567,169.1263128954835,0.0,1347500
2025-03-21,0.0,169.2545623779297,0.0,169.37291739147676,167.6271056905044,168.09068289387125,0.0,1350900
2025-03-24,0.0,172.18392944335938,0.0,172.5192786041441,170.85237564875982,170.9510148373328,0.0,854000
2025-03-25,0.0,172.45025634765625,0.0,172.90397561893062,171.9768212756266,172.67712350840822,0.0,1084500
2025-03-26,0.0,170.990478515625,0.0,172.81519833440237,170.53675927331062,172.30230159314016,0.0,1040000
2025-03-27,0.0,170.7044677734375,0.0,171.8190125772467,170.03375426075425,170.61568646498202,0.0,928900
2025-03-28,0.0,167.29173278808594,0.0,170.51704190309013,167.09446944333405,170.3394943576535,0.0,1179300
2025-03-31,0.0,168.5542449951172,0.0,169.09673050898667,164.89494730176966,165.52621411807544,0.0,3072200
2025-04-01,0.0,168.9487762451172,0.0,169.38276466787502,166.9465237903087,167.95258649304463,0.0,1278300
2025-04-02,0.0,169.90550231933594,0.0,170.69457073162198,167.29172919450582,167.4692616859004,0.0,1616400
2025-04-03,0.0,162.36007690429688,0.0,165.05275848274388,162.2121331555691,163.80012794290528,0.0,2361800
2025-04-04,0.0,153.36473083496094,0.0,159.32216804537674,153.3252691364191,158.41474463188177,0.0,3771500
2025-04-07,0.0,152.47703552246094,0.0,158.1681744529115,146.31246152290905,148.70925572005416,0.0,4311300
2025-04-08,0.0,150.3367156982422,0.0,158.46409647543308,148.1865192472495,157.47776451437633,0.0,3128700
2025-04-09,0.0,163.38583374023438,0.0,164.5201241813235,149.30101881520065,149.34048050979558,0.0,3466000
2025-04-10,0.0,158.50352478027344,0.0,160.97922734803768,154.03544271801834,160.68332478393393,0.0,4111300
2025-04-11,0.0,161.21592712402344,0.0,162.16281225899468,157.22128038780468,158.1089880237581,0.0,2062700
2025-04-14,0.0,162.5968017578125,0.0,164.3031515420879,161.19619737046554,164.1749235931915,0.0,2014700
2025-04-15,0.0,162.19241333007812,0.0,163.89876323237922,161.88665286177195,162.75461466368597,0.0,1508200
2025-04-16,0.0,158.8092803955078,0.0,161.42306874001096,157.28047811974142,160.46632567375312,0.0,1734600
2025-04-17,0.0,159.22354125976562,0.0,160.59455696173418,158.2766711241543,159.27286086167297,0.0,1457900
2025-04-21,0.0,155.7023468017578,0.0,157.92159346937112,153.99599691139056,157.64542175475316,0.0,1667400
2025-04-22,0.0,159.5588836669922,0.0,160.10136911320697,157.19167855175326,157.34949523614802,0.0,2565300
2025-04-23,0.0,161.43292236328125,0.0,164.42150648481442,160.83125936899938,163.2773579956507,0.0,1241300
2025-04-24,0.0,164.53988647460938,0.0,164.648368529911,161.38361251378308,161.84718968739583,0.0,877300
2025-04-25,0.0,165.4374237060547,0.0,165.6149712509216,163.5042218633698,164.30314818969978,0.0,1556700
2025-04-28,0.0,165.58538818359375,0.0,166.08841198589158,163.88889627554795,165.57551523340055,0.0,777600
2025-04-29,0.0,166.58157348632812,0.0,166.92679562893076,165.03304042003955,165.1711262670349,0.0,968800
2025-04-30,0.0,167.0550079345703,0.0,167.42981882518583,163.0209145864189,164.41164600138103,0.0,2175700
2025-05-01,0.0,167.094482421875,0.0,168.75151270676952,167.01557406779958,168.27807763254674,0.0,1304800
2025-05-02,0.0,169.92523193359375,0.0,170.4085399070359,169.05725518136396,169.05725518136396,0.0,1541700
2025-05-05,0.0,169.3531951904297,0.0,170.26061879118376,168.7416741888899,168.82058255202912,0.0,1108400
2025-05-06,0.0,167.7060089111328,0.0,169.05727877516125,167.46928384106127,167.89341437699403,0.0,2539100
2025-05-07,0.0,168.63314819335938,0.0,169.2150803403482,166.9169254519954,168.1991597955274,0.0,1491000
2025-05-08,0.0,169.12631225585938,0.0,170.83266202861336,168.5443801151844,169.6589247972742,0.0,1041200
2025-05-09,0.0,168.58384704589844,0.0,169.87593943072386,168.30767531709134,169.63922940616374,0.0,810700
2025-05-12,0.0,173.92974853515625,0.0,173.9987989862726,172.13463245910953,173.6042572303844,0.0,1268200
2025-05-13,0.0,174.2355194091797,0.0,175.02458791791472,173.66346016683255,173.850850580578,0.0,1770500
2025-05-14,0.0,174.30455017089844,0.0,174.77798520255715,173.90015053645556,174.58072186021838,0.0,1142900
2025-05-15,0.0,175.49801635742188,0.0,175.68542181430078,173.60426103830727,173.60426103830727,0.0,942900
2025-05-16,0.0,176.6914825439453,0.0,176.7605329958114,175.32048190908455,175.58679571592205,0.0,749100
2025-05-19,0.0,177.21426391601562,0.0,177.3918114974094,174.91610861117135,174.91610861117135,0.0,1043800
2025-05-20,0.0,176.51394653320312,0.0,176.85915363498844,175.67555847844213,176.69147903408205,0.0,2310200
2025-05-21,0.0,173.71275329589844,0.0,176.45475451949358,173.3675461930629,175.24157060911,0.0,2373400
2025-05-22,0.0,173.41685485839844,0.0,174.40318660469742,172.97299353238145,173.4760323551399,0.0,1312600
2025-05-23,0.0,171.63160705566406,0.0,172.40094472716729,170.6354172631356,170.86226938416084,0.0,1292400
2025-05-27,0.0,175.15280151367188,0.0,175.15280151367188,173.13081832905314,173.77192797407014,0.0,813200
2025-05-28,0.0,173.9790802001953,0.0,175.61639473765257,173.75222808122214,175.10349794454652,0.0,1519200
2025-05-29,0.0,174.4722137451172,0.0,175.56704253371294,173.4661511974334,175.56704253371294,0.0,2050100
2025-05-30,0.0,174.63990783691406,0.0,175.13307374181903,172.8940963194863,174.22565028282136,0.0,1167200
2025-06-02,0.0,175.4191131591797,0.0,175.4684177080154,173.2393133024579,174.2355029825509,0.0,1042700
2025-06-03,0.0,176.51394653320312,0.0,176.62244363381657,174.9160787741481,175.38952887694978,0.0,1254900
2025-06-04,0.0,177.17478942871094,0.0,177.66795533811538,176.7802476710499,176.7802476710499,0.0,855300
2025-06-05,0.0,176.71119689941406,0.0,178.04273570885056,176.1884422849332,177.47066149767323,0.0,1310800
2025-06-06,0.0,177.9342498779297,0.0,178.39782702580646,177.25369358126582,177.92439197805763,0.0,652300
2025-06-09,0.0,177.28329467773438,0.0,178.34853489702792,177.28329467773438,178.17098733536406,0.0,910000
2025-06-10,0.0,178.67401123046875,0.0,178.76279253644665,177.4213805987446,177.4213805987446,0.0,1182000
2025-06-11,0.0,178.10195922851562,0.0,179.24609279961726,177.49042321353855,178.94033231724396,0.0,1270800
2025-06-12,0.0,178.7134552001953,0.0,178.7134552001953,177.65807298581245,177.74685428298096,0.0,932300
2025-06-13,0.0,175.84323120117188,0.0,177.51999224255545,175.39938490348632,176.86902469605678,0.0,1251900
2025-06-16,0.0,177.44259643554688,0.388,178.16419996072332,176.8593950245592,176.9384754827863,0.0,923000
2025-06-17,0.0,175.74241638183594,0.0,177.1559551599275,175.56449665087604,176.7407940379649,0.0,901300
2025-06-18,0.0,174.5463409423828,0.0,176.35526675627008,174.29922017681986,176.09825150692973,0.0,1341400
2025-06-20,0.0,173.6171875,0.0,175.15921886854414,173.18225248157853,175.1295655793842,0.0,1103700
2025-06-23,0.0,175.55458068847656,0.0,175.64354053542993,173.1921070044898,173.63692132230972,0.0,978400
2025-06-24,0.0,177.5414581298828,0.0,177.7688050297891,176.40470854729563,176.78032188560692,0.0,974500
2025-06-25,0.0,177.30421447753906,0.0,177.84788321649654,176.94835994686287,177.78857664189312,0.0,1032700
2025-06-26,0.0,178.29269409179688,0.0,178.42120172293957,177.21525111960824,177.72926656112372,0.0,975300
2025-06-27,0.0,179.49864196777344,0.0,180.20047160320127,178.57935992741207,178.79682741540068,0.0,1126400
2025-06-30,0.0,180.7144775390625,0.0,181.03078427029578,179.676567325131,180.14115556295698,0.0,1095200
2025-07-01,0.0,181.3174285888672,0.0,181.7523635200898,180.32894559356254,180.3586139598309,0.0,1450100
2025-07-02,0.0,181.8215789794922,0.0,181.8413528642204,180.95170904810735,181.02091010312873,0.0,1420600
2025-07-03,0.0,182.83970642089844,0.0,183.12635986173012,182.10822355217894,182.10822355217894,0.0,615400
2025-07-07,0.0,181.4855194091797,0.0,182.5926157535225,180.63542326390032,182.34549495644194,0.0,1379200
2025-07-08,0.0,181.69305419921875,0.0,182.15764240661312,181.2581192745897,181.66340091645344,0.0,1198600
2025-07-09,0.0,182.81005859375,0.0,182.91879233311548,181.7721483694529,182.07857570319538,0.0,943000
2025-07-10,0.0,182.80018615722656,0.0,183.33397551778353,182.3059445701474,182.75077406496365,0.0,686100
2025-07-11,0.0,181.7424774169922,0.0,182.09833188549933,181.50523607696977,181.99947755639343,0.0,1169300
2025-07-14,0.0,181.7820281982422,0.0,181.95996299173862,181.26802786826238,181.49537474817862,0.0,790200
2025-07-15,0.0,180.51678466796875,0.0,182.59260527757118,180.4970258651366,182.59260527757118,0.0,1407800
2025-07-16,0.0,181.2680206298828,0.0,181.4459403332201,179.45909489735092,180.8627389726538,0.0,2614300
2025-07-17,0.0,182.35536193847656,0.0,182.5530555460651,181.1889590955654,181.31745164481745,0.0,1649200
2025-07-18,0.0,181.91053771972656,0.0,182.73098047578281,181.58433649745928,182.73098047578281,0.0,2240000
2025-07-21,0.0,182.2960662841797,0.0,183.08685584495817,182.1181465516091,182.18733253103446,0.0,884900
2025-07-22,0.0,182.7013397216797,0.0,182.8891539306902,182.06871111836068,182.51352551266916,0.0,1582300
2025-07-23,0.0,184.10496520996094,0.0,184.10496520996094,182.90889410144905,183.46245727063777,0.0,998400
2025-07-24,0.0,184.00611877441406,0.0,184.4904809121072,183.80842517559913,184.11485251622048,0.0,1446000
2025-07-25,0.0,184.73760986328125,0.0,184.88587629819537,184.16428784318762,184.2532477041361,0.0,890000
2025-07-28,0.0,184.62887573242188,0.0,185.2219716369549,184.28290060760173,184.9550769716095,0.0,908900
2025-07-29,0.0,183.88751220703125,0.0,184.69807559912707,183.72935128910203,184.58934185343264,0.0,991200
2025-07-30,0.0,183.1461639404297,0.0,184.1840743048628,182.355374373097,184.01603397280127,0.0,1598800
2025-07-31,0.0,181.99951171875,0.0,184.42130748895335,181.70297884187724,184.05555846905062,0.0,1796900
2025-08-01,0.0,180.23011779785156,0.0,181.22848025665795,179.5579414751384,180.97148009144513,0.0,1466600
2025-08-04,0.0,183.31419372558594,0.0,183.36362089877355,181.17906654154828,181.17906654154828,0.0,1087300
2025-08-05,0.0,181.76226806640625,0.0,183.02752516380247,181.6831876124372,182.9187914249768,0.0,1089900
2025-08-06,0.0,183.25489807128906,0.0,183.49213946689363,182.10825395045174,182.23676159178626,0.0,1195400
2025-08-07,0.0,181.99951171875,0.0,183.67994513065986,181.16918949739468,183.66017124451642,0.0,1306800
2025-08-08,0.0,183.5118865966797,0.0,183.63051482846362,182.47399137919524,182.47399137919524,0.0,966100
2025-08-11,0.0,183.16592407226562,0.0,183.96659298145426,182.82984343338117,183.46247202312762,0.0,864200
2025-08-12,0.0,185.0736846923828,0.0,185.1428857485398,183.44269362732567,183.77877425794696,0.0,854100
2025-08-13,0.0,186.52674865722656,0.0,186.56629642576644,185.61734606051618,185.61734606051618,0.0,704000
2025-08-14,0.0,186.43780517578125,0.0,186.6354987866792,185.55805578668796,185.6865634211467,0.0,932700
2025-08-15,0.0,185.9435577392578,0.0,186.70469395440455,185.74586413459838,186.46745257898013,0.0,716200
2025-08-18,0.0,185.93370056152344,0.0,186.33896722044477,185.74588633557946,185.81507231810477,0.0,624000
2025-08-19,0.0,185.38999938964844,0.0,186.48721618051565,185.11322534177694,186.0522812244163,0.0,1211800
2025-08-20,0.0,184.99461364746094,0.0,185.7952976607562,183.9962511058008,185.41966924091813,0.0,3373700
2025-08-21,0.0,184.4114227294922,0.0,185.00451868062686,183.8183418614141,184.29280957248787,0.0,823300
2025-08-22,0.0,187.1890411376953,0.0,187.56466954491628,184.94519534470476,184.94519534470476,0.0,712200
2025-08-25,0.0,186.2401123046875,0.0,187.05066063750562,186.2401123046875,186.7738865645379,0.0,758900
2025-08-26,0.0,186.88262939453125,0.0,186.9617098596584,186.1610408894484,186.29942793265684,0.0,665100
2025-08-27,0.0,187.16928100585938,0.0,187.3768540103348,186.69479825809103,186.69479825809103,0.0,633500
2025-08-28,0.0,187.50535583496094,0.0,187.65362226213895,186.6651391928065,187.43615478024142,0.0,659600
2025-08-29,0.0,186.7738800048828,0.0,187.28789544365125,186.32906562345377,187.0407746669623,0.0,675400
2025-09-02,0.0,185.4492950439453,0.0,185.53825489344192,184.04565100291398,184.5893196660379,0.0,992900
2025-09-03,0.0,186.49708557128906,0.0,186.53663333775057,185.65688407215174,186.022617955126,0.0,887400
2025-09-04,0.0,188.13800048828125,0.0,188.15777437461455,186.42792885532148,186.54654200720938,0.0,858900
2025-09-05,0.0,187.040771484375,0.0,188.44441566211785,186.16102213765396,187.93040023209562,0.0,1321900
2025-09-08,0.0,187.52513122558594,0.0,187.76235751097587,187.109955060044,187.57454331300568,0.0,1093200
2025-09-09,0.0,187.81178283691406,0.0,187.9303959784441,186.9715661962639,187.5547826692474,0.0,957300
2025-09-10,0.0,187.38674926757812,0.0,188.26649862682734,186.9221610020477,188.26649862682734,0.0,1370200
2025-09-11,0.0,189.3637237548828,0.0,189.55152288308977,187.85133066320822,187.86122514783628,0.0,1082500
2025-09-12,0.0,188.6124725341797,0.0,189.24510116394993,188.53339207007636,189.24510116394993,0.0,1141000
2025-09-15,0.0,189.23519897460938,0.0,189.29450554478117,188.77061073085773,188.9584249251047,0.0,948900
2025-09-16,0.0,189.05584716796875,0.469,189.39276829968034,188.6000367099255,189.14504062288805,0.0,13653700
2025-09-17,0.0,189.55130004882812,0.0,190.41340263448532,188.3424029123416,189.19457159409689,0.0,3811600
2025-09-18,0.0,190.27468872070312,0.0,191.4043263843882,190.10623570560338,190.5917723020384,0.0,4099300
2025-09-19,0.0,190.9584197998047,0.0,191.1565989283946,189.96750903675678,190.97822712859488,0.0,1500900
2025-09-22,0.0,192.0186767578125,0.0,192.08804776537013,190.57195558406994,190.6115853597475,0.0,1552500
2025-09-23,0.0,191.11692810058594,0.0,192.2366619493402,190.78002211568338,191.77093274428825,0.0,1556700
2025-09-24,0.0,190.45303344726562,0.0,191.19621647199747,190.1557572133534,191.17639402437737,0.0,1162500
2025-09-25,0.0,189.56121826171875,0.0,189.9179467153756,188.63966345639804,189.56121826171875,0.0,1539400
2025-09-26,0.0,190.8494110107422,0.0,190.92867056277697,189.58104649681803,189.82877417719536,0.0,1036900
2025-09-29,0.0,191.60250854492188,0.0,191.9889631433484,191.1764090481396,191.5430563174868,0.0,1336900
2025-09-30,0.0,192.7321319580078,0.0,192.85103640407516,191.21603979025957,191.29531446100358,0.0,1080300
2025-10-01,0.0,194.0599365234375,0.0,194.23830830146878,191.9592108005796,192.06821157601638,0.0,2328500
2025-10-02,0.0,194.5752410888672,0.0,194.67433821476567,193.61405642402636,194.37706195716876,0.0,2024000
2025-10-03,0.0,194.68421936035156,0.0,195.70485613463583,194.5653149191058,194.5653149191058,0.0,1474900
2025-10-06,0.0,195.02113342285156,0.0,195.5760409984104,194.59504907736795,195.12023054138595,0.0,1483500
2025-10-07,0.0,194.03021240234375,0.0,195.48685227079267,193.7230325193546,195.2292209444365,0.0,1223400
2025-10-08,0.0,194.90223693847656,0.0,195.01123772527814,194.14913509508455,194.3275068917135,0.0,1005100
2025-10-09,0.0,193.9906005859375,0.0,195.21932023163114,193.60414600058255,195.10041578078287,0.0,1041100
2025-10-10,0.0,189.27386474609375,0.0,194.69414798248366,189.16486395427955,194.3374194929189,0.0,1424000
2025-10-13,0.0,191.12686157226562,0.0,191.5727683653875,190.32422632062676,191.0376681175633,0.0,874000
2025-10-14,0.0,191.27548217773438,0.0,192.08803617100537,189.00630343474717,189.3630318747033,0.0,1099100
2025-10-15,0.0,191.94932556152344,0.0,193.47532144401342,190.42331455893554,192.56368538017423,0.0,968500
2025-10-16,0.0,190.54220581054688,0.0,192.39521904247817,189.49184292105576,192.37539659547923,0.0,1565400
2025-10-17,0.0,191.70159912109375,0.0,192.05832759361488,189.91795675848812,189.91795675848812,0.0,1309700
2025-10-20,0.0,193.83203125,0.0,194.18875968585684,192.50421461879267,192.50421461879267,0.0,765400
2025-10-21,0.0,194.3473358154297,0.0,194.763516527966,193.48523315651295,193.58433028239716,0.0,1041400
2025-10-22,0.0,193.07894897460938,0.0,194.3373946317206,192.2168464150574,194.03021474502265,0.0,1752400
2025-10-23,0.0,194.3076629638672,0.0,194.71393995340733,193.16812178062625,193.16812178062625,0.0,1504500
2025-10-24,0.0,195.0706787109375,0.0,195.6850384992757,195.0112264888528,195.32831004667028,0.0,822800
2025-10-27,0.0,197.36961364746094,0.0,197.45880711424343,196.38862159374895,196.70570519976613,0.0,1147200
2025-10-28,0.0,197.320068359375,0.0,197.85515352745924,197.04261455072415,197.77587885068775,0.0,1534900
2025-10-29,0.0,196.5174102783203,0.0,198.15240682701472,195.83367950047096,197.71640371533707,0.0,4191900
2025-10-30,0.0,194.91213989257812,0.0,196.41832845377664,194.91213989257812,195.40759526348967,0.0,1446300
2025-10-31,0.0,194.51577758789062,0.0,195.52651075710202,193.832046771074,195.52651075710202,0.0,2342300
2025-11-03,0.0,194.23831176757812,0.0,195.2886746477504,193.2969496647877,195.21930364391798,0.0,1333000
2025-11-04,0.0,192.751953125,0.0,193.67349281609367,192.45467689170945,192.52403277808878,0.0,1205500
2025-11-05,0.0,193.5149383544922,0.0,194.55539758342582,192.48439790913406,192.50422035618814,0.0,1211500
2025-11-06,0.0,191.51333618164062,0.0,193.2672374261156,191.07733300670935,193.2672374261156,0.0,1324400
2025-11-07,0.0,191.45387268066406,0.0,191.4935024578251,189.16485614703868,190.84941651829598,0.0,1772400
2025-11-10,0.0,194.12930297851562,0.0,194.33738574123186,192.53393627727462,193.0194728036766,0.0,1166000
2025-11-11,0.0,194.73377990722656,0.0,194.93195902820355,193.54469006126686,193.54469006126686,0.0,1078500
2025-11-12,0.0,195.2193145751953,0.0,195.4967683658675,194.50585765058182,195.4075900303152,0.0,1099600
2025-11-13,0.0,193.13841247558594,0.0,194.9715882394337,192.71231300262716,194.56532633464218,0.0,1971400
2025-11-14,0.0,192.61322021484375,0.0,193.73293898645161,191.0574832106134,191.1962100991355,0.0,2055200
2025-11-17,0.0,190.5719451904297,0.0,192.8510276099794,189.78911730259057,191.84030962430137,0.0,1302700
2025-11-18,0.0,189.33331298828125,0.0,190.45303178745263,187.965851396261,189.5413957661382,0.0,28135600
2025-11-19,0.0,190.00714111328125,0.0,191.20614980391895,189.11532746378765,189.56123428853445,0.0,4873700
2025-11-20,0.0,187.63885498046875,0.0,193.21768718547685,187.50012808414996,192.48440780773603,0.0,4122300
2025-11-21,0.0,190.23501586914062,0.0,191.75110790235632,188.09466042936884,188.09466042936884,0.0,4583500
2025-11-24,0.0,191.91957092285156,0.0,192.3357667091017,190.27467070522582,190.90885292794943,0.0,1851400
2025-11-25,0.0,194.20858764648438,0.0,194.45631531397154,191.26558174712892,191.82048930308468,0.0,2470000
2025-11-26,0.0,195.54632568359375,0.0,196.11115207425033,194.83286872702664,194.99141807739673,0.0,1368200
2025-11-28,0.0,196.2795867919922,0.0,196.4084100171714,195.52650012808368,195.80395390531822,0.0,696100
2025-12-01,0.0,195.87332153320312,0.0,196.84440981174583,194.97158914307886,195.0310564875632,0.0,1540600
2025-12-02,0.0,196.62640380859375,0.0,197.06240693772793,195.83368734118335,196.1408672403195,0.0,1586300
2025-12-03,0.0,197.31015014648438,0.0,197.56779662676288,196.10123778238875,196.17060879480175,0.0,1577800
2025-12-04,0.0,197.46868896484375,0.0,197.8749659927616,196.79487692643175,197.865047208604,0.0,1427800
2025-12-05,0.0,197.9443359375,0.0,198.65779292300962,197.60742989437014,197.60742989437014,0.0,1407500
2025-12-08,0.0,196.7453155517578,0.0,198.24158521261205,196.37866832405692,198.24158521261205,0.0,1428500
2025-12-09,0.0,196.60659790039062,0.0,197.05250469655257,196.47777466946255,196.58677545253303,0.0,1655700
2025-12-10,0.0,197.52813720703125,0.0,197.98396278625367,196.08141603838564,196.49759672197263,0.0,1518500
2025-12-11,0.0,199.18295288085938,0.0,199.18295288085938,196.95340382245823,197.37950328273658,0.0,1642600
2025-12-12,0.0,197.69659423828125,0.0,199.81714259502536,197.28041354622096,199.25233134154988,0.0,3550600
2025-12-15,0.0,197.87496948242188,0.0,198.91542879076403,197.250690873397,198.69742721682195,0.0,1896800
2025-12-16,0.0,196.99134826660156,0.611,197.74674632267195,195.97751298533314,197.4286895709332,0.0,1893600
2025-12-17,0.0,195.1724090576172,0.0,197.4982530229489,195.1724090576172,197.1205615883032,0.0,1757900
2025-12-18,0.0,196.57388305664062,0.0,197.9157091005599,196.12660770866754,196.8919397967425,0.0,1557900
2025-12-19,0.0,197.63739013671875,0.0,197.9653960803477,196.6732555902494,196.6732555902494,0.0,1262600
2025-12-22,0.0,198.66116333007812,0.0,198.7903819316145,198.27352269197158,198.50214255107477,0.0,987300
2025-12-23,0.0,198.94943237304688,0.0,199.04881847135266,198.15426775408233,198.15426775408233,0.0,922700
2025-12-24,0.0,199.7744140625,0.0,199.95331813910576,198.89973146619556,198.89973146619556,0.0,570200
2025-12-26,0.0,199.8141632080078,0.0,200.1322351181579,199.4364566063304,199.83404649401805,0.0,629700
2025-12-29,0.0,199.28736877441406,0.0,199.84397944759235,198.7009407556372,199.0885814149223,0.0,1054800
2025-12-30,0.0,198.88978576660156,0.0,199.47621376093875,198.800318567031,199.08857311780875,0.0,881300
2025-12-31,0.0,197.41873168945312,0.0,199.00906087793726,197.3889143442381,199.00906087793726,0.0,937700
2026-01-02,0.0,197.98529052734375,0.0,198.74068854627475,196.98138935543858,198.68105385616218,0.0,1995300
2026-01-05,0.0,199.9632568359375,0.0,200.8280053924289,198.77051746472975,198.89973607849944,0.0,1279500
2026-01-06,0.0,201.6827850341797,0.0,201.86168909746957,200.1222732606952,200.30119249048758,0.0,1137100
2026-01-07,0.0,200.70870971679688,0.0,201.9710329382399,200.6689583121111,201.48400618994924,0.0,1705200
2026-01-08,0.0,201.18582153320312,0.0,201.50387827646097,200.00301626434648,200.32107300760433,0.0,1481100
2026-01-09,0.0,202.83578491210938,0.0,203.17372494047288,201.59334495503467,201.851767006165,0.0,1058800
2026-01-12,0.0,202.9947967529297,0.0,203.24328473339233,201.76230607639667,202.00084483107906,0.0,974000
2026-01-13,0.0,202.29904174804688,0.0,203.1140896373544,201.65297903891545,203.0743230656059,0.0,975000
2026-01-14,0.0,201.38461303710938,0.0,201.8815890314592,200.22169103031115,201.6331010342843,0.0,1117700
2026-01-15,0.0,202.25929260253906,0.0,203.4122653655704,201.99092132299998,203.22342723041692,0.0,1518700
2026-01-16,0.0,202.0803680419922,0.0,202.64692793205148,201.5734580086521,202.61711058694343,0.0,1010400
2026-01-20,0.0,198.32322692871094,0.0,200.24156203583127,198.10455629128782,199.10845744486738,0.0,1515300
2026-01-21,0.0,200.74847412109375,0.0,201.652974024589,198.62141758054074,198.91960619522635,0.0,1725900
2026-01-22,0.0,201.40447998046875,0.0,202.40836594765346,201.09635731561517,202.14994391150262,0.0,1119200
2026-01-23,0.0,201.4541778564453,0.0,202.13007308214654,200.97708515780548,201.46412708270046,0.0,901100
2026-01-26,0.0,202.49783325195312,0.0,202.8357884527192,201.76231849108825,201.80206989714702,0.0,1092700
2026-01-27,0.0,202.9053497314453,0.0,203.34269101450184,202.5872929951789,202.73637972053768,0.0,1015300
2026-01-28,0.0,203.03457641601562,0.0,203.6309385076816,202.45808244418592,203.19359720722434,0.0,6841100
2026-01-29,0.0,203.50172424316406,0.0,204.2372389670974,200.71865579717897,203.78996363050226,0.0,3248600
2026-01-30,0.0,201.1957550048828,0.0,202.63698232133044,200.2415696113948,201.9909196104584,0.0,2173800
2026-02-02,0.0,202.49783325195312,0.0,202.84572251260798,200.57951320466609,200.57951320466609,0.0,1481000
2026-02-03,0.0,200.152099609375,0.0,202.2592880596624,198.92954295571747,202.199638202713,0.0,2024600
2026-02-04,0.0,200.4005889892578,0.0,201.5138254958321,199.26748436339886,200.83793027757235,0.0,3069200
2026-02-05,0.0,198.0349884033203,0.0,199.49609895676687,197.69703321987816,198.8798384456685,0.0,2079400
2026-02-06,0.0,202.40838623046875,0.0,202.7960269067907,199.65513492266686,199.65513492266686,0.0,2733300
2026-02-09,0.0,202.7960205078125,0.0,203.2432958638394,201.8120025913505,202.1499577898296,0.0,1198600
2026-02-10,0.0,202.3884735107422,0.0,203.38242537384022,202.17975211273261,202.98485069520174,0.0,1610600
2026-02-11,0.0,202.55746459960938,0.0,203.87942253516425,201.66291389627312,203.5514165662067,0.0,966400
2026-02-12,0.0,199.5259246826172,0.0,203.16377738022015,199.3470054407495,202.79602000319147,0.0,2571900
2026-02-13,0.0,200.52981567382812,0.0,201.92134240496318,199.61538165529598,200.48011504060818,0.0,2255800
2026-02-17,0.0,201.01686096191406,0.0,201.58340572384915,198.86992096967725,200.22169631665923,0.0,2688100
2026-02-18,0.0,202.25929260253906,0.0,202.9451067245779,201.1858226508863,201.68279863777164,0.0,1817100
2026-02-19,0.0,201.80206298828125,0.0,201.9113983093293,200.61925774235343,201.28520372819028,0.0,1694200
2026-02-20,0.0,203.15383911132812,0.0,203.6110636830693,201.09636645475095,201.09636645475095,0.0,2213200
2026-02-23,0.0,201.03671264648438,0.0,203.5116584212924,200.54968590554228,202.69661055575216,0.0,1782000
2026-02-24,0.0,202.73638916015625,0.0,202.9351765253914,200.54969780956213,201.03672457941266,0.0,1259200
2026-02-25,0.0,204.20742797851562,0.0,204.31676330122005,203.39239525458538,203.39239525458538,0.0,1398600
2026-02-26,0.0,203.5613555908203,0.0,204.40620562018577,202.04061037145982,204.27700218422555,0.0,1666400
2026-02-27,0.0,203.62100219726562,0.0,203.74027158097988,201.86170295496285,201.97103827886875,0.0,2188400
2026-03-02,0.0,203.23336791992188,0.0,204.07823319178885,201.30509860126378,201.56352066293294,0.0,2951200
2026-03-03,0.0,201.06654357910156,0.0,201.64303755957624,198.28349010991894,199.96325625149564,0.0,3568500
2026-03-04,0.0,202.2095947265625,0.0,202.6668041474866,200.828002070851,201.43431338977496,0.0,2112600
2026-03-05,0.0,200.46023559570312,0.0,201.81201094607042,198.6512508105596,201.04667881253098,0.0,2448800
2026-03-06,0.0,197.45849609375,0.0,198.73075336397375,196.9217535527632,197.89583737410874,0.0,2682000
2026-03-09,0.0,199.49609375,0.0,199.78433312951282,194.61578625100503,195.39106752445608,0.0,3126400
2026-03-10,0.0,199.06869506835938,0.0,200.99696427543955,198.20396172628858,199.08857835395386,0.0,3097900
2026-03-11,0.0,198.31329345703125,0.0,199.45633211071868,197.7169162320187,198.84008676697445,0.0,1797700
2026-03-12,0.0,195.0332489013672,0.0,197.05097010577572,194.92391358241636,197.05097010577572,0.0,2853600
2026-03-13,0.0,193.96971130371094,0.0,196.66332768270385,193.70135520494065,195.61967513242237,0.0,2775000
2026-03-16,0.0,195.78863525390625,0.0,196.43471306979555,195.01335400804066,195.4109438562422,0.0,2161500
2026-03-17,0.0,196.10739135742188,0.42,197.36244128495187,195.9579708810362,196.4958602777699,0.0,1465500
2026-03-18,0.0,193.31838989257812,0.0,195.83846040901193,193.2586277773916,195.32049674587822,0.0,1518800
2026-03-19,0.0,193.4478759765625,0.0,194.26465017918488,191.61508506546207,191.82426765819162,0.0,3629700
2026-03-20,0.0,191.13697814941406,0.0,193.36819333709082,190.03133344108412,193.17893650970578,0.0,1860200
2026-03-23,0.0,193.1888885498047,0.0,195.3204900454921,192.87015221344055,193.74668853762424,0.0,2546200
2026-03-24,0.0,192.54144287109375,0.0,193.7964928272538,191.47563453775115,192.00355346208977,0.0,2198700
2026-03-25,0.0,193.35821533203125,0.0,194.26464789166974,192.37211008924402,193.93594107777085,0.0,2117000
2026-03-26,0.0,189.40379333496094,0.0,192.68089098689074,189.36395699341674,191.72465160182688,0.0,2171500
2026-03-27,0.0,186.5649871826172,0.0,189.00536968020822,186.21635459771443,188.65673709530546,0.0,2664100
2026-03-30,0.0,185.75816345214844,0.0,188.47744586751872,185.16051195037278,188.0391701260711,0.0,3147900
2026-03-31,0.0,191.05728149414062,0.0,191.33618147993408,187.51125436141555,187.73039223581176,0.0,3552700
2026-04-01,0.0,192.01353454589844,0.0,193.26858457133721,191.495570878724,191.6947829972033,0.0,1841100
2026-04-02,0.0,192.40199279785156,0.0,193.20881171212042,189.54324510050554,189.54324510050554,0.0,1696200
2026-04-06,0.0,193.26858520507812,0.0,193.37815415043758,192.1728957514837,192.34224201160228,0.0,1680400
2026-04-07,0.0,192.63108825683594,0.0,192.84027085139178,190.73855041560194,192.5613708579238,0.0,2380300
2026-04-08,0.0,198.22901916503906,0.0,198.48800857379163,197.06361242237944,197.8007139104236,0.0,1240100
2026-04-09,0.0,199.46417236328125,0.0,199.8426860184333,197.65130717166875,198.0298208268208,0.0,1111900
2026-04-10,0.0,198.68724060058594,0.0,200.1415027539658,198.50793905355073,200.12159218122562,0.0,687300
2026-04-13,0.0,200.4602508544922,0.0,200.52998345461415,197.96010611668484,198.21908034804446,0.0,891600
2026-04-14,0.0,202.4723358154297,0.0,202.49224638857734,200.89853419884932,201.20731527065678,0.0,1896800
2026-04-15,0.0,203.56800842285156,0.0,203.66762208341427,201.92448941594165,202.4723341512152,0.0,913400
2026-04-16,0.0,203.51820373535156,0.0,204.06603323656998,202.97035903522345,204.01624160839356,0.0,712700
2026-04-17,0.0,206.10800170898438,0.0,206.62596537815833,204.4047206106643,204.4047206106643,0.0,864300
2026-04-20,0.0,205.77928161621094,0.0,206.0980331456023,205.23143692438794,205.53026268346497,0.0,974400
2026-04-21,0.0,204.6537322998047,0.0,206.85505121761375,204.215456533659,206.54627016389563,0.0,899900
2026-04-22,0.0,206.3570098876953,0.0,206.4366977710177,205.49042885479255,205.87889778667065,0.0,592100
2026-04-23,0.0,205.08204650878906,0.0,206.1677654865168,203.18950856231115,205.75938595838502,0.0,1176400
2026-04-24,0.0,206.5861053466797,0.0,206.9048568835084,205.31112959718462,205.48046065153366,0.0,664400
2026-04-27,0.0,206.37693786621094,0.0,206.60603103389525,205.80916739105567,206.24744315456294,0.0,606400
2026-04-28,0.0,205.10195922851562,0.0,205.78925392079833,204.6138766444096,205.4904281590785,0.0,789900
2026-04-29,0.0,204.95254516601562,0.0,205.55019670816992,204.00627622336305,205.2513709370928,0.0,709500
2026-04-30,0.0,206.4366912841797,0.0,206.73551703752125,204.1955209324817,204.88281560549456,0.0,1126200
2026-05-01,0.0,206.34706115722656,0.0,207.8511301055809,206.3171800998951,207.33316644698525,0.0,785300
2026-05-04,0.0,205.2912139892578,0.0,206.64587758972843,204.54415719191542,205.90877607807653,0.0,1471400
2026-05-05,0.0,206.6857147216797,0.0,206.97456999690306,205.60995110552423,206.35700790572307,0.0,614000
2026-05-06,0.0,209.2157440185547,0.0,209.40500084303955,207.16383040365338,207.37301299884973,0.0,1195700
2026-05-07,0.0,208.63803100585938,0.0,210.06241201733982,208.34916053012205,209.94288779229518,0.0,888500
2026-05-08,0.0,209.6042022705078,0.0,210.19189848472067,209.1460159598641,209.7038159200785,0.0,1151400
2026-05-11,0.0,209.74368286132812,0.0,210.40108132047823,209.23567448968606,209.27552603200434,0.0,972200
2026-05-12,0.0,209.5643768310547,0.0,209.76358894164966,208.10014425987146,208.84720107378496,0.0,1350900
2026-05-13,0.0,210.14208984375,0.0,210.61024663465008,208.86711417459074,209.6540072833262,0.0,901800
2026-05-14,0.0,211.53660583496094,0.0,211.94500054728675,210.331362667934,210.40108006821083,0.0,831400
2026-05-15,0.0,209.6241455078125,0.0,210.74971600633566,209.3950523334007,210.052465997967,0.0,913200
2026-05-18,0.0,210.09228515625,0.0,210.26161620165183,208.68781476926486,209.89307305571307,0.0,1156200
2026-05-19,0.0,208.73764038085938,0.0,209.77356771514093,208.4686956615291,209.1061835599676,0.0,1008300
2026-05-20,0.0,211.39715576171875,0.0,211.39715576171875,208.9368474014672,209.28547999945977,0.0,1042500
2026-05-21,0.0,211.90516662597656,0.0,212.49284768765372,210.14210824203485,210.47081507286535,0.0,1105500
2026-05-22,0.0,213.53872680664062,0.0,214.18616997263567,212.70201161505432,212.99088209753947,0.0,876500
2026-05-26,0.0,214.9431915283203,0.0,215.37151202841176,214.00689303759492,214.85354835350256,0.0,806200
2026-05-27,0.0,214.39535522460938,0.0,215.18224839912605,213.85746579486522,215.08263474208894,0.0,662300
2026-05-28,0.0,215.0328369140625,0.0,215.47111267413607,213.47896118209965,214.71408537986002,0.0,29883600
2026-05-29,0.0,214.6443634033203,0.0,215.59063230207445,214.6443634033203,215.32168760069067,0.0,5294900
2026-06-01,0.0,215.1224822998047,0.0,215.55078757952856,214.11645125756897,214.45511336696595,0.0,2168100
2026-06-02,0.0,214.9332275390625,0.0,215.05275176731323,214.0267949444012,214.1762154286246,0.0,1284500
2026-06-03,0.0,214.7838134765625,0.0,215.13243086101744,214.13635513587292,214.1961172475561,0.0,1870700
2026-06-04,0.0,216.47714233398438,0.0,216.79587866725703,215.28185448612015,215.4113339970233,0.0,2203700
2026-06-05,0.0,212.3035888671875,0.0,215.90937828851338,211.92507521119063,215.29181617517958,0.0,1592900
2026-06-08,0.0,212.9908905029297,0.0,214.8635178737907,212.86139578505637,213.40924051577747,0.0,1316700
2026-06-09,0.0,213.2797393798828,0.0,215.80978035147504,209.82335523605548,213.9371530369652,0.0,1869500
2026-06-10,0.0,211.49676513671875,0.0,215.19219764586654,211.3772409107568,212.74185982018818,0.0,2001400
2026-06-11,0.0,215.05274963378906,0.0,215.83965799239277,212.0446117939827,212.73190649742577,0.0,1859100
2026-06-12,0.0,216.0587921142578,0.0,216.6663989227793,214.10647697902021,215.16231483014388,0.0,1646900
2026-06-15,0.0,218.7290496826172,0.386,219.34772797741087,217.90083109562383,218.4995480967775,0.0,1305900
2026-06-16,0.0,217.29212951660156,0.0,218.89867098414067,217.1224965946881,218.2899809815077,0.0,1165500
2026-06-17,0.0,213.98924255371094,0.0,218.409732439073,213.6200423858292,217.6214212591032,0.0,1757500
2026-06-18,0.0,215.42616271972656,0.0,216.25438130335692,215.20663416859534,215.79536290753555,0.0,1821800
2026-06-22,0.0,215.3662872314453,0.0,216.66349720351297,214.44826569493725,215.41618285075663,0.0,1155000
2026-06-23,0.0,212.55233764648438,0.0,213.52025479730978,212.2829287104028,212.61222152495213,0.0,846900
2026-06-24,0.0,212.73196411132812,0.0,214.30857131134042,212.03347110524814,212.38270999528532,0.0,1174700
2026-06-25,0.0,212.7918243408203,0.0,214.49815704083838,212.0035283850257,214.49815704083838,0.0,1546200
2026-06-26,0.0,213.20095825195312,0.0,214.30857404213845,211.61437799806777,211.9835781861276,0.0,1193700
2026-06-29,0.0,216.82315063476562,0.0,217.12250913673086,214.6977372454248,214.88733147086964,0.0,1321200
2026-06-30,0.0,218.9585418701172,0.0,219.76681435478295,216.9428928531628,217.35201561219017,0.0,2343500
2026-07-01,0.0,218.39974975585938,0.0,219.5871954597478,217.59149248877708,218.30994677640697,0.0,1079100
2026-07-02,0.0,217.960693359375,0.0,219.4774318854187,216.61360298528814,218.8088732151376,0.0,1285800
2026-07-06,0.0,218.0205841064453,0.0,218.93860567781002,217.2821685002145,218.93860567781002,0.0,1255300
2026-07-07,0.0,217.27218627929688,0.0,217.85094196359947,216.77326054034688,217.282159312714,0.0,1653700
2026-07-08,0.0,216.45394897460938,0.0,216.97283602609355,215.12680463150903,216.18452480206872,0.0,1149600
2026-07-09,0.0,218.03054809570312,0.0,218.22014231281676,216.83312936646553,217.40189679180116,0.0,1636000
2026-07-10,0.0,219.21800231933594,0.0,219.28784400803906,217.11253500833612,218.0704639385886,0.0,1370100
2026-07-13,0.0,218.1802215576172,0.0,219.52732715556485,217.89085132580905,218.28001279672642,0.0,1158900
2026-07-14,0.0,218.7689666748047,0.0,219.12819382110837,217.78108821596825,219.12819382110837,0.0,827900
2026-07-15,0.0,219.3277587890625,0.0,219.73688155092424,218.2899847212183,219.72689329146087,0.0,1035100
2026-07-16,0.0,220.1859130859375,0.0,220.68483883014056,219.01842867162298,219.10823165133823,0.0,1270800
2026-07-17,0.0,217.4019012451172,0.0,218.27004240305197,216.90297549554762,217.10255797617987,0.0,922400
2026-07-20,0.0,216.47390747070312,0.0,218.1602789467293,216.38410448968537,218.0604877060392,0.0,735700
2026-07-21,0.0,217.66134643554688,0.0,218.02057357446725,216.9229308649869,217.72121508769942,0.0,960200
2026-07-22,0.0,216.873046875,0.0,217.65136984672722,216.64354528744093,217.0726141348777,0.0,760400
2026-07-23,0.0,215.53591918945312,0.0,216.0248718949022,214.73763496206894,214.777557547741,0.0,672200
2026-07-24,0.0,216.34417724609375,0.0,217.70125586983747,215.42615571032673,215.43612874377882,0.0,635700
2026-07-27,0.0,216.793212890625,0.0,218.34987403111091,216.06478555392707,217.8509482777003,0.0,941100
2026-07-28,0.0,217.9906463623047,0.0,218.64921678347957,217.13249345943464,217.22229644059408,0.0,1094200
2026-07-29,0.0,215.51596069335938,0.0,219.0383752373724,215.44611900653473,216.90297365636164,0.0,1253800
2026-07-30,0.0,218.44964599609375,0.0,218.7490044877911,216.64353723839375,218.52947594228007,0.0,1536200
2026-07-31,0.0,218.8488006591797,0.0,219.36767248207642,216.39407924314628,218.1203580935648,0.0,1349200
2026-08-03,0.0,221.2635955810547,0.0,221.44320154134607,219.44749855496838,219.44749855496838,0.0,752600
2026-08-04,0.0,224.34695434570312,0.0,224.865841388461,221.45317586302028,221.67270441087916,0.0,1190900
2026-08-05,0.0,224.34695434570312,0.0,226.67195016547734,224.09749147095488,226.46239465124637,0.0,1135100
2026-08-06,0.0,224.4866485595703,0.0,224.76604575574785,223.74823298338376,224.51658288587467,0.0,667600
2026-08-07,0.0,225.20510864257812,0.0,225.59427012056213,224.6562872695223,225.18514734919273,0.0,737200
2026-08-10,0.0,225.2550048828125,0.0,225.89362923885125,224.95564638523058,225.59427074126936,0.0,837200
2026-08-11,0.0,224.666259765625,0.0,226.07323403881816,224.48665380360322,226.07323403881816,0.0,1174600
2026-08-12,0.0,224.9656219482422,0.0,225.4845090014843,224.49663051615897,225.3547834316723,0.0,777600
2026-08-13,0.0,226.69189453125,0.0,226.8316083570257,225.7638999526345,225.99340153239874,0.0,757700
2026-08-14,0.0,225.3547821044922,0.0,226.34266058399962,225.1153074859491,226.00339472372642,0.0,683800
2026-08-17,0.0,224.1473846435547,0.0,225.1651821986898,224.07752773090533,225.1651821986898,0.0,680300
2026-08-18,0.0,223.6185302734375,0.0,223.98773046112333,223.12957755044363,223.1495388439959,0.0,727800
2026-08-19,0.0,223.86798095703125,0.0,225.49446848180838,223.67838674362662,224.11744382182582,0.0,1074900
2026-08-20,0.0,221.8223876953125,0.0,223.49877087811285,221.69266213021297,222.76037052540542,0.0,776400
2026-08-21,0.0,222.74041748046875,0.0,223.2493162742335,222.07185878928553,222.8900891180449,0.0,740000
2026-08-24,0.0,223.3191680908203,0.0,223.39899803770706,222.2514596804663,222.5508181747902,0.0,571900
2026-08-25,0.0,223.58859252929688,0.0,223.91787012484622,222.91004559293992,223.8879357979781,0.0,550200
2026-08-26,0.0,223.33912658691406,0.0,223.80810277674124,222.83021258513546,223.28923096748406,0.0,909900
2026-08-27,0.0,224.11744689941406,0.0,224.5764500503763,222.95993553663118,223.38900436148742,0.0,1261900
2026-08-28,0.0,223.13954162597656,0.0,224.82591305230878,222.89007875760802,224.17731568495262,0.0,757800
2026-08-31,0.0,222.14169311523438,0.0,222.90006998983262,221.6028600118141,222.90006998983262,0.0,834400
2026-09-01,0.0,220.5152130126953,0.0,221.53301060095512,220.04622157994572,220.87444016914168,0.0,854800
2026-09-02,0.0,220.92431640625,0.0,221.39330783017246,220.4154176216983,220.7247491510928,0.0,1304200
2026-09-03,0.0,222.9799041748047,0.0,223.18944446444948,221.5729298974529,221.8024314804943,0.0,487700
2026-09-04,0.0,222.10179138183594,0.0,223.20940716926475,221.9920271064689,223.10961592765628,0.0,614700
2026-09-08,0.0,220.3156280517578,0.0,221.52303507752376,219.9863504525546,221.49310075032346,0.0,881300
2026-09-09,0.0,219.08827209472656,0.0,220.42538944554715,218.8887048406647,220.42538944554715,0.0,1410900
2026-09-10,0.0,217.95071411132812,0.0,218.50950849288333,217.45178838122453,218.1602696174138,0.0,905400
2026-09-11,0.0,219.72689819335938,0.0,220.23581220517676,219.3177754223705,219.62712217853652,0.0,1026000
2026-09-14,0.0,219.677001953125,0.0,220.3455758579793,218.87873293277195,218.87873293277195,0.0,767400
2026-09-15,0.0,218.67999267578125,0.473,219.6999969482422,218.1300048828125,219.6999969482422,0.0,1470400
2026-09-16,0.0,217.3699951171875,0.0,219.47000122070312,216.30999755859375,219.47000122070312,0.0,1090600
2026-09-17,0.0,218.9499969482422,0.0,219.77000427246094,217.83999633789062,219.77000427246094,0.0,916400
2026-09-18,0.0,219.17999267578125,0.0,219.3800048828125,218.0800018310547,219.02000427246094,0.0,736300
2026-09-21,0.0,222.92999267578125,0.0,223.55999755859375,219.82000732421875,220.1300048828125,0.0,933300
2026-09-22,0.0,223.07000732421875,0.0,223.35000610351562,222.61000061035156,222.92999267578125,0.0,1076400
2026-09-23,0.0,222.13999938964844,0.0,223.32000732421875,221.8300018310547,223.08999633789062,0.0,926000
2026-09-24,0.0,222.5500030517578,0.0,223.02999877929688,221.44000244140625,221.6300048828125,0.0,968200
2026-09-25,0.0,223.58999633789062,0.0,223.91000366210938,222.22000122070312,222.6999969482422,0.0,761900
2026-09-28,0.0,222.8699951171875,0.0,223.80999755859375,222.08999633789062,223.05999755859375,0.0,1083100
2026-09-29,0.0,223.22999572753906,0.0,223.52999877929688,222.13999938964844,223.35000610351562,0.0,1352300
2026-09-30,0.0,222.24000549316406,0.0,224.36000061035156,222.24000549316406,223.5500030517578,0.0,1545100
2026-10-01,0.0,223.44000244140625,0.0,224.02999877929688,222.25999450683594,223.27999877929688,0.0,1847900
2026-10-02,0.0,224.47999572753906,0.0,225.4600067138672,224.02000427246094,225.4600067138672,0.0,1037200
2026-10-05,0.0,225.8800048828125,0.0,226.3000030517578,224.49000549316406,224.5500030517578,0.0,837300
2026-10-06,0.0,226.47000122070312,0.0,227.0,226.17999267578125,226.5500030517578,0.0,1297700
2026-10-07,0.0,225.89999389648438,0.0,226.32000732421875,225.0399932861328,225.55999755859375,0.0,855700
2026-10-08,0.0,226.1300048828125,0.0,226.55999755859375,225.00999450683594,225.14999389648438,0.0,1300600
2026-10-09,0.0,227.1199951171875,0.0,227.4499969482422,226.1699981689453,226.77000427246094,0.0,639000
