Date,Capital Gains,Close,Dividends,High,Low,Open,Stock Splits,Volume
2020-06-01,0.0,83.57559204101562,0.0,83.58394417388364,83.57559204101562,83.58394417388364,0.0,1600
2020-06-02,0.0,83.578125,0.0,83.58397149491864,83.578125,83.58397149491864,0.0,4000
2020-06-03,0.0,83.57979583740234,0.0,83.57979583740234,83.57979583740234,83.57979583740234,0.0,100
2020-06-04,0.0,83.57979583740234,0.0,83.58481349446184,83.56726125826769,83.56726125826769,0.0,2400
2020-06-05,0.0,83.57559204101562,0.0,83.58394417388364,83.57559204101562,83.58394417388364,0.0,400
2020-06-08,0.0,83.57559204101562,0.0,83.57559204101562,83.57559204101562,83.57559204101562,0.0,100
2020-06-09,0.0,83.57559204101562,0.0,83.57559204101562,83.57559204101562,83.57559204101562,0.0,100
2020-06-10,0.0,83.57979583740234,0.0,83.58397190522187,83.57979583740234,83.58397190522187,0.0,12300
2020-06-11,0.0,83.57979583740234,0.0,83.592330416537,83.57979583740234,83.58397190522187,0.0,7587100
2020-06-12,0.0,83.57979583740234,0.0,83.58397190522187,83.57561976958281,83.57561976958281,0.0,4900
2020-06-15,0.0,83.57979583740234,0.0,83.58397190522187,83.57979583740234,83.58397190522187,0.0,8500
2020-06-16,0.0,83.57979583740234,0.0,83.57979583740234,83.57979583740234,83.57979583740234,0.0,100
2020-06-17,0.0,83.58395385742188,0.0,83.5923123669322,83.57977779050407,83.5923123669322,0.0,4600
2020-06-18,0.0,83.58731842041016,0.0,83.59232970175074,83.5839711905071,83.59232970175074,0.0,19600
2020-06-19,0.0,83.58814239501953,0.0,83.59148324879739,83.58395995212206,83.58814239501953,0.0,5600
2020-06-22,0.0,83.58395385742188,0.0,83.5923123669322,83.57560172358625,83.5923123669322,0.0,22500
2020-06-23,0.0,83.58395385742188,0.0,83.5923123669322,83.58395385742188,83.5923123669322,0.0,1500
2020-06-24,0.0,83.58395385742188,0.0,83.5923123669322,83.57560172358625,83.57560172358625,0.0,17100
2020-06-25,0.0,83.58395385742188,0.0,83.58395385742188,83.57560172358625,83.58395385742188,0.0,10700
2020-06-26,0.0,83.57979583740234,0.0,83.592330416537,83.57561976958281,83.592330416537,0.0,51200
2020-06-29,0.0,83.58814239501953,0.0,83.58814239501953,83.58395995212206,83.58814239501953,0.0,3700
2020-06-30,0.0,83.58814239501953,0.0,83.58814239501953,83.58814239501953,83.58814239501953,0.0,700
2020-07-01,0.0,83.58479309082031,0.006,83.58896940832781,83.58479309082031,83.58896940832781,0.0,15100
2020-07-02,0.0,83.58983612060547,0.0,83.59735349437379,83.58899448079426,83.58899448079426,0.0,5300
2020-07-06,0.0,83.58479309082031,0.0,83.58896940832781,83.58479309082031,83.58479309082031,0.0,2400
2020-07-07,0.0,83.58479309082031,0.0,83.58896940832781,83.58145203681431,83.58145203681431,0.0,3900
2020-07-08,0.0,83.58479309082031,0.0,83.59732841940006,83.58479309082031,83.58896940832781,0.0,18700
2020-07-09,0.0,83.5931625366211,0.0,83.5973388546499,83.5931625366211,83.5973388546499,0.0,400
2020-07-10,0.0,83.5965347290039,0.0,83.59736999292079,83.59319367333637,83.59736999292079,0.0,26400
2020-07-13,0.0,83.5931625366211,0.0,83.5973388546499,83.5931625366211,83.5973388546499,0.0,1000
2020-07-14,0.0,83.58895874023438,0.0,83.59731775023981,83.5806061062854,83.58895874023438,0.0,6500
2020-07-15,0.0,83.58895874023438,0.0,83.59731775023981,83.58561768665479,83.59731775023981,0.0,9100
2020-07-16,0.0,83.58895874023438,0.0,83.59731775023981,83.5806061062854,83.59731775023981,0.0,14700
2020-07-17,0.0,83.58895874023438,0.0,83.59731775023981,83.58895874023438,83.59731775023981,0.0,18300
2020-07-20,0.0,83.58895874023438,0.0,83.59731775023981,83.58895874023438,83.59731775023981,0.0,1200
2020-07-21,0.0,83.58895874023438,0.0,83.59731775023981,83.5806061062854,83.59731775023981,0.0,157200
2020-07-22,0.0,83.58895874023438,0.0,83.59731775023981,83.5806061062854,83.59731775023981,0.0,9000
2020-07-23,0.0,83.58895874023438,0.0,83.59731775023981,83.5806061062854,83.58895874023438,0.0,10600
2020-07-24,0.0,83.58895874023438,0.0,83.59731775023981,83.58895874023438,83.58895874023438,0.0,1400
2020-07-27,0.0,83.58895874023438,0.0,83.59731775023981,83.58895874023438,83.59731775023981,0.0,23900
2020-07-28,0.0,83.58895874023438,0.0,83.59731775023981,83.5806061062854,83.59731775023981,0.0,16000
2020-07-29,0.0,83.5931625366211,0.0,83.5973388546499,83.58897984253421,83.5973388546499,0.0,1600
2020-07-30,0.0,83.58895874023438,0.0,83.60567676024525,83.5806061062854,83.59731775023981,0.0,17000
2020-07-31,0.0,83.5931625366211,0.0,83.5973388546499,83.5931625366211,83.5973388546499,0.0,1400
2020-08-03,0.0,83.59397888183594,0.011,83.59397888183594,83.59397888183594,83.59397888183594,0.0,300
2020-08-04,0.0,83.59397888183594,0.0,83.59815565831185,83.58980210536004,83.59815565831185,0.0,1400
2020-08-05,0.0,83.59397888183594,0.0,83.59815565831185,83.58980210536004,83.58980210536004,0.0,12800
2020-08-06,0.0,83.59397888183594,0.0,83.59815565831185,83.58980210536004,83.58980210536004,0.0,21500
2020-08-07,0.0,83.59813690185547,0.0,83.60649682968959,83.59813690185547,83.59813690185547,0.0,10000
2020-08-10,0.0,83.59397888183594,0.0,83.59815565831185,83.58144217565024,83.59815565831185,0.0,25600
2020-08-11,0.0,83.59397888183594,0.0,83.59815565831185,83.59397888183594,83.59815565831185,0.0,20600
2020-08-12,0.0,83.59813690185547,0.0,83.60649682968959,83.58978335077788,83.58978335077788,0.0,291300
2020-08-13,0.0,83.59813690185547,0.0,83.59813690185547,83.59646619163995,83.59646619163995,0.0,600
2020-08-14,0.0,83.60232543945312,0.0,83.60650221526096,83.60232543945312,83.60650221526096,0.0,28700
2020-08-17,0.0,83.60232543945312,0.0,83.60650221526096,83.59814228688832,83.60650221526096,0.0,44700
2020-08-18,0.0,83.59813690185547,0.0,83.60649682968959,83.58978335077788,83.60649682968959,0.0,8300
2020-08-19,0.0,83.60401916503906,0.0,83.60652523121367,83.60401916503906,83.60652523121367,0.0,2900
2020-08-20,0.0,83.59813690185547,0.0,83.60649682968959,83.59813690185547,83.60649682968959,0.0,3000
2020-08-21,0.0,83.59813690185547,0.0,83.60649682968959,83.58978335077788,83.58978335077788,0.0,11500
2020-08-24,0.0,83.59813690185547,0.0,83.60649682968959,83.59813690185547,83.60649682968959,0.0,11300
2020-08-25,0.0,83.60232543945312,0.0,83.60650221526096,83.59229480075734,83.59814228688832,0.0,6700
2020-08-26,0.0,83.58980560302734,0.0,83.6065190863883,83.58980560302734,83.58980560302734,0.0,26000
2020-08-27,0.0,83.60653686523438,0.0,83.60653686523438,83.5898233783193,83.5898233783193,0.0,61700
2020-08-28,0.0,83.59813690185547,0.0,83.60649682968959,83.59813690185547,83.59813690185547,0.0,700
2020-08-31,0.0,83.59813690185547,0.0,83.60649682968959,83.58978335077788,83.59813690185547,0.0,20500
2020-09-01,0.0,83.58732604980469,0.007,83.60404070904362,83.58732604980469,83.60404070904362,0.0,44000
2020-09-02,0.0,83.59566497802734,0.0,83.60401911688578,83.58730446196368,83.60401911688578,0.0,14200
2020-09-03,0.0,83.5998306274414,0.0,83.60400769630002,83.5956535585828,83.60233686875657,0.0,3200
2020-09-04,0.0,83.5998306274414,0.0,83.60400769630002,83.5998306274414,83.60400769630002,0.0,500
2020-09-08,0.0,83.5998306274414,0.0,83.60400769630002,83.5956535585828,83.5956535585828,0.0,2200
2020-09-09,0.0,83.60400390625,0.0,83.61236442079259,83.5956497689115,83.60400390625,0.0,58600
2020-09-10,0.0,83.5998306274414,0.0,83.60400769630002,83.5956535585828,83.60400769630002,0.0,1600
2020-09-11,0.0,83.5998306274414,0.0,83.60400769630002,83.5998306274414,83.60317228252829,0.0,12500
2020-09-14,0.0,83.5998306274414,0.0,83.60400769630002,83.5956535585828,83.59648897235452,0.0,4900
2020-09-15,0.0,83.5998306274414,0.0,83.60400769630002,83.5956535585828,83.60400769630002,0.0,14800
2020-09-16,0.0,83.5998306274414,0.0,83.60400769630002,83.5998306274414,83.5998306274414,0.0,2500
2020-09-17,0.0,83.5998306274414,0.0,83.60400769630002,83.5956535585828,83.60400769630002,0.0,3000
2020-09-18,0.0,83.5998306274414,0.0,83.61236821122161,83.5956535585828,83.61236821122161,0.0,800
2020-09-21,0.0,83.5998306274414,0.0,83.60400769630002,83.5998306274414,83.60400769630002,0.0,58500
2020-09-22,0.0,83.5998306274414,0.0,83.60400769630002,83.59815979989796,83.60400769630002,0.0,16400
2020-09-23,0.0,83.5998306274414,0.0,83.60400769630002,83.5998306274414,83.60400769630002,0.0,11400
2020-09-24,0.0,83.5998306274414,0.0,83.60400769630002,83.5956535585828,83.5998306274414,0.0,11000
2020-09-25,0.0,83.60400390625,0.0,83.61236442079259,83.60400390625,83.60400390625,0.0,800
2020-09-28,0.0,83.60400390625,0.0,83.61236442079259,83.60400390625,83.60818735212334,0.0,485200
2020-09-29,0.0,83.60400390625,0.0,83.61236442079259,83.60400390625,83.61236442079259,0.0,3300
2020-09-30,0.0,83.60400390625,0.0,83.61236442079259,83.5956497689115,83.61236442079259,0.0,900
2020-10-01,0.0,83.60400390625,0.005,83.60818118362666,83.60233299529934,83.60818118362666,0.0,31100
2020-10-02,0.0,83.59984588623047,0.0,83.60820044290826,83.5914849520285,83.59649768603516,0.0,15000
2020-10-05,0.0,83.60736846923828,0.0,83.60820392494085,83.60736846923828,83.60820392494085,0.0,40200
2020-10-06,0.0,83.60400390625,0.0,83.60818118362666,83.59982662887334,83.60734572815132,0.0,28100
2020-10-07,0.0,83.60400390625,0.0,83.61654211590266,83.59982662887334,83.59982662887334,0.0,59500
2020-10-08,0.0,83.60400390625,0.0,83.60818118362666,83.59982662887334,83.60734572815132,0.0,44300
2020-10-09,0.0,83.60400390625,0.0,83.60818118362666,83.60400390625,83.60818118362666,0.0,11100
2020-10-12,0.0,83.60400390625,0.0,83.60818118362666,83.59982662887334,83.60734572815132,0.0,23100
2020-10-13,0.0,83.60400390625,0.0,83.60818118362666,83.59982662887334,83.59982662887334,0.0,48400
2020-10-14,0.0,83.60400390625,0.0,83.60818118362666,83.60400390625,83.60400390625,0.0,17000
2020-10-15,0.0,83.60400390625,0.0,83.6332639804547,83.60400390625,83.60818118362666,0.0,115600
2020-10-16,0.0,83.60400390625,0.0,83.60818118362666,83.59982662887334,83.59982662887334,0.0,8200
2020-10-19,0.0,83.60400390625,0.0,83.60818118362666,83.60400390625,83.60818118362666,0.0,14600
2020-10-20,0.0,83.60400390625,0.0,83.60818118362666,83.59982662887334,83.59982662887334,0.0,11400
2020-10-21,0.0,83.60400390625,0.0,83.60818118362666,83.59982662887334,83.60651027267599,0.0,17100
2020-10-22,0.0,83.60400390625,0.0,83.60818118362666,83.60400390625,83.60734572815132,0.0,16100
2020-10-23,0.0,83.60819244384766,0.0,83.61655337724972,83.60819244384766,83.61488246607401,0.0,15200
2020-10-26,0.0,83.60819244384766,0.0,83.61655337724972,83.60735698825981,83.60735698825981,0.0,3400
2020-10-27,0.0,83.60819244384766,0.0,83.61655337724972,83.59983788796917,83.60401516590841,0.0,7700
2020-10-28,0.0,83.60819244384766,0.0,83.61655337724972,83.60568607708412,83.60819244384766,0.0,6100
2020-10-29,0.0,83.60819244384766,0.0,83.61655337724972,83.60150879914487,83.60485062149625,0.0,2100
2020-10-30,0.0,83.60819244384766,0.0,83.61655337724972,83.59983788796917,83.60986973254693,0.0,5000
2020-11-02,0.0,83.61238098144531,0.005,83.61238098144531,83.60736799679424,83.60820349423608,0.0,2100
2020-11-03,0.0,83.60820007324219,0.0,83.61237756028049,83.60820007324219,83.61237756028049,0.0,4200
2020-11-04,0.0,83.60820007324219,0.0,83.61237756028049,83.60820007324219,83.61237756028049,0.0,500
2020-11-05,0.0,83.60820007324219,0.0,83.61237756028049,83.60736457583452,83.60736457583452,0.0,2300
2020-11-06,0.0,83.60820007324219,0.0,83.61237756028049,83.60820007324219,83.61154206287283,0.0,3000
2020-11-09,0.0,83.61238098144531,0.0,83.61238098144531,83.60402600702685,83.60820349423608,0.0,11200
2020-11-10,0.0,83.60820007324219,0.0,83.61237756028049,83.60820007324219,83.60820007324219,0.0,2000
2020-11-11,0.0,83.60820007324219,0.0,83.61237756028049,83.60820007324219,83.61070656546516,0.0,8700
2020-11-12,0.0,83.60820007324219,0.0,83.61237756028049,83.60820007324219,83.60820007324219,0.0,3300
2020-11-13,0.0,83.60820007324219,0.0,83.61237756028049,83.60402258620388,83.60402258620388,0.0,35500
2020-11-16,0.0,83.60820007324219,0.0,83.61237756028049,83.60402258620388,83.61154206287283,0.0,5800
2020-11-17,0.0,83.60820007324219,0.0,83.61237756028049,83.60402258620388,83.60820007324219,0.0,2100
2020-11-18,0.0,83.61238098144531,0.0,83.61322285673023,83.60402600702685,83.60903899167793,0.0,782700
2020-11-19,0.0,83.60820007324219,0.0,83.62073891219991,83.60402258620388,83.60402258620388,0.0,190100
2020-11-20,0.0,83.60820007324219,0.0,83.62073891219991,83.60402258620388,83.60987106805752,0.0,7900
2020-11-23,0.0,83.61238098144531,0.0,83.61656484649761,83.60402600702685,83.61656484649761,0.0,4300
2020-11-24,0.0,83.61238098144531,0.0,83.62074233370684,83.60402600702685,83.619906836265,0.0,11700
2020-11-25,0.0,83.60401153564453,0.0,83.61905686483658,83.60401153564453,83.61905686483658,0.0,4600
2020-11-27,0.0,83.61238098144531,0.0,83.62074233370684,83.61238098144531,83.62074233370684,0.0,7900
2020-11-30,0.0,83.61238098144531,0.0,83.619906836265,83.60402600702685,83.60402600702685,0.0,8600
2020-12-01,0.0,83.60820770263672,0.005,83.61656309495324,83.60820770263672,83.60820770263672,0.0,9900
2020-12-02,0.0,83.60820770263672,0.0,83.61656309495324,83.60820770263672,83.60820770263672,0.0,9900
2020-12-03,0.0,83.61238098144531,0.0,83.61655867738286,83.60820328550777,83.60820328550777,0.0,23100
2020-12-04,0.0,83.61238098144531,0.0,83.61655867738286,83.60820328550777,83.60820328550777,0.0,15100
2020-12-07,0.0,83.60820770263672,0.0,83.61656309495324,83.60820770263672,83.60904324186838,0.0,44500
2020-12-08,0.0,83.60820770263672,0.0,83.61656309495324,83.60820770263672,83.61656309495324,0.0,65900
2020-12-09,0.0,83.60820770263672,0.0,83.61656309495324,83.60820770263672,83.60904324186838,0.0,7900
2020-12-10,0.0,83.61238098144531,0.0,83.6249204474197,83.60820328550777,83.61655867738286,0.0,35600
2020-12-11,0.0,83.61238098144531,0.0,83.61655867738286,83.60820328550777,83.61488759900784,0.0,32600
2020-12-14,0.0,83.61238098144531,0.0,83.6249204474197,83.60820328550777,83.61655867738286,0.0,46400
2020-12-15,0.0,83.61238098144531,0.0,83.6249204474197,83.60820328550777,83.61655867738286,0.0,82600
2020-12-16,0.0,83.62076568603516,0.0,83.6249433831185,83.6165816107883,83.6165816107883,0.0,6600
2020-12-17,0.0,83.61737823486328,0.006,83.6215561804888,83.61320028923777,83.61403587836287,0.0,13100
2020-12-18,0.0,83.61737823486328,0.0,83.6215561804888,83.61320028923777,83.6215561804888,0.0,73300
2020-12-21,0.0,83.61737823486328,0.0,83.6215561804888,83.61320028923777,83.61320028923777,0.0,36200
2020-12-22,0.0,83.61737823486328,0.0,83.6215561804888,83.61320028923777,83.61320028923777,0.0,80000
2020-12-23,0.0,83.61320495605469,0.0,83.6215608477721,83.61320495605469,83.6215608477721,0.0,48200
2020-12-24,0.0,83.61320495605469,0.0,83.6215608477721,83.61320495605469,83.6173829019134,0.0,22300
2020-12-28,0.0,83.61320495605469,0.0,83.6215608477721,83.61320495605469,83.61404054522643,0.0,46400
2020-12-29,0.0,83.61320495605469,0.0,83.6215608477721,83.61320495605469,83.6215608477721,0.0,47300
2020-12-30,0.0,83.61737823486328,0.0,83.6215561804888,83.61403587836287,83.6215561804888,0.0,3700
2020-12-31,0.0,83.61737823486328,0.0,83.6215561804888,83.61320028923777,83.61320028923777,0.0,47200
2021-01-04,0.0,83.61737823486328,0.0,83.6215561804888,83.61320028923777,83.6215561804888,0.0,74600
2021-01-05,0.0,83.61737823486328,0.0,83.6215561804888,83.61320028923777,83.61737823486328,0.0,4400
2021-01-06,0.0,83.61320495605469,0.0,83.6215608477721,83.61320495605469,83.6215608477721,0.0,15200
2021-01-07,0.0,83.61737823486328,0.0,83.6215561804888,83.61320028923777,83.6215561804888,0.0,42200
2021-01-08,0.0,83.61737823486328,0.0,83.62072059136369,83.61320028923777,83.61403587836287,0.0,39000
2021-01-11,0.0,83.61737823486328,0.0,83.6215561804888,83.61320028923777,83.61320028923777,0.0,21900
2021-01-12,0.0,83.61737823486328,0.0,83.6215561804888,83.61320028923777,83.61320028923777,0.0,19000
2021-01-13,0.0,83.61320495605469,0.0,83.6215608477721,83.61320495605469,83.6215608477721,0.0,9400
2021-01-14,0.0,83.61320495605469,0.0,83.6215608477721,83.61320495605469,83.61404054522643,0.0,67400
2021-01-15,0.0,83.61737823486328,0.0,83.6215561804888,83.61320028923777,83.61737823486328,0.0,19200
2021-01-19,0.0,83.61320495605469,0.0,83.6215608477721,83.61320495605469,83.61320495605469,0.0,125000
2021-01-20,0.0,83.61737823486328,0.0,83.6215561804888,83.61320028923777,83.61737823486328,0.0,154100
2021-01-21,0.0,83.61737823486328,0.0,83.6215561804888,83.61737823486328,83.61988500223859,0.0,21600
2021-01-22,0.0,83.61737823486328,0.0,83.6215561804888,83.61320028923777,83.6215561804888,0.0,63200
2021-01-25,0.0,83.6215591430664,0.0,83.6215591430664,83.61320325151935,83.61738119729289,0.0,68000
2021-01-26,0.0,83.6215591430664,0.0,83.6215591430664,83.61320325151935,83.61738119729289,0.0,62500
2021-01-27,0.0,83.6215591430664,0.0,83.6215591430664,83.61403884067406,83.61738119729289,0.0,101900
2021-01-28,0.0,83.6215591430664,0.0,83.6215591430664,83.61403884067406,83.6215591430664,0.0,21500
2021-01-29,0.0,83.6215591430664,0.0,83.6215591430664,83.61320325151935,83.6215591430664,0.0,40400
2021-02-01,0.0,83.6215591430664,0.005,83.62573729759117,83.61738098854165,83.61905225035156,0.0,68800
2021-02-02,0.0,83.61738586425781,0.0,83.62574217379458,83.61738586425781,83.61738586425781,0.0,54200
2021-02-03,0.0,83.61738586425781,0.0,83.62574217379458,83.61738586425781,83.62574217379458,0.0,56000
2021-02-04,0.0,83.61738586425781,0.0,83.62574217379458,83.61738586425781,83.62574217379458,0.0,136900
2021-02-05,0.0,83.6215591430664,0.0,83.62573729759117,83.61738098854165,83.62573729759117,0.0,71500
2021-02-08,0.0,83.6215591430664,0.0,83.62573729759117,83.61738098854165,83.62573729759117,0.0,106700
2021-02-09,0.0,83.61738586425781,0.0,83.62574217379458,83.61738586425781,83.62574217379458,0.0,34100
2021-02-10,0.0,83.6215591430664,0.0,83.62573729759117,83.61738098854165,83.62573729759117,0.0,47600
2021-02-11,0.0,83.6215591430664,0.0,83.62573729759117,83.61738098854165,83.6215591430664,0.0,76400
2021-02-12,0.0,83.6215591430664,0.0,83.62573729759117,83.61738098854165,83.62573729759117,0.0,29700
2021-02-16,0.0,83.6215591430664,0.0,83.62573729759117,83.61738098854165,83.61738098854165,0.0,28700
2021-02-17,0.0,83.61738586425781,0.0,83.62574217379458,83.61738586425781,83.61738586425781,0.0,47900
2021-02-18,0.0,83.6215591430664,0.0,83.62573729759117,83.61738098854165,83.62573729759117,0.0,65700
2021-02-19,0.0,83.6215591430664,0.0,83.62573729759117,83.61738098854165,83.62573729759117,0.0,25300
2021-02-22,0.0,83.6215591430664,0.0,83.62573729759117,83.61738098854165,83.6215591430664,0.0,28600
2021-02-23,0.0,83.6215591430664,0.0,83.62573729759117,83.61738098854165,83.61738098854165,0.0,48200
2021-02-24,0.0,83.62577056884766,0.0,83.62577056884766,83.61741425647351,83.61741425647351,0.0,67500
2021-02-25,0.0,83.61738586425781,0.0,83.62574217379458,83.61738586425781,83.62574217379458,0.0,52100
2021-02-26,0.0,83.6215591430664,0.0,83.62573729759117,83.61738098854165,83.6215591430664,0.0,33700
2021-03-01,0.0,83.63410949707031,0.0,83.63410949707031,83.62574680820785,83.62574680820785,0.0,19900
2021-03-02,0.0,83.63410949707031,0.0,83.63410949707031,83.61739049820798,83.62156865320792,0.0,199600
2021-03-03,0.0,83.61738586425781,0.0,83.6341048621936,83.61738586425781,83.6341048621936,0.0,29500
2021-03-04,0.0,83.62577056884766,0.0,83.63413326008622,83.61741425647351,83.62577056884766,0.0,16300
2021-03-05,0.0,83.62577056884766,0.0,83.62995510389914,83.61741425647351,83.61741425647351,0.0,13400
2021-03-08,0.0,83.62577056884766,0.0,83.62577056884766,83.61741425647351,83.61741425647351,0.0,30000
2021-03-09,0.0,83.6215591430664,0.0,83.62573729759117,83.6182166194466,83.62573729759117,0.0,24600
2021-03-10,0.0,83.62577056884766,0.0,83.62577056884766,83.61741425647351,83.62577056884766,0.0,17800
2021-03-11,0.0,83.6215591430664,0.0,83.63242872369266,83.6182166194466,83.62573729759117,0.0,14600
2021-03-12,0.0,83.6215591430664,0.0,83.63409998550256,83.61738098854165,83.63409998550256,0.0,19800
2021-03-15,0.0,83.62577056884766,0.0,83.62577056884766,83.61741425647351,83.622428043898,0.0,16800
2021-03-16,0.0,83.62994384765625,0.0,83.63412200328096,83.62575931316799,83.62575931316799,0.0,12500
2021-03-17,0.0,83.62994384765625,0.0,83.63412200328096,83.62575931316799,83.63412200328096,0.0,5700
2021-03-18,0.0,83.62577056884766,0.0,83.63413326008622,83.62577056884766,83.63413326008622,0.0,15900
2021-03-19,0.0,83.62994384765625,0.0,83.62994384765625,83.62575931316799,83.62994384765625,0.0,12700
2021-03-22,0.0,83.62660217285156,0.0,83.63412285305246,83.62576016285452,83.6299446973853,0.0,26500
2021-03-23,0.0,83.6324234008789,0.0,83.63409466258244,83.62573197520331,83.6299165083236,0.0,103200
2021-03-24,0.0,83.62994384765625,0.0,83.63412200328096,83.62575931316799,83.63412200328096,0.0,41300
2021-03-25,0.0,83.62577056884766,0.0,83.63413326008622,83.62577056884766,83.63246199761139,0.0,14500
2021-03-26,0.0,83.62994384765625,0.0,83.63412200328096,83.62575931316799,83.63412200328096,0.0,20500
2021-03-29,0.0,83.6215591430664,0.0,83.63409998550256,83.6215591430664,83.62573729759117,0.0,109300
2021-03-30,0.0,83.62994384765625,0.0,83.63412200328096,83.62575931316799,83.62994384765625,0.0,4300
2021-03-31,0.0,83.6215591430664,0.0,83.63409998550256,83.61738098854165,83.61738098854165,0.0,67300
2021-04-01,0.0,83.63079071044922,0.001,83.63496890838324,83.62660613358706,83.62660613358706,0.0,7900
2021-04-05,0.0,83.62661743164062,0.0,83.62661743164062,83.61826103464364,83.62661743164062,0.0,110600
2021-04-06,0.0,83.63494873046875,0.0,83.63494873046875,83.6265859576902,83.63077053354277,0.0,24800
2021-04-07,0.0,83.62661743164062,0.0,83.63498020756661,83.62661743164062,83.63498020756661,0.0,58000
2021-04-08,0.0,83.63494873046875,0.0,83.63494873046875,83.6265859576902,83.63494873046875,0.0,31400
2021-04-09,0.0,83.62661743164062,0.0,83.63498020756661,83.62661743164062,83.63498020756661,0.0,14000
2021-04-12,0.0,83.62661743164062,0.0,83.63498020756661,83.62661743164062,83.63080200906812,0.0,68200
2021-04-13,0.0,83.63079071044922,0.0,83.63496890838324,83.62660613358706,83.63496890838324,0.0,21200
2021-04-14,0.0,83.63079071044922,0.0,83.63496890838324,83.62660613358706,83.62660613358706,0.0,38400
2021-04-15,0.0,83.63079071044922,0.0,83.63496890838324,83.62660613358706,83.63079071044922,0.0,52700
2021-04-16,0.0,83.63494873046875,0.0,83.63494873046875,83.6265859576902,83.6265859576902,0.0,183400
2021-04-19,0.0,83.63494873046875,0.0,83.63494873046875,83.6265859576902,83.6265859576902,0.0,199900
2021-04-20,0.0,83.63079071044922,0.0,83.63496890838324,83.62660613358706,83.63496890838324,0.0,83000
2021-04-21,0.0,83.62661743164062,0.0,83.63498020756661,83.62661743164062,83.63498020756661,0.0,19700
2021-04-22,0.0,83.63494873046875,0.0,83.63494873046875,83.6265859576902,83.63077053354277,0.0,31300
2021-04-23,0.0,83.63494873046875,0.0,83.63494873046875,83.6265859576902,83.6265859576902,0.0,30000
2021-04-26,0.0,83.62661743164062,0.0,83.63498020756661,83.62661743164062,83.63498020756661,0.0,98100
2021-04-27,0.0,83.62661743164062,0.0,83.63498020756661,83.62661743164062,83.63498020756661,0.0,47200
2021-04-28,0.0,83.63079071044922,0.0,83.63496890838324,83.62660613358706,83.63496890838324,0.0,21100
2021-04-29,0.0,83.63494873046875,0.0,83.63494873046875,83.6265859576902,83.6265859576902,0.0,27800
2021-04-30,0.0,83.63494873046875,0.0,83.63494873046875,83.6265859576902,83.63077053354277,0.0,16200
2021-05-03,0.0,83.63829040527344,0.004,83.63829040527344,83.62992729835625,83.63829040527344,0.0,65300
2021-05-04,0.0,83.62995910644531,0.0,83.63832221654336,83.62995910644531,83.63832221654336,0.0,20500
2021-05-05,0.0,83.6341323852539,0.0,83.63831075013813,83.62994764118665,83.63162536632336,0.0,27300
2021-05-06,0.0,83.6341323852539,0.0,83.6341323852539,83.62994764118665,83.6341323852539,0.0,16400
2021-05-07,0.0,83.63162231445312,0.0,83.63830769802394,83.62994458937763,83.63830769802394,0.0,20200
2021-05-10,0.0,83.63829040527344,0.0,83.63829040527344,83.62992729835625,83.63829040527344,0.0,39500
2021-05-11,0.0,83.62995910644531,0.0,83.63832221654336,83.62995910644531,83.63832221654336,0.0,39300
2021-05-12,0.0,83.6341323852539,0.0,83.63831075013813,83.62994764118665,83.6341323852539,0.0,28100
2021-05-13,0.0,83.62995910644531,0.0,83.63832221654336,83.62995910644531,83.6341438510863,0.0,58500
2021-05-14,0.0,83.6341323852539,0.0,83.63831075013813,83.62994764118665,83.63831075013813,0.0,22300
2021-05-17,0.0,83.62995910644531,0.0,83.63832221654336,83.62995910644531,83.62995910644531,0.0,10700
2021-05-18,0.0,83.6341323852539,0.0,83.63831075013813,83.62994764118665,83.63831075013813,0.0,22500
2021-05-19,0.0,83.62995910644531,0.0,83.63832221654336,83.62995910644531,83.63832221654336,0.0,48500
2021-05-20,0.0,83.62995910644531,0.0,83.63832221654336,83.62995910644531,83.63832221654336,0.0,40300
2021-05-21,0.0,83.62995910644531,0.0,83.63832221654336,83.62995910644531,83.63080115872063,0.0,16300
2021-05-24,0.0,83.63660430908203,0.0,83.63827565433441,83.62991254889218,83.63827565433441,0.0,11300
2021-05-25,0.0,83.63829040527344,0.0,83.63829040527344,83.62992729835625,83.62992729835625,0.0,15000
2021-05-26,0.0,83.6341323852539,0.0,83.63831075013813,83.62994764118665,83.6341323852539,0.0,8100
2021-05-27,0.0,83.62995910644531,0.0,83.63832221654336,83.62995910644531,83.62995910644531,0.0,13600
2021-05-28,0.0,83.63829040527344,0.0,83.63829040527344,83.62992729835625,83.62992729835625,0.0,9200
2021-06-01,0.0,83.63581848144531,0.002,83.63999693056698,83.631633653012,83.631633653012,0.0,16300
2021-06-02,0.0,83.63581848144531,0.0,83.63999693056698,83.631633653012,83.63999693056698,0.0,17300
2021-06-03,0.0,83.6316146850586,0.0,83.63997796071675,83.6316146850586,83.6316146850586,0.0,18600
2021-06-04,0.0,83.6316146850586,0.0,83.63997796071675,83.6316146850586,83.63579951254276,0.0,17600
2021-06-07,0.0,83.63330078125,0.0,83.63998629899487,83.63162302250295,83.63998629899487,0.0,24300
2021-06-08,0.0,83.63995361328125,0.0,83.63995361328125,83.63159034005763,83.63995361328125,0.0,22700
2021-06-09,0.0,83.63581848144531,0.0,83.63999693056698,83.631633653012,83.63581848144531,0.0,23600
2021-06-10,0.0,83.63581848144531,0.0,83.63999693056698,83.631633653012,83.63581848144531,0.0,33600
2021-06-11,0.0,83.63581848144531,0.0,83.63999693056698,83.631633653012,83.63999693056698,0.0,9300
2021-06-14,0.0,83.63581848144531,0.0,83.63999693056698,83.631633653012,83.63999693056698,0.0,42200
2021-06-15,0.0,83.63581848144531,0.0,83.63999693056698,83.63331141197231,83.63999693056698,0.0,10900
2021-06-16,0.0,83.63581848144531,0.0,83.63999693056698,83.631633653012,83.63999693056698,0.0,26600
2021-06-17,0.0,83.63330078125,0.0,83.63998629899487,83.63162302250295,83.63998629899487,0.0,32000
2021-06-18,0.0,83.6274185180664,0.0,83.63996023924123,83.62324007077774,83.63327472357938,0.0,16900
2021-06-21,0.0,83.6274185180664,0.0,83.63159696535507,83.6274185180664,83.63159696535507,0.0,21000
2021-06-22,0.0,83.63995361328125,0.0,83.63995361328125,83.63159034005763,83.63159034005763,0.0,19400
2021-06-23,0.0,83.6316146850586,0.0,83.63997796071675,83.6282719265194,83.63997796071675,0.0,55700
2021-06-24,0.0,83.6316146850586,0.0,83.63997796071675,83.6316146850586,83.63997796071675,0.0,17300
2021-06-25,0.0,83.63995361328125,0.0,83.63995361328125,83.63159034005763,83.63326809814902,0.0,21100
2021-06-28,0.0,83.6316146850586,0.0,83.63997796071675,83.6316146850586,83.63997796071675,0.0,21100
2021-06-29,0.0,83.63581848144531,0.0,83.63999693056698,83.631633653012,83.63247572214797,0.0,37700
2021-06-30,0.0,83.63581848144531,0.0,83.63999693056698,83.631633653012,83.63581848144531,0.0,33200
2021-07-01,0.0,83.6341323852539,0.002,83.6416537426594,83.63329029943752,83.63329029943752,0.0,19300
2021-07-02,0.0,83.6341323852539,0.0,83.6416537426594,83.63329029943752,83.640818036281,0.0,4800
2021-07-06,0.0,83.63748168945312,0.0,83.64166022166874,83.63329677779902,83.64166022166874,0.0,22700
2021-07-07,0.0,83.63328552246094,0.0,83.64164896520512,83.62492845915439,83.64164896520512,0.0,11700
2021-07-08,0.0,83.63328552246094,0.0,83.64164896520512,83.63328552246094,83.63328552246094,0.0,33700
2021-07-09,0.0,83.63328552246094,0.0,83.64164896520512,83.63328552246094,83.63328552246094,0.0,10500
2021-07-12,0.0,83.63328552246094,0.0,83.64164896520512,83.62492845915439,83.64164896520512,0.0,8000
2021-07-13,0.0,83.63748168945312,0.0,83.64166022166874,83.63329677779902,83.63329677779902,0.0,15200
2021-07-14,0.0,83.63328552246094,0.0,83.64164896520512,83.62492845915439,83.64081325887446,0.0,12500
2021-07-15,0.0,83.63328552246094,0.0,83.64164896520512,83.62492845915439,83.62492845915439,0.0,8400
2021-07-16,0.0,83.63748168945312,0.0,83.63748168945312,83.63329677779902,83.63329677779902,0.0,14100
2021-07-19,0.0,83.63748168945312,0.0,83.64166022166874,83.63329677779902,83.63748168945312,0.0,33300
2021-07-20,0.0,83.63328552246094,0.0,83.64164896520512,83.63328552246094,83.63328552246094,0.0,211200
2021-07-21,0.0,83.64161682128906,0.0,83.64161682128906,83.62489632166412,83.64078111527958,0.0,27200
2021-07-22,0.0,83.63748168945312,0.0,83.64166022166874,83.63329677779902,83.63329677779902,0.0,55600
2021-07-23,0.0,83.64161682128906,0.0,83.64161682128906,83.633253381759,83.633253381759,0.0,16600
2021-07-26,0.0,83.6341323852539,0.0,83.6416537426594,83.63329029943752,83.6416537426594,0.0,32400
2021-07-27,0.0,83.63748168945312,0.0,83.64166022166874,83.63329677779902,83.64166022166874,0.0,21700
2021-07-28,0.0,83.64161682128906,0.0,83.64161682128906,83.6257320276736,83.64161682128906,0.0,10400
2021-07-29,0.0,83.64082336425781,0.0,83.64165907068944,83.62493856261857,83.6332956269348,0.0,36800
2021-07-30,0.0,83.63748168945312,0.0,83.64166022166874,83.63748168945312,83.63748168945312,0.0,8100
2021-08-02,0.0,83.63076782226562,0.002,83.63913143110352,83.62658920762884,83.62658920762884,0.0,9500
2021-08-03,0.0,83.63914489746094,0.0,83.6433235127705,83.63495990258602,83.63914489746094,0.0,7700
2021-08-04,0.0,83.6432876586914,0.0,83.6432876586914,83.62656682505526,83.6432876586914,0.0,25800
2021-08-05,0.0,83.63914489746094,0.0,83.6433235127705,83.6266026719669,83.6433235127705,0.0,9100
2021-08-06,0.0,83.63914489746094,0.0,83.63914489746094,83.6266026719669,83.6266026719669,0.0,23100
2021-08-09,0.0,83.63493347167969,0.0,83.64162563362544,83.62657624370168,83.63493347167969,0.0,10200
2021-08-10,0.0,83.63493347167969,0.0,83.64329707922104,83.62657624370168,83.64329707922104,0.0,7600
2021-08-11,0.0,83.63493347167969,0.0,83.64329707922104,83.62657624370168,83.64329707922104,0.0,36400
2021-08-12,0.0,83.63076782226562,0.0,83.63494643690241,83.62658920762884,83.62658920762884,0.0,9800
2021-08-13,0.0,83.63914489746094,0.0,83.6433235127705,83.6266026719669,83.63495990258602,0.0,18300
2021-08-16,0.0,83.6432876586914,0.0,83.6432876586914,83.62656682505526,83.64245193598774,0.0,42300
2021-08-17,0.0,83.6266098022461,0.0,83.64165919820904,83.6266098022461,83.63580913627685,0.0,42300
2021-08-18,0.0,83.63914489746094,0.0,83.6433235127705,83.63495990258602,83.63495990258602,0.0,10000
2021-08-19,0.0,83.63493347167969,0.0,83.64329707922104,83.63493347167969,83.63911846523203,0.0,12500
2021-08-20,0.0,83.6432876586914,0.0,83.6432876586914,83.63492405209203,83.63492405209203,0.0,18600
2021-08-23,0.0,83.63493347167969,0.0,83.64329707922104,83.63493347167969,83.63577557404084,0.0,46500
2021-08-24,0.0,83.63914489746094,0.0,83.63998062052285,83.63495990258602,83.63495990258602,0.0,7700
2021-08-25,0.0,83.63493347167969,0.0,83.64246135642324,83.63493347167969,83.63911846523203,0.0,16800
2021-08-26,0.0,83.63914489746094,0.0,83.6433235127705,83.63495990258602,83.63914489746094,0.0,20900
2021-08-27,0.0,83.63914489746094,0.0,83.6433235127705,83.63495990258602,83.63914489746094,0.0,3800
2021-08-30,0.0,83.63914489746094,0.0,83.6433235127705,83.63495990258602,83.6433235127705,0.0,14700
2021-08-31,0.0,83.63914489746094,0.0,83.6433235127705,83.63495990258602,83.63495990258602,0.0,15000
2021-09-01,0.0,83.64163970947266,0.003,83.64414695344294,83.63745458976653,83.64414695344294,0.0,3700
2021-09-02,0.0,83.6391372680664,0.0,83.64331600825683,83.63745939223422,83.63745939223422,0.0,6900
2021-09-03,0.0,83.64163970947266,0.0,83.64581844942313,83.63745458976653,83.64581844942313,0.0,30800
2021-09-07,0.0,83.64582061767578,0.0,83.64582061767578,83.63745675780237,83.63745675780237,0.0,110700
2021-09-08,0.0,83.64163970947266,0.0,83.64581844942313,83.63745458976653,83.63745458976653,0.0,586900
2021-09-09,0.0,83.63493347167969,0.0,83.64580457350318,83.62908323671951,83.64580457350318,0.0,63900
2021-09-10,0.0,83.64582061767578,0.0,83.64582061767578,83.63160652172006,83.64582061767578,0.0,15000
2021-09-13,0.0,83.64163970947266,0.0,83.64581844942313,83.63745458976653,83.64581844942313,0.0,16600
2021-09-14,0.0,83.6374740600586,0.0,83.64583792166226,83.62911657821208,83.6374740600586,0.0,25400
2021-09-15,0.0,83.64582061767578,0.0,83.64582061767578,83.62909927768477,83.64582061767578,0.0,22300
2021-09-16,0.0,83.64582061767578,0.0,83.64582061767578,83.62909927768477,83.63745675780237,0.0,8200
2021-09-17,0.0,83.64163970947266,0.0,83.64581844942313,83.63745458976653,83.64581844942313,0.0,25200
2021-09-20,0.0,83.6391372680664,0.0,83.64582325237107,83.63745939223422,83.63997301610449,0.0,91900
2021-09-21,0.0,83.64163970947266,0.0,83.64581844942313,83.63745458976653,83.64414695344294,0.0,42700
2021-09-22,0.0,83.64163970947266,0.0,83.64581844942313,83.63745458976653,83.64581844942313,0.0,13400
2021-09-23,0.0,83.6382827758789,0.0,83.64580450653597,83.63744064827354,83.64580450653597,0.0,22400
2021-09-24,0.0,83.64163970947266,0.0,83.64581844942313,83.63745458976653,83.64163970947266,0.0,28700
2021-09-27,0.0,83.64163970947266,0.0,83.64581844942313,83.63745458976653,83.64581844942313,0.0,32100
2021-09-28,0.0,83.6374740600586,0.0,83.64583792166226,83.6374740600586,83.641659180739,0.0,25900
2021-09-29,0.0,83.64582061767578,0.0,83.64582061767578,83.63745675780237,83.63745675780237,0.0,41500
2021-09-30,0.0,83.64163970947266,0.0,83.64581844942313,83.63745458976653,83.63745458976653,0.0,17100
2021-10-01,0.0,83.63577270507812,0.003,83.64831567914209,83.63159384037218,83.64831567914209,0.0,45800
2021-10-04,0.0,83.64078521728516,0.0,83.64830717299097,83.63994306448349,83.64830717299097,0.0,17100
2021-10-05,0.0,83.6441421508789,0.0,83.64832101585147,83.6315991760147,83.63912113296531,0.0,274900
2021-10-06,0.0,83.63577270507812,0.0,83.63995156978407,83.63159384037218,83.63159384037218,0.0,42500
2021-10-07,0.0,83.63577270507812,0.0,83.64831567914209,83.63159384037218,83.63577270507812,0.0,322000
2021-10-08,0.0,83.6449966430664,0.0,83.6483397357926,83.63161789221361,83.63161789221361,0.0,22900
2021-10-11,0.0,83.63997650146484,0.0,83.64834061331607,83.63161876956165,83.64834061331607,0.0,8200
2021-10-12,0.0,83.63997650146484,0.0,83.64834061331607,83.63161876956165,83.64332597417415,0.0,27800
2021-10-13,0.0,83.63997650146484,0.0,83.64834061331607,83.63161876956165,83.63663340870357,0.0,51900
2021-10-14,0.0,83.63997650146484,0.0,83.64834061331607,83.63161876956165,83.63161876956165,0.0,19800
2021-10-15,0.0,83.63997650146484,0.0,83.64834061331607,83.63329031594229,83.64081865460318,0.0,13000
2021-10-18,0.0,83.64749145507812,0.0,83.6483272281347,83.63160538705607,83.6483272281347,0.0,26600
2021-10-19,0.0,83.63997650146484,0.0,83.64834061331607,83.63161876956165,83.64834061331607,0.0,10000
2021-10-20,0.0,83.63997650146484,0.0,83.64666906693543,83.63161876956165,83.63161876956165,0.0,16100
2021-10-21,0.0,83.64834594726562,0.0,83.64834594726562,83.63162410244492,83.6466744007784,0.0,16800
2021-10-22,0.0,83.6449966430664,0.0,83.6483397357926,83.63161789221361,83.63161789221361,0.0,28600
2021-10-25,0.0,83.63160705566406,0.0,83.64832889707633,83.63160705566406,83.64498580478329,0.0,29900
2021-10-26,0.0,83.63997650146484,0.0,83.64834061331607,83.63161876956165,83.6458332937451,0.0,8400
2021-10-27,0.0,83.63411712646484,0.0,83.648331649125,83.63160980716258,83.648331649125,0.0,56600
2021-10-28,0.0,83.63577270507812,0.0,83.63995156978407,83.63159384037218,83.63911579684289,0.0,78400
2021-10-29,0.0,83.63997650146484,0.0,83.63997650146484,83.63161876956165,83.63161876956165,0.0,25800
2021-11-01,0.0,83.64246368408203,0.003,83.64246368408203,83.6341057036469,83.64246368408203,0.0,11500
2021-11-02,0.0,83.65084075927734,0.0,83.65084075927734,83.6341184157276,83.64247639743311,0.0,16800
2021-11-03,0.0,83.65084075927734,0.0,83.65084075927734,83.6341184157276,83.6357900120687,0.0,32800
2021-11-04,0.0,83.64246368408203,0.0,83.6508280446549,83.6341057036469,83.64246368408203,0.0,33200
2021-11-05,0.0,83.64246368408203,0.0,83.6508280446549,83.6341057036469,83.64246368408203,0.0,25500
2021-11-08,0.0,83.64666748046875,0.0,83.65084647160688,83.64248210919148,83.65001067337926,0.0,20900
2021-11-09,0.0,83.64246368408203,0.0,83.6508280446549,83.6399562899515,83.6399562899515,0.0,11800
2021-11-10,0.0,83.65084075927734,0.0,83.65084075927734,83.6341184157276,83.6341184157276,0.0,17600
2021-11-11,0.0,83.64246368408203,0.0,83.6508280446549,83.6341057036469,83.6508280446549,0.0,22000
2021-11-12,0.0,83.64246368408203,0.0,83.64832065052437,83.6341057036469,83.6341057036469,0.0,9600
2021-11-15,0.0,83.64246368408203,0.0,83.6508280446549,83.6349415016904,83.64246368408203,0.0,30300
2021-11-16,0.0,83.63409423828125,0.0,83.6508165769968,83.63409423828125,83.6508165769968,0.0,25600
2021-11-17,0.0,83.64246368408203,0.0,83.6508280446549,83.6341057036469,83.63577729973392,0.0,40200
2021-11-18,0.0,83.64246368408203,0.0,83.6508280446549,83.6341057036469,83.6508280446549,0.0,30900
2021-11-19,0.0,83.64246368408203,0.0,83.6508280446549,83.6341057036469,83.6341057036469,0.0,11800
2021-11-22,0.0,83.64246368408203,0.0,83.6508280446549,83.63577729973392,83.6508280446549,0.0,23200
2021-11-23,0.0,83.64747619628906,0.0,83.65081938811714,83.63409704883964,83.64831199424609,0.0,40700
2021-11-24,0.0,83.65084075927734,0.0,83.65084075927734,83.64247639743311,83.64499017208348,0.0,124000
2021-11-26,0.0,83.64246368408203,0.0,83.6508280446549,83.6341057036469,83.64246368408203,0.0,6300
2021-11-29,0.0,83.64666748046875,0.0,83.65084647160688,83.64248210919148,83.64248210919148,0.0,10400
2021-11-30,0.0,83.64246368408203,0.0,83.6508280446549,83.6341057036469,83.64246368408203,0.0,30100
2021-12-01,0.0,83.64078521728516,0.003,83.64747818186375,83.63660610212884,83.64747818186375,0.0,31400
2021-12-02,0.0,83.64078521728516,0.0,83.64496433244148,83.63660610212884,83.64496433244148,0.0,19600
2021-12-03,0.0,83.6449966430664,0.0,83.65336125693864,83.63663840952513,83.65001796352213,0.0,62500
2021-12-06,0.0,83.6449966430664,0.0,83.65336125693864,83.63663840952513,83.63663840952513,0.0,85700
2021-12-07,0.0,83.64331817626953,0.0,83.65335443603168,83.63830323655367,83.65335443603168,0.0,33300
2021-12-08,0.0,83.64078521728516,0.0,83.6533289430826,83.63660610212884,83.6533289430826,0.0,80100
2021-12-09,0.0,83.6449966430664,0.0,83.65336125693864,83.63663840952513,83.65336125693864,0.0,50400
2021-12-10,0.0,83.64915466308594,0.0,83.65333377848383,83.64413334427962,83.65249795540424,0.0,23200
2021-12-13,0.0,83.64915466308594,0.0,83.65333377848383,83.63661093656343,83.65333377848383,0.0,19500
2021-12-14,0.0,83.6449966430664,0.0,83.65336125693864,83.63663840952513,83.65336125693864,0.0,29600
2021-12-15,0.0,83.6449966430664,0.0,83.65336125693864,83.63663840952513,83.65336125693864,0.0,102800
2021-12-16,0.0,83.6533432006836,0.005,83.65752252534101,83.64079884606305,83.64915749537786,0.0,44800
2021-12-17,0.0,83.64915466308594,0.0,83.65751969276585,83.64079601405413,83.64079601405413,0.0,29100
2021-12-20,0.0,83.64500427246094,0.0,83.64918359842251,83.64082494649935,83.64918359842251,0.0,183000
2021-12-21,0.0,83.64836883544922,0.0,83.64920470085241,83.64084604682058,83.64084604682058,0.0,155300
2021-12-22,0.0,83.64915466308594,0.0,83.65751969276585,83.64079601405413,83.64915466308594,0.0,58000
2021-12-23,0.0,83.65673828125,0.0,83.65757414669726,83.64085045709986,83.65757414669726,0.0,69100
2021-12-27,0.0,83.64915466308594,0.0,83.64915466308594,83.64079601405413,83.64915466308594,0.0,18300
2021-12-28,0.0,83.64915466308594,0.0,83.64915466308594,83.64079601405413,83.64915466308594,0.0,17300
2021-12-29,0.0,83.64500427246094,0.0,83.657548630996,83.64082494649935,83.64082494649935,0.0,42200
2021-12-30,0.0,83.64500427246094,0.0,83.657548630996,83.64082494649935,83.64082494649935,0.0,72300
2021-12-31,0.0,83.6533432006836,0.0,83.65752252534101,83.64915749537786,83.6533432006836,0.0,35000
2022-01-03,0.0,83.64915466308594,0.0,83.64915466308594,83.64079601405413,83.6424677438605,0.0,28300
2022-01-04,0.0,83.64163970947266,0.0,83.64916249430554,83.64080384449122,83.64080384449122,0.0,38300
2022-01-05,0.0,83.64500427246094,0.0,83.64918359842251,83.64082494649935,83.64918359842251,0.0,29600
2022-01-06,0.0,83.64915466308594,0.0,83.65751969276585,83.64079601405413,83.64915466308594,0.0,93800
2022-01-07,0.0,83.6533432006836,0.0,83.65752252534101,83.64079884606305,83.64915749537786,0.0,99900
2022-01-10,0.0,83.64915466308594,0.0,83.64915466308594,83.64079601405413,83.64915466308594,0.0,49700
2022-01-11,0.0,83.64915466308594,0.0,83.64915466308594,83.64079601405413,83.64079601405413,0.0,82800
2022-01-12,0.0,83.64836883544922,0.0,83.65756973553616,83.64084604682058,83.64084604682058,0.0,56300
2022-01-13,0.0,83.64500427246094,0.0,83.657548630996,83.64082494649935,83.65671276580368,0.0,18800
2022-01-14,0.0,83.6533432006836,0.0,83.65752252534101,83.64915749537786,83.65752252534101,0.0,135300
2022-01-18,0.0,83.6550064086914,0.0,83.6575140032304,83.64079032565607,83.64079032565607,0.0,131400
2022-01-19,0.0,83.6533432006836,0.0,83.66588755530414,83.64915749537786,83.64915749537786,0.0,76100
2022-01-20,0.0,83.64915466308594,0.0,83.65751969276585,83.64079601405413,83.65751969276585,0.0,121500
2022-01-21,0.0,83.64915466308594,0.0,83.65751969276585,83.64079601405413,83.64915466308594,0.0,224300
2022-01-24,0.0,83.64079284667969,0.0,83.65751652475808,83.64079284667969,83.64915149539495,0.0,377900
2022-01-25,0.0,83.6508560180664,0.0,83.65754293914998,83.64081925579117,83.65754293914998,0.0,469500
2022-01-26,0.0,83.6533432006836,0.0,83.65752252534101,83.64079884606305,83.64079884606305,0.0,374100
2022-01-27,0.0,83.64915466308594,0.0,83.65751969276585,83.64079601405413,83.65751969276585,0.0,29200
2022-01-28,0.0,83.65673828125,0.0,83.65757414669726,83.64085045709986,83.65757414669726,0.0,175700
2022-01-31,0.0,83.6533432006836,0.0,83.65752252534101,83.64079884606305,83.65752252534101,0.0,26900
2022-02-01,0.0,83.65673065185547,0.002,83.6592382980794,83.64251427580739,83.64752956825524,0.0,45500
2022-02-02,0.0,83.65084838867188,0.0,83.65921358772665,83.6424895703944,83.6424895703944,0.0,18200
2022-02-03,0.0,83.65084838867188,0.0,83.65921358772665,83.6424895703944,83.6424895703944,0.0,459900
2022-02-04,0.0,83.65001678466797,0.0,83.65085266653846,83.64249384783352,83.64249384783352,0.0,158300
2022-02-07,0.0,83.6550064086914,0.0,83.65918581644276,83.64246180466216,83.64246180466216,0.0,191400
2022-02-08,0.0,83.65333557128906,0.0,83.65918674220569,83.64246273024004,83.65082154583524,0.0,8006300
2022-02-09,0.0,83.6550064086914,0.0,83.65918581644276,83.64246180466216,83.65918581644276,0.0,133300
2022-02-10,0.0,83.65084838867188,0.0,83.65921358772665,83.6424895703944,83.6424895703944,0.0,232000
2022-02-11,0.0,83.64247131347656,0.0,83.6591953271584,83.64247131347656,83.64665072170304,0.0,318100
2022-02-14,0.0,83.65084838867188,0.0,83.65921358772665,83.6424895703944,83.65921358772665,0.0,135200
2022-02-15,0.0,83.65084838867188,0.0,83.65921358772665,83.6424895703944,83.6424895703944,0.0,377200
2022-02-16,0.0,83.65918731689453,0.0,83.65918731689453,83.64246330481399,83.65918731689453,0.0,133800
2022-02-17,0.0,83.65918731689453,0.0,83.65918731689453,83.65082212046661,83.65918731689453,0.0,165600
2022-02-18,0.0,83.65918731689453,0.0,83.65918731689453,83.64246330481399,83.64246330481399,0.0,574800
2022-02-22,0.0,83.65168762207031,0.0,83.65921055824762,83.65084535949576,83.65084535949576,0.0,65900
2022-02-23,0.0,83.65918731689453,0.0,83.66755251332246,83.65082212046661,83.65082212046661,0.0,591500
2022-02-24,0.0,83.65084838867188,0.0,83.66757878678143,83.65084838867188,83.66757878678143,0.0,476600
2022-02-25,0.0,83.65918731689453,0.0,83.66755251332246,83.65082212046661,83.65918731689453,0.0,137000
2022-02-28,0.0,83.65918731689453,0.0,83.66755251332246,83.65082212046661,83.65082212046661,0.0,106800
2022-03-01,0.0,83.6658935546875,0.008,83.6658935546875,83.6491682019867,83.6658935546875,0.0,193100
2022-03-02,0.0,83.65750122070312,0.0,83.6658670850502,83.64914173764083,83.65499337578444,0.0,55000
2022-03-03,0.0,83.66173553466797,0.0,83.66591527860675,83.65754940944073,83.66591527860675,0.0,225600
2022-03-04,0.0,83.6658935546875,0.0,83.6742594216813,83.6491682019867,83.6658935546875,0.0,709000
2022-03-07,0.0,83.6658935546875,0.0,83.6658935546875,83.6575276876937,83.6658935546875,0.0,371000
2022-03-08,0.0,83.6658935546875,0.0,83.6742594216813,83.6491682019867,83.6491682019867,0.0,703800
2022-03-09,0.0,83.65750122070312,0.0,83.6658670850502,83.65750122070312,83.65750122070312,0.0,406900
2022-03-10,0.0,83.6658935546875,0.0,83.6742594216813,83.6575276876937,83.6658935546875,0.0,250900
2022-03-11,0.0,83.6658935546875,0.0,83.6658935546875,83.6491682019867,83.6491682019867,0.0,180600
2022-03-14,0.0,83.6658935546875,0.0,83.6658935546875,83.6575276876937,83.6575276876937,0.0,383500
2022-03-15,0.0,83.65750122070312,0.0,83.6658670850502,83.65750122070312,83.65750122070312,0.0,190200
2022-03-16,0.0,83.6658935546875,0.0,83.6742594216813,83.6575276876937,83.6575276876937,0.0,232900
2022-03-17,0.0,83.6658935546875,0.0,83.6742594216813,83.6575276876937,83.6658935546875,0.0,768500
2022-03-18,0.0,83.6658935546875,0.0,83.6742594216813,83.6575276876937,83.6742594216813,0.0,428300
2022-03-21,0.0,83.6658935546875,0.0,83.6742594216813,83.6575276876937,83.6575276876937,0.0,860200
2022-03-22,0.0,83.6700668334961,0.0,83.6742465757079,83.65751484428901,83.6742465757079,0.0,722900
2022-03-23,0.0,83.67424011230469,0.0,83.67424011230469,83.66587424724146,83.67424011230469,0.0,315800
2022-03-24,0.0,83.67424011230469,0.0,83.67424011230469,83.66587424724146,83.67424011230469,0.0,385900
2022-03-25,0.0,83.6658935546875,0.0,83.6742594216813,83.6658935546875,83.6742594216813,0.0,306100
2022-03-28,0.0,83.6658935546875,0.0,83.6742594216813,83.6658935546875,83.6742594216813,0.0,174700
2022-03-29,0.0,83.67424011230469,0.0,83.67424011230469,83.66587424724146,83.67424011230469,0.0,180800
2022-03-30,0.0,83.68264770507812,0.0,83.68264770507812,83.66591596660852,83.68264770507812,0.0,404600
2022-03-31,0.0,83.68264770507812,0.0,83.68264770507812,83.66591596660852,83.68264770507812,0.0,293300
2022-04-01,0.0,83.68096160888672,0.018,83.68096160888672,83.66757764047775,83.68096160888672,0.0,207000
2022-04-04,0.0,83.68096160888672,0.0,83.68096160888672,83.66423324398453,83.66423324398453,0.0,138700
2022-04-05,0.0,83.67595672607422,0.0,83.68097332151622,83.67260594667593,83.68097332151622,0.0,87900
2022-04-06,0.0,83.67676544189453,0.0,83.68094593672812,83.67257856462608,83.68094593672812,0.0,224800
2022-04-07,0.0,83.68096160888672,0.0,83.68096160888672,83.67259423521759,83.68096160888672,0.0,510800
2022-04-08,0.0,83.68096160888672,0.0,83.68096160888672,83.67259423521759,83.68096160888672,0.0,216000
2022-04-11,0.0,83.68096160888672,0.0,83.68096160888672,83.67259423521759,83.68096160888672,0.0,323000
2022-04-12,0.0,83.68096160888672,0.0,83.68096160888672,83.67259423521759,83.68096160888672,0.0,233500
2022-04-13,0.0,83.68513488769531,0.0,83.6893153826325,83.67676751538593,83.6893153826325,0.0,135400
2022-04-14,0.0,83.68762969970703,0.0,83.68930189741246,83.68093452645134,83.68930189741246,0.0,94600
2022-04-18,0.0,83.68930053710938,0.0,83.68930053710938,83.67256579545915,83.68930053710938,0.0,156400
2022-04-19,0.0,83.68930053710938,0.0,83.68930053710938,83.68093316628426,83.68930053710938,0.0,215300
2022-04-20,0.0,83.68930053710938,0.0,83.68930053710938,83.68093316628426,83.68930053710938,0.0,172000
2022-04-21,0.0,83.68930053710938,0.0,83.68930053710938,83.68093316628426,83.68930053710938,0.0,405100
2022-04-22,0.0,83.68930053710938,0.0,83.68930053710938,83.68093316628426,83.68930053710938,0.0,490900
2022-04-25,0.0,83.6935043334961,0.0,83.69769121129131,83.68095646498175,83.69769121129131,0.0,1185600
2022-04-26,0.0,83.69770050048828,0.0,83.69770050048828,83.68096575232141,83.69770050048828,0.0,1286300
2022-04-27,0.0,83.69770050048828,0.0,83.69770050048828,83.68933312640485,83.69770050048828,0.0,790500
2022-04-28,0.0,83.7060546875,0.0,83.7060546875,83.68932632312938,83.68932632312938,0.0,233000
2022-04-29,0.0,83.7060546875,0.0,83.7060546875,83.68932632312938,83.7060546875,0.0,1319600
2022-05-02,0.0,83.70187377929688,0.025,83.70187377929688,83.69350431459125,83.70187377929688,0.0,493100
2022-05-03,0.0,83.70187377929688,0.0,83.70187377929688,83.69350431459125,83.70187377929688,0.0,265200
2022-05-04,0.0,83.70187377929688,0.0,83.70187377929688,83.6851412339167,83.70187377929688,0.0,1761100
2022-05-05,0.0,83.7102279663086,0.0,83.7102279663086,83.70185850313047,83.7102279663086,0.0,560000
2022-05-06,0.0,83.7102279663086,0.0,83.7102279663086,83.70185850313047,83.70185850313047,0.0,433700
2022-05-09,0.0,83.7102279663086,0.0,83.7102279663086,83.70185850313047,83.70185850313047,0.0,449800
2022-05-10,0.0,83.7102279663086,0.0,83.7102279663086,83.70185850313047,83.7102279663086,0.0,370600
2022-05-11,0.0,83.7102279663086,0.0,83.7102279663086,83.70185850313047,83.7102279663086,0.0,857300
2022-05-12,0.0,83.7102279663086,0.0,83.71859742948672,83.70185850313047,83.71859742948672,0.0,716900
2022-05-13,0.0,83.7102279663086,0.0,83.7102279663086,83.70185850313047,83.7102279663086,0.0,704500
2022-05-16,0.0,83.7102279663086,0.0,83.71859742948672,83.70185850313047,83.71859742948672,0.0,363800
2022-05-17,0.0,83.71864318847656,0.0,83.71864318847656,83.71027372072385,83.71864318847656,0.0,230500
2022-05-18,0.0,83.71864318847656,0.0,83.72700627219591,83.71027372072385,83.71864318847656,0.0,473800
2022-05-19,0.0,83.72696685791016,0.0,83.72696685791016,83.71860377812772,83.72696685791016,0.0,440400
2022-05-20,0.0,83.71864318847656,0.0,83.73537573994862,83.71864318847656,83.73537573994862,0.0,606400
2022-05-23,0.0,83.73114776611328,0.0,83.73532930565415,83.71859676346088,83.71859676346088,0.0,296500
2022-05-24,0.0,83.73535919189453,0.0,83.73535919189453,83.72280818476251,83.73535919189453,0.0,257200
2022-05-25,0.0,83.73535919189453,0.0,83.73535919189453,83.72698972579582,83.72698972579582,0.0,485200
2022-05-26,0.0,83.74369812011719,0.0,83.74369812011719,83.72695919402375,83.72695919402375,0.0,133600
2022-05-27,0.0,83.74369812011719,0.0,83.75206119913412,83.73532865707047,83.75206119913412,0.0,1204500
2022-05-31,0.0,83.74369812011719,0.0,83.74369812011719,83.72695919402375,83.72695919402375,0.0,637800
2022-06-01,0.0,83.74454498291016,0.041,83.75291787715058,83.73617208866973,83.75291787715058,0.0,366400
2022-06-02,0.0,83.7529525756836,0.0,83.7529525756836,83.73620678026504,83.74457967797431,0.0,247800
2022-06-03,0.0,83.7529525756836,0.0,83.7529525756836,83.73620678026504,83.7529525756836,0.0,380100
2022-06-06,0.0,83.74454498291016,0.0,83.75291787715058,83.73617208866973,83.75291787715058,0.0,215100
2022-06-07,0.0,83.74454498291016,0.0,83.75291787715058,83.73617208866973,83.73617208866973,0.0,307900
2022-06-08,0.0,83.74454498291016,0.0,83.76128438474399,83.74454498291016,83.76128438474399,0.0,270800
2022-06-09,0.0,83.7529525756836,0.0,83.76131908674321,83.73620678026504,83.76131908674321,0.0,570700
2022-06-10,0.0,83.7529525756836,0.0,83.76131908674321,83.7403964224445,83.7529525756836,0.0,1596800
2022-06-13,0.0,83.74454498291016,0.0,83.75291787715058,83.73617208866973,83.75291787715058,0.0,591800
2022-06-14,0.0,83.74454498291016,0.0,83.74454498291016,83.72779919442931,83.74454498291016,0.0,846000
2022-06-15,0.0,83.74036407470703,0.0,83.74454732862091,83.73617443414595,83.74454732862091,0.0,682700
2022-06-16,0.0,83.76128387451172,0.0,83.76128387451172,83.73617157859044,83.73617157859044,0.0,1536700
2022-06-17,0.0,83.76966857910156,0.0,83.76966857910156,83.75292917500967,83.76129568373167,0.0,672900
2022-06-21,0.0,83.786376953125,0.0,83.786376953125,83.75708141015174,83.7696375552325,0.0,1243100
2022-06-22,0.0,83.77803039550781,0.0,83.77803039550781,83.76128460698254,83.77803039550781,0.0,941500
2022-06-23,0.0,83.786376953125,0.0,83.786376953125,83.77801044750152,83.786376953125,0.0,442700
2022-06-24,0.0,83.76966857910156,0.0,83.78640798319346,83.76966857910156,83.78640798319346,0.0,598100
2022-06-27,0.0,83.786376953125,0.0,83.786376953125,83.7696375552325,83.7696375552325,0.0,535200
2022-06-28,0.0,83.786376953125,0.0,83.79474984539401,83.77717379693917,83.79474984539401,0.0,726700
2022-06-29,0.0,83.7947769165039,0.0,83.7947769165039,83.77971081486878,83.7947769165039,0.0,384900
2022-06-30,0.0,83.81150817871094,0.0,83.81150817871094,83.79476239166564,83.80313528518829,0.0,559800
2022-07-01,0.0,83.80229187011719,0.069,83.81067053797044,83.79391320226394,83.81067053797044,0.0,391400
2022-07-05,0.0,83.81069946289062,0.0,83.81069946289062,83.79394212140079,83.80232079214571,0.0,530700
2022-07-06,0.0,83.81069946289062,0.0,83.81907174258234,83.80232079214571,83.81907174258234,0.0,719300
2022-07-07,0.0,83.81902313232422,0.0,83.82740179820999,83.81065085748794,83.82740179820999,0.0,970200
2022-07-08,0.0,83.81902313232422,0.0,83.81902313232422,83.81065085748794,83.81065085748794,0.0,292400
2022-07-11,0.0,83.81902313232422,0.0,83.82740179820999,83.80227219160217,83.81902313232422,0.0,837100
2022-07-12,0.0,83.81069946289062,0.0,83.82745041332726,83.81069946289062,83.82745041332726,0.0,862500
2022-07-13,0.0,83.80229187011719,0.0,83.84836495673359,83.80229187011719,83.81067053797044,0.0,758000
2022-07-14,0.0,83.82742309570312,0.0,83.83580176371761,83.81067215072528,83.81904442768864,0.0,5133800
2022-07-15,0.0,83.81902313232422,0.0,83.81902313232422,83.81065085748794,83.81902313232422,0.0,746000
2022-07-18,0.0,83.82742309570312,0.0,83.82742309570312,83.81067215072528,83.82742309570312,0.0,459500
2022-07-19,0.0,83.83580017089844,0.0,83.84417244770273,83.82742150304314,83.82742150304314,0.0,747700
2022-07-20,0.0,83.83580017089844,0.0,83.84417244770273,83.83580017089844,83.84417244770273,0.0,854600
2022-07-21,0.0,83.84418487548828,0.0,83.85256354458551,83.84418487548828,83.84418487548828,0.0,865700
2022-07-22,0.0,83.86093139648438,0.0,83.86093139648438,83.84417406045146,83.86093139648438,0.0,1006500
2022-07-25,0.0,83.86093139648438,0.0,83.86093139648438,83.85255272846793,83.86093139648438,0.0,1699600
2022-07-26,0.0,83.8525390625,0.0,83.86091772915094,83.8525390625,83.8525390625,0.0,658300
2022-07-27,0.0,83.86931610107422,0.0,83.86931610107422,83.85255876383518,83.85255876383518,0.0,342500
2022-07-28,0.0,83.86931610107422,0.0,83.88606704726168,83.86931610107422,83.86931610107422,0.0,1658300
2022-07-29,0.0,83.8525390625,0.0,83.88604733805367,83.8525390625,83.87766867140273,0.0,2338600
2022-08-01,0.0,83.89111328125,0.116,83.89111328125,83.88272489422806,83.89111328125,0.0,642900
2022-08-02,0.0,83.89534759521484,0.0,83.89953859133794,83.8869592045013,83.89953859133794,0.0,351900
2022-08-03,0.0,83.9079360961914,0.0,83.9079360961914,83.89115931294198,83.8995477045667,0.0,565400
2022-08-04,0.0,83.9162826538086,0.0,83.92048004708253,83.90790066419142,83.90790066419142,0.0,638100
2022-08-05,0.0,83.9162826538086,0.0,83.92467104189112,83.90790066419142,83.9162826538086,0.0,913700
2022-08-08,0.0,83.9162826538086,0.0,83.92467104189112,83.9162826538086,83.92467104189112,0.0,513600
2022-08-09,0.0,83.93305969238281,0.0,83.93305969238281,83.91628291616531,83.92467130427406,0.0,234000
2022-08-10,0.0,83.92469024658203,0.0,83.94146062811933,83.92469024658203,83.94146062811933,0.0,453800
2022-08-11,0.0,83.94146728515625,0.0,83.95824406649086,83.93308529295628,83.95824406649086,0.0,1577700
2022-08-12,0.0,83.9498291015625,0.0,83.95821748957447,83.94144071355053,83.95821748957447,0.0,282700
2022-08-15,0.0,83.9498291015625,0.0,83.95821748957447,83.9498291015625,83.95821748957447,0.0,397400
2022-08-16,0.0,83.9582290649414,0.0,83.9582290649414,83.94984067577292,83.9582290649414,0.0,745300
2022-08-17,0.0,83.96662139892578,0.0,83.96662139892578,83.95823300936321,83.95823300936321,0.0,526400
2022-08-18,0.0,83.97498321533203,0.0,83.98337160287933,83.9666012262497,83.9666012262497,0.0,1230200
2022-08-19,0.0,83.97498321533203,0.0,83.99175999042662,83.97498321533203,83.98337160287933,0.0,625200
2022-08-22,0.0,84.008544921875,0.0,84.008544921875,83.98338615333921,83.98338615333921,0.0,1013200
2022-08-23,0.0,83.9833984375,0.0,84.00017521795515,83.9833984375,84.00017521795515,0.0,657900
2022-08-24,0.0,84.00016021728516,0.0,84.00016021728516,83.99177182855557,84.00016021728516,0.0,402300
2022-08-25,0.0,84.0211181640625,0.0,84.025315557489,84.00853878071418,84.00853878071418,0.0,640400
2022-08-26,0.0,84.0211181640625,0.0,84.025315557489,84.00853878071418,84.025315557489,0.0,897100
2022-08-29,0.0,84.02532196044922,0.0,84.02532196044922,84.00854518239596,84.02532196044922,0.0,977800
2022-08-30,0.0,84.02532196044922,0.0,84.03370395100977,84.0169335714226,84.0169335714226,0.0,1400600
2022-08-31,0.0,84.03370666503906,0.0,84.04209505433661,84.0253246742078,84.04209505433661,0.0,890700
2022-09-01,0.0,84.0572280883789,0.168,84.0572280883789,84.04042954322354,84.0572280883789,0.0,1368400
2022-09-02,0.0,84.0572280883789,0.0,84.06563056556269,84.0572280883789,84.06563056556269,0.0,573100
2022-09-06,0.0,84.06563568115234,0.0,84.07403815884744,84.05723320345724,84.07403815884744,0.0,778200
2022-09-07,0.0,84.0823974609375,0.0,84.0823974609375,84.06559892210532,84.06559892210532,0.0,821200
2022-09-08,0.0,84.09921264648438,0.0,84.09921264648438,84.09081017144057,84.09081017144057,0.0,433700
2022-09-09,0.0,84.09083557128906,0.0,84.10764052645268,84.09083557128906,84.10764052645268,0.0,311200
2022-09-12,0.0,84.09083557128906,0.0,84.10764052645268,84.09083557128906,84.09923804887087,0.0,666300
2022-09-13,0.0,84.11600494384766,0.0,84.11600494384766,84.09920640421744,84.09920640421744,0.0,476700
2022-09-14,0.0,84.1076431274414,0.0,84.12444167391202,84.1076431274414,84.12444167391202,0.0,1081300
2022-09-15,0.0,84.13285827636719,0.0,84.13285827636719,84.1160533178626,84.1160533178626,0.0,875600
2022-09-16,0.0,84.13285827636719,0.0,84.14126075561948,84.13285827636719,84.14126075561948,0.0,1476600
2022-09-19,0.0,84.1412353515625,0.0,84.14963141906608,84.1328328748471,84.1412353515625,0.0,1143000
2022-09-20,0.0,84.15804290771484,0.0,84.16644538533002,84.14964043009967,84.16644538533002,0.0,804200
2022-09-21,0.0,84.16644287109375,0.0,84.16644287109375,84.14963791636539,84.16644287109375,0.0,1227800
2022-09-22,0.0,84.17481994628906,0.0,84.18322242175732,84.17481994628906,84.17481994628906,0.0,1182600
2022-09-23,0.0,84.1916275024414,0.0,84.1916275024414,84.17482255098487,84.18322502671315,0.0,4600400
2022-09-26,0.0,84.1916275024414,0.0,84.1916275024414,84.18322502671315,84.1916275024414,0.0,3325700
2022-09-27,0.0,84.20003509521484,0.0,84.20003509521484,84.19163261897593,84.19163261897593,0.0,1521600
2022-09-28,0.0,84.20003509521484,0.0,84.21683363848119,84.20003509521484,84.20003509521484,0.0,1412300
2022-09-29,0.0,84.2252426147461,0.0,84.2336386824215,84.21684013785872,84.2336386824215,0.0,827100
2022-09-30,0.0,84.233642578125,0.0,84.233642578125,84.21684403278532,84.2252465100613,0.0,1704200
2022-10-03,0.0,84.23954772949219,0.157,84.23954772949219,84.23113207418587,84.23954772949219,0.0,1338200
2022-10-04,0.0,84.24793243408203,0.0,84.24793243408203,84.23952320048848,84.24793243408203,0.0,1843100
2022-10-05,0.0,84.24793243408203,0.0,84.25634808693788,84.23952320048848,84.25634808693788,0.0,1071200
2022-10-06,0.0,84.273193359375,0.0,84.273193359375,84.25636205087385,84.273193359375,0.0,1018700
2022-10-07,0.0,84.28156280517578,0.0,84.28156280517578,84.2563222736034,84.26473792388097,0.0,1062300
2022-10-10,0.0,84.28156280517578,0.0,84.2983941057309,84.28156280517578,84.2983941057309,0.0,1169800
2022-10-11,0.0,84.29000854492188,0.0,84.29000854492188,84.27149539155455,84.28159289164013,0.0,2417600
2022-10-12,0.0,84.273193359375,0.0,84.29001824861281,84.26477770512443,84.29001824861281,0.0,4243800
2022-10-13,0.0,84.29841613769531,0.0,84.30682537091037,84.29000048521826,84.29841613769531,0.0,854200
2022-10-14,0.0,84.31526184082031,0.0,84.31526184082031,84.29002129641925,84.29002129641925,0.0,846300
2022-10-17,0.0,84.30685424804688,0.0,84.31526990340649,84.29844501195144,84.31526990340649,0.0,846200
2022-10-18,0.0,84.32366180419922,0.0,84.32366180419922,84.30683049822149,84.30683049822149,0.0,980700
2022-10-19,0.0,84.32366180419922,0.0,84.33207745718809,84.31524615121036,84.31524615121036,0.0,1640700
2022-10-20,0.0,84.34050750732422,0.0,84.3489231623902,84.34050750732422,84.3489231623902,0.0,853700
2022-10-21,0.0,84.3573226928711,0.0,84.3573226928711,84.3404913859564,84.3573226928711,0.0,2200100
2022-10-24,0.0,84.36573028564453,0.0,84.36573028564453,84.34890539831993,84.34890539831993,0.0,596900
2022-10-25,0.0,84.3573226928711,0.0,84.37414758052304,84.3573226928711,84.3657319270657,0.0,1384100
2022-10-26,0.0,84.3573226928711,0.0,84.38256323398039,84.3573226928711,84.38256323398039,0.0,1831900
2022-10-27,0.0,84.39940643310547,0.0,84.39940643310547,84.38258154180315,84.39099719708638,0.0,1775400
2022-10-28,0.0,84.39940643310547,0.0,84.4078220883887,84.39099719708638,84.4078220883887,0.0,1064300
2022-10-31,0.0,84.39940643310547,0.0,84.4078220883887,84.39940643310547,84.39940643310547,0.0,906400
2022-11-01,0.0,84.40868377685547,0.241,84.41711326478098,84.40868377685547,84.40868377685547,0.0,1764200
2022-11-02,0.0,84.42554473876953,0.0,84.42554473876953,84.41710881656492,84.41710881656492,0.0,926900
2022-11-03,0.0,84.45929718017578,0.0,84.45929718017578,84.44243176745714,84.45086125645425,0.0,1434100
2022-11-04,0.0,84.46772003173828,0.0,84.46772003173828,84.45084818690628,84.45928410932228,0.0,1553200
2022-11-07,0.0,84.47614288330078,0.0,84.47614288330078,84.45927104107933,84.45927104107933,0.0,1200100
2022-11-08,0.0,84.48453521728516,0.0,84.48453521728516,84.47610573460376,84.47610573460376,0.0,1239400
2022-11-09,0.0,84.5098876953125,0.0,84.51832361782043,84.49302228502015,84.51663772026355,0.0,968700
2022-11-10,0.0,84.51832580566406,0.0,84.52676172839037,84.50146039493512,84.51832580566406,0.0,1936300
2022-11-11,0.0,84.52674102783203,0.0,84.52674102783203,84.49300377991273,84.51830510717168,0.0,1748200
2022-11-14,0.0,84.52674102783203,0.0,84.52674102783203,84.51830510717168,84.51830510717168,0.0,2889500
2022-11-15,0.0,84.52674102783203,0.0,84.53517694849238,84.51830510717168,84.53517694849238,0.0,2778700
2022-11-16,0.0,84.51832580566406,0.0,84.54362713911931,84.51832580566406,84.53519765111668,0.0,1777700
2022-11-17,0.0,84.56048583984375,0.0,84.56048583984375,84.55204991842879,84.55204991842879,0.0,905100
2022-11-18,0.0,84.56048583984375,0.0,84.56891532653604,84.56048583984375,84.56891532653604,0.0,737300
2022-11-21,0.0,84.57734680175781,0.0,84.57734680175781,84.56891088078633,84.56891088078633,0.0,543200
2022-11-22,0.0,84.60267639160156,0.0,84.60267639160156,84.585810978747,84.59424690253653,0.0,1424500
2022-11-23,0.0,84.61953735351562,0.0,84.61953735351562,84.61110143081133,84.61953735351562,0.0,642700
2022-11-25,0.0,84.62796783447266,0.0,84.62796783447266,84.6195383463931,84.6195383463931,0.0,518900
2022-11-28,0.0,84.64481353759766,0.0,84.64481353759766,84.62794169720195,84.64481353759766,0.0,911000
2022-11-29,0.0,84.64481353759766,0.0,84.66167894327162,84.64481353759766,84.65324945779551,0.0,1027500
2022-11-30,0.0,84.65323638916016,0.0,84.67010179223047,84.65323638916016,84.66166587333494,0.0,1182400
2022-12-01,0.0,84.68960571289062,0.283,84.6980654851555,84.68960571289062,84.68960571289062,0.0,2424800
2022-12-02,0.0,84.69807434082031,0.0,84.7065341139697,84.68961456767094,84.7065341139697,0.0,1084500
2022-12-05,0.0,84.72347259521484,0.0,84.72347259521484,84.70655949676419,84.71501927244859,0.0,1528400
2022-12-06,0.0,84.74039459228516,0.0,84.74039459228516,84.72347504042804,84.72347504042804,0.0,1681600
2022-12-07,0.0,84.73191833496094,0.0,84.74883143060991,84.73191833496094,84.74883143060991,0.0,1659700
2022-12-08,0.0,84.77421569824219,0.0,84.77421569824219,84.76575592346572,84.77421569824219,0.0,964100
2022-12-09,0.0,84.77421569824219,0.0,84.78266902010121,84.77421569824219,84.77421569824219,0.0,564000
2022-12-12,0.0,84.7911376953125,0.0,84.7911376953125,84.78267791964801,84.78267791964801,0.0,657600
2022-12-13,0.0,84.7995834350586,0.0,84.80803675640577,84.79112366079436,84.80803675640577,0.0,719700
2022-12-14,0.0,84.7995834350586,0.0,84.80803675640577,84.7995834350586,84.7995834350586,0.0,856400
2022-12-15,0.0,84.83097076416016,0.327,84.83945821955463,84.82248330876568,84.83097076416016,0.0,1977200
2022-12-16,0.0,84.8394546508789,0.0,84.8394546508789,84.82247974080398,84.8394546508789,0.0,2045200
2022-12-19,0.0,84.8394546508789,0.0,84.84793563188506,84.8394546508789,84.84793563188506,0.0,1939900
2022-12-20,0.0,84.85643005371094,0.0,84.87339849114768,84.85643005371094,84.86491750944522,0.0,3801300
2022-12-21,0.0,84.85643005371094,0.0,84.87339849114768,84.85643005371094,84.87339849114768,0.0,1293400
2022-12-22,0.0,84.90734100341797,0.0,84.91582845906862,84.89886002179908,84.91582845906862,0.0,1303700
2022-12-23,0.0,84.90734100341797,0.0,84.92431591471927,84.89886002179908,84.91582845906862,0.0,1577400
2022-12-27,0.0,84.93281555175781,0.0,84.93281555175781,84.91584711076118,84.9243345682761,0.0,1041700
2022-12-28,0.0,84.94129943847656,0.0,84.94978689563467,84.93281198131844,84.94129943847656,0.0,1368500
2022-12-29,0.0,84.9752426147461,0.0,84.9837300718864,84.96675515760579,84.96675515760579,0.0,10884200
2022-12-30,0.0,84.9752426147461,0.0,84.9837300718864,84.95827417449838,84.9837300718864,0.0,1916900
2023-01-03,0.0,84.99217987060547,0.0,84.99217987060547,84.9836924172258,84.9836924172258,0.0,1660100
2023-01-04,0.0,84.98371887207031,0.0,85.00917476610354,84.98371887207031,85.00068731008179,0.0,908200
2023-01-05,0.0,85.01766204833984,0.0,85.02614303031221,85.01766204833984,85.01766204833984,0.0,1809200
2023-01-06,0.0,85.03461456298828,0.0,85.03461456298828,85.01764612818896,85.03461456298828,0.0,1766200
2023-01-09,0.0,85.03461456298828,0.0,85.03461456298828,85.01764612818896,85.0261271085732,0.0,9842300
2023-01-10,0.0,85.03461456298828,0.0,85.05158947181843,85.03461456298828,85.05158947181843,0.0,2523900
2023-01-11,0.0,85.03461456298828,0.0,85.05158947181843,85.03461456298828,85.04310201740336,0.0,3007500
2023-01-12,0.0,85.09404754638672,0.0,85.09404754638672,85.07707910485726,85.07707910485726,0.0,865400
2023-01-13,0.0,85.10252380371094,0.0,85.10252380371094,85.08554889038217,85.08554889038217,0.0,1120200
2023-01-17,0.0,85.09404754638672,0.0,85.11102246194957,85.09404754638672,85.09404754638672,0.0,939800
2023-01-18,0.0,85.11951446533203,0.0,85.11951446533203,85.10254602160582,85.10254602160582,0.0,1381400
2023-01-19,0.0,85.1364517211914,0.0,85.14493270228566,85.1364517211914,85.14493270228566,0.0,1467700
2023-01-20,0.0,85.15341186523438,0.0,85.15341186523438,85.14492441093526,85.15341186523438,0.0,1379900
2023-01-23,0.0,85.15341186523438,0.0,85.1703867738326,85.15341186523438,85.16189931953349,0.0,2633000
2023-01-24,0.0,85.17891693115234,0.0,85.17891693115234,85.16194848678832,85.17043594598758,0.0,1226600
2023-01-25,0.0,85.18736267089844,0.0,85.18736267089844,85.17887521585583,85.18736267089844,0.0,1176000
2023-01-26,0.0,85.21283721923828,0.0,85.21283721923828,85.20435623637006,85.21283721923828,0.0,1151800
2023-01-27,0.0,85.22132873535156,0.0,85.22981619265677,85.22132873535156,85.22981619265677,0.0,2232000
2023-01-30,0.0,85.24678039550781,0.0,85.24678039550781,85.22981195577395,85.22981195577395,0.0,1174600
2023-01-31,0.0,85.24678039550781,0.0,85.2552678523911,85.24678039550781,85.24678039550781,0.0,1421600
2023-02-01,0.0,85.25868225097656,0.394,85.2757174968408,85.25868225097656,85.2757174968408,0.0,1804300
2023-02-02,0.0,85.30128479003906,0.0,85.30128479003906,85.28850672908655,85.29277041575229,0.0,2411400
2023-02-03,0.0,85.3098373413086,0.0,85.3098373413086,85.29280208688714,85.3098373413086,0.0,1896400
2023-02-06,0.0,85.3098373413086,0.0,85.32687909525482,85.3098373413086,85.31835821828172,0.0,1695900
2023-02-07,0.0,85.32683563232422,0.0,85.3353500054356,85.31831475969139,85.33109281887991,0.0,1221700
2023-02-08,0.0,85.33537292480469,0.0,85.34389379972606,85.32685854940652,85.33537292480469,0.0,2473800
2023-02-09,0.0,85.36945343017578,0.0,85.36945343017578,85.36093255490455,85.36093255490455,0.0,1081100
2023-02-10,0.0,85.37797546386719,0.0,85.37797546386719,85.36945458848034,85.37797546386719,0.0,1425500
2023-02-13,0.0,85.39502716064453,0.0,85.39502716064453,85.3779919061137,85.38651278314153,0.0,2398700
2023-02-14,0.0,85.38650512695312,0.0,85.40354037995648,85.38650512695312,85.3950195036927,0.0,1309900
2023-02-15,0.0,85.41204071044922,0.0,85.41204071044922,85.39499896202102,85.40351983623512,0.0,1216900
2023-02-16,0.0,85.4461441040039,0.0,85.45465848132562,85.43762322715752,85.4461441040039,0.0,1744500
2023-02-17,0.0,85.45467376708984,0.0,85.46319464546042,85.45467376708984,85.46319464546042,0.0,1228600
2023-02-21,0.0,85.47167205810547,0.0,85.4801864326203,85.47167205810547,85.4801864326203,0.0,2903100
2023-02-22,0.0,85.48870086669922,0.0,85.48870086669922,85.48017999330374,85.48870086669922,0.0,9440100
2023-02-23,0.0,85.52278900146484,0.0,85.52278900146484,85.50575375197681,85.52278900146484,0.0,1708000
2023-02-24,0.0,85.53132629394531,0.0,85.53132629394531,85.52280541780425,85.53132629394531,0.0,2364400
2023-02-27,0.0,85.53982543945312,0.0,85.54833981390706,85.53982543945312,85.53982543945312,0.0,1759100
2023-02-28,0.0,85.55687713623047,0.0,85.55687713623047,85.53984188452509,85.55687713623047,0.0,1561400
2023-03-01,0.0,85.56368255615234,0.278,85.57222056313066,85.55513803161145,85.56368255615234,0.0,2607600
2023-03-02,0.0,85.60641479492188,0.0,85.60641479492188,85.59787026812012,85.60641479492188,0.0,3157500
2023-03-03,0.0,85.6149673461914,0.0,85.6149673461914,85.58934028094849,85.58934028094849,0.0,2467400
2023-03-06,0.0,85.60641479492188,0.0,85.62350384852537,85.60641479492188,85.62350384852537,0.0,1563600
2023-03-07,0.0,85.63206481933594,0.0,85.63206481933594,85.62352680780909,85.63206481933594,0.0,1258000
2023-03-08,0.0,85.64059448242188,0.0,85.64059448242188,85.62351194476742,85.64059448242188,0.0,1381400
2023-03-09,0.0,85.66622161865234,0.0,85.67476614626912,85.65767709103558,85.65853740960569,0.0,3052300
2023-03-10,0.0,85.68331909179688,0.0,85.69185710268752,85.67477456334065,85.68331909179688,0.0,3660800
2023-03-13,0.0,85.70892333984375,0.0,85.71746134846119,85.70037881366248,85.71746134846119,0.0,6303300
2023-03-14,0.0,85.72600555419922,0.0,85.72600555419922,85.70892301946436,85.72600555419922,0.0,2820100
2023-03-15,0.0,85.76017761230469,0.0,85.76017761230469,85.73455055127975,85.74309507747601,0.0,4904300
2023-03-16,0.0,85.77726745605469,0.0,85.78580546476589,85.7687229297796,85.78580546476589,0.0,2073800
2023-03-17,0.0,85.78581237792969,0.0,85.80290143185701,85.77727436853046,85.78581237792969,0.0,3651500
2023-03-20,0.0,85.79435729980469,0.0,85.81143983624621,85.79435729980469,85.81143983624621,0.0,2371500
2023-03-21,0.0,85.81997680664062,0.0,85.81997680664062,85.80289427170325,85.81997680664062,0.0,1727800
2023-03-22,0.0,85.8114242553711,0.0,85.83705783172576,85.8114242553711,85.8285133062742,0.0,2389900
2023-03-23,0.0,85.8456039428711,0.0,85.86269299538729,85.8456039428711,85.8541484691292,0.0,2302600
2023-03-24,0.0,85.8797836303711,0.0,85.8797836303711,85.86270109380759,85.87123910330709,0.0,3171100
2023-03-27,0.0,85.8626937866211,0.0,85.87977632173083,85.8626937866211,85.8626937866211,0.0,1457100
2023-03-28,0.0,85.8883285522461,0.0,85.90541108888813,85.8883285522461,85.8883285522461,0.0,1819600
2023-03-29,0.0,85.89684295654297,0.0,85.90538096308755,85.89684295654297,85.90538096308755,0.0,1724900
2023-03-30,0.0,85.91394805908203,0.0,85.92249258543374,85.91394805908203,85.92249258543374,0.0,2052700
2023-03-31,0.0,85.92250061035156,0.0,85.92250061035156,85.90114255125947,85.92250061035156,0.0,5189500
2023-04-03,0.0,85.93279266357422,0.362,85.93279266357422,85.92421727227322,85.93279266357422,0.0,3136300
2023-04-04,0.0,85.949951171875,0.0,85.949951171875,85.93280692753426,85.93280692753426,0.0,3701400
2023-04-05,0.0,85.98421478271484,0.0,86.00135902079101,85.98421478271484,85.99279017230579,0.0,2504500
2023-04-06,0.0,86.00994110107422,0.0,86.00994110107422,86.0013657108162,86.00994110107422,0.0,1478000
2023-04-10,0.0,86.01853942871094,0.0,86.01853942871094,86.00138864362154,86.0142484618846,0.0,3470600
2023-04-11,0.0,86.01853942871094,0.0,86.03568367269237,86.01853942871094,86.03568367269237,0.0,2727900
2023-04-12,0.0,86.0356674194336,0.0,86.0442428103583,86.02709202850889,86.0356674194336,0.0,10695300
2023-04-13,0.0,86.08711242675781,0.0,86.08711242675781,86.06996164506722,86.07853703591252,0.0,1510900
2023-04-14,0.0,86.09567260742188,0.0,86.09567260742188,86.07852836856424,86.07852836856424,0.0,1791500
2023-04-17,0.0,86.09567260742188,0.0,86.1042479974037,86.09567260742188,86.09567260742188,0.0,1412000
2023-04-18,0.0,86.11283874511719,0.0,86.1214075955212,86.11283874511719,86.11283874511719,0.0,1103200
2023-04-19,0.0,86.1385498046875,0.0,86.1385498046875,86.1213990233722,86.12997441402986,0.0,1948100
2023-04-20,0.0,86.17285919189453,0.0,86.17285919189453,86.16428379980731,86.17285919189453,0.0,1421500
2023-04-21,0.0,86.18141174316406,0.0,86.18141174316406,86.17284289380511,86.18141174316406,0.0,1293100
2023-04-24,0.0,86.18998718261719,0.0,86.18998718261719,86.18141179214697,86.18141179214697,0.0,1508900
2023-04-25,0.0,86.18998718261719,0.0,86.1985625730874,86.17284294278313,86.1985625730874,0.0,1922100
2023-04-26,0.0,86.18998718261719,0.0,86.1985625730874,86.18998718261719,86.18998718261719,0.0,1942700
2023-04-27,0.0,86.2157211303711,0.0,86.23287191415967,86.2157211303711,86.2157211303711,0.0,2307900
2023-04-28,0.0,86.2157211303711,0.0,86.22429652226538,86.2157211303711,86.2157211303711,0.0,2363900
2023-05-01,0.0,86.22605895996094,0.392,86.25187924848659,86.22605895996094,86.24327029674266,0.0,3549800
2023-05-02,0.0,86.2432632446289,0.0,86.25187219566888,86.23466086029453,86.25187219566888,0.0,1648600
2023-05-03,0.0,86.2432632446289,0.0,86.25187219566888,86.2432632446289,86.25187219566888,0.0,1600900
2023-05-04,0.0,86.28630065917969,0.0,86.28630065917969,86.26908932395972,86.26908932395972,0.0,4615700
2023-05-05,0.0,86.29491424560547,0.0,86.30351663032478,86.28630529418027,86.30351663032478,0.0,2130900
2023-05-08,0.0,86.3034896850586,0.0,86.31209863379596,86.3034896850586,86.3034896850586,0.0,2293300
2023-05-09,0.0,86.31211853027344,0.0,86.32933643171717,86.31211853027344,86.32933643171717,0.0,1693100
2023-05-10,0.0,86.32933044433594,0.0,86.34654177788063,86.32933044433594,86.32933044433594,0.0,1603000
2023-05-11,0.0,86.38098907470703,0.0,86.38959802663203,86.37238012278202,86.37238012278202,0.0,2600800
2023-05-12,0.0,86.39815521240234,0.0,86.39815521240234,86.38094388426276,86.38955283168397,0.0,1785600
2023-05-15,0.0,86.38955688476562,0.0,86.4067682137127,86.38955688476562,86.39815926588759,0.0,1435800
2023-05-16,0.0,86.41537475585938,0.0,86.41537475585938,86.40676580827393,86.40676580827393,0.0,1270500
2023-05-17,0.0,86.42399597167969,0.0,86.43259835378332,86.41538702287217,86.42399597167969,0.0,1095500
2023-05-18,0.0,86.4498291015625,0.0,86.467040435032,86.4498291015625,86.4498291015625,0.0,1892500
2023-05-19,0.0,86.45841979980469,0.0,86.46702874872834,86.44981741758501,86.45841979980469,0.0,1328000
2023-05-22,0.0,86.46704864501953,0.0,86.47565759592413,86.45843969411493,86.46704864501953,0.0,1356300
2023-05-23,0.0,86.48426055908203,0.0,86.49286294268555,86.47565160877348,86.48426055908203,0.0,1877900
2023-05-24,0.0,86.48426055908203,0.0,86.5014718929941,86.48426055908203,86.49286294268555,0.0,2186900
2023-05-25,0.0,86.53588104248047,0.0,86.54448999079088,86.52727209417006,86.54448999079088,0.0,2024700
2023-05-26,0.0,86.56171417236328,0.0,86.56171417236328,86.55310522277472,86.56171417236328,0.0,1473700
2023-05-30,0.0,86.57893371582031,0.0,86.57893371582031,86.5703313321204,86.5703313321204,0.0,2039800
2023-05-31,0.0,86.57893371582031,0.0,86.59615161663035,86.57893371582031,86.58754266622533,0.0,3443000
2023-06-01,0.0,86.64118194580078,0.432,86.64118194580078,86.62388978026219,86.64118194580078,0.0,3887000
2023-06-02,0.0,86.64118194580078,0.0,86.64982143354126,86.64118194580078,86.64982143354126,0.0,2531700
2023-06-05,0.0,86.65846252441406,0.0,86.65846252441406,86.64981644214282,86.64981644214282,0.0,2639000
2023-06-06,0.0,86.68440246582031,0.0,86.68440246582031,86.66711689465323,86.67575638272224,0.0,2431700
2023-06-07,0.0,86.6930160522461,0.0,86.6930160522461,86.68436997238899,86.68436997238899,0.0,2451600
2023-06-08,0.0,86.72760772705078,0.0,86.73624721327099,86.71896164580293,86.72760772705078,0.0,1433100
2023-06-09,0.0,86.73624420166016,0.0,86.74489028260781,86.72760471573993,86.73624420166016,0.0,2619600
2023-06-12,0.0,86.7535629272461,0.0,86.7535629272461,86.73627076005597,86.7535629272461,0.0,1647000
2023-06-13,0.0,86.76216888427734,0.0,86.76216888427734,86.753522804681,86.753522804681,0.0,2320600
2023-06-14,0.0,86.77947998046875,0.0,86.77947998046875,86.77083389832859,86.77947998046875,0.0,1624100
2023-06-15,0.0,86.82269287109375,0.0,86.83133235711847,86.81404679004154,86.83133235711847,0.0,1901500
2023-06-16,0.0,86.82269287109375,0.0,86.83997843817068,86.82269287109375,86.83997843817068,0.0,2270100
2023-06-20,0.0,86.8486099243164,0.0,86.85725600391564,86.83996384471716,86.85725600391564,0.0,3109100
2023-06-21,0.0,86.85728454589844,0.0,86.86592403331028,86.84863846345802,86.85728454589844,0.0,1798200
2023-06-22,0.0,86.89183807373047,0.0,86.90048415441842,86.89183807373047,86.89183807373047,0.0,1363200
2023-06-23,0.0,86.90912628173828,0.0,86.90912628173828,86.90048020144363,86.90912628173828,0.0,1187700
2023-06-26,0.0,86.91777801513672,0.0,86.92641750096637,86.91777801513672,86.91777801513672,0.0,2400900
2023-06-27,0.0,86.92640686035156,0.0,86.94369901994884,86.92640686035156,86.9350529401502,0.0,1668000
2023-06-28,0.0,86.95236206054688,0.0,86.95236206054688,86.9350764912934,86.9437225734343,0.0,2234700
2023-06-29,0.0,86.9869384765625,0.0,86.9869384765625,86.96965290757083,86.96965290757083,0.0,2015600
2023-06-30,0.0,86.9869384765625,0.0,86.99558455857245,86.9869384765625,86.99558455857245,0.0,4448700
2023-07-03,0.0,87.02774047851562,0.417,87.02774047851562,87.01037635927467,87.01905841889516,0.0,3589900
2023-07-05,0.0,87.03638458251953,0.0,87.03638458251953,87.02770914849332,87.02770914849332,0.0,2078500
2023-07-06,0.0,87.07115173339844,0.0,87.07115173339844,87.06247629483406,87.07115173339844,0.0,6204900
2023-07-07,0.0,87.07980346679688,0.0,87.07980346679688,87.0624459732411,87.07980346679688,0.0,2019400
2023-07-10,0.0,87.08849334716797,0.0,87.09716878349015,87.08849334716797,87.09716878349015,0.0,2072800
2023-07-11,0.0,87.09717559814453,0.0,87.1058576576165,87.09717559814453,87.09717559814453,0.0,2155900
2023-07-12,0.0,87.11454010009766,0.0,87.12322215960779,87.10585804058752,87.11454010009766,0.0,2323900
2023-07-13,0.0,87.1492691040039,0.0,87.15795116425008,87.1492691040039,87.1492691040039,0.0,2442000
2023-07-14,0.0,87.15794372558594,0.0,87.16661916262011,87.15794372558594,87.16661916262011,0.0,4713700
2023-07-17,0.0,87.17533111572266,0.0,87.18401317820505,87.16664905324026,87.1796688357272,0.0,1728200
2023-07-18,0.0,87.1839828491211,0.0,87.19265828611222,87.1839828491211,87.18832056761666,0.0,1857600
2023-07-19,0.0,87.20133972167969,0.0,87.20133972167969,87.19265766227969,87.19265766227969,0.0,1467800
2023-07-20,0.0,87.23605346679688,0.0,87.23605346679688,87.22737140818013,87.23605346679688,0.0,1409500
2023-07-21,0.0,87.2447280883789,0.0,87.2447280883789,87.23604603050225,87.2447280883789,0.0,1452700
2023-07-24,0.0,87.2621078491211,0.0,87.2621078491211,87.25342578902895,87.2621078491211,0.0,1536000
2023-07-25,0.0,87.2707748413086,0.0,87.27945689990172,87.26209278271547,87.2707748413086,0.0,1282900
2023-07-26,0.0,87.28812408447266,0.0,87.28812408447266,87.27076659139757,87.28812408447266,0.0,1641900
2023-07-27,0.0,87.32284545898438,0.0,87.32284545898438,87.31416340123526,87.31416340123526,0.0,1512500
2023-07-28,0.0,87.34021759033203,0.0,87.34021759033203,87.32285347324017,87.32285347324017,0.0,1323400
2023-07-31,0.0,87.34021759033203,0.0,87.34889302640767,87.34021759033203,87.34021759033203,0.0,3955300
2023-08-01,0.0,87.359375,0.442,87.36809536323725,87.359375,87.36809536323725,0.0,4694200
2023-08-02,0.0,87.38552856445312,0.0,87.38552856445312,87.37680820196685,87.38552856445312,0.0,2059600
2023-08-03,0.0,87.41171264648438,0.0,87.42042636023834,87.41171264648438,87.41171264648438,0.0,2615000
2023-08-04,0.0,87.42914581298828,0.0,87.42914581298828,87.42042544763547,87.42914581298828,0.0,2250100
2023-08-07,0.0,87.43785095214844,0.0,87.44657131598271,87.43785095214844,87.44657131598271,0.0,2017300
2023-08-08,0.0,87.44657897949219,0.0,87.46401305699993,87.44657897949219,87.45529269240143,0.0,2138300
2023-08-09,0.0,87.47273254394531,0.0,87.47273254394531,87.46401217943432,87.47273254394531,0.0,1914100
2023-08-10,0.0,87.49889373779297,0.0,87.50761410297689,87.49889373779297,87.50761410297689,0.0,3643500
2023-08-11,0.0,87.50762176513672,0.0,87.51633547939392,87.50762176513672,87.51633547939392,0.0,1948300
2023-08-14,0.0,87.53377532958984,0.0,87.53377532958984,87.5250549637302,87.5250549637302,0.0,2367100
2023-08-15,0.0,87.54248809814453,0.0,87.55120181155775,87.53376773304169,87.54248809814453,0.0,2725000
2023-08-16,0.0,87.55992889404297,0.0,87.55992889404297,87.55120852827112,87.55992889404297,0.0,3010900
2023-08-17,0.0,87.59478759765625,0.0,87.59478759765625,87.58606723348798,87.58606723348798,0.0,5092100
2023-08-18,0.0,87.60352325439453,0.0,87.60352325439453,87.594802888704,87.60352325439453,0.0,2604900
2023-08-21,0.0,87.61222076416016,0.0,87.62094112823783,87.61222076416016,87.61222076416016,0.0,1967100
2023-08-22,0.0,87.62094116210938,0.0,87.62966152619042,87.62094116210938,87.62966152619042,0.0,2327200
2023-08-23,0.0,87.64710998535156,0.0,87.64710998535156,87.62967590601743,87.64710998535156,0.0,2200200
2023-08-24,0.0,87.6819839477539,0.0,87.6819839477539,87.6732635823262,87.6819839477539,0.0,2699900
2023-08-25,0.0,87.69071197509766,0.0,87.69071197509766,87.68199160890802,87.69071197509766,0.0,1902900
2023-08-28,0.0,87.70812225341797,0.0,87.70812225341797,87.69940188959487,87.70812225341797,0.0,1406500
2023-08-29,0.0,87.72554779052734,0.0,87.72554779052734,87.70810706590119,87.71682742821426,0.0,2521800
2023-08-30,0.0,87.72554779052734,0.0,87.73426150115293,87.72554779052734,87.72554779052734,0.0,1908500
2023-08-31,0.0,87.7691650390625,0.0,87.7778854042311,87.76045132558359,87.76045132558359,0.0,4114400
2023-09-01,0.0,87.7962875366211,0.431,87.7962875366211,87.78753635854856,87.7962875366211,0.0,6907600
2023-09-05,0.0,87.80506134033203,0.0,87.81381920028358,87.80506134033203,87.80944361045272,0.0,2632600
2023-09-06,0.0,87.82258605957031,0.0,87.82258605957031,87.81382819872132,87.82258605957031,0.0,2724500
2023-09-07,0.0,87.8663558959961,0.0,87.8663558959961,87.84884685580562,87.85759803575584,0.0,2697700
2023-09-08,0.0,87.87511444091797,0.0,87.87511444091797,87.86635658060948,87.86635658060948,0.0,2149500
2023-09-11,0.0,87.88388061523438,0.0,87.89263179608065,87.88388061523438,87.88388061523438,0.0,1968400
2023-09-12,0.0,87.8926010131836,0.0,87.90135887125331,87.8926010131836,87.90135887125331,0.0,1728600
2023-09-13,0.0,87.91889190673828,0.0,87.91889190673828,87.90137618714839,87.91013404694334,0.0,2152000
2023-09-14,0.0,87.94517517089844,0.0,87.95392635203213,87.94517517089844,87.95392635203213,0.0,2075300
2023-09-15,0.0,87.96267700195312,0.0,87.96267700195312,87.95391914124649,87.958301411745,0.0,2323300
2023-09-18,0.0,87.971435546875,0.0,87.98019340764975,87.971435546875,87.971435546875,0.0,2307700
2023-09-19,0.0,87.98018646240234,0.0,87.98893764219582,87.98018646240234,87.98018646240234,0.0,1702900
2023-09-20,0.0,88.00646209716797,0.0,88.00646209716797,87.98894637526271,87.99770423621534,0.0,1965900
2023-09-21,0.0,88.03270721435547,0.0,88.0414650731408,88.03270721435547,88.0414650731408,0.0,3186500
2023-09-22,0.0,88.05023193359375,0.0,88.05023193359375,88.04148075353874,88.04148075353874,0.0,3379500
2023-09-25,0.0,88.06775665283203,0.0,88.06775665283203,88.05899879159205,88.06775665283203,0.0,2866300
2023-09-26,0.0,88.06775665283203,0.0,88.0765078337812,88.06775665283203,88.0765078337812,0.0,2836000
2023-09-27,0.0,88.09400939941406,0.0,88.09400939941406,88.0764936797489,88.09400939941406,0.0,3450300
2023-09-28,0.0,88.1202621459961,0.0,88.12902000442212,88.1202621459961,88.1202621459961,0.0,2880000
2023-09-29,0.0,88.14655303955078,0.0,88.14655303955078,88.08526137445887,88.12466172767,0.0,5697300
2023-10-02,0.0,88.1570816040039,0.412,88.1570816040039,88.14829446344118,88.1570816040039,0.0,6244400
2023-10-03,0.0,88.16590118408203,0.0,88.18348888582236,88.16590118408203,88.1746950349522,0.0,4955000
2023-10-04,0.0,88.18348693847656,0.0,88.18348693847656,88.17469308780059,88.18348693847656,0.0,3347400
2023-10-05,0.0,88.23623657226562,0.0,88.23623657226562,88.22744272159512,88.22744272159512,0.0,3345400
2023-10-06,0.0,88.24502563476562,0.0,88.25381277721665,88.22743793437891,88.22743793437891,0.0,3186900
2023-10-09,0.0,88.25379943847656,0.0,88.2625932873408,88.25379943847656,88.2625932873408,0.0,2533900
2023-10-10,0.0,88.25379943847656,0.0,88.2625932873408,88.25379943847656,88.25819971677934,0.0,2865400
2023-10-11,0.0,88.27140808105469,0.0,88.27140808105469,88.26261423010385,88.27140808105469,0.0,2673500
2023-10-12,0.0,88.31534576416016,0.0,88.31534576416016,88.29776477361575,88.29776477361575,0.0,2064200
2023-10-13,0.0,88.31534576416016,0.0,88.32413961330312,88.31534576416016,88.32413961330312,0.0,2499400
2023-10-16,0.0,88.34174346923828,0.0,88.34174346923828,88.33294961848692,88.33294961848692,0.0,2622000
2023-10-17,0.0,88.35050201416016,0.0,88.35050201416016,88.34171487399585,88.35050201416016,0.0,2367400
2023-10-18,0.0,88.36812591552734,0.0,88.36812591552734,88.35933206401951,88.36812591552734,0.0,5428500
2023-10-19,0.0,88.40328216552734,0.0,88.40328216552734,88.39448831525779,88.40328216552734,0.0,2599100
2023-10-20,0.0,88.4208755493164,0.0,88.4208755493164,88.41208169781451,88.4208755493164,0.0,2817300
2023-10-23,0.0,88.4384536743164,0.0,88.4384536743164,88.42966653084304,88.43406010257972,0.0,2585300
2023-10-24,0.0,88.44722747802734,0.0,88.44722747802734,88.43843362880408,88.44722747802734,0.0,2151500
2023-10-25,0.0,88.44722747802734,0.0,88.46481517647388,88.44722747802734,88.45602132725061,0.0,3023800
2023-10-26,0.0,88.49999237060547,0.0,88.49999237060547,88.48240467046872,88.49999237060547,0.0,2870600
2023-10-27,0.0,88.49999237060547,0.0,88.5087795129316,88.49999237060547,88.5087795129316,0.0,3906000
2023-10-30,0.0,88.51756286621094,0.0,88.5263567152365,88.51756286621094,88.51756286621094,0.0,3542400
2023-10-31,0.0,88.53514862060547,0.0,88.53514862060547,88.52636147884851,88.52636147884851,0.0,4720800
2023-11-01,0.0,88.55015563964844,0.427,88.55898693600751,88.54132434328936,88.5457433596216,0.0,9100400
2023-11-02,0.0,88.58545684814453,0.0,88.59428140648077,88.57662555350421,88.57662555350421,0.0,3989700
2023-11-03,0.0,88.59430694580078,0.0,88.60313824298692,88.59430694580078,88.59430694580078,0.0,3352000
2023-11-06,0.0,88.61198425292969,0.0,88.61198425292969,88.60315295427723,88.60580032298083,0.0,3746500
2023-11-07,0.0,88.61198425292969,0.0,88.62964011392745,88.61198425292969,88.62964011392745,0.0,3550900
2023-11-08,0.0,88.6296157836914,0.0,88.63844707991952,88.6296157836914,88.63668216793495,0.0,3479900
2023-11-09,0.0,88.67377471923828,0.0,88.68260601638173,88.66494342209482,88.66494342209482,0.0,2604100
2023-11-10,0.0,88.67377471923828,0.0,88.6914305772192,88.67377471923828,88.6914305772192,0.0,3029700
2023-11-13,0.0,88.6826171875,0.0,88.70027304770498,88.6826171875,88.69144174944907,0.0,7757900
2023-11-14,0.0,88.71793365478516,0.0,88.71793365478516,88.70910235672729,88.71793365478516,0.0,3774800
2023-11-15,0.0,88.71793365478516,0.0,88.72675821653635,88.71793365478516,88.71793365478516,0.0,3981800
2023-11-16,0.0,88.7620849609375,0.0,88.77091625982003,88.7620849609375,88.7620849609375,0.0,2420200
2023-11-17,0.0,88.77973937988281,0.0,88.77973937988281,88.77090808181387,88.77090808181387,0.0,2158800
2023-11-20,0.0,88.78855895996094,0.0,88.79739025753439,88.78855895996094,88.79739025753439,0.0,2597700
2023-11-21,0.0,88.81505584716797,0.0,88.82388714570898,88.806231284934,88.806231284934,0.0,2011400
2023-11-22,0.0,88.85037994384766,0.0,88.85921124294916,88.85037994384766,88.85921124294916,0.0,2190400
2023-11-24,0.0,88.87686157226562,0.0,88.87686157226562,88.86803027438324,88.87686157226562,0.0,1104400
2023-11-27,0.0,88.87686157226562,0.0,88.89451743172386,88.87686157226562,88.89451743172386,0.0,2890600
2023-11-28,0.0,88.88568115234375,0.0,88.90334374711865,88.88568115234375,88.8945124497312,0.0,1779200
2023-11-29,0.0,88.91216278076172,0.0,88.91216278076172,88.89450692339062,88.89891920365696,0.0,2921000
2023-11-30,0.0,88.93867492675781,0.0,88.94749948910182,88.92984362810668,88.92984362810668,0.0,6294600
2023-12-01,0.0,88.9679183959961,0.443,88.9679183959961,88.95904808855346,88.9679183959961,0.0,6708000
2023-12-04,0.0,88.97677612304688,0.0,88.98563966317418,88.96790581685842,88.97677612304688,0.0,3521600
2023-12-05,0.0,88.99452209472656,0.0,88.99452209472656,88.9767882459946,88.99452209472656,0.0,2138900
2023-12-06,0.0,88.99452209472656,0.0,89.0033924021236,88.99452209472656,88.99452209472656,0.0,2371200
2023-12-07,0.0,89.03887939453125,0.0,89.04774970317645,89.03000908588606,89.03887939453125,0.0,2551100
2023-12-08,0.0,89.04774475097656,0.0,89.04774475097656,89.03887444282468,89.04774475097656,0.0,2503500
2023-12-11,0.0,89.06547546386719,0.0,89.06547546386719,89.05660515602776,89.06547546386719,0.0,2478600
2023-12-12,0.0,89.0743408203125,0.0,89.08320436159681,89.0743408203125,89.08320436159681,0.0,2250300
2023-12-13,0.0,89.08322143554688,0.0,89.09209174459333,89.08322143554688,89.09209174459333,0.0,4326000
2023-12-14,0.0,89.13221740722656,0.455,89.14112128057995,89.12330673702328,89.13221740722656,0.0,5268100
2023-12-15,0.0,89.14110565185547,0.0,89.15001632049648,89.14110565185547,89.14110565185547,0.0,3426500
2023-12-18,0.0,89.15003204345703,0.0,89.15894271366957,89.15003204345703,89.15894271366957,0.0,4107700
2023-12-19,0.0,89.1767578125,0.0,89.1767578125,89.1589432688139,89.16784714223198,0.0,4336200
2023-12-20,0.0,89.18566131591797,0.0,89.19457198546993,89.17675064636599,89.18566131591797,0.0,4477200
2023-12-21,0.0,89.2391128540039,0.0,89.2391128540039,89.23020898119013,89.23020898119013,0.0,4097500
2023-12-22,0.0,89.24801635742188,0.0,89.24801635742188,89.23910568847411,89.23910568847411,0.0,3353700
2023-12-26,0.0,89.25694274902344,0.0,89.26584662269069,89.25694274902344,89.25694274902344,0.0,2559900
2023-12-27,0.0,89.26583099365234,0.0,89.27474166260961,89.26583099365234,89.27474166260961,0.0,3096500
2023-12-28,0.0,89.31932067871094,0.0,89.32822455405588,89.31932067871094,89.31932067871094,0.0,3386700
2023-12-29,0.0,89.32819366455078,0.0,89.33710433366585,89.32819366455078,89.32819366455078,0.0,3189200
2024-01-02,0.0,89.34600067138672,0.0,89.35491133907249,89.33709000370096,89.34600067138672,0.0,5286200
2024-01-03,0.0,89.35494232177734,0.0,89.37275686647787,89.35494232177734,89.35494232177734,0.0,4597300
2024-01-04,0.0,89.39948272705078,0.0,89.4083933978905,89.39948272705078,89.39948272705078,0.0,2794100
2024-01-05,0.0,89.40838623046875,0.0,89.41729690059414,89.40838623046875,89.40838623046875,0.0,3491200
2024-01-08,0.0,89.43511199951172,0.0,89.43511199951172,89.42620132933098,89.43511199951172,0.0,2867500
2024-01-09,0.0,89.44401550292969,0.0,89.44401550292969,89.43510483346292,89.44401550292969,0.0,2419800
2024-01-10,0.0,89.46183013916016,0.0,89.46183013916016,89.45292626653334,89.46183013916016,0.0,1961400
2024-01-11,0.0,89.51530456542969,0.0,89.51530456542969,89.49748322305184,89.49748322305184,0.0,3164900
2024-01-12,0.0,89.524169921875,0.0,89.524169921875,89.51526605136762,89.51526605136762,0.0,2557900
2024-01-16,0.0,89.5331039428711,0.0,89.54201461255043,89.5331039428711,89.54201461255043,0.0,2713000
2024-01-17,0.0,89.54202270507812,0.0,89.55092657871268,89.54202270507812,89.55092657871268,0.0,2317700
2024-01-18,0.0,89.57765197753906,0.0,89.58655585051633,89.57765197753906,89.58655585051633,0.0,2672000
2024-01-19,0.0,89.60438537597656,0.0,89.60438537597656,89.58656403469476,89.59547470533566,0.0,3630100
2024-01-22,0.0,89.61328125,0.0,89.62219191984545,89.60437737700417,89.61773998334753,0.0,4307000
2024-01-23,0.0,89.63109588623047,0.0,89.63109588623047,89.62218521705145,89.62218521705145,0.0,2066200
2024-01-24,0.0,89.63999938964844,0.0,89.63999938964844,89.63108872118173,89.63108872118173,0.0,3441600
2024-01-25,0.0,89.6845474243164,0.0,89.6845474243164,89.66673288258565,89.66673288258565,0.0,2426000
2024-01-26,0.0,89.6845474243164,0.0,89.69345809360638,89.6845474243164,89.69345809360638,0.0,2059100
2024-01-29,0.0,89.69345092773438,0.0,89.71126546804189,89.69345092773438,89.70236159631246,0.0,2914400
2024-01-30,0.0,89.72017669677734,0.0,89.72017669677734,89.71126602814364,89.71126602814364,0.0,3741000
2024-01-31,0.0,89.72017669677734,0.0,89.72908736541105,89.72017669677734,89.72017669677734,0.0,5171300
2024-02-01,0.0,89.77210235595703,0.458,89.78105373487553,89.77210235595703,89.78105373487553,0.0,7038600
2024-02-02,0.0,89.78106689453125,0.0,89.78106689453125,89.77211551430071,89.78106689453125,0.0,3864800
2024-02-05,0.0,89.79891967773438,0.0,89.79891967773438,89.78997512970433,89.79891967773438,0.0,3969400
2024-02-06,0.0,89.80790710449219,0.0,89.81685848401477,89.7989557249696,89.80790710449219,0.0,2167300
2024-02-07,0.0,89.8257827758789,0.0,89.8257827758789,89.81683139905567,89.8257827758789,0.0,2621200
2024-02-08,0.0,89.8526382446289,0.0,89.87053417200188,89.8526382446289,89.8526382446289,0.0,3838700
2024-02-09,0.0,89.87948608398438,0.0,89.87948608398438,89.86606243139971,89.87053470629439,0.0,3232500
2024-02-12,0.0,89.87948608398438,0.0,89.89738201146373,89.87948608398438,89.88843746167436,0.0,2792700
2024-02-13,0.0,89.89738464355469,0.0,89.89738464355469,89.88844009350342,89.89738464355469,0.0,3009000
2024-02-14,0.0,89.9153060913086,0.0,89.9153060913086,89.90635471149568,89.9153060913086,0.0,2614100
2024-02-15,0.0,89.96003723144531,0.0,89.96898861005391,89.96003723144531,89.96898861005391,0.0,2577800
2024-02-16,0.0,89.96898651123047,0.0,89.97793788963024,89.96898651123047,89.97793788963024,0.0,2920700
2024-02-20,0.0,89.98688507080078,0.0,89.9958296208822,89.97793369281851,89.98688507080078,0.0,3268600
2024-02-21,0.0,89.99581909179688,0.0,90.01372184566686,89.99581909179688,90.00477046873188,0.0,2302700
2024-02-22,0.0,90.03163146972656,0.0,90.04058284802349,90.03163146972656,90.03163146972656,0.0,2452200
2024-02-23,0.0,90.05847930908203,0.0,90.05847930908203,90.0495347586333,90.05847930908203,0.0,2010100
2024-02-26,0.0,90.06741333007812,0.0,90.07636470670289,90.06741333007812,90.06741333007812,0.0,2645100
2024-02-27,0.0,90.0853271484375,0.0,90.0853271484375,90.07637577071324,90.0853271484375,0.0,2360300
2024-02-28,0.0,90.09427642822266,0.0,90.09427642822266,90.08533187792943,90.08533187792943,0.0,4526200
2024-02-29,0.0,90.12112426757812,0.0,90.13007564582524,90.12112426757812,90.12112426757812,0.0,5560200
2024-03-01,0.0,90.14811706542969,0.41,90.14811706542969,90.13912908944732,90.14811706542969,0.0,7579200
2024-03-04,0.0,90.15707397460938,0.0,90.16605509168006,90.15707397460938,90.15707397460938,0.0,3613500
2024-03-05,0.0,90.16605377197266,0.0,90.17504174472636,90.16605377197266,90.16605377197266,0.0,3905300
2024-03-06,0.0,90.18401336669922,0.0,90.19300133782336,90.17502539557509,90.18401336669922,0.0,2760000
2024-03-07,0.0,90.22897338867188,0.0,90.22897338867188,90.21998541485598,90.22897338867188,0.0,2415500
2024-03-08,0.0,90.23793029785156,0.0,90.24691826925618,90.22894918226037,90.24691826925618,0.0,3748900
2024-03-11,0.0,90.25590515136719,0.0,90.25590515136719,90.24691718007104,90.25590515136719,0.0,3238400
2024-03-12,0.0,90.26487731933594,0.0,90.27386528974115,90.26487731933594,90.26487731933594,0.0,2613300
2024-03-13,0.0,90.2739028930664,0.0,90.28289086721553,90.2739028930664,90.2739028930664,0.0,2249300
2024-03-14,0.0,90.30984497070312,0.0,90.31883294455734,90.30984497070312,90.30984497070312,0.0,3469600
2024-03-15,0.0,90.32778930664062,0.0,90.32778930664062,90.31880819106314,90.32778930664062,0.0,3277300
2024-03-18,0.0,90.33678436279297,0.0,90.34577233488878,90.33678436279297,90.34577233488878,0.0,3576200
2024-03-19,0.0,90.3547592163086,0.0,90.36374033248202,90.3547592163086,90.36374033248202,0.0,2661900
2024-03-20,0.0,90.36373901367188,0.0,90.372726985528,90.36373901367188,90.36373901367188,0.0,2492700
2024-03-21,0.0,90.3996810913086,0.0,90.40866906287103,90.3996810913086,90.3996810913086,0.0,3547400
2024-03-22,0.0,90.41766357421875,0.0,90.42664469061722,90.40867560200623,90.42664469061722,0.0,2636700
2024-03-25,0.0,90.43563079833984,0.0,90.44461877036706,90.43563079833984,90.43563079833984,0.0,2422900
2024-03-26,0.0,90.44464111328125,0.0,90.45362908752881,90.44464111328125,90.44464111328125,0.0,3181700
2024-03-27,0.0,90.48954772949219,0.0,90.49853570179857,90.48954772949219,90.49853570179857,0.0,2990800
2024-03-28,0.0,90.49855041503906,0.0,90.50753838880671,90.49855041503906,90.50753838880671,0.0,5425800
2024-04-01,0.0,90.5256118774414,0.45,90.53464019027498,90.5256118774414,90.53464019027498,0.0,7395400
2024-04-02,0.0,90.54366302490234,0.0,90.54366302490234,90.53464159851336,90.54366302490234,0.0,4202900
2024-04-03,0.0,90.55272674560547,0.0,90.56175506210971,90.55272674560547,90.55272674560547,0.0,4333600
2024-04-04,0.0,90.59783172607422,0.0,90.59783172607422,90.5888034125312,90.5888034125312,0.0,3427500
2024-04-05,0.0,90.60684967041016,0.0,90.61587798360615,90.60684967041016,90.61587798360615,0.0,3104200
2024-04-08,0.0,90.62488555908203,0.0,90.62488555908203,90.615857247952,90.62488555908203,0.0,3511400
2024-04-09,0.0,90.63394927978516,0.0,90.63394927978516,90.62492096512786,90.63394927978516,0.0,3578500
2024-04-10,0.0,90.65200805664062,0.0,90.65200805664062,90.63395831211356,90.6429797410836,0.0,3893100
2024-04-11,0.0,90.6880874633789,0.0,90.6880874633789,90.67905915050672,90.67905915050672,0.0,3521100
2024-04-12,0.0,90.6971206665039,0.0,90.6971206665039,90.68809235314494,90.6971206665039,0.0,4235400
2024-04-15,0.0,90.7151870727539,0.0,90.7151870727539,90.70615875773626,90.70615875773626,0.0,4144700
2024-04-16,0.0,90.7151870727539,0.0,90.73323681620262,90.7151870727539,90.72421538777157,0.0,4850000
2024-04-17,0.0,90.74223327636719,0.0,90.74223327636719,90.7332049645189,90.74223327636719,0.0,3688400
2024-04-18,0.0,90.76932525634766,0.0,90.77835356958158,90.76932525634766,90.77835356958158,0.0,3235600
2024-04-19,0.0,90.79638671875,0.0,90.79638671875,90.77833698216551,90.79638671875,0.0,3319500
2024-04-22,0.0,90.80542755126953,0.0,90.80542755126953,90.7963992384404,90.80542755126953,0.0,3547400
2024-04-23,0.0,90.81446075439453,0.0,90.82348906770983,90.80543244107923,90.81446075439453,0.0,4233300
2024-04-24,0.0,90.82347869873047,0.0,90.83250012443052,90.82347869873047,90.83250012443052,0.0,3200000
2024-04-25,0.0,90.86860656738281,0.0,90.86860656738281,90.85958514167477,90.86860656738281,0.0,2705900
2024-04-26,0.0,90.88667297363281,0.0,90.88667297363281,90.87764466036859,90.87764466036859,0.0,3008600
2024-04-29,0.0,90.88667297363281,0.0,90.89569440031178,90.88667297363281,90.89569440031178,0.0,2501900
2024-04-30,0.0,90.89569854736328,0.0,90.9047268610394,90.89569854736328,90.89569854736328,0.0,6488000
2024-05-01,0.0,90.93014526367188,0.428,90.93014526367188,90.9210853296618,90.93014526367188,0.0,8406600
2024-05-02,0.0,90.96638488769531,0.0,90.96638488769531,90.95731803978425,90.96638488769531,0.0,4369600
2024-05-03,0.0,90.98453521728516,0.0,90.98453521728516,90.96640151814783,90.9754683677165,0.0,4792400
2024-05-06,0.0,90.99362182617188,0.0,90.99362182617188,90.98456188992708,90.98456188992708,0.0,3623700
2024-05-07,0.0,90.99362182617188,0.0,91.00268867839853,90.99362182617188,91.00268867839853,0.0,3591500
2024-05-08,0.0,91.02079772949219,0.0,91.02079772949219,91.00266402995045,91.01173087972133,0.0,3109400
2024-05-09,0.0,91.04798889160156,0.0,91.05704882514652,91.04798889160156,91.05251885837404,0.0,2739600
2024-05-10,0.0,91.0751953125,0.0,91.0751953125,91.05706161090421,91.0751953125,0.0,3005800
2024-05-13,0.0,91.08428192138672,0.0,91.08428192138672,91.07521506862204,91.08428192138672,0.0,3317000
2024-05-14,0.0,91.08428192138672,0.0,91.09334185816913,91.08428192138672,91.09334185816913,0.0,2765800
2024-05-15,0.0,91.10237884521484,0.0,91.11144569500718,91.10237884521484,91.10237884521484,0.0,4228600
2024-05-16,0.0,91.1477279663086,0.0,91.15678790228662,91.13866111434889,91.1477279663086,0.0,3699500
2024-05-17,0.0,91.1567611694336,0.0,91.16582801873432,91.1567611694336,91.16582801873432,0.0,4544200
2024-05-20,0.0,91.16584014892578,0.0,91.1749069994329,91.16584014892578,91.1749069994329,0.0,3341000
2024-05-21,0.0,91.18394470214844,0.0,91.19301155044495,91.18394470214844,91.18394470214844,0.0,3774900
2024-05-22,0.0,91.19302368164062,0.0,91.20209053114328,91.19302368164062,91.20209053114328,0.0,2609000
2024-05-23,0.0,91.25647735595703,0.0,91.25647735595703,91.24741742247788,91.24741742247788,0.0,3077800
2024-05-24,0.0,91.26554870605469,0.0,91.26554870605469,91.25648185614865,91.26554870605469,0.0,2512800
2024-05-28,0.0,91.27459716796875,0.0,91.27459716796875,91.26553031988931,91.26553031988931,0.0,3684600
2024-05-29,0.0,91.27459716796875,0.0,91.28365710006949,91.27459716796875,91.28365710006949,0.0,3971700
2024-05-30,0.0,91.29275512695312,0.0,91.30182197812914,91.29275512695312,91.29275512695312,0.0,3566800
2024-05-31,0.0,91.32899475097656,0.0,91.32899475097656,91.31992790187194,91.31992790187194,0.0,7082900
2024-06-03,0.0,91.34721374511719,0.44,91.35631341954713,91.34721374511719,91.34721374511719,0.0,9568200
2024-06-04,0.0,91.36540985107422,0.0,91.36540985107422,91.35630323134349,91.36540985107422,0.0,5355900
2024-06-05,0.0,91.38362121582031,0.0,91.38362121582031,91.37451459627641,91.37451459627641,0.0,4285300
2024-06-06,0.0,91.38362121582031,0.0,91.39272088904879,91.38362121582031,91.39272088904879,0.0,3376100
2024-06-07,0.0,91.4200439453125,0.0,91.42914361885924,91.4200439453125,91.42914361885924,0.0,3490400
2024-06-10,0.0,91.43826293945312,0.0,91.44736956058046,91.43826293945312,91.44736956058046,0.0,2732300
2024-06-11,0.0,91.45645141601562,0.0,91.45645141601562,91.44735174297792,91.45645141601562,0.0,3320000
2024-06-12,0.0,91.47467803955078,0.0,91.47467803955078,91.45646479817975,91.46557141886527,0.0,5355700
2024-06-13,0.0,91.4837875366211,0.0,91.49288721127641,91.47468091564926,91.4837875366211,0.0,3925700
2024-06-14,0.0,91.52930450439453,0.0,91.52930450439453,91.51109820921384,91.520197883646,0.0,3505500
2024-06-17,0.0,91.53840637207031,0.0,91.53840637207031,91.52929975179464,91.53840637207031,0.0,3493700
2024-06-18,0.0,91.56572723388672,0.0,91.56572723388672,91.55662061282065,91.56572723388672,0.0,2972000
2024-06-20,0.0,91.57483673095703,0.0,91.58393640599229,91.57483673095703,91.57483673095703,0.0,3580700
2024-06-21,0.0,91.61125183105469,0.0,91.62035150564901,91.61125183105469,91.61125183105469,0.0,3460900
2024-06-24,0.0,91.620361328125,0.0,91.62946795001213,91.620361328125,91.62946795001213,0.0,3369500
2024-06-25,0.0,91.6385498046875,0.0,91.6385498046875,91.62944318526164,91.6385498046875,0.0,3561700
2024-06-26,0.0,91.64766693115234,0.0,91.6567666053061,91.64766693115234,91.64857689856771,0.0,4815500
2024-06-27,0.0,91.6567611694336,0.0,91.66586778936342,91.6567611694336,91.66586778936342,0.0,3349900
2024-06-28,0.0,91.69319915771484,0.0,91.70230577947753,91.69319915771484,91.69319915771484,0.0,7427800
2024-07-01,0.0,91.72885131835938,0.439,91.72885131835938,91.71971180431424,91.72885131835938,0.0,9965300
2024-07-02,0.0,91.7380142211914,0.0,91.7380142211914,91.72886772878168,91.7380142211914,0.0,5720900
2024-07-03,0.0,91.76542663574219,0.0,91.76542663574219,91.75628014533447,91.76542663574219,0.0,3986000
2024-07-05,0.0,91.80199432373047,0.0,91.80199432373047,91.7928478344483,91.7928478344483,0.0,3742000
2024-07-08,0.0,91.82029724121094,0.0,91.82029724121094,91.81115075093872,91.81115075093872,0.0,3263000
2024-07-09,0.0,91.82029724121094,0.0,91.83858324502748,91.82029724121094,91.82943675475526,0.0,4508000
2024-07-10,0.0,91.8386001586914,0.0,91.8477466506481,91.8386001586914,91.8386001586914,0.0,4062200
2024-07-11,0.0,91.85685729980469,0.0,91.85685729980469,91.84771778744926,91.84771778744926,0.0,4195600
2024-07-12,0.0,91.90259552001953,0.0,91.90259552001953,91.89344902966805,91.90259552001953,0.0,3369000
2024-07-15,0.0,91.90259552001953,0.0,91.91174201037103,91.90259552001953,91.91174201037103,0.0,3615100
2024-07-16,0.0,91.9208984375,0.0,91.9208984375,91.91175892219479,91.9208984375,0.0,3622900
2024-07-17,0.0,91.93003845214844,0.0,91.93461518620781,91.92089196075844,91.93003845214844,0.0,3822100
2024-07-18,0.0,91.94830322265625,0.0,91.94830322265625,91.93915673407265,91.93915673407265,0.0,5291400
2024-07-19,0.0,91.98487854003906,0.0,91.98487854003906,91.97573902785255,91.98487854003906,0.0,2993600
2024-07-22,0.0,92.00316619873047,0.0,92.00316619873047,91.9940197103459,92.00316619873047,0.0,3386500
2024-07-23,0.0,92.01233673095703,0.0,92.0214762450034,92.00319024018238,92.01233673095703,0.0,2829200
2024-07-24,0.0,92.02149200439453,0.0,92.03063849673559,92.01235248878295,92.02149200439453,0.0,3474500
2024-07-25,0.0,92.03974914550781,0.0,92.03974914550781,92.03060265672872,92.03974914550781,0.0,3521700
2024-07-26,0.0,92.06719970703125,0.0,92.07634619760572,92.06719970703125,92.06719970703125,0.0,3172600
2024-07-29,0.0,92.09464263916016,0.0,92.09464263916016,92.08549614754912,92.08549614754912,0.0,3259000
2024-07-30,0.0,92.09464263916016,0.0,92.10378913077119,92.09464263916016,92.10378913077119,0.0,4559900
2024-07-31,0.0,92.10376739501953,0.0,92.11291388447206,92.10376739501953,92.10376739501953,0.0,7256900
2024-08-01,0.0,92.13408660888672,0.453,92.13408660888672,92.1248987957492,92.13408660888672,0.0,11015600
2024-08-02,0.0,92.18000793457031,0.0,92.18000793457031,92.16163931728526,92.17082012180393,0.0,7927400
2024-08-05,0.0,92.18920135498047,0.0,92.20756997338283,92.18001354165521,92.18001354165521,0.0,8712900
2024-08-06,0.0,92.20758056640625,0.0,92.20758056640625,92.18921194589366,92.18921194589366,0.0,5059100
2024-08-07,0.0,92.20758056640625,0.0,92.21676838078703,92.20758056640625,92.20758056640625,0.0,4611400
2024-08-08,0.0,92.23515319824219,0.0,92.23515319824219,92.21677756765001,92.2259653829461,0.0,3903300
2024-08-09,0.0,92.26270294189453,0.0,92.27188374827486,92.25351512726505,92.26270294189453,0.0,5548300
2024-08-12,0.0,92.28105163574219,0.0,92.29023944838765,92.27186382309672,92.28105163574219,0.0,3845400
2024-08-13,0.0,92.29943084716797,0.0,92.29943084716797,92.29024303416553,92.29943084716797,0.0,4782200
2024-08-14,0.0,92.31782531738281,0.0,92.31782531738281,92.29945669448193,92.30863750180744,0.0,4327700
2024-08-15,0.0,92.32699584960938,0.0,92.32699584960938,92.3086202218985,92.3086202218985,0.0,4217800
2024-08-16,0.0,92.3637466430664,0.0,92.3637466430664,92.35455882855977,92.3637466430664,0.0,3638900
2024-08-19,0.0,92.37290954589844,0.0,92.3820973586243,92.37290954589844,92.37290954589844,0.0,3930700
2024-08-20,0.0,92.38209533691406,0.0,92.39128314943886,92.38209533691406,92.39128314943886,0.0,3084200
2024-08-21,0.0,92.40966033935547,0.0,92.40966033935547,92.39129172084928,92.39129172084928,0.0,3936000
2024-08-22,0.0,92.40966033935547,0.0,92.41884815273266,92.40966033935547,92.41884815273266,0.0,3849100
2024-08-23,0.0,92.44642639160156,0.0,92.45561420714604,92.44642639160156,92.45561420714604,0.0,3549900
2024-08-26,0.0,92.46479034423828,0.0,92.47397115037336,92.46479034423828,92.46479034423828,0.0,3969000
2024-08-27,0.0,92.47395324707031,0.0,92.48314105967556,92.47395324707031,92.48314105967556,0.0,2818100
2024-08-28,0.0,92.483154296875,0.0,92.49234211079532,92.483154296875,92.49234211079532,0.0,3500800
2024-08-29,0.0,92.4923324584961,0.0,92.5107010761712,92.4923324584961,92.50151326320972,0.0,4537700
2024-08-30,0.0,92.53824615478516,0.0,92.54743396661954,92.53824615478516,92.53824615478516,0.0,8427400
2024-09-03,0.0,92.5788803100586,0.444,92.5788803100586,92.56965886012944,92.5788803100586,0.0,11846700
2024-09-04,0.0,92.58808898925781,0.0,92.59731747648722,92.58808898925781,92.59731747648722,0.0,7218300
2024-09-05,0.0,92.61578369140625,0.0,92.61578369140625,92.59733375297762,92.60656224182918,0.0,4833300
2024-09-06,0.0,92.65267181396484,0.0,92.65267181396484,92.64345036625824,92.65267181396484,0.0,5534600
2024-09-09,0.0,92.66192626953125,0.0,92.6711547590972,92.66192626953125,92.66192626953125,0.0,5397400
2024-09-10,0.0,92.68034362792969,0.0,92.68034362792969,92.66189369455881,92.68034362792969,0.0,4143900
2024-09-11,0.0,92.68034362792969,0.0,92.68957211425139,92.68034362792969,92.68034362792969,0.0,4500100
2024-09-12,0.0,92.6895751953125,0.0,92.69880368194097,92.6895751953125,92.69880368194097,0.0,3912400
2024-09-13,0.0,92.74494934082031,0.0,92.74494934082031,92.72649940339377,92.72649940339377,0.0,3465200
2024-09-16,0.0,92.76338958740234,0.0,92.76338958740234,92.74493261403046,92.74493261403046,0.0,3571100
2024-09-17,0.0,92.76338958740234,0.0,92.78183952150138,92.76338958740234,92.77261807408829,0.0,4452200
2024-09-18,0.0,92.79107666015625,0.0,92.80030514770267,92.78184817260984,92.78184817260984,0.0,4077700
2024-09-19,0.0,92.80953216552734,0.0,92.81876065362756,92.80031071670103,92.80031071670103,0.0,5165800
2024-09-20,0.0,92.84642028808594,0.0,92.85564877431847,92.84642028808594,92.85564877431847,0.0,4244800
2024-09-23,0.0,92.87411499023438,0.0,92.87411499023438,92.85565801593235,92.86488650308337,0.0,5220900
2024-09-24,0.0,92.88333129882812,0.0,92.88333129882812,92.87410985146053,92.87410985146053,0.0,3923500
2024-09-25,0.0,92.88333129882812,0.0,92.9017882721089,92.88333129882812,92.89255978546852,0.0,3372400
2024-09-26,0.0,92.89257049560547,0.0,92.90179898330987,92.89257049560547,92.89257049560547,0.0,4364400
2024-09-27,0.0,92.92948913574219,0.0,92.93871762461131,92.92948913574219,92.92948913574219,0.0,4945400
2024-09-30,0.0,92.92948913574219,0.0,92.94793907420593,92.92948913574219,92.93871762461131,0.0,9253100
2024-10-01,0.0,92.96654510498047,0.43,92.96654510498047,92.95727704924394,92.96654510498047,0.0,11569200
2024-10-02,0.0,92.96654510498047,0.0,92.97580609126182,92.96654510498047,92.97580609126182,0.0,5170300
2024-10-03,0.0,92.9758071899414,0.0,92.98507524578746,92.9758071899414,92.98507524578746,0.0,4066100
2024-10-04,0.0,93.01287078857422,0.0,93.02213884426529,93.01287078857422,93.01750835114733,0.0,4987100
2024-10-07,0.0,93.02212524414062,0.0,93.03139329847669,93.02212524414062,93.02212524414062,0.0,4792500
2024-10-08,0.0,93.03140258789062,0.0,93.04067064315213,93.03140258789062,93.03140258789062,0.0,3923100
2024-10-09,0.0,93.0499267578125,0.0,93.05919481258881,93.04066577249063,93.0499267578125,0.0,4024800
2024-10-10,0.0,93.06847381591797,0.0,93.06847381591797,93.05920576005137,93.06847381591797,0.0,3731100
2024-10-11,0.0,93.10552215576172,0.0,93.11478314050058,93.10552215576172,93.10552215576172,0.0,3778400
2024-10-14,0.0,93.10552215576172,0.0,93.11478314050058,93.10552215576172,93.10552215576172,0.0,3297100
2024-10-15,0.0,93.12406158447266,0.0,93.12406158447266,93.11479352924577,93.12406158447266,0.0,3567400
2024-10-16,0.0,93.14257049560547,0.0,93.14257049560547,93.13330951183484,93.13330951183484,0.0,3809900
2024-10-17,0.0,93.14257049560547,0.0,93.15183854882936,93.14257049560547,93.14257049560547,0.0,3575500
2024-10-18,0.0,93.17965698242188,0.0,93.18892503776867,93.17039599652996,93.18892503776867,0.0,3970200
2024-10-21,0.0,93.19819641113281,0.0,93.19819641113281,93.18892835545606,93.18892835545606,0.0,3940600
2024-10-22,0.0,93.20745086669922,0.0,93.20745086669922,93.19818988112647,93.20745086669922,0.0,3462800
2024-10-23,0.0,93.20745086669922,0.0,93.22598697675397,93.20745086669922,93.22598697675397,0.0,3927700
2024-10-24,0.0,93.23524475097656,0.0,93.23524475097656,93.22597669697114,93.23524475097656,0.0,3704500
2024-10-25,0.0,93.27232360839844,0.0,93.27232360839844,93.26305555303063,93.26305555303063,0.0,5386900
2024-10-28,0.0,93.27232360839844,0.0,93.28158459431134,93.27232360839844,93.28158459431134,0.0,3471300
2024-10-29,0.0,93.29084777832031,0.0,93.29084777832031,93.2769492307218,93.28157972343647,0.0,3449900
2024-10-30,0.0,93.29084777832031,0.0,93.3093768186335,93.29084777832031,93.30011583320417,0.0,7059200
2024-10-31,0.0,93.30937194824219,0.0,93.31864000264228,93.30011096329625,93.30011096329625,0.0,11321100
2024-11-01,0.0,93.36056518554688,0.415,93.36056518554688,93.35126587479336,93.36056518554688,0.0,13451800
2024-11-04,0.0,93.3698501586914,0.0,93.37822663515698,93.36054375136399,93.3698501586914,0.0,5041500
2024-11-05,0.0,93.38845825195312,0.0,93.38845825195312,93.3698454382393,93.3791518450962,0.0,4280500
2024-11-06,0.0,93.38845825195312,0.0,93.39775756010152,93.3791518450962,93.3791518450962,0.0,9470900
2024-11-07,0.0,93.40707397460938,0.0,93.40707397460938,93.39776756675536,93.39776756675536,0.0,6188100
2024-11-08,0.0,93.45360565185547,0.0,93.45360565185547,93.43499283480573,93.4442992433306,0.0,5624200
2024-11-11,0.0,93.44428253173828,0.0,93.4535889385988,93.43963287766229,93.44428253173828,0.0,4443700
2024-11-12,0.0,93.45360565185547,0.0,93.46290496167055,93.45360565185547,93.46290496167055,0.0,4283300
2024-11-13,0.0,93.48149871826172,0.0,93.48149871826172,93.46288590500706,93.47219231163439,0.0,4818000
2024-11-14,0.0,93.48149871826172,0.0,93.49080512488905,93.48149871826172,93.49080512488905,0.0,4353200
2024-11-15,0.0,93.52800750732422,0.0,93.52800750732422,93.51870820030472,93.51870820030472,0.0,5605100
2024-11-18,0.0,93.53732299804688,0.0,93.53732299804688,93.5280165914158,93.53732299804688,0.0,5567500
2024-11-19,0.0,93.5466537475586,0.0,93.5466537475586,93.53734733850581,93.5466537475586,0.0,4310900
2024-11-20,0.0,93.56526947021484,0.0,93.56526947021484,93.54666374883027,93.55597015887803,0.0,4133000
2024-11-21,0.0,93.56526947021484,0.0,93.5745758802626,93.56526947021484,93.5745758802626,0.0,4410700
2024-11-22,0.0,93.5931625366211,0.0,93.60246894477312,93.5931625366211,93.5931625366211,0.0,4343900
2024-11-25,0.0,93.60244750976562,0.0,93.61175391578648,93.60244750976562,93.60244750976562,0.0,6020200
2024-11-26,0.0,93.62107849121094,0.0,93.63037780032867,93.61177208338394,93.62107849121094,0.0,4586900
2024-11-27,0.0,93.63967895507812,0.0,93.64898536238303,93.63967895507812,93.63967895507812,0.0,5909000
2024-11-29,0.0,93.67689514160156,0.0,93.68620154867361,93.67689514160156,93.67689514160156,0.0,6581100
2024-12-02,0.0,93.6937026977539,0.378,93.70304417683256,93.6937026977539,93.69836987456284,0.0,11471800
2024-12-03,0.0,93.70306396484375,0.0,93.71239832043284,93.70306396484375,93.71239832043284,0.0,5734100
2024-12-04,0.0,93.72172546386719,0.0,93.7310669434895,93.71238398424488,93.72172546386719,0.0,5351100
2024-12-05,0.0,93.73107147216797,0.0,93.74041295224161,93.73107147216797,93.73107147216797,0.0,4870100
2024-12-06,0.0,93.77777099609375,0.0,93.77777099609375,93.76842951609491,93.77777099609375,0.0,4779000
2024-12-09,0.0,93.787109375,0.0,93.787109375,93.77777502006211,93.77777502006211,0.0,5539800
2024-12-10,0.0,93.80579376220703,0.0,93.80579376220703,93.79645228166531,93.79645228166531,0.0,5293500
2024-12-11,0.0,93.80579376220703,0.0,93.81512811728686,93.80579376220703,93.81512811728686,0.0,4855300
2024-12-12,0.0,93.81513214111328,0.0,93.82447362205566,93.81513214111328,93.82447362205566,0.0,4701000
2024-12-13,0.0,93.86183166503906,0.0,93.86183166503906,93.85249018417184,93.85249018417184,0.0,4671500
2024-12-16,0.0,93.87116241455078,0.0,93.87116241455078,93.86182093475149,93.87116241455078,0.0,5598900
2024-12-17,0.0,93.87116241455078,0.0,93.88049676888875,93.87116241455078,93.88049676888875,0.0,5798500
2024-12-18,0.0,93.89179992675781,0.372,93.89179992675781,93.88242374325687,93.89179992675781,0.0,11526500
2024-12-19,0.0,93.91053771972656,0.0,93.91522223514056,93.90116153696665,93.90116153696665,0.0,8319400
2024-12-20,0.0,93.92929077148438,0.0,93.9386669550267,93.92929077148438,93.93398243922181,0.0,8898900
2024-12-23,0.0,93.94804382324219,0.0,93.94804382324219,93.93866763963152,93.94804382324219,0.0,7032500
2024-12-24,0.0,93.97615051269531,0.0,93.97615051269531,93.96677433055224,93.97615051269531,0.0,4654300
2024-12-26,0.0,93.98553466796875,0.0,93.98553466796875,93.97615848503027,93.98553466796875,0.0,4974100
2024-12-27,0.0,94.01366424560547,0.0,94.01366424560547,94.0042880618511,94.0042880618511,0.0,6558000
2024-12-30,0.0,94.01366424560547,0.0,94.02304042935984,94.01366424560547,94.02304042935984,0.0,6547600
2024-12-31,0.0,94.0417709350586,0.0,94.06051614770256,94.0417709350586,94.05114711734636,0.0,7371300
2025-01-02,0.0,94.06053924560547,0.0,94.06053924560547,94.05117021294858,94.06053924560547,0.0,7533100
2025-01-03,0.0,94.08863830566406,0.0,94.09800733538407,94.08863830566406,94.09800733538407,0.0,6730100
2025-01-06,0.0,94.08863830566406,0.0,94.10738351703516,94.08863830566406,94.09800733538407,0.0,6938300
2025-01-07,0.0,94.10736846923828,0.0,94.11674464939013,94.10736846923828,94.11674464939013,0.0,6792100
2025-01-08,0.0,94.12615966796875,0.0,94.12615966796875,94.11678348394811,94.11678348394811,0.0,6101100
2025-01-10,0.0,94.16363525390625,0.0,94.1730114364486,94.15426622329566,94.16363525390625,0.0,7644600
2025-01-13,0.0,94.18238830566406,0.0,94.18238830566406,94.17301212305335,94.1776966383928,0.0,7647300
2025-01-14,0.0,94.19176483154297,0.0,94.19176483154297,94.18238864889808,94.19176483154297,0.0,7245400
2025-01-15,0.0,94.20112609863281,0.0,94.20112609863281,94.19175706869193,94.20112609863281,0.0,6878600
2025-01-16,0.0,94.20112609863281,0.0,94.21987846237711,94.20112609863281,94.21050228050495,0.0,5352500
2025-01-17,0.0,94.2480239868164,0.0,94.25740017108917,94.23864780254364,94.2480239868164,0.0,6563000
2025-01-21,0.0,94.25737762451172,0.0,94.26674665461032,94.25737762451172,94.26206213956102,0.0,7952400
2025-01-22,0.0,94.27613830566406,0.0,94.27613830566406,94.26676212209563,94.26676212209563,0.0,5717600
2025-01-23,0.0,94.28550720214844,0.0,94.28550720214844,94.27613101930467,94.28550720214844,0.0,5085800
2025-01-24,0.0,94.3136215209961,0.0,94.32299770313622,94.3136215209961,94.3136215209961,0.0,6380000
2025-01-27,0.0,94.3136215209961,0.0,94.33236673334491,94.3136215209961,94.32299770313622,0.0,9439800
2025-01-28,0.0,94.34174346923828,0.0,94.34174346923828,94.32299825677944,94.33236728704311,0.0,5857900
2025-01-29,0.0,94.34174346923828,0.0,94.35111965143345,94.34174346923828,94.34174346923828,0.0,3978700
2025-01-30,0.0,94.36051940917969,0.0,94.36988844178417,94.35114322464192,94.35114322464192,0.0,8043500
2025-01-31,0.0,94.3792495727539,0.0,94.38862575579617,94.3792495727539,94.38862575579617,0.0,12373000
2025-02-03,0.0,94.40088653564453,0.363,94.40088653564453,94.39148360221586,94.39148360221586,0.0,16436200
2025-02-04,0.0,94.41970825195312,0.0,94.41970825195312,94.4102981405638,94.41970825195312,0.0,7866600
2025-02-05,0.0,94.41970825195312,0.0,94.42911836334247,94.41970825195312,94.42911836334247,0.0,7100900
2025-02-06,0.0,94.43850708007812,0.0,94.43850708007812,94.4291041479162,94.43850708007812,0.0,5804300
2025-02-07,0.0,94.46674346923828,0.0,94.47614640200332,94.45733335866197,94.47614640200332,0.0,6758700
2025-02-10,0.0,94.48554992675781,0.0,94.48554992675781,94.47613981683742,94.48554992675781,0.0,7517800
2025-02-11,0.0,94.48554992675781,0.0,94.49496003667822,94.48554992675781,94.49496003667822,0.0,6424100
2025-02-12,0.0,94.49496459960938,0.0,94.50436753217306,94.49496459960938,94.49496459960938,0.0,6618800
2025-02-13,0.0,94.51378631591797,0.0,94.51378631591797,94.50437620467963,94.51378631591797,0.0,5690100
2025-02-14,0.0,94.55140686035156,0.0,94.5608169703237,94.55140686035156,94.55610832643222,0.0,7648100
2025-02-18,0.0,94.57023620605469,0.0,94.57023620605469,94.56083327227233,94.57023620605469,0.0,15815200
2025-02-19,0.0,94.57023620605469,0.0,94.5796463176491,94.57023620605469,94.5796463176491,0.0,7277600
2025-02-20,0.0,94.58905029296875,0.0,94.58905029296875,94.5796401819848,94.58905029296875,0.0,7608000
2025-02-21,0.0,94.62667846679688,0.0,94.62667846679688,94.61726835631933,94.61726835631933,0.0,9111000
2025-02-24,0.0,94.63607788085938,0.0,94.63607788085938,94.62667494854264,94.63607788085938,0.0,9734600
2025-02-25,0.0,94.6454849243164,0.0,94.6454849243164,94.63607481449364,94.63607481449364,0.0,10827700
2025-02-26,0.0,94.6454849243164,0.0,94.65489503413917,94.6454849243164,94.6454849243164,0.0,9536300
2025-02-27,0.0,94.6737289428711,0.0,94.6737289428711,94.66432600878653,94.6737289428711,0.0,10807800
2025-02-28,0.0,94.69253540039062,0.0,94.70194551091943,94.69253540039062,94.69253540039062,0.0,13772600
2025-03-03,0.0,94.7142562866211,0.313,94.7142562866211,94.70481681981575,94.7142562866211,0.0,17436600
2025-03-04,0.0,94.72369384765625,0.0,94.72369384765625,94.71425438104082,94.72369384765625,0.0,11543100
2025-03-05,0.0,94.72369384765625,0.0,94.73312611406831,94.72369384765625,94.72369384765625,0.0,7162600
2025-03-06,0.0,94.75199127197266,0.0,94.75199127197266,94.73311234148646,94.74255180672957,0.0,9925500
2025-03-07,0.0,94.7802963256836,0.0,94.7802963256836,94.77085686105218,94.7802963256836,0.0,8962400
2025-03-10,0.0,94.7802963256836,0.0,94.789735790315,94.7802963256836,94.789735790315,0.0,14768100
2025-03-11,0.0,94.7991714477539,0.0,94.7991714477539,94.78973918298675,94.78973918298675,0.0,11456900
2025-03-12,0.0,94.7991714477539,0.0,94.80861091272318,94.7991714477539,94.80861091272318,0.0,11307300
2025-03-13,0.0,94.82749938964844,0.0,94.82749938964844,94.80862045780923,94.80862045780923,0.0,13110600
2025-03-14,0.0,94.85581970214844,0.0,94.85581970214844,94.84638023532176,94.85581970214844,0.0,11421900
2025-03-17,0.0,94.86524200439453,0.0,94.86524200439453,94.85580973876213,94.86524200439453,0.0,9018300
2025-03-18,0.0,94.87467193603516,0.0,94.87467193603516,94.86523247114857,94.87467193603516,0.0,9213100
2025-03-19,0.0,94.89356231689453,0.0,94.89356231689453,94.88412285086886,94.88412285086886,0.0,13584800
2025-03-20,0.0,94.89356231689453,0.0,94.90299458271728,94.89356231689453,94.90299458271728,0.0,12648500
2025-03-21,0.0,94.92186737060547,0.0,94.93129963581768,94.92186737060547,94.93129963581768,0.0,13101800
2025-03-24,0.0,94.94072723388672,0.0,94.95016669812148,94.94072723388672,94.94545056610487,0.0,13854600
2025-03-25,0.0,94.9501724243164,0.0,94.9501724243164,94.94073295951237,94.9501724243164,0.0,13844800
2025-03-26,0.0,94.96906280517578,0.0,94.96906280517578,94.95963053872129,94.96906280517578,0.0,12262200
2025-03-27,0.0,94.97848510742188,0.0,94.97848510742188,94.96904564246987,94.97848510742188,0.0,10022000
2025-03-28,0.0,95.00680541992188,0.0,95.00680541992188,94.99737315426675,94.99737315426675,0.0,11747100
2025-03-31,0.0,95.00680541992188,0.0,95.01624488577978,95.00680541992188,95.00680541992188,0.0,18210800
2025-04-01,0.0,95.03141784667969,0.346,95.03141784667969,95.0219458267302,95.03141784667969,0.0,21033200
2025-04-02,0.0,95.04090881347656,0.0,95.04090881347656,95.03143679163878,95.04090881347656,0.0,10658900
2025-04-03,0.0,95.0598373413086,0.0,95.0598373413086,95.04090052432039,95.05037254533204,0.0,13988800
2025-04-04,0.0,95.0882568359375,0.0,95.0882568359375,95.07878481458401,95.07878481458401,0.0,22826300
2025-04-07,0.0,95.09770202636719,0.0,95.09770202636719,95.08823723200038,95.08823723200038,0.0,22564000
2025-04-08,0.0,95.09770202636719,0.0,95.10717404576786,95.08823723200038,95.09296962918378,0.0,17116100
2025-04-09,0.0,95.11666107177734,0.0,95.11666107177734,95.10718905088225,95.10718905088225,0.0,21838800
2025-04-10,0.0,95.11666107177734,0.0,95.12612586763741,95.11666107177734,95.11666107177734,0.0,16851500
2025-04-11,0.0,95.16401672363281,0.0,95.16401672363281,95.15455192677841,95.1592843252056,0.0,12916600
2025-04-14,0.0,95.1734848022461,0.0,95.1734848022461,95.16401278074838,95.16401278074838,0.0,13772300
2025-04-15,0.0,95.1829605102539,0.0,95.1829605102539,95.17348848838934,95.1829605102539,0.0,10043700
2025-04-16,0.0,95.20188903808594,0.0,95.20188903808594,95.19241701704625,95.19715664008365,0.0,8840000
2025-04-17,0.0,95.23976135253906,0.0,95.24923337272894,95.23976135253906,95.24449375011676,0.0,8652700
2025-04-21,0.0,95.23976135253906,0.0,95.24923337272894,95.23976135253906,95.24923337272894,0.0,10756100
2025-04-22,0.0,95.24925994873047,0.0,95.2587247465267,95.24925994873047,95.2587247465267,0.0,11603400
2025-04-23,0.0,95.27764129638672,0.0,95.27764129638672,95.25869725618827,95.2681692762875,0.0,19135100
2025-04-24,0.0,95.27764129638672,0.0,95.28711331648594,95.27764129638672,95.28711331648594,0.0,12068700
2025-04-25,0.0,95.31552124023438,0.0,95.31552124023438,95.30604922022573,95.31552124023438,0.0,8822700
2025-04-28,0.0,95.31552124023438,0.0,95.32499326024302,95.31552124023438,95.31552124023438,0.0,9127900
2025-04-29,0.0,95.32501983642578,0.0,95.33448463403883,95.32501983642578,95.32501983642578,0.0,8555000
2025-04-30,0.0,95.3534164428711,0.0,95.3534164428711,95.33447240000334,95.33447240000334,0.0,16040200
2025-05-01,0.0,95.36766815185547,0.335,95.36766815185547,95.35816451149745,95.36766815185547,0.0,21288700
2025-05-02,0.0,95.39617919921875,0.0,95.39617919921875,95.38667555812597,95.38667555812597,0.0,13930900
2025-05-05,0.0,95.40568542480469,0.0,95.40568542480469,95.39618178345445,95.40568542480469,0.0,13223700
2025-05-06,0.0,95.40568542480469,0.0,95.41518181700057,95.40568542480469,95.41518181700057,0.0,8986000
2025-05-07,0.0,95.41516876220703,0.0,95.42467240225697,95.41516876220703,95.42467240225697,0.0,8509300
2025-05-08,0.0,95.44366455078125,0.0,95.44366455078125,95.4246645214039,95.43416816066895,0.0,11931100
2025-05-09,0.0,95.47219848632812,0.0,95.47219848632812,95.4626948447718,95.4626948447718,0.0,11793700
2025-05-12,0.0,95.47219848632812,0.0,95.48169487872994,95.47219848632812,95.47219848632812,0.0,16808300
2025-05-13,0.0,95.49118041992188,0.0,95.49118041992188,95.48167678016696,95.48167678016696,0.0,18174400
2025-05-14,0.0,95.50070190429688,0.0,95.50070190429688,95.49119826276618,95.49119826276618,0.0,9821100
2025-05-15,0.0,95.50070190429688,0.0,95.51019829667308,95.50070190429688,95.51019829667308,0.0,10057600
2025-05-16,0.0,95.5386734008789,0.0,95.54816978969463,95.5386734008789,95.5386734008789,0.0,10109300
2025-05-19,0.0,95.54820251464844,0.0,95.55770615587089,95.54820251464844,95.55770615587089,0.0,15759100
2025-05-20,0.0,95.56719970703125,0.0,95.56719970703125,95.5576960668122,95.56719970703125,0.0,9249100
2025-05-21,0.0,95.5766830444336,0.0,95.5766830444336,95.56718665466502,95.5766830444336,0.0,11325900
2025-05-22,0.0,95.595703125,0.0,95.595703125,95.58619948480616,95.58619948480616,0.0,8901700
2025-05-23,0.0,95.62419891357422,0.0,95.63370255298463,95.62419891357422,95.63370255298463,0.0,9119400
2025-05-27,0.0,95.63372039794922,0.0,95.64322403913297,95.63372039794922,95.64322403913297,0.0,10526600
2025-05-28,0.0,95.66221618652344,0.0,95.66221618652344,95.6527125461231,95.65746799090007,0.0,8415200
2025-05-29,0.0,95.66221618652344,0.0,95.67171982692378,95.6527125461231,95.66221618652344,0.0,10387000
2025-05-30,0.0,95.69070434570312,0.0,95.70020798456278,95.69070434570312,95.69070434570312,0.0,14209500
2025-06-02,0.0,95.71742248535156,0.358,95.71742248535156,95.7078922157807,95.71742248535156,0.0,21934000
2025-06-03,0.0,95.72694396972656,0.0,95.72694396972656,95.71740642674088,95.72217883574058,0.0,11979500
2025-06-04,0.0,95.73649597167969,0.0,95.73649597167969,95.72695842725355,95.73172356195921,0.0,8923800
2025-06-05,0.0,95.74603271484375,0.0,95.74603271484375,95.73649517049743,95.74603271484375,0.0,9915800
2025-06-06,0.0,95.77462768554688,0.0,95.78415795384481,95.77462768554688,95.77939281969584,0.0,9122400
2025-06-09,0.0,95.78416442871094,0.0,95.79370197266758,95.78416442871094,95.78416442871094,0.0,9902100
2025-06-10,0.0,95.79369354248047,0.0,95.80323108559776,95.79369354248047,95.7984586765322,0.0,9201800
2025-06-11,0.0,95.81278228759766,0.0,95.81278228759766,95.80324474312071,95.80800987785176,0.0,10138800
2025-06-12,0.0,95.82230377197266,0.0,95.82230377197266,95.8127735033843,95.82230377197266,0.0,9574900
2025-06-13,0.0,95.86045837402344,0.0,95.86045837402344,95.85092082925655,95.85092082925655,0.0,7880300
2025-06-16,0.0,95.86045837402344,0.0,95.86999591879032,95.86045837402344,95.86999591879032,0.0,10286500
2025-06-17,0.0,95.86998748779297,0.0,95.8795250317211,95.86998748779297,95.8795250317211,0.0,8734500
2025-06-18,0.0,95.8890609741211,0.0,95.89859851861354,95.8890609741211,95.89859851861354,0.0,9783400
2025-06-20,0.0,95.92720031738281,0.0,95.93673786152132,95.92720031738281,95.93197272695937,0.0,9399400
2025-06-23,0.0,95.94627380371094,0.0,95.94627380371094,95.93673625973166,95.94150139421406,0.0,8847300
2025-06-24,0.0,95.95580291748047,0.0,95.96534046134492,95.95580291748047,95.9605753269199,0.0,10132100
2025-06-25,0.0,95.96533203125,0.0,95.97486957427662,95.96533203125,95.97009716525643,0.0,8015100
2025-06-26,0.0,95.9748764038086,0.0,95.9844139475139,95.9748764038086,95.9844139475139,0.0,9277700
2025-06-27,0.0,96.01301574707031,0.0,96.01301574707031,96.00347820371829,96.0082433378873,0.0,9742300
2025-06-30,0.0,96.01301574707031,0.0,96.02254601540834,96.01301574707031,96.01301574707031,0.0,18195600
2025-07-01,0.0,96.03885650634766,0.347,96.03885650634766,96.02928598029497,96.03885650634766,0.0,24173900
2025-07-02,0.0,96.03885650634766,0.0,96.04841973222793,96.03885650634766,96.04841973222793,0.0,10850800
2025-07-03,0.0,96.0866928100586,0.0,96.09626333593935,96.0866928100586,96.0866928100586,0.0,7404700
2025-07-07,0.0,96.1058349609375,0.0,96.1058349609375,96.09626443494729,96.1058349609375,0.0,12363900
2025-07-08,0.0,96.12496948242188,0.0,96.12496948242188,96.10583573046063,96.11539895635504,0.0,13107800
2025-07-09,0.0,96.11539459228516,0.0,96.12496511791745,96.11539459228516,96.12496511791745,0.0,11156600
2025-07-10,0.0,96.134521484375,0.0,96.14409200859771,96.1249509601523,96.134521484375,0.0,10071700
2025-07-11,0.0,96.17281341552734,0.0,96.17281341552734,96.16324288959953,96.16324288959953,0.0,9288900
2025-07-14,0.0,96.17281341552734,0.0,96.18237664128283,96.17281341552734,96.18237664128283,0.0,10293900
2025-07-15,0.0,96.182373046875,0.0,96.19194357244515,96.182373046875,96.19194357244515,0.0,10207100
2025-07-16,0.0,96.21107482910156,0.0,96.21107482910156,96.2015043045057,96.2015043045057,0.0,8117900
2025-07-17,0.0,96.22065734863281,0.0,96.22065734863281,96.21109412229056,96.21587573546168,0.0,9040400
2025-07-18,0.0,96.24935150146484,0.0,96.24935150146484,96.23978827612875,96.23978827612875,0.0,9399500
2025-07-21,0.0,96.25892639160156,0.0,96.25892639160156,96.24935586565951,96.24935586565951,0.0,12893000
2025-07-22,0.0,96.27806854248047,0.0,96.27806854248047,96.26849801642916,96.27806854248047,0.0,9340600
2025-07-23,0.0,96.28762817382812,0.0,96.28762817382812,96.27806494830625,96.28762817382812,0.0,8056100
2025-07-24,0.0,96.29719543457031,0.0,96.29719543457031,96.28762490920077,96.28762490920077,0.0,10701600
2025-07-25,0.0,96.31634521484375,0.0,96.32590844090814,96.31634521484375,96.32590844090814,0.0,9776600
2025-07-28,0.0,96.34503936767578,0.0,96.34503936767578,96.33546884244467,96.34025045497432,0.0,11581000
2025-07-29,0.0,96.34503936767578,0.0,96.35460259273508,96.34503936767578,96.34503936767578,0.0,8622300
2025-07-30,0.0,96.36418151855469,0.0,96.36418151855469,96.35461099248927,96.35461099248927,0.0,9106000
2025-07-31,0.0,96.37374877929688,0.0,96.37374877929688,96.36417825355572,96.3689598663402,0.0,19051200
2025-08-01,0.0,96.40446472167969,0.362,96.41406976795156,96.40446472167969,96.40446472167969,0.0,26832500
2025-08-04,0.0,96.42369079589844,0.0,96.42369079589844,96.41408574803457,96.41888460871408,0.0,14766400
2025-08-05,0.0,96.43328094482422,0.0,96.43328094482422,96.42368322421888,96.42368322421888,0.0,12350300
2025-08-06,0.0,96.4428939819336,0.0,96.4428939819336,96.43328893402821,96.4428939819336,0.0,10653900
2025-08-07,0.0,96.4428939819336,0.0,96.45249902983896,96.4428939819336,96.45249902983896,0.0,10823000
2025-08-08,0.0,96.49091339111328,0.0,96.49091339111328,96.48130834305897,96.48610720383363,0.0,12066300
2025-08-11,0.0,96.50050354003906,0.0,96.50050354003906,96.49090581924291,96.50050354003906,0.0,12940300
2025-08-12,0.0,96.50050354003906,0.0,96.51010858733963,96.50050354003906,96.51010858733963,0.0,12918200
2025-08-13,0.0,96.51971435546875,0.0,96.52931207633658,96.51010930809645,96.51971435546875,0.0,12144800
2025-08-14,0.0,96.52931213378906,0.0,96.53891718116708,96.52931213378906,96.52931213378906,0.0,9798900
2025-08-15,0.0,96.55811309814453,0.0,96.56771081760881,96.55811309814453,96.56771081760881,0.0,9493900
2025-08-18,0.0,96.58692932128906,0.0,96.58692932128906,96.56771922768066,96.57732427448485,0.0,14768500
2025-08-19,0.0,96.58692932128906,0.0,96.59652704158921,96.58692932128906,96.59652704158921,0.0,10474900
2025-08-20,0.0,96.60614013671875,0.0,96.60614013671875,96.59653508911434,96.60614013671875,0.0,10922100
2025-08-21,0.0,96.60614013671875,0.0,96.61574518432316,96.60614013671875,96.61574518432316,0.0,8765300
2025-08-22,0.0,96.64454650878906,0.0,96.64454650878906,96.63494146182985,96.64454650878906,0.0,13160400
2025-08-25,0.0,96.66376495361328,0.0,96.66376495361328,96.65415990582427,96.65895876646638,0.0,13556000
2025-08-26,0.0,96.66376495361328,0.0,96.67336267489749,96.66376495361328,96.66856381425538,0.0,8741600
2025-08-27,0.0,96.6733627319336,0.0,96.68296777972826,96.6733627319336,96.68296777972826,0.0,7384600
2025-08-28,0.0,96.68296813964844,0.0,96.69257318747887,96.68296813964844,96.68776700031124,0.0,8816600
2025-08-29,0.0,96.74058532714844,0.0,96.74058532714844,96.72138255768404,96.72138255768404,0.0,21369400
2025-09-02,0.0,96.75021362304688,0.36,96.75021362304688,96.74057412884558,96.75021362304688,0.0,27254500
2025-09-03,0.0,96.7598648071289,0.0,96.7598648071289,96.75022531176303,96.75504138305567,0.0,14296000
2025-09-04,0.0,96.77912902832031,0.0,96.77912902832031,96.7694968864732,96.77431295739676,0.0,11300200
2025-09-05,0.0,96.79840087890625,0.0,96.80803302004301,96.79840087890625,96.80803302004301,0.0,15312000
2025-09-08,0.0,96.82731628417969,0.0,96.82731628417969,96.81767678983772,96.8224928606188,0.0,12715100
2025-09-09,0.0,96.82731628417969,0.0,96.83695577852166,96.82731628417969,96.83695577852166,0.0,11005500
2025-09-10,0.0,96.83695983886719,0.0,96.84659198083321,96.83695983886719,96.83695983886719,0.0,9356600
2025-09-11,0.0,96.85623168945312,0.0,96.85623168945312,96.84659219468568,96.85141561845948,0.0,9136600
2025-09-12,0.0,96.88513946533203,0.0,96.8947789597656,96.88513946533203,96.88513946533203,0.0,10482000
2025-09-15,0.0,96.88513946533203,0.0,96.8947789597656,96.88513946533203,96.88513946533203,0.0,15288300
2025-09-16,0.0,96.90440368652344,0.0,96.91403582670924,96.90440368652344,96.90440368652344,0.0,11551900
2025-09-17,0.0,96.9140625,0.0,96.9237019956176,96.9140625,96.9237019956176,0.0,10381200
2025-09-18,0.0,96.93334197998047,0.0,96.93334197998047,96.92370248431425,96.93334197998047,0.0,13414500
2025-09-19,0.0,96.97187805175781,0.0,96.97187805175781,96.96223855753875,96.96223855753875,0.0,11174000
2025-09-22,0.0,96.97187805175781,0.0,96.98151019319715,96.97187805175781,96.97187805175781,0.0,12279500
2025-09-23,0.0,96.99114990234375,0.0,96.99114990234375,96.98151040810333,96.98633383161341,0.0,11191700
2025-09-24,0.0,97.00079345703125,0.0,97.00079345703125,96.99115396238732,96.99597003331925,0.0,10108500
2025-09-25,0.0,97.01043701171875,0.0,97.01043701171875,97.00079751667138,97.00079751667138,0.0,10549100
2025-09-26,0.0,97.03935241699219,0.0,97.03935241699219,97.02971292152037,97.02971292152037,0.0,10688600
2025-09-29,0.0,97.04898071289062,0.0,97.04898071289062,97.03934857058128,97.04898071289062,0.0,13580800
2025-09-30,0.0,97.04898071289062,0.0,97.05862020798035,97.04898071289062,97.05380413682569,0.0,22909500
2025-10-01,0.0,97.06542205810547,0.347,97.07508750592599,97.06542205810547,97.07508750592599,0.0,26613600
2025-10-02,0.0,97.0750732421875,0.0,97.08474606679118,97.0750732421875,97.08474606679118,0.0,12870100
2025-10-03,0.0,97.11377716064453,0.0,97.11377716064453,97.10411171225384,97.11377716064453,0.0,13837400
2025-10-06,0.0,97.11377716064453,0.0,97.12344998724011,97.11377716064453,97.12344998724011,0.0,13944300
2025-10-07,0.0,97.13311004638672,0.0,97.13311004638672,97.12343722106256,97.13311004638672,0.0,14289100
2025-10-08,0.0,97.14276885986328,0.0,97.14276885986328,97.13310341340308,97.14276885986328,0.0,16811200
2025-10-09,0.0,97.15245819091797,0.0,97.16213101722502,97.14278536461092,97.16213101722502,0.0,15718900
2025-10-10,0.0,97.20081329345703,0.0,97.20081329345703,97.1814676411715,97.19114046731426,0.0,18966600
2025-10-13,0.0,97.19114685058594,0.0,97.200819677364,97.19114685058594,97.19114685058594,0.0,14453500
2025-10-14,0.0,97.20081329345703,0.0,97.21047874139528,97.20081329345703,97.20081329345703,0.0,13475000
2025-10-15,0.0,97.22014617919922,0.0,97.22014617919922,97.21047335359256,97.22014617919922,0.0,11069100
2025-10-16,0.0,97.22982025146484,0.0,97.22982025146484,97.22014742573415,97.22982025146484,0.0,12394500
2025-10-17,0.0,97.25883483886719,0.0,97.25883483886719,97.24916201278955,97.25400211493061,0.0,14603500
2025-10-20,0.0,97.26850128173828,0.0,97.26850128173828,97.25882845629543,97.26850128173828,0.0,16129100
2025-10-21,0.0,97.28785705566406,0.0,97.28785705566406,97.27818422848115,97.27818422848115,0.0,12061900
2025-10-22,0.0,97.29751586914062,0.0,97.29751586914062,97.28784304335089,97.29751586914062,0.0,9089900
2025-10-23,0.0,97.30718994140625,0.0,97.30718994140625,97.29751711549261,97.30718994140625,0.0,10658100
2025-10-24,0.0,97.33619689941406,0.0,97.33619689941406,97.32652407391198,97.33619689941406,0.0,12382000
2025-10-27,0.0,97.34587097167969,0.0,97.35553641910151,97.33619814605373,97.33619814605373,0.0,26389600
2025-10-28,0.0,97.35554504394531,0.0,97.3652178704282,97.35554504394531,97.35554504394531,0.0,11134700
2025-10-29,0.0,97.3652114868164,0.0,97.37488431266512,97.3652114868164,97.37488431266512,0.0,14177700
2025-10-30,0.0,97.3748779296875,0.0,97.38454337669832,97.3748779296875,97.3748779296875,0.0,12370700
2025-10-31,0.0,97.40390014648438,0.0,97.41357297280324,97.40390014648438,97.40873287054147,0.0,23254100
2025-11-03,0.0,97.43106842041016,0.348,97.43106842041016,97.42136205781443,97.42621153721961,0.0,27049200
2025-11-04,0.0,97.43106842041016,0.0,97.43106842041016,97.42621153721961,97.43106842041016,0.0,15707500
2025-11-05,0.0,97.45047760009766,0.0,97.45047760009766,97.44077864090328,97.44077864090328,0.0,11335000
2025-11-06,0.0,97.46016693115234,0.0,97.46016693115234,97.45046056986858,97.46016693115234,0.0,16658100
2025-11-07,0.0,97.48929595947266,0.0,97.48929595947266,97.47958959646165,97.48929595947266,0.0,18799000
2025-11-10,0.0,97.49899291992188,0.0,97.50869928199683,97.49899291992188,97.50869928199683,0.0,14121900
2025-11-11,0.0,97.50871276855469,0.0,97.50871276855469,97.49900640513724,97.50871276855469,0.0,8697800
2025-11-12,0.0,97.51840209960938,0.0,97.51840209960938,97.50870314093554,97.50870314093554,0.0,9067200
2025-11-13,0.0,97.52811431884766,0.0,97.52811431884766,97.51840795580569,97.51840795580569,0.0,11255600
2025-11-14,0.0,97.55721282958984,0.0,97.55721282958984,97.54750646785867,97.55721282958984,0.0,13522500
2025-11-17,0.0,97.56692504882812,0.0,97.56692504882812,97.55721868651423,97.56207556956375,0.0,15032800
2025-11-18,0.0,97.56692504882812,0.0,97.57663141114203,97.56692504882812,97.56692504882812,0.0,13130300
2025-11-19,0.0,97.5863265991211,0.0,97.5863265991211,97.57662764096708,97.57662764096708,0.0,23022400
2025-11-20,0.0,97.6057357788086,0.0,97.6057357788086,97.58632305563576,97.58632305563576,0.0,15261700
2025-11-21,0.0,97.62516021728516,0.0,97.62516021728516,97.61545385379783,97.62516021728516,0.0,16446900
2025-11-24,0.0,97.63485717773438,0.0,97.64456354028691,97.63485717773438,97.63485717773438,0.0,15830800
2025-11-25,0.0,97.65425109863281,0.0,97.65425109863281,97.64455214099789,97.65425109863281,0.0,19115000
2025-11-26,0.0,97.66395568847656,0.0,97.67366204971988,97.66395568847656,97.66395568847656,0.0,11948500
2025-11-28,0.0,97.69308471679688,0.0,97.70279107976384,97.68338575761554,97.69308471679688,0.0,24417500
2025-12-01,0.0,97.7154541015625,0.313,97.7154541015625,97.705724894542,97.7154541015625,0.0,29025600
2025-12-02,0.0,97.73493957519531,0.0,97.73493957519531,97.72520294008325,97.72520294008325,0.0,14362600
2025-12-03,0.0,97.74466705322266,0.0,97.74953165688468,97.74466705322266,97.74466705322266,0.0,15531600
2025-12-04,0.0,97.7641372680664,0.0,97.7641372680664,97.75440063343096,97.75440063343096,0.0,13689600
2025-12-05,0.0,97.7933578491211,0.0,97.7933578491211,97.78362121268314,97.78362121268314,0.0,17918100
2025-12-08,0.0,97.7933578491211,0.0,97.7933578491211,97.78362121268314,97.7933578491211,0.0,16657900
2025-12-09,0.0,97.80308532714844,0.0,97.80794993147312,97.80308532714844,97.80308532714844,0.0,11016400
2025-12-10,0.0,97.80308532714844,0.0,97.81282196267463,97.80308532714844,97.81282196267463,0.0,12234900
2025-12-11,0.0,97.82254791259766,0.0,97.8322845477995,97.82254791259766,97.82254791259766,0.0,22343500
2025-12-12,0.0,97.86148071289062,0.0,97.86148071289062,97.85174407831695,97.85174407831695,0.0,13320200
2025-12-15,0.0,97.86148071289062,0.0,97.8712173474643,97.86148071289062,97.86148071289062,0.0,14767900
2025-12-16,0.0,97.87122344970703,0.0,97.88096008488777,97.87122344970703,97.88096008488777,0.0,10701200
2025-12-17,0.0,97.89069366455078,0.0,97.89069366455078,97.88096445581215,97.88096445581215,0.0,13788200
2025-12-18,0.0,97.89069366455078,0.0,97.90043030016633,97.89069366455078,97.90043030016633,0.0,20890600
2025-12-19,0.0,97.93267822265625,0.323,97.93267822265625,97.92291021307386,97.93267822265625,0.0,18203600
2025-12-22,0.0,97.93267822265625,0.0,97.94244623223864,97.93267822265625,97.93267822265625,0.0,17890900
2025-12-23,0.0,97.94245147705078,0.0,97.95221948715624,97.94245147705078,97.95221948715624,0.0,12256200
2025-12-24,0.0,97.96198272705078,0.0,97.97175073742353,97.96198272705078,97.97175073742353,0.0,7791300
2025-12-26,0.0,97.99127960205078,0.0,97.99616733265627,97.99127960205078,97.99127960205078,0.0,12664300
2025-12-29,0.0,98.01081848144531,0.0,98.01081848144531,98.0010504707583,98.0010504707583,0.0,17350200
2025-12-30,0.0,98.02057647705078,0.0,98.02057647705078,98.0108084673618,98.01568874680214,0.0,12608900
2025-12-31,0.0,98.03034210205078,0.0,98.04011011224458,98.03034210205078,98.04011011224458,0.0,13910900
2026-01-02,0.0,98.05964660644531,0.0,98.06940716587758,98.05964660644531,98.05964660644531,0.0,19188800
2026-01-05,0.0,98.06941223144531,0.0,98.07429996222264,98.06941223144531,98.06941223144531,0.0,25006600
2026-01-06,0.0,98.07917785644531,0.0,98.07917785644531,98.07917785644531,98.07917785644531,0.0,17635000
2026-01-07,0.0,98.08894348144531,0.0,98.08894348144531,98.08894348144531,98.08894348144531,0.0,14062300
2026-01-08,0.0,98.09870910644531,0.0,98.09870910644531,98.09870910644531,98.09870910644531,0.0,11408800
2026-01-09,0.0,98.11823272705078,0.0,98.12800073659099,98.11823272705078,98.12800073659099,0.0,15053500
2026-01-12,0.0,98.13777160644531,0.0,98.13777160644531,98.12801104668777,98.12801104668777,0.0,14819400
2026-01-13,0.0,98.14753723144531,0.0,98.14753723144531,98.13776922111623,98.13776922111623,0.0,14163000
2026-01-14,0.0,98.15730285644531,0.0,98.15730285644531,98.1475348463536,98.15730285644531,0.0,11851800
2026-01-15,0.0,98.16705322265625,0.0,98.16705322265625,98.15729266438662,98.15729266438662,0.0,11469500
2026-01-16,0.0,98.20613098144531,0.0,98.20613098144531,98.19148269126812,98.19637042186642,0.0,14766800
2026-01-20,0.0,98.20613098144531,0.0,98.21589899183306,98.20613098144531,98.20613098144531,0.0,19394600
2026-01-21,0.0,98.20613098144531,0.0,98.2256670022208,98.20613098144531,98.21101871204361,0.0,17502100
2026-01-22,0.0,98.22566223144531,0.0,98.22566223144531,98.215894221532,98.22566223144531,0.0,13618500
2026-01-23,0.0,98.25496673583984,0.0,98.25496673583984,98.24519872513862,98.25496673583984,0.0,12143000
2026-01-26,0.0,98.26473236083984,0.0,98.26473236083984,98.25496435037577,98.26473236083984,0.0,16872000
2026-01-27,0.0,98.26473236083984,0.0,98.2793806511315,98.26473236083984,98.27449292049502,0.0,13393600
2026-01-28,0.0,98.28424835205078,0.0,98.28424835205078,98.27448034283687,98.27448034283687,0.0,11987500
2026-01-29,0.0,98.29402160644531,0.0,98.29402160644531,98.28425359671014,98.28425359671014,0.0,16031700
2026-01-30,0.0,98.31356048583984,0.0,98.32332849659943,98.31356048583984,98.31356048583984,0.0,29215200
2026-02-02,0.0,98.32237243652344,0.309,98.33216304722934,98.32237243652344,98.33216304722934,0.0,31225300
2026-02-03,0.0,98.34195709228516,0.0,98.34195709228516,98.33215900823308,98.34195709228516,0.0,18150800
2026-02-04,0.0,98.35176849365234,0.0,98.35176849365234,98.34197040827355,98.34686571408828,0.0,18129400
2026-02-05,0.0,98.35176849365234,0.0,98.36156657903113,98.35176849365234,98.36156657903113,0.0,20371200
2026-02-06,0.0,98.38115692138672,0.0,98.39095500692937,98.38115692138672,98.38115692138672,0.0,17381400
2026-02-09,0.0,98.40074920654297,0.0,98.40074920654297,98.3909585943928,98.3909585943928,0.0,13991600
2026-02-10,0.0,98.4105453491211,0.0,98.4105453491211,98.40074726341467,98.4105453491211,0.0,14002700
2026-02-11,0.0,98.4105453491211,0.0,98.42034343482752,98.4105453491211,98.42034343482752,0.0,12584400
2026-02-12,0.0,98.43014526367188,0.0,98.43014526367188,98.42034717759286,98.42034717759286,0.0,16593900
2026-02-13,0.0,98.46930694580078,0.0,98.46930694580078,98.45951633503411,98.46930694580078,0.0,14917200
2026-02-17,0.0,98.46930694580078,0.0,98.47910503031613,98.46930694580078,98.4742097249328,0.0,14976200
2026-02-18,0.0,98.4889144897461,0.0,98.4889144897461,98.47911640409912,98.4889144897461,0.0,10207300
2026-02-19,0.0,98.49870300292969,0.0,98.49870300292969,98.48890491823492,98.49870300292969,0.0,11292100
2026-02-20,0.0,98.5182876586914,0.0,98.52808574298439,98.5182876586914,98.52808574298439,0.0,13490000
2026-02-23,0.0,98.53787994384766,0.0,98.53787994384766,98.52808933294646,98.53298463839705,0.0,13465400
2026-02-24,0.0,98.53787994384766,0.0,98.54767802849764,98.53787994384766,98.54278272304704,0.0,12168900
2026-02-25,0.0,98.54767608642578,0.0,98.55747417088267,98.54767608642578,98.55747417088267,0.0,12532000
2026-02-26,0.0,98.5672836303711,0.0,98.5672836303711,98.55748554478348,98.55748554478348,0.0,13658500
2026-02-27,0.0,98.58686065673828,0.0,98.59665874116598,98.58686065673828,98.59175596207783,0.0,26602400
2026-03-02,0.0,98.59864807128906,0.272,98.60847270903695,98.59864807128906,98.60356413716444,0.0,33993400
2026-03-03,0.0,98.6183090209961,0.0,98.6183090209961,98.60848438208518,98.61339295453877,0.0,19224400
2026-03-04,0.0,98.6183090209961,0.0,98.628133659907,98.6183090209961,98.62321759344967,0.0,14325400
2026-03-05,0.0,98.62812805175781,0.0,98.63794519610676,98.62812805175781,98.63794519610676,0.0,16218200
2026-03-06,0.0,98.66741943359375,0.0,98.66741943359375,98.65760228846709,98.65760228846709,0.0,18921300
2026-03-09,0.0,98.67723846435547,0.0,98.67723846435547,98.66741382578329,98.67232989207112,0.0,19053900
2026-03-10,0.0,98.67723846435547,0.0,98.68706310292765,98.67723846435547,98.68411795955704,0.0,13664200
2026-03-11,0.0,98.69689178466797,0.0,98.69689178466797,98.6870671456933,98.6870671456933,0.0,12287800
2026-03-12,0.0,98.70671081542969,0.0,98.70671081542969,98.69689367027127,98.70180224285048,0.0,17521900
2026-03-13,0.0,98.73616027832031,0.0,98.73616027832031,98.72634313484825,98.72634313484825,0.0,17757000
2026-03-16,0.0,98.73616027832031,0.0,98.74598491579502,98.73616027832031,98.73616027832031,0.0,14898500
2026-03-17,0.0,98.75582122802734,0.0,98.75582122802734,98.74599658939118,98.75091265571102,0.0,14438300
2026-03-18,0.0,98.76564025878906,0.0,98.76564025878906,98.75581562071073,98.75581562071073,0.0,14135100
2026-03-19,0.0,98.76564025878906,0.0,98.77545740286428,98.75581562071073,98.77054883082667,0.0,20345400
2026-03-20,0.0,98.79510498046875,0.0,98.79510498046875,98.78528034255933,98.79510498046875,0.0,23039600
2026-03-23,0.0,98.79510498046875,0.0,98.81474676228459,98.79510498046875,98.80492212437518,0.0,33994300
2026-03-24,0.0,98.82457733154297,0.0,98.82457733154297,98.81475269304389,98.81966875929514,0.0,17660600
2026-03-25,0.0,98.82457733154297,0.0,98.83440197004204,98.81475269304389,98.82457733154297,0.0,15235800
2026-03-26,0.0,98.83440399169922,0.0,98.83440399169922,98.82457935299918,98.83440399169922,0.0,17499400
2026-03-27,0.0,98.86386108398438,0.0,98.86386108398438,98.85403644621148,98.85403644621148,0.0,19748400
2026-03-30,0.0,98.87369537353516,0.0,98.87369537353516,98.86387073480321,98.86387073480321,0.0,19102700
2026-03-31,0.0,98.87369537353516,0.0,98.88351251826349,98.87369537353516,98.87369537353516,0.0,36976800
2026-04-01,0.0,98.8963394165039,0.293,98.8963394165039,98.88648609779136,98.8963394165039,0.0,41267300
2026-04-02,0.0,98.93575286865234,0.0,98.93575286865234,98.92589954917361,98.92589954917361,0.0,22593000
2026-04-06,0.0,98.94560241699219,0.0,98.94560241699219,98.93574909788899,98.94067199950042,0.0,23234700
2026-04-07,0.0,98.95545196533203,0.0,98.95545196533203,98.94560616173654,98.94560616173654,0.0,18849600
2026-04-08,0.0,98.95545196533203,0.0,98.96530528480814,98.95545196533203,98.96530528480814,0.0,24241600
2026-04-09,0.0,98.96530151367188,0.0,98.97515483277252,98.96530151367188,98.97515483277252,0.0,17796600
2026-04-10,0.0,99.00470733642578,0.0,99.00470733642578,98.99485401731894,98.99485401731894,0.0,18783100
2026-04-13,0.0,99.01456451416016,0.0,99.01456451416016,99.00471119466933,99.00471119466933,0.0,20215500
2026-04-14,0.0,99.01456451416016,0.0,99.02441031777035,99.01456451416016,99.01456451416016,0.0,29929400
2026-04-15,0.0,99.03426361083984,0.0,99.03426361083984,99.02441029135166,99.02441029135166,0.0,19787100
2026-04-16,0.0,99.03426361083984,0.0,99.04411693032803,99.03426361083984,99.03426361083984,0.0,16656100
2026-04-17,0.0,99.0638198852539,0.0,99.07367320512323,99.0638198852539,99.0638198852539,0.0,20660500
2026-04-20,0.0,99.07366943359375,0.0,99.08352275308798,99.07366943359375,99.07366943359375,0.0,19208900
2026-04-21,0.0,99.0933609008789,0.0,99.0933609008789,99.08351509802598,99.08351509802598,0.0,14009800
2026-04-22,0.0,99.10321044921875,0.0,99.10321044921875,99.09335713086065,99.10321044921875,0.0,15070100
2026-04-23,0.0,99.11307525634766,0.0,99.11307525634766,99.1032219368474,99.11307525634766,0.0,14592900
2026-04-24,0.0,99.14261627197266,0.0,99.14261627197266,99.13276295360808,99.14261627197266,0.0,16816700
2026-04-27,0.0,99.14261627197266,0.0,99.15246959033725,99.14261627197266,99.15246959033725,0.0,14295900
2026-04-28,0.0,99.1623306274414,0.0,99.1623306274414,99.15247730830986,99.1623306274414,0.0,13302600
2026-04-29,0.0,99.17218017578125,0.0,99.17218017578125,99.15248105265458,99.16233437215823,0.0,15120100
2026-04-30,0.0,99.17218017578125,0.0,99.1820334952849,99.17218017578125,99.17218017578125,0.0,26075200
2026-05-01,0.0,99.20972442626953,0.298,99.20972442626953,99.19984185338926,99.20972442626953,0.0,33809700
2026-05-04,0.0,99.2196044921875,0.0,99.2196044921875,99.2097294570009,99.2196044921875,0.0,20782300
2026-05-05,0.0,99.22948455810547,0.0,99.22948455810547,99.2196019849738,99.22948455810547,0.0,17147100
2026-05-06,0.0,99.23936462402344,0.0,99.23936462402344,99.22948205114145,99.23936462402344,0.0,20551200
2026-05-07,0.0,99.2492446899414,0.0,99.2492446899414,99.23936965475323,99.2492446899414,0.0,17277100
2026-05-08,0.0,99.27889251708984,0.0,99.27889251708984,99.26900994369622,99.27889251708984,0.0,20272100
2026-05-11,0.0,99.28877258300781,0.0,99.28877258300781,99.27889754730866,99.28877258300781,0.0,21436300
2026-05-12,0.0,99.29865264892578,0.0,99.29865264892578,99.28877007528104,99.28877007528104,0.0,18313600
2026-05-13,0.0,99.30853271484375,0.0,99.30853271484375,99.29865014144856,99.30853271484375,0.0,16770500
2026-05-14,0.0,99.31841278076172,0.0,99.31841278076172,99.30853774506114,99.31841278076172,0.0,15723900
2026-05-15,0.0,99.34805297851562,0.0,99.34805297851562,99.3381704053683,99.34805297851562,0.0,18242400
2026-05-18,0.0,99.35792541503906,0.0,99.35792541503906,99.34805038034462,99.35792541503906,0.0,23561200
2026-05-19,0.0,99.36781311035156,0.0,99.36781311035156,99.35793053695325,99.36781311035156,0.0,20454400
2026-05-20,0.0,99.37769317626953,0.0,99.37769317626953,99.36781060312056,99.37769317626953,0.0,16940900
2026-05-21,0.0,99.37769317626953,0.0,99.38756821122388,99.37769317626953,99.38756821122388,0.0,17360100
2026-05-22,0.0,99.42708587646484,0.0,99.42708587646484,99.41721084201595,99.4221483592404,0.0,18433400
2026-05-26,0.0,99.43696594238281,0.0,99.43696594238281,99.42708336998881,99.43696594238281,0.0,21664500
2026-05-27,0.0,99.44684600830078,0.0,99.44684600830078,99.43696343615586,99.43696343615586,0.0,15484000
2026-05-28,0.0,99.44684600830078,0.0,99.4567285804457,99.44684600830078,99.45474603546162,0.0,16617000
2026-05-29,0.0,99.46661376953125,0.0,99.47649634268514,99.46661376953125,99.46661376953125,0.0,34224400
2026-06-01,0.0,99.495361328125,0.299,99.495361328125,99.48544931474672,99.495361328125,0.0,39897700
2026-06-02,0.0,99.495361328125,0.0,99.50527334150328,99.495361328125,99.5042753355796,0.0,22215700
2026-06-03,0.0,99.5052719116211,0.0,99.51517636420611,99.5052719116211,99.51517636420611,0.0,19999200
2026-06-04,0.0,99.51517486572266,0.0,99.52508687880925,99.51517486572266,99.52013465259131,0.0,18801700
2026-06-05,0.0,99.54490661621094,0.0,99.55481862962331,99.53500216344952,99.5498664032426,0.0,27836900
2026-06-08,0.0,99.55481719970703,0.0,99.56472921297704,99.54490518643702,99.54490518643702,0.0,24095700
2026-06-09,0.0,99.56472778320312,0.0,99.56472778320312,99.55481577007545,99.56472778320312,0.0,25747500
2026-06-10,0.0,99.57463836669922,0.0,99.57463836669922,99.56472635371385,99.56967857988121,0.0,20362200
2026-06-11,0.0,99.58454132080078,0.0,99.58454132080078,99.57463686861506,99.58454132080078,0.0,24927700
2026-06-12,0.0,99.60436248779297,0.0,99.61426693969442,99.60436248779297,99.61426693969442,0.0,23146500
2026-06-15,0.0,99.62418365478516,0.0,99.62418365478516,99.61427164176551,99.61923142860067,0.0,25230700
2026-06-16,0.0,99.63409423828125,0.0,99.63409423828125,99.62418222540383,99.63409423828125,0.0,20341800
2026-06-17,0.0,99.64400482177734,0.0,99.65390927386213,99.6340928090421,99.64400482177734,0.0,15975200
2026-06-18,0.0,99.68363952636719,0.0,99.68363952636719,99.67373507410603,99.68363952636719,0.0,18597700
2026-06-22,0.0,99.69355010986328,0.0,99.69355010986328,99.68363809709368,99.68859788380372,0.0,20317300
2026-06-23,0.0,99.70346069335938,0.0,99.70346069335938,99.69354868073187,99.69354868073187,0.0,18545300
2026-06-24,0.0,99.71337127685547,0.0,99.71337127685547,99.70345926437001,99.71337127685547,0.0,18011800
2026-06-25,0.0,99.72327423095703,0.0,99.72327423095703,99.71336977927058,99.71336977927058,0.0,17871400
2026-06-26,0.0,99.74309539794922,0.0,99.75300741000183,99.74309539794922,99.74309539794922,0.0,14153400
2026-06-29,0.0,99.76292419433594,0.0,99.76292419433594,99.75301974170884,99.75301974170884,0.0,18821000
2026-06-30,0.0,99.76292419433594,0.0,99.77283620761388,99.76292419433594,99.76292419433594,0.0,28940600
2026-07-01,0.0,99.78876495361328,0.296,99.78876495361328,99.77882371052397,99.78379054059528,0.0,38244700
2026-07-02,0.0,99.82852172851562,0.0,99.82852172851562,99.8185804854875,99.8185804854875,0.0,22627800
2026-07-06,0.0,99.82852172851562,0.0,99.83845538859711,99.82852172851562,99.82852172851562,0.0,20795500
2026-07-07,0.0,99.84839630126953,0.0,99.84839630126953,99.8384550582743,99.8384550582743,0.0,18518200
2026-07-08,0.0,99.85833740234375,0.0,99.85833740234375,99.84839615936265,99.84839615936265,0.0,19251300
2026-07-09,0.0,99.86827850341797,0.0,99.86827850341797,99.858337260451,99.86827850341797,0.0,15296600
2026-07-10,0.0,99.88815307617188,0.0,99.89809431910598,99.88815307617188,99.88815307617188,0.0,15612400
2026-07-13,0.0,99.90802764892578,0.0,99.90802764892578,99.89809398897107,99.89809398897107,0.0,15894500
2026-07-14,0.0,99.90802764892578,0.0,99.91796889182704,99.90802764892578,99.91796889182704,0.0,14999500
2026-07-15,0.0,99.92790985107422,0.0,99.92790985107422,99.91796860820118,99.92294302111095,0.0,15943300
2026-07-16,0.0,99.93785095214844,0.0,99.93785095214844,99.92790970928951,99.93287653924573,0.0,16153800
2026-07-17,0.0,99.96766662597656,0.0,99.96766662597656,99.95772538316454,99.96766662597656,0.0,20866500
2026-07-20,0.0,99.97760009765625,0.0,99.97760009765625,99.9676664378094,99.9676664378094,0.0,19114500
2026-07-21,0.0,99.98754119873047,0.0,99.98754119873047,99.97759995595126,99.97759995595126,0.0,14626500
2026-07-22,0.0,99.98754119873047,0.0,99.99748244150969,99.98754119873047,99.98754119873047,0.0,12644400
2026-07-23,0.0,99.99748992919922,0.0,100.00743117272282,99.98754868567562,99.99748992919922,0.0,20047400
2026-07-24,0.0,100.02730560302734,0.0,100.02730560302734,100.01736435955084,100.01736435955084,0.0,14982400
2026-07-27,0.0,100.03724670410156,0.0,100.03724670410156,100.02730546063921,100.02730546063921,0.0,15942200
2026-07-28,0.0,100.04718780517578,0.0,100.04718780517578,100.03724656172757,100.03724656172757,0.0,16048900
2026-07-29,0.0,100.06706237792969,0.0,100.06706237792969,100.047187474046,100.05712113451438,0.0,16931200
2026-07-30,0.0,100.0770034790039,0.0,100.0770034790039,100.06706223560273,100.06706223560273,0.0,23298900
2026-07-31,0.0,100.09687805175781,0.0,100.10681929512609,100.09687805175781,100.09687805175781,0.0,28605400
2026-08-03,0.0,100.11382293701172,0.307,100.12379457726095,100.11382293701172,100.11881256020278,0.0,35522800
2026-08-04,0.0,100.12379455566406,0.0,100.12379455566406,100.11382291541697,100.11881253860697,0.0,25526800
2026-08-05,0.0,100.14373016357422,0.0,100.14373016357422,100.13376612946666,100.13376612946666,0.0,21347100
2026-08-06,0.0,100.15370178222656,0.0,100.15370178222656,100.14373014198826,100.14871976517387,0.0,18761200
2026-08-07,0.0,100.17364501953125,0.0,100.18360905363237,100.17364501953125,100.17364501953125,0.0,20930500
2026-08-10,0.0,100.1935806274414,0.0,100.1935806274414,100.183608987214,100.1915878206225,0.0,18970500
2026-08-11,0.0,100.20355224609375,0.0,100.20355224609375,100.19358060586849,100.20355224609375,0.0,14663500
2026-08-12,0.0,100.21351623535156,0.0,100.21351623535156,100.20355220126365,100.20355220126365,0.0,21273300
2026-08-13,0.0,100.2234878540039,0.0,100.2234878540039,100.21351621378525,100.21351621378525,0.0,15134700
2026-08-14,0.0,100.2533950805664,0.0,100.2533950805664,100.24343104648939,100.2533950805664,0.0,15620900
2026-08-17,0.0,100.2533950805664,0.0,100.2633667207763,100.2533950805664,100.25838470373779,0.0,18951900
2026-08-18,0.0,100.26336669921875,0.0,100.2733383394265,100.26336669921875,100.26336669921875,0.0,18806600
2026-08-19,0.0,100.2833023071289,0.0,100.2833023071289,100.27333827306063,100.27333827306063,0.0,20087700
2026-08-20,0.0,100.2833023071289,0.0,100.29327394733006,100.2833023071289,100.2912811405164,0.0,19762400
2026-08-21,0.0,100.32318115234375,0.0,100.32318115234375,100.31321711828635,100.31321711828635,0.0,18794300
2026-08-24,0.0,100.3331527709961,0.0,100.3331527709961,100.32318113080795,100.33115996418505,0.0,19292700
2026-08-25,0.0,100.3331527709961,0.0,100.34312441118423,100.3331527709961,100.33813478802374,0.0,18014000
2026-08-26,0.0,100.34312438964844,0.0,100.35309602983443,100.34312438964844,100.34312438964844,0.0,14591600
2026-08-27,0.0,100.35309600830078,0.0,100.36306004235178,100.35309600830078,100.35309600830078,0.0,20320500
2026-08-28,0.0,100.38300323486328,0.0,100.39296726890555,100.38300323486328,100.39296726890555,0.0,24992700
2026-08-31,0.0,100.38300323486328,0.0,100.39296726890555,100.38300323486328,100.38798525188442,0.0,33942200
2026-09-01,0.0,100.41000366210938,0.307,100.41000366210938,100.4000015258789,100.40499877929688,0.0,43943700
2026-09-02,0.0,100.41999816894531,0.0,100.41999816894531,100.41000366210938,100.41000366210938,0.0,21524700
2026-09-03,0.0,100.43000030517578,0.0,100.43000030517578,100.41999816894531,100.43000030517578,0.0,21303400
2026-09-04,0.0,100.47000122070312,0.0,100.47000122070312,100.45999908447266,100.45999908447266,0.0,20900000
2026-09-08,0.0,100.4800033569336,0.0,100.4800033569336,100.47000122070312,100.4800033569336,0.0,26518300
2026-09-09,0.0,100.48999786376953,0.0,100.48999786376953,100.4800033569336,100.4800033569336,0.0,19136700
2026-09-10,0.0,100.5,0.0,100.5,100.48999786376953,100.48999786376953,0.0,20396400
2026-09-11,0.0,100.5199966430664,0.0,100.5199966430664,100.51000213623047,100.51499938964844,0.0,19549800
2026-09-14,0.0,100.52999877929688,0.0,100.52999877929688,100.5199966430664,100.5199966430664,0.0,21031500
2026-09-15,0.0,100.52999877929688,0.0,100.54000091552734,100.52999877929688,100.52999877929688,0.0,18929500
2026-09-16,0.0,100.55000305175781,0.0,100.55000305175781,100.54000091552734,100.54000091552734,0.0,18618300
2026-09-17,0.0,100.55999755859375,0.0,100.55999755859375,100.55000305175781,100.55999755859375,0.0,19387800
2026-09-18,0.0,100.58999633789062,0.0,100.58999633789062,100.58000183105469,100.58999633789062,0.0,18170500
2026-09-21,0.0,100.5999984741211,0.0,100.5999984741211,100.58999633789062,100.58999633789062,0.0,24225000
2026-09-22,0.0,100.61000061035156,0.0,100.61000061035156,100.5999984741211,100.61000061035156,0.0,19568000
2026-09-23,0.0,100.62000274658203,0.0,100.62000274658203,100.61000061035156,100.62000274658203,0.0,21036200
2026-09-24,0.0,100.62000274658203,0.0,100.62999725341797,100.62000274658203,100.62000274658203,0.0,19302000
2026-09-25,0.0,100.66000366210938,0.0,100.66000366210938,100.6500015258789,100.6500015258789,0.0,20394300
2026-09-28,0.0,100.66999816894531,0.0,100.66999816894531,100.66000366210938,100.66500091552734,0.0,20998900
2026-09-29,0.0,100.68000030517578,0.0,100.68000030517578,100.66999816894531,100.66999816894531,0.0,21954700
2026-09-30,0.0,100.68000030517578,0.0,100.69000244140625,100.68000030517578,100.68000030517578,0.0,30354977
