Date,Capital Gains,Close,Dividends,High,Low,Open,Stock Splits,Volume
2020-01-02,0.0,78.99624633789062,0.0,79.59419408240707,78.99624633789062,79.36165779240534,0.0,1359675
2020-01-03,0.0,79.59420776367188,0.0,79.95962561713611,79.32845105282692,79.95962561713611,0.0,1855425
2020-01-06,0.0,79.32843017578125,0.0,80.12570643463486,79.29521613978895,80.12570643463486,0.0,1062850
2020-01-07,0.0,79.52774810791016,0.0,79.66062325310814,79.36164625624046,79.46130736724227,0.0,829875
2020-01-08,0.0,79.12911987304688,0.0,79.56097840513367,78.79692246439672,79.5277580306548,0.0,1349375
2020-01-09,0.0,78.63082885742188,0.0,78.8965855236349,78.59760848212791,78.73048998330378,0.0,767350
2020-01-10,0.0,78.83013916015625,0.0,78.99624102479925,78.43150735728962,78.46472773021821,0.0,936925
2020-01-13,0.0,78.33187103271484,0.0,78.7969437286471,78.29865064927107,78.66406853101228,0.0,856250
2020-01-14,0.0,78.4315185546875,0.0,78.59761410690511,78.16576186945582,78.39829817701614,0.0,1675325
2020-01-15,0.0,78.29861450195312,0.0,78.49793037445936,78.06607826133961,78.46471634248944,0.0,898275
2020-01-16,0.0,77.63424682617188,0.0,77.96643792344922,77.63424682617188,77.93321754649368,0.0,1010050
2020-01-17,0.0,77.40169525146484,0.0,77.60101749018636,77.33526084136264,77.4349156245851,0.0,716525
2020-01-21,0.0,77.56780242919922,0.0,77.66745721924642,77.36848651296611,77.66745721924642,0.0,921675
2020-01-22,0.0,77.53458404541016,0.0,77.60102479790741,77.16916624281413,77.33526812405728,0.0,707850
2020-01-23,0.0,77.46813201904297,0.0,78.03286566080668,77.43491164762888,77.70066828280368,0.0,1152850
2020-01-24,0.0,78.19898223876953,0.0,78.49795296550145,77.30205105015628,77.30205105015628,0.0,1881575
2020-01-27,0.0,79.3948974609375,0.0,79.62743380744675,79.0294859176259,79.5609993771157,0.0,2553675
2020-01-28,0.0,78.59761047363281,0.0,79.19556457179772,78.36507417682176,79.0626830672549,0.0,2105700
2020-01-29,0.0,78.69728088378906,0.0,78.73050126384285,78.16576747520757,78.23220189917555,0.0,1135300
2020-01-30,0.0,78.39830017089844,0.0,79.42810656034459,78.36507979238219,79.22879062538647,0.0,2229850
2020-01-31,0.0,79.8931655883789,0.0,80.09248782554897,78.56438235460307,78.59760272746475,0.0,2501475
2020-02-03,0.0,79.26200866699219,0.0,79.4945449736106,78.76370934007944,79.42810421853702,0.0,2372975
2020-02-04,0.0,78.03289031982422,0.0,78.39830818471629,77.83357436449216,78.33186742089228,0.0,2062800
2020-02-05,0.0,77.16915893554688,0.0,77.66745185981439,77.10271818934099,77.30204042795864,0.0,1782775
2020-02-06,0.0,76.90341186523438,0.0,77.20238892426035,76.87019148799382,76.87019148799382,0.0,1718400
2020-02-07,0.0,77.33527374267578,0.0,77.46814892118515,77.0362966708555,77.20239222802705,0.0,1489650
2020-02-10,0.0,76.73731231689453,0.0,77.56780269621993,76.73731231689453,77.53458232071026,0.0,1309075
2020-02-11,0.0,76.60443115234375,0.0,76.77053303062385,76.20579931674905,76.4051152345464,0.0,1620825
2020-02-12,0.0,76.1725845336914,0.0,76.37190046612255,76.0729233994062,76.27223933183735,0.0,995900
2020-02-13,0.0,76.23902130126953,0.0,76.57121239256237,76.00647866677005,76.50477797598717,0.0,1264725
2020-02-14,0.0,76.10613250732422,0.0,76.4715502761178,76.10613250732422,76.17257325367547,0.0,1100550
2020-02-18,0.0,76.33868408203125,0.0,76.67088154422306,76.23902927867141,76.40512484169753,0.0,1303925
2020-02-19,0.0,75.9732666015625,0.0,76.17258252874743,75.80716471545915,76.07292139708542,0.0,789475
2020-02-20,0.0,76.27223205566406,0.0,77.03628800668312,75.90682060375615,76.10613651717307,0.0,1544650
2020-02-21,0.0,77.03629302978516,0.0,77.30204971038242,76.57121408663563,76.67087521791176,0.0,2447550
2020-02-24,0.0,79.69387817382812,0.0,79.92641453084146,78.86338756384308,79.49456220155106,0.0,3960250
2020-02-25,0.0,82.05245208740234,0.0,82.31820875558577,79.12912240124588,79.26200390340698,0.0,5749575
2020-02-26,0.0,82.38465881347656,0.0,82.58398110456491,80.65724331035726,81.68704980308722,0.0,6897675
2020-02-27,0.0,86.072021484375,0.0,86.1052418595288,82.88294150327404,84.01240891394863,0.0,8642200
2020-02-28,0.0,86.73641204833984,0.0,89.59329447350251,86.37099427576271,88.69636973302707,0.0,13691150
2020-03-02,0.0,82.71683502197266,0.0,87.0353885094372,82.71683502197266,85.93914153495356,0.0,8670375
2020-03-03,0.0,85.14187622070312,0.0,85.83949147771972,81.48772339224945,82.61719088559886,0.0,9058375
2020-03-04,0.0,81.55415344238281,0.0,84.24494685740639,81.48771902690996,83.48089088614974,0.0,6394075
2020-03-05,0.0,84.2781753540039,0.0,84.94256392572272,82.71684922137888,83.64700082515253,0.0,4417150
2020-03-06,0.0,85.67339324951172,0.0,87.69978552980814,85.34119582017395,86.93573587762852,0.0,5322575
2020-03-09,0.0,92.35052490234375,0.0,93.01491972051716,89.56007680383715,92.8488241840431,0.0,5403575
2020-03-10,0.0,87.73302459716797,0.0,92.7159680903936,87.66658382991795,88.89571267948202,0.0,6390225
2020-03-11,0.0,91.95189666748047,0.0,93.01492334911673,89.69296180093399,90.05837959879851,0.0,6339200
2020-03-12,0.0,100.78832244873047,0.0,100.95441800580709,94.57625103751869,98.66226890468079,0.0,12614350
2020-03-13,0.0,91.48684692382812,0.0,100.2568255734509,91.48684692382812,94.50983218066447,0.0,9968100
2020-03-16,0.0,102.01742553710938,0.0,103.64519210292865,96.20399342990333,102.31640255237102,0.0,9995725
2020-03-17,0.0,95.00811767578125,0.0,103.1469210489559,94.97489729432259,99.69208374707398,0.0,9133100
2020-03-18,0.0,100.58899688720703,0.0,105.80447544844891,98.92801613082993,102.51573431115891,0.0,9113675
2020-03-19,0.0,100.85476684570312,0.0,104.47570587867371,98.13075906004957,101.55237581396776,0.0,9505575
2020-03-20,0.0,105.40584564208984,0.0,105.53872715448964,95.80537813607779,99.69207366782254,0.0,7458725
2020-03-23,0.0,108.12985229492188,0.0,110.25590578473987,105.10686761303471,105.70482174108082,0.0,8028950
2020-03-24,0.0,98.13074493408203,0.0,102.71504897800142,97.79854751962094,102.21675602437911,0.0,8795325
2020-03-25,0.0,96.79405212402344,0.112,99.55389596441039,92.87041733698285,97.52557478144693,0.0,9270525
2020-03-26,0.0,91.10812377929688,0.0,95.8962897911843,90.4763503334554,95.73003662540316,0.0,9086125
2020-03-27,0.0,93.83470916748047,0.0,94.59949016163488,91.20787256298887,93.80145726841712,0.0,8477550
2020-03-30,0.0,90.70909881591797,0.0,93.66844780967541,90.40983809271208,92.93692512081141,0.0,5863900
2020-03-31,0.0,91.9726333618164,0.0,92.57115477050311,90.07731979574204,91.0415993547315,0.0,5745725
2020-04-01,0.0,96.19552612304688,0.0,96.96030063877771,94.23370882293727,95.6302566239958,0.0,10151975
2020-04-02,0.0,93.93445587158203,0.0,96.7275517039852,93.60194325493391,96.5280466708566,0.0,7678200
2020-04-03,0.0,95.33099365234375,0.0,96.36177694642609,93.36917639906285,94.36670780080061,0.0,8751000
2020-04-06,0.0,88.78052520751953,0.0,92.00588273672525,88.04899624264289,91.54036891700385,0.0,8547675
2020-04-07,0.0,88.71403503417969,0.0,88.78053883067334,85.42217321355712,85.68818205738063,0.0,11493725
2020-04-08,0.0,85.6549072265625,0.0,88.58100372521102,85.2891427859254,87.74972551805355,0.0,6424950
2020-04-09,0.0,84.49114227294922,0.0,85.28916883449149,83.49361065655921,84.6241498709486,0.0,9402650
2020-04-13,0.0,85.18941497802734,0.0,86.4862072792618,84.65739095628523,84.75714664951519,0.0,6578700
2020-04-14,0.0,82.62908172607422,0.0,83.85937031810434,82.36307286762299,83.5268640016539,0.0,6452925
2020-04-15,0.0,84.3913803100586,0.0,85.0896574634194,83.89261453888709,84.5243878981848,0.0,5341150
2020-04-16,0.0,84.02561950683594,0.0,85.02315101807285,83.72635878503473,84.05887140283059,0.0,6638225
2020-04-17,0.0,81.69803619384766,0.0,83.0280803012188,81.53178305873273,82.13030449258738,0.0,6844750
2020-04-20,0.0,83.16109466552734,0.0,83.26085036002257,81.83105044967976,82.89508582235783,0.0,4759025
2020-04-21,0.0,85.68819427490234,0.0,85.98745505964163,84.25839415718177,84.69065621172074,0.0,6263225
2020-04-22,0.0,83.75959777832031,0.0,84.49112035106361,83.19432831778923,84.02560656314967,0.0,3935250
2020-04-23,0.0,83.82611846923828,0.0,83.92587416952523,82.32982101784285,83.39385645229777,0.0,4677350
2020-04-24,0.0,82.62908172607422,0.0,83.99237791840568,82.42957666777366,83.29410070112655,0.0,3982700
2020-04-27,0.0,81.39876556396484,0.0,82.13029449054437,81.09950488348227,82.03053881633359,0.0,6032450
2020-04-28,0.0,81.79779815673828,0.0,81.89754750860101,80.20174510542414,80.26824255928226,0.0,4437875
2020-04-29,0.0,79.63646697998047,0.0,80.4677453144598,79.17094680000979,80.135232712238,0.0,5687500
2020-04-30,0.0,80.46773529052734,0.0,80.93324907035822,79.93571773010648,80.0687189491369,0.0,5004600
2020-05-01,0.0,82.56256103515625,0.0,82.89507362573224,81.6315270499735,81.89753585400426,0.0,4911550
2020-05-04,0.0,82.23005676269531,0.0,83.59335281402817,82.19680486605904,83.12783894542206,0.0,4472225
2020-05-05,0.0,81.56503295898438,0.0,81.66478230075309,80.63399893552376,81.36552159114612,0.0,3117875
2020-05-06,0.0,82.0970458984375,0.0,82.13029779117743,80.86675123566081,81.0330106993604,0.0,2800575
2020-05-07,0.0,81.06627655029297,0.0,81.2325360556267,80.4677613575465,81.09952845135972,0.0,3696150
2020-05-08,0.0,79.70296478271484,0.0,80.46774567388617,79.603215441108,80.10198117559338,0.0,3673675
2020-05-11,0.0,79.70296478271484,0.0,80.43449377930042,79.3039547319867,80.36798999012893,0.0,2988100
2020-05-12,0.0,81.29902648925781,0.0,81.33227204270614,79.23745335717835,79.40370649302241,0.0,3418800
2020-05-13,0.0,82.69557189941406,0.0,83.49359834326668,81.1660164587504,81.49852906255994,0.0,5878575
2020-05-14,0.0,81.69803619384766,0.0,84.2916269598343,81.69803619384766,83.59334983962034,0.0,5693675
2020-05-15,0.0,81.39876556396484,0.0,82.79531329216692,81.36551367256124,82.52930450308794,0.0,3261850
2020-05-18,0.0,78.8716812133789,0.0,79.53670637668539,78.40616740435436,79.37045325693376,0.0,5047950
2020-05-19,0.0,79.70296478271484,0.0,79.70296478271484,78.53918018296578,79.00469402286541,0.0,3130875
2020-05-20,0.0,78.30642700195312,0.0,78.70544344620062,78.07367005203842,78.6389396484675,0.0,2777975
2020-05-21,0.0,78.90494537353516,0.0,79.17095421178558,78.14017075633409,78.4061795945845,0.0,3120275
2020-05-22,0.0,78.7054443359375,0.0,79.3039658379992,78.67219243669503,78.97145318772588,0.0,2489650
2020-05-26,0.0,77.64139556884766,0.0,77.84090058782184,76.90986659569201,76.94311848921274,0.0,3764450
2020-05-27,0.0,76.6106185913086,0.0,78.3064209064403,76.57736669503042,76.90987297351069,0.0,4421150
2020-05-28,0.0,76.67710876464844,0.0,76.87662012338278,75.746081125822,76.27809873148,0.0,4166575
2020-05-29,0.0,76.4111099243164,0.0,77.54164906927713,76.1783529842629,76.8433782491166,0.0,3887500
2020-06-01,0.0,76.01209259033203,0.0,76.67711144961613,75.87908501318499,76.51085832033269,0.0,2978800
2020-06-02,0.0,75.41357421875,0.0,76.14509689610847,75.38032232312226,75.77933872850454,0.0,2884725
2020-06-03,0.0,74.3827896118164,0.0,74.94805914398324,74.150026346212,74.84830345872422,0.0,3777875
2020-06-04,0.0,74.5822982788086,0.0,75.14756783855307,74.18328186045628,74.68204762678356,0.0,3092250
2020-06-05,0.0,72.7202377319336,0.0,73.18575160970612,72.22146561471912,73.18575160970612,0.0,6205250
2020-06-08,0.0,71.75596618652344,0.0,72.58724475974181,71.72271428253643,72.42099158195902,0.0,2583950
2020-06-09,0.0,72.2879638671875,0.0,72.62047647245404,71.95545126192096,72.45422334089598,0.0,1970125
2020-06-10,0.0,72.68697357177734,0.0,72.88647857971452,71.92219274741012,72.18820153870963,0.0,3185800
2020-06-11,0.0,76.90987396240234,0.0,77.07613344593094,74.28303754415866,74.41603878883073,0.0,8369150
2020-06-12,0.0,75.97884368896484,0.0,77.4418953844622,74.71529702489647,74.94806029407266,0.0,9327875
2020-06-15,0.0,75.3138198852539,0.0,77.87415881524366,74.94806171107732,77.50839429891636,0.0,6328250
2020-06-16,0.0,73.78425598144531,0.0,75.11429985417168,73.15248276359424,73.15248276359424,0.0,6120050
2020-06-17,0.0,74.15003967285156,0.0,74.31629917816433,73.48502067805545,73.51827257911799,0.0,3850475
2020-06-18,0.0,74.08353424072266,0.0,74.6155519161696,73.98377854826974,74.54904812120098,0.0,2968725
2020-06-19,0.0,74.54903411865234,0.0,74.84829479764997,73.15248639738002,73.18573828861861,0.0,3070700
2020-06-22,0.0,74.05027770996094,0.0,74.94805985941062,73.91727012834592,74.68204469618058,0.0,2315825
2020-06-23,0.0,73.71776580810547,0.0,73.78426959955353,73.1192443693742,73.35200129729178,0.0,3650150
2020-06-24,0.0,75.54659271240234,0.0,76.04536491857718,74.050295120334,74.2498001975127,0.0,5192950
2020-06-25,0.0,74.74854278564453,0.0,76.27809814679966,74.68203899990951,75.71282865235213,0.0,4882425
2020-06-26,0.0,76.54410552978516,0.0,76.67710675664158,74.98129830470994,75.08105398146473,0.0,4898275
2020-06-29,0.0,75.41357421875,0.0,76.81012212436207,75.41357421875,76.17834879173621,0.0,4177150
2020-06-30,0.0,74.34953308105469,0.0,75.54656951877563,73.98376860006074,75.51331762576253,0.0,3863750
2020-07-01,0.0,73.8840103149414,0.0,74.2497747830339,73.58474963052934,74.11677355782292,0.0,3730525
2020-07-02,0.0,73.51826477050781,0.0,73.65126601847989,72.65373446116091,72.98624709431756,0.0,3027575
2020-07-06,0.0,72.3877182006836,0.0,72.72023079974558,72.25471062419868,72.5207194350182,0.0,2313825
2020-07-07,0.0,73.08599853515625,0.0,73.18575423060173,72.22146820108215,72.75348589248911,0.0,2262800
2020-07-08,0.0,72.5207290649414,0.0,73.35200750190546,72.5207290649414,72.91974550523067,0.0,2529500
2020-07-09,0.0,72.95298767089844,0.0,73.78426599695925,72.32121436729014,72.38771815549109,0.0,3186375
2020-07-10,0.0,72.18820190429688,0.0,73.31874085858273,72.12170446274762,73.01948017408648,0.0,2632325
2020-07-13,0.0,72.81998443603516,0.0,72.95299202036696,71.02442644261053,71.65619344173456,0.0,4006275
2020-07-14,0.0,71.85570526123047,0.0,73.48501012643585,71.78920146865455,73.185749401995,0.0,4798400
2020-07-15,0.0,71.19068145751953,0.0,71.78920291848883,70.92467262399438,71.09092576664104,0.0,3401775
2020-07-16,0.0,71.4566879272461,0.0,71.82245243955019,71.35693223966753,71.6894448561121,0.0,1824675
2020-07-17,0.0,71.22393798828125,0.0,71.65619999257584,71.05768483481825,71.22393798828125,0.0,2200450
2020-07-20,0.0,70.65865325927734,0.0,71.45667964091237,70.4924001414096,71.32367841504815,0.0,2207375
2020-07-21,0.0,70.5256576538086,0.0,70.72516903967086,70.09339566874233,70.15989946402975,0.0,2859375
2020-07-22,0.0,70.09336853027344,0.0,70.62538600228645,70.02686476073468,70.59213411751706,0.0,2289875
2020-07-23,0.0,70.9246597290039,0.0,71.25717229599312,69.99362580986408,70.15988526443354,0.0,3270650
2020-07-24,0.0,71.42343139648438,0.0,71.7559439913511,71.15742258902102,71.39017950278267,0.0,3301400
2020-07-27,0.0,70.89141845703125,0.0,71.42343610704587,70.82491466524175,71.22393107382806,0.0,1906775
2020-07-28,0.0,71.29043579101562,0.0,71.39018513784401,70.75841813409505,71.05767885888172,0.0,1716050
2020-07-29,0.0,70.45916748046875,0.0,71.12418647559934,70.29290797507237,71.12418647559934,0.0,1903325
2020-07-30,0.0,70.65865325927734,0.0,71.62293910093003,70.59214947527028,71.1574189550305,0.0,3133950
2020-07-31,0.0,70.19316101074219,0.0,71.2571965130041,70.12665720631286,70.22641291295686,0.0,2922300
2020-08-03,0.0,69.59461975097656,0.0,69.86062855122744,69.4616121797761,69.76087287282708,0.0,2358825
2020-08-04,0.0,69.36185455322266,0.0,69.82736831248478,69.36185455322266,69.82736831248478,0.0,2173450
2020-08-05,0.0,68.89635467529297,0.0,69.12911796539748,68.86310277670661,69.0293622696384,0.0,2856500
2020-08-06,0.0,68.46409606933594,0.0,69.12912138970275,68.43084416910246,69.02936568900228,0.0,2215875
2020-08-07,0.0,68.43083953857422,0.0,68.89635342604004,68.36433574260738,68.66359648230713,0.0,2831600
2020-08-10,0.0,68.23133087158203,0.0,68.73009663056027,68.16482707914474,68.29783466401932,0.0,2327225
2020-08-11,0.0,68.76334381103516,0.0,68.92959693857614,67.7990579132767,67.93206548902971,0.0,3410100
2020-08-12,0.0,67.83231353759766,0.0,68.19807804888306,67.63280850514681,68.19807804888306,0.0,1945175
2020-08-13,0.0,67.93207550048828,0.0,68.13158055136948,67.63281475309088,67.96532739932702,0.0,1507000
2020-08-14,0.0,67.8988265991211,0.0,68.16483545942303,67.79907089820105,68.03182785819631,0.0,2334450
2020-08-17,0.0,67.69932556152344,0.0,67.7990749262182,67.59956985467682,67.69932556152344,0.0,1065575
2020-08-18,0.0,67.5663070678711,0.0,67.93207159190109,67.46655771924536,67.59955896479663,0.0,1543675
2020-08-19,0.0,67.83231353759766,0.0,67.96532112066531,67.36679968116214,67.43330347269597,0.0,1693525
2020-08-20,0.0,67.59955596923828,0.0,68.23132929852571,67.49980028288219,68.23132929852571,0.0,1497750
2020-08-21,0.0,67.3667984008789,0.0,67.76580845819755,67.33354650574394,67.66605911494315,0.0,1425625
2020-08-24,0.0,66.70176696777344,0.0,67.06753143802878,66.70176696777344,66.8347745359208,0.0,1865125
2020-08-25,0.0,66.46903991699219,0.0,66.80155264454255,66.43578801002188,66.53554373093282,0.0,1654775
2020-08-26,0.0,65.770751953125,0.0,66.4357708947499,65.73750005472108,66.33602154168929,0.0,1496950
2020-08-27,0.0,65.67098999023438,0.0,65.97025070515686,65.33847738008156,65.63773809500404,0.0,3614550
2020-08-28,0.0,65.20547485351562,0.0,65.67098869324543,65.172222958942,65.40497987880691,0.0,1940075
2020-08-31,0.0,65.438232421875,0.0,65.50473621168129,65.0724679200909,65.23872739460661,0.0,3316425
2020-09-01,0.0,64.8396987915039,0.0,65.47147199142805,64.80644690286061,65.27196065956825,0.0,2702675
2020-09-02,0.0,63.875431060791016,0.0,64.67346392898472,63.70917791283878,64.4074550869705,0.0,4464900
2020-09-03,0.0,66.06999969482422,0.0,66.56876538842955,64.1081824701133,64.14143436197365,0.0,9601550
2020-09-04,0.0,66.60201263427734,0.0,68.09830961071492,65.60447497450285,65.97023941730178,0.0,5690675
2020-09-08,0.0,68.3975830078125,0.0,68.49733869500601,67.49980084952279,67.79906156895268,0.0,5088350
2020-09-09,0.0,67.06755065917969,0.0,67.73257600620889,66.50228101685039,67.49981269524245,0.0,3710075
2020-09-10,0.0,68.26458740234375,0.0,68.43084055257333,66.53552673449109,66.66852798624451,0.0,4316275
2020-09-11,0.0,68.19805908203125,0.0,68.82983224159622,67.59953780898537,67.86554655898922,0.0,3990275
2020-09-14,0.0,67.30030059814453,0.0,67.63281323692654,66.93453606126921,67.4998056445533,0.0,2099675
2020-09-15,0.0,66.9345474243164,0.0,67.20055631207042,66.56878916749974,66.7682942477772,0.0,1725750
2020-09-16,0.0,67.23380279541016,0.0,67.26705469646765,66.40252429542765,66.668533161736,0.0,1906450
2020-09-17,0.0,67.79904174804688,0.0,68.39756301193027,67.43328368623385,68.29781369604889,0.0,2678450
2020-09-18,0.0,68.56382751464844,0.0,69.12909693434301,67.63279366393112,67.6660455524013,0.0,3369800
2020-09-21,0.0,69.32860565185547,0.0,70.45914455205069,69.32860565185547,69.66111821229222,0.0,3965450
2020-09-22,0.0,68.6303482055664,0.0,69.59463427151253,68.49734694876602,69.02936466027032,0.0,2109500
2020-09-23,0.0,70.22640228271484,0.0,70.35940352928911,68.46408978501167,68.49734168219297,0.0,2777200
2020-09-24,0.0,69.9936294555664,0.0,70.85815963790854,69.32861062909942,70.55889894624588,0.0,3550375
2020-09-25,0.0,68.92960357666016,0.0,70.45915913436816,68.73009853596812,70.22640219653563,0.0,2670275
2020-09-28,0.0,67.79904174804688,0.0,68.19805803801873,67.59953677413534,67.99855306410718,0.0,2428900
2020-09-29,0.0,68.16482543945312,0.0,68.29783302112824,67.66605969247261,67.83231282741593,0.0,1472950
2020-09-30,0.0,67.5663070678711,0.0,68.03182094052683,66.90128815581303,67.96532348882661,0.0,3392025
2020-10-01,0.0,67.20055389404297,0.0,67.59957038239254,66.8680475529289,67.03430072348594,0.0,2650150
2020-10-02,0.0,67.76581573486328,0.0,68.36433722726075,67.40005753340465,68.2645878732953,0.0,3072200
2020-10-05,0.0,66.63528442382812,0.0,67.36680718573902,66.56878062488586,67.36680718573902,0.0,2102975
2020-10-06,0.0,67.53304290771484,0.0,67.66605047126431,66.13649520119395,66.53551154969264,0.0,3542425
2020-10-07,0.0,66.3692626953125,0.0,66.93453224637942,66.20300955647252,66.901286692332,0.0,1676750
2020-10-08,0.0,65.80400085449219,0.0,66.16975903597456,65.77074895760272,65.93700209989917,0.0,1541750
2020-10-09,0.0,65.13898468017578,0.0,65.57124671568643,65.10573277865163,65.43824545174151,0.0,2054075
2020-10-12,0.0,64.14144897460938,0.0,64.77321603743468,63.84218822183893,64.640214781843,0.0,2461975
2020-10-13,0.0,64.54045104980469,0.0,64.73995607943431,64.1746865436916,64.20793843898831,0.0,2298325
2020-10-14,0.0,64.9394760131836,0.0,65.10572916943623,64.24119880418951,64.47395575980374,0.0,2633425
2020-10-15,0.0,65.00597381591797,0.0,65.83725228590235,64.9394763583543,65.77075482833868,0.0,3008175
2020-10-16,0.0,65.1057357788086,0.0,65.1057357788086,64.4407104019836,64.73997118733963,0.0,1685350
2020-10-19,0.0,66.0367431640625,0.0,66.23624815905998,64.70669295168082,64.80644862025427,0.0,3066175
2020-10-20,0.0,65.770751953125,0.0,65.93700510299344,65.10572666934897,65.80400385152892,0.0,2449650
2020-10-21,0.0,65.90375518798828,0.0,65.97025898679757,65.37173748181664,65.77075393252103,0.0,2299725
2020-10-22,0.0,65.53797912597656,0.0,66.3360118872235,65.43822978743336,65.83723982590661,0.0,2066100
2020-10-23,0.0,65.33846282958984,0.0,65.80398291699541,65.27195905393917,65.33846282958984,0.0,1675475
2020-10-26,0.0,66.5355224609375,0.0,67.23379325763342,65.83724532209085,66.03675670013317,0.0,4032200
2020-10-27,0.0,66.73503875732422,0.0,66.80154256122647,66.36927417801364,66.46902988386702,0.0,1543300
2020-10-28,0.0,69.02936553955078,0.0,69.1623667980453,67.83232250234279,67.96533010298877,0.0,5194450
2020-10-29,0.0,68.3310775756836,0.0,69.36186729214816,67.59955491361399,68.96285089510535,0.0,3671025
2020-10-30,0.0,68.9961166381836,0.0,69.86064705350338,68.39759509356591,68.69685586587475,0.0,5357225
2020-11-02,0.0,68.23133087158203,0.0,68.89634976950278,67.79906256289037,68.29783466401932,0.0,4261675
2020-11-03,0.0,67.0342788696289,0.0,67.63280023595325,66.5687650701099,67.49979266914791,0.0,4080225
2020-11-04,0.0,65.57121276855469,0.0,66.33599342336933,64.67343726080016,66.036732806735,0.0,7204600
2020-11-05,0.0,64.2411880493164,0.0,64.54044875419181,63.87542355621305,64.4406930718499,0.0,4154250
2020-11-06,0.0,64.27444458007812,0.0,64.73995844695445,64.04168764663997,64.34094837310354,0.0,2976425
2020-11-09,0.0,63.44316864013672,0.0,63.5429243335215,61.647610554267814,61.647610554267814,0.0,7945300
2020-11-10,0.0,63.509666442871094,0.0,64.17468530956451,63.34340696958492,63.64266767934961,0.0,3784700
2020-11-11,0.0,63.11065673828125,0.0,63.37666558158318,62.9444035895242,63.11065673828125,0.0,2095750
2020-11-12,0.0,63.70918273925781,0.0,64.04169540250352,63.11066121384585,63.27692071654448,0.0,3002750
2020-11-13,0.0,62.84465789794922,0.0,63.40992757270856,62.678404722729695,63.27692630096336,0.0,2026600
2020-11-16,0.0,62.01336669921875,0.0,62.54538436207853,62.01336669921875,62.27937553064864,0.0,2340075
2020-11-17,0.0,62.34586715698242,0.0,62.74488349733292,62.11311026767362,62.445622827607444,0.0,1815050
2020-11-18,0.0,63.11065673828125,0.0,63.11065673828125,62.17962895780003,62.27937831019382,0.0,1821725
2020-11-19,0.0,62.8113899230957,0.0,63.47641513811983,62.77813802812945,63.21040632054028,0.0,2012675
2020-11-20,0.0,63.27690505981445,0.0,63.27690505981445,62.87788869421871,62.911140586530856,0.0,1328425
2020-11-23,0.0,62.877891540527344,0.0,63.37665726348729,62.67838651977341,62.91114343434471,0.0,2133675
2020-11-24,0.0,61.84712219238281,0.0,62.57864499540549,61.780618389703015,62.37913992951779,0.0,2559925
2020-11-25,0.0,61.94685363769531,0.0,62.1463649880311,61.84710430467727,61.88035619639991,0.0,1746975
2020-11-27,0.0,61.813873291015625,0.0,61.980126463632075,61.71411758215455,61.74736948510824,0.0,594875
2020-11-30,0.0,62.079864501953125,0.0,62.578630219984795,61.8803594831705,61.913611376659304,0.0,2764950
2020-12-01,0.0,61.34834289550781,0.0,61.58109981166378,61.08233408530809,61.414840341445014,0.0,2090525
2020-12-02,0.0,61.28184127807617,0.0,61.68085133643388,61.21533748763304,61.58110199291972,0.0,2283900
2020-12-03,0.0,61.24859619140625,0.0,61.448101242762604,61.015839241131964,61.24859619140625,0.0,1789250
2020-12-04,0.0,60.71656799316406,0.0,61.18208181321024,60.71656799316406,61.11557802687503,0.0,1530975
2020-12-07,0.0,60.88283157348633,0.0,61.082342966758056,60.74983032012307,60.8495796746077,0.0,1703300
2020-12-08,0.0,60.65007019042969,0.0,61.11558405640242,60.58356639753336,61.082338502105024,0.0,1665550
2020-12-09,0.0,61.18207550048828,0.0,61.381580496758986,60.51705673220277,60.51705673220277,0.0,2528225
2020-12-10,0.0,61.215335845947266,0.0,61.6143522357546,61.04908271644858,61.48134465843537,0.0,2238300
2020-12-11,0.0,61.28184127807617,0.0,61.81385891732014,61.248589382854604,61.51459820247659,0.0,2480375
2020-12-14,0.0,61.54784393310547,0.0,61.581095824996545,60.71656566227824,60.88281877958373,0.0,2393325
2020-12-15,0.0,60.71656799316406,0.0,61.348341279048256,60.71656799316406,61.08233247585756,0.0,1456375
2020-12-16,0.0,60.61681365966797,0.0,60.88282246876543,60.483812426194376,60.68331744747991,0.0,1171675
2020-12-17,0.0,60.31754684448242,0.0,60.51705818770107,60.25104940555918,60.31754684448242,0.0,1621975
2020-12-18,0.0,60.58356857299805,0.0,60.882829309626736,60.217810383235964,60.217810383235964,0.0,2231150
2020-12-21,0.0,60.71656799316406,0.0,61.71409941959162,60.61681231366125,61.18208181321024,0.0,2678775
2020-12-22,0.0,60.849571228027344,0.0,61.04908259360474,60.683318098863204,60.7165699931261,0.0,2172625
2020-12-23,0.0,60.78307342529297,0.0,60.84957087127856,60.45056082676379,60.68331774308913,0.0,2048550
2020-12-24,0.0,60.55030822753906,0.0,60.81632337156284,60.55030822753906,60.71656769255392,0.0,840600
2020-12-28,0.0,60.01829147338867,0.0,60.21780283423071,59.951794028591515,60.084795260336016,0.0,1619050
2020-12-29,0.0,60.18455123901367,0.0,60.251055026290594,59.75228296386392,59.78553485750238,0.0,2435675
2020-12-30,0.0,60.05154800415039,0.0,60.15130369227472,59.88529486609385,59.98505055421818,0.0,2024575
2020-12-31,0.0,59.752288818359375,0.0,60.18455713586253,59.61928757292437,60.08480144517315,0.0,2350075
2021-01-04,0.0,60.55030822753906,0.0,61.215333403298295,59.51952491304735,59.51952491304735,0.0,4509125
2021-01-05,0.0,60.18455123901367,0.0,60.71656885292858,59.95179432569468,60.71656885292858,0.0,4196525
2021-01-06,0.0,59.752288818359375,0.0,60.51706976267631,59.22027115231767,60.41731407198692,0.0,3234050
2021-01-07,0.0,58.887752532958984,0.0,59.41977648701163,58.754751301058484,59.35327269998627,0.0,2156300
2021-01-08,0.0,58.55526351928711,0.0,59.22028255885445,58.52201161598593,58.65501288703857,0.0,2715800
2021-01-11,0.0,58.98749923706055,0.0,59.08725490241824,58.68823858313671,59.08725490241824,0.0,2254575
2021-01-12,0.0,58.92100524902344,0.0,59.32002163459573,58.75475212128932,58.92100524902344,0.0,1851475
2021-01-13,0.0,58.754756927490234,0.0,59.08726955230865,58.62174934070254,58.95426196552096,0.0,1989725
2021-01-14,0.0,58.98749923706055,0.0,59.054003013965676,58.58848925992826,58.65498669468415,0.0,2054575
2021-01-15,0.0,59.45302200317383,0.0,59.75228270246055,59.12051575254433,59.2202650908731,0.0,2620900
2021-01-19,0.0,58.92100524902344,0.0,59.22026595266509,58.85450780321997,59.02076093095408,0.0,1612800
2021-01-20,0.0,58.15624237060547,0.0,58.62175629528695,57.98998920954825,58.555258836155,0.0,1805525
2021-01-21,0.0,58.05647277832031,0.0,58.22273224175053,57.95672344241223,58.02322722778432,0.0,1531275
2021-01-22,0.0,58.255985260009766,0.0,58.45549027783064,58.08972579336723,58.35573459784512,0.0,2334650
2021-01-25,0.0,58.023231506347656,0.0,58.92100730647152,57.989979611209655,58.12298084961113,0.0,4105975
2021-01-26,0.0,58.122982025146484,0.0,58.189485816767515,57.823721305002486,57.89022509662352,0.0,2711650
2021-01-27,0.0,59.51953125,0.0,59.91854766636822,58.65500096632783,58.68825286287109,0.0,5512550
2021-01-28,0.0,59.05402374267578,0.0,59.28678070139513,58.355746524366275,59.253528801270726,0.0,5214250
2021-01-29,0.0,60.18455123901367,0.0,60.517063833248045,59.187013456310545,59.38652481814131,0.0,5602200
2021-02-01,0.0,59.2535285949707,0.0,60.018303268714874,59.054023537070364,59.652545052922825,0.0,3204700
2021-02-02,0.0,58.42222595214844,0.0,58.721486586271645,58.12296531802524,58.721486586271645,0.0,4408325
2021-02-03,0.0,58.35574722290039,0.0,58.555258626035005,58.05648646035,58.222745962962186,0.0,3073900
2021-02-04,0.0,57.69072341918945,0.0,58.189489201054,57.65747152144502,58.122985405565124,0.0,2098575
2021-02-05,0.0,57.42471694946289,0.0,57.62422200201264,57.32496125211238,57.358213151229215,0.0,1634950
2021-02-08,0.0,57.0589485168457,0.0,57.35820924637275,57.0256966199926,57.1919561042581,0.0,1239200
2021-02-09,0.0,57.09219741821289,0.0,57.225198656496204,56.95918983777907,57.1587012084298,0.0,1088775
2021-02-10,0.0,57.0589485168457,0.0,57.45796493693205,56.75968778731865,56.75968778731865,0.0,1705225
2021-02-11,0.0,56.95919418334961,0.0,57.391462510587935,56.82619293491928,56.892696730209934,0.0,1442125
2021-02-12,0.0,56.69319534301758,0.0,57.125463746492805,56.6599497816599,57.092211842983005,0.0,978175
2021-02-16,0.0,56.726436614990234,0.0,56.85944420410144,56.46042777891875,56.49367967619655,0.0,1721350
2021-02-17,0.0,56.726436614990234,0.0,57.191956834728536,56.693184717712434,56.99244545106173,0.0,2185000
2021-02-18,0.0,56.95919418334961,0.0,57.42471440823327,56.859444832564606,57.1587055692216,0.0,1795225
2021-02-19,0.0,57.0589485168457,0.0,57.1254523105519,56.726435890465545,56.75968778731865,0.0,2171925
2021-02-22,0.0,57.52446746826172,0.0,57.55771936805117,57.125457355091086,57.52446746826172,0.0,2393925
2021-02-23,0.0,57.45796203613281,0.0,58.521997313110184,57.2251987699123,57.856972093924064,0.0,4341650
2021-02-24,0.0,56.792945861816406,0.0,57.790477507312396,56.726442060876266,57.624224347113575,0.0,3118375
2021-02-25,0.0,58.15624237060547,0.0,58.388999332946206,56.79294615505123,56.95919931610845,0.0,4254600
2021-02-26,0.0,58.45549392700195,0.0,58.78800653889445,57.69071935915459,57.89022438942987,0.0,3530850
2021-03-01,0.0,57.09219741821289,0.0,57.65746695075561,56.85944049460421,57.624215055647156,0.0,2814575
2021-03-02,0.0,57.49121856689453,0.0,57.524464122599,56.992446441213076,56.992446441213076,0.0,3919950
2021-03-03,0.0,58.255985260009766,0.0,58.255985260009766,57.45795884657609,57.657463864396966,0.0,5427250
2021-03-04,0.0,58.954261779785156,0.0,59.71903637495251,57.856974560846965,58.25599097780212,0.0,8887200
2021-03-05,0.0,57.856964111328125,0.0,59.61927625951761,57.72396289113155,58.3889816764137,0.0,4888825
2021-03-08,0.0,58.122982025146484,0.0,58.22273771257803,57.258451760525006,57.72397195972158,0.0,5451850
2021-03-09,0.0,57.3249626159668,0.0,57.62422337298695,56.9259525013742,57.52446767326309,0.0,3625100
2021-03-10,0.0,57.02569580078125,0.0,57.19195528265832,56.69318317917785,56.95919200803042,0.0,4686100
2021-03-11,0.0,56.42717361450195,0.0,56.65993688609457,56.09466733938527,56.593433094210965,0.0,3866175
2021-03-12,0.0,56.29417037963867,0.0,56.72643232727537,56.29417037963867,56.62668298513252,0.0,2909075
2021-03-15,0.0,55.96166229248047,0.0,56.593435659713016,55.928410395031285,56.26092302737215,0.0,2177475
2021-03-16,0.0,56.02817153930664,0.0,56.19442470057918,55.76216267597964,55.86191203588253,0.0,3152250
2021-03-17,0.0,55.89514923095703,0.0,56.427166817641044,55.72889611342449,56.227661808172016,0.0,3346775
2021-03-18,0.0,56.65993881225586,0.0,56.759688161321584,55.961661658041336,56.227670492468086,0.0,2987125
2021-03-19,0.0,56.792945861816406,0.0,57.125458524365584,56.493685099737306,56.726442060876266,0.0,4088475
2021-03-22,0.0,56.29417037963867,0.0,56.693180432510935,56.09466535320254,56.693180432510935,0.0,1959575
2021-03-23,0.0,56.75968551635742,0.0,56.89269309844817,56.19441597677291,56.39392100775844,0.0,3269550
2021-03-24,0.0,57.02569580078125,0.0,57.05894769715666,56.29417310697438,56.52693003945153,0.0,4680525
2021-03-25,0.0,56.69319534301758,0.0,57.590977711325706,56.593445974640304,57.291716921889666,0.0,5350500
2021-03-26,0.0,55.82865905761719,0.0,56.65993743780457,55.762155265086015,56.560181749007825,0.0,4186200
2021-03-29,0.0,55.82865905761719,0.0,56.26092102476831,55.69565147255485,55.99491219679437,0.0,3568550
2021-03-30,0.0,55.994911193847656,0.0,56.22766812138701,55.895155506837675,55.994911193847656,0.0,2454550
2021-03-31,0.0,55.72890853881836,0.0,55.9284135927693,55.52940348486741,55.89516169341893,0.0,2127275
2021-04-01,0.0,55.163631439208984,0.0,55.49614404538372,55.13037954437646,55.4628921505512,0.0,2396725
2021-04-05,0.0,54.365604400634766,0.0,54.76461445000086,54.26584871721805,54.73136255552862,0.0,2368950
2021-04-06,0.0,54.365604400634766,0.0,54.498605636373334,54.23259682274581,54.398856295107,0.0,1750825
2021-04-07,0.0,54.33235549926758,0.0,54.46535674233303,54.26585170665948,54.398859291875674,0.0,2051225
2021-04-08,0.0,54.09959411621094,0.0,54.29909913547007,54.06634222264271,54.1993434547654,0.0,1276450
2021-04-09,0.0,53.66733169555664,0.0,54.09960001694156,53.66733169555664,54.06634811974649,0.0,1522375
2021-04-12,0.0,53.63407897949219,0.0,53.83359035961649,53.60083342495561,53.76708656624172,0.0,1457725
2021-04-13,0.0,53.46782302856445,0.0,53.70057995099435,53.40131923868435,53.63407616111425,0.0,929650
2021-04-14,0.0,53.63407897949219,0.0,53.733834669554334,53.33482459360736,53.46782583820608,0.0,2360175
2021-04-15,0.0,53.1020622253418,0.0,53.3680678742809,53.03555843480057,53.33482232116082,0.0,1382175
2021-04-16,0.0,52.9358024597168,0.0,53.10205875412663,52.83604995150092,52.902550566619816,0.0,1382250
2021-04-19,0.0,53.135311126708984,0.0,53.368068052228836,52.969057991952106,53.0355586116398,0.0,2084225
2021-04-20,0.0,53.56757354736328,0.0,53.767078555613,53.23506097218051,53.401314088696964,0.0,3504975
2021-04-21,0.0,53.068809509277344,0.0,53.667327759515004,53.002305719764706,53.634075864758685,0.0,1146850
2021-04-22,0.0,53.534332275390625,0.0,53.66733352655766,52.969062688090716,53.06881521200377,0.0,1715500
2021-04-23,0.0,52.969058990478516,0.0,53.467824746302,52.76955078550392,53.43457285029368,0.0,1249425
2021-04-26,0.0,52.80280303955078,0.0,52.93580745341059,52.76955114331699,52.869303660943004,0.0,1202650
2021-04-27,0.0,52.86930465698242,0.0,53.00230907334799,52.736300240616856,52.736300240616856,0.0,1432700
2021-04-28,0.0,52.902549743652344,0.0,52.902549743652344,52.63654094516475,52.76954534440855,0.0,941075
2021-04-29,0.0,52.536800384521484,0.0,53.00231430218763,52.43704785517527,52.503548484380836,0.0,2074400
2021-04-30,0.0,52.902549743652344,0.0,53.00230225031644,52.70304473032416,52.869297851072645,0.0,1536825
2021-05-03,0.0,52.736297607421875,0.0,52.836053293021685,52.53679257837279,52.57004447357273,0.0,1068075
2021-05-04,0.0,53.1020622253418,0.0,53.56757924590458,52.969057815334615,53.002306539529954,0.0,2773500
2021-05-05,0.0,53.068809509277344,0.0,53.168562022471086,52.80280069337723,52.869301311814645,0.0,1357475
2021-05-06,0.0,52.63655090332031,0.0,53.334828095299045,52.60329900444978,53.035564176539864,0.0,1909200
2021-05-07,0.0,52.23754119873047,0.0,52.603302598066634,52.17103739644617,52.536801966858164,0.0,1725850
2021-05-10,0.0,52.769554138183594,0.0,52.769554138183594,52.17103265630846,52.17103265630846,0.0,1643775
2021-05-11,0.0,53.20182418823242,0.0,53.73384192274261,53.10207165578072,53.40132925313583,0.0,3943575
2021-05-12,0.0,54.398868560791016,0.0,54.46536602257874,53.43458243012308,53.567590038002166,0.0,5988725
2021-05-13,0.0,53.73383331298828,0.0,54.13284972101249,53.434572592507784,54.13284972101249,0.0,4815750
2021-05-14,0.0,52.8360481262207,0.0,53.33481699221968,52.769544342324195,53.301565100271425,0.0,2701725
2021-05-17,0.0,53.00231170654297,0.0,53.2683237235652,52.902559182081866,53.00231170654297,0.0,2149825
2021-05-18,0.0,53.501075744628906,0.0,53.501075744628906,52.93580620627329,52.93580620627329,0.0,1979900
2021-05-19,0.0,53.600833892822266,0.0,54.33235659987753,53.600833892822266,54.09959966318498,0.0,4009075
2021-05-20,0.0,53.03555679321289,0.0,53.501073799366715,52.836051769914945,53.467821905125334,0.0,1732025
2021-05-21,0.0,53.1020622253418,0.0,53.13531094953714,52.63654520477901,52.7695496147862,0.0,1714300
2021-05-24,0.0,52.536800384521484,0.0,52.802809243495204,52.370544054893976,52.802809243495204,0.0,1145625
2021-05-25,0.0,52.63655090332031,0.0,52.7363034288563,52.337290155636744,52.370542054507276,0.0,1871825
2021-05-26,0.0,52.57004165649414,0.0,52.703046059091285,52.47028597623996,52.53678976307608,0.0,1069000
2021-05-27,0.0,52.536800384521484,0.0,52.536800384521484,52.33729215475333,52.403795955034624,0.0,1794175
2021-05-28,0.0,52.437042236328125,0.0,52.437042236328125,52.27078592451567,52.27078592451567,0.0,1230225
2021-06-01,0.0,52.47029495239258,0.0,52.50354685149908,52.07128167634147,52.104533575447974,0.0,1483150
2021-06-02,0.0,52.337284088134766,0.0,52.503540392137594,52.27078346917878,52.37053598315038,0.0,1437925
2021-06-03,0.0,52.536800384521484,0.0,52.86930987270077,52.403795955034624,52.70305671414899,0.0,2571800
2021-06-04,0.0,52.0712776184082,0.0,52.33728644837878,52.038025721893035,52.33728644837878,0.0,1162700
2021-06-07,0.0,52.104530334472656,0.0,52.27078664858814,52.07127843743447,52.07127843743447,0.0,814225
2021-06-08,0.0,52.137786865234375,0.0,52.370543823036975,51.97153053634292,51.97153053634292,0.0,1257700
2021-06-09,0.0,52.20427703857422,0.0,52.2375289319079,51.971520127388615,52.03802074298089,0.0,766675
2021-06-10,0.0,51.938262939453125,0.0,52.2042717168554,51.80525855075199,52.03801543821029,0.0,1245475
2021-06-11,0.0,51.87177276611328,0.0,52.03802590713015,51.838520869479744,51.838520869479744,0.0,1021850
2021-06-14,0.0,51.73876190185547,0.0,52.00477069961719,51.73876190185547,51.83851440824736,0.0,884125
2021-06-15,0.0,51.8385124206543,0.0,51.9715168144355,51.70550802687309,51.772008638226254,0.0,1096475
2021-06-16,0.0,52.137786865234375,0.0,52.403795723030406,51.80527420745147,51.838526107444906,0.0,1836650
2021-06-17,0.0,52.104530334472656,0.0,52.470291688666386,52.00477781443353,52.204282854511774,0.0,1916375
2021-06-18,0.0,52.80280303955078,0.0,52.869303660943004,52.47029041936357,52.53679421183116,0.0,2909550
2021-06-21,0.0,52.0712776184082,0.0,52.70305096789485,52.038025721893035,52.63654717486452,0.0,1796700
2021-06-22,0.0,51.80526351928711,0.0,52.17102483052595,51.672259117829796,52.03802042906864,0.0,1239025
2021-06-23,0.0,51.8385124206543,0.0,51.87176431186832,51.67225613565907,51.805260529440275,0.0,1013150
2021-06-24,0.0,51.53926086425781,0.0,51.60576465845694,51.50600896715825,51.53926086425781,0.0,1001475
2021-06-25,0.0,51.339752197265625,0.0,51.50600851021302,51.30650347153648,51.43950788767931,0.0,854550
2021-06-28,0.0,51.23999786376953,0.0,51.472754791009855,51.23999786376953,51.273249759396805,0.0,845100
2021-06-29,0.0,51.206748962402344,0.0,51.30650465511728,51.140248338334544,51.24000085997399,0.0,936075
2021-06-30,0.0,51.17349624633789,0.0,51.30650065517974,51.106992456379345,51.27324876020047,0.0,934825
2021-07-01,0.0,50.90748596191406,0.0,51.1069909838911,50.874234067892836,51.07373908986988,0.0,837850
2021-07-02,0.0,50.475223541259766,0.0,50.80773298595658,50.475223541259766,50.774484261239614,0.0,1383175
2021-07-06,0.0,50.641475677490234,0.0,50.94073639155726,50.47522254396434,50.541723163159645,0.0,1082175
2021-07-07,0.0,50.44197082519531,0.0,50.77448343556022,50.37546703469223,50.54172333987468,0.0,1443700
2021-07-08,0.0,50.80772399902344,0.0,51.2399890546375,50.741223390276915,51.10698466606969,0.0,2909950
2021-07-09,0.0,50.27571105957031,0.0,50.67472426189924,50.242459166607475,50.60822364704861,0.0,1321625
2021-07-12,0.0,50.07621765136719,0.0,50.342226514579366,50.07621765136719,50.27572271323843,0.0,675250
2021-07-13,0.0,50.27571105957031,0.0,50.30896295253316,50.0097022580177,50.17595855175685,0.0,1250725
2021-07-14,0.0,50.209224700927734,0.0,50.34222913946879,50.009716457578165,50.10946899371498,0.0,1436975
2021-07-15,0.0,50.375465393066406,0.0,50.60822548116681,50.27571288163776,50.375465393066406,0.0,1499250
2021-07-16,0.0,50.77448272705078,0.0,50.80773145076311,50.2092131999634,50.24246192367572,0.0,1784200
2021-07-19,0.0,51.53926086425781,0.0,51.87177349310256,51.30650392671176,51.37300454983544,0.0,4599725
2021-07-20,0.0,50.74123001098633,0.0,51.53925644651956,50.60822560506413,51.40625204059735,0.0,2091700
2021-07-21,0.0,50.375465393066406,0.0,50.64147420425959,50.34221666997364,50.57497358699887,0.0,925825
2021-07-22,0.0,50.27571105957031,0.0,50.4752192462723,50.20921044471969,50.30896295253316,0.0,1061000
2021-07-23,0.0,49.743690490722656,0.0,50.10945177828188,49.677186708761965,50.04295116739605,0.0,1100350
2021-07-26,0.0,49.61069107055664,0.0,49.81019609428619,49.61069107055664,49.77694737104805,0.0,1177375
2021-07-27,0.0,49.81019973754883,0.0,50.17596425959805,49.71044721838786,49.71044721838786,0.0,1657300
2021-07-28,0.0,49.876712799072266,0.0,50.009717239693416,49.710456455526824,49.710456455526824,0.0,1891950
2021-07-29,0.0,49.64394760131836,0.0,49.77695201991827,49.51094318271844,49.77695201991827,0.0,952850
2021-07-30,0.0,49.876712799072266,0.0,49.976465336769124,49.710456455526824,49.90996470199655,0.0,1311125
2021-08-02,0.0,50.009708404541016,0.0,50.009708404541016,49.610695153170724,49.64394705022044,0.0,1741350
2021-08-03,0.0,49.57743835449219,0.0,50.17595975791064,49.544186460730025,49.87669905620142,0.0,1386625
2021-08-04,0.0,49.81019973754883,0.0,49.84345163429428,49.64394659597235,49.71044721838786,0.0,1187275
2021-08-05,0.0,49.477684020996094,0.0,49.74369281914056,49.477684020996094,49.67718903406694,0.0,1018500
2021-08-06,0.0,49.41118621826172,0.0,49.51094190794983,49.37793749277441,49.44443811482442,0.0,1393125
2021-08-09,0.0,49.477684020996094,0.0,49.54418463499471,49.37793151446067,49.41118023592247,0.0,824425
2021-08-10,0.0,49.41118621826172,0.0,49.477690011387125,49.311433699649,49.37793749277441,0.0,965550
2021-08-11,0.0,49.278175354003906,0.0,49.41117975177291,49.24492663286789,49.278175354003906,0.0,665400
2021-08-12,0.0,49.14517593383789,0.0,49.41118475631825,49.11192720933432,49.27818034507807,0.0,600675
2021-08-13,0.0,49.0454216003418,0.0,49.14517411230585,49.0454216003418,49.0454216003418,0.0,672925
2021-08-16,0.0,48.87916564941406,0.0,49.377934554953356,48.87916564941406,49.211678253106925,0.0,1113700
2021-08-17,0.0,49.244937896728516,0.0,49.57744738166888,49.145182197278274,49.21168599691177,0.0,1729700
2021-08-18,0.0,49.776954650878906,0.0,49.81020337897964,49.17843315000671,49.37794137398932,0.0,1564350
2021-08-19,0.0,49.67718505859375,0.0,50.142702003630546,49.54418067016534,50.109450113754754,0.0,2870975
2021-08-20,0.0,49.31143569946289,0.0,49.71044896117104,49.24493507471596,49.64394833642411,0.0,1619925
2021-08-23,0.0,48.845916748046875,0.0,49.111928749947175,48.74616422925639,49.07867685332521,0.0,1485625
2021-08-24,0.0,48.81266784667969,0.0,48.84591657210649,48.712912157173115,48.74616405367531,0.0,1443275
2021-08-25,0.0,48.64641189575195,0.0,48.8126682084196,48.61315999900334,48.74616441492238,0.0,928525
2021-08-26,0.0,48.978919982910156,0.0,48.978919982910156,48.67966243375176,48.71291115849692,0.0,1142800
2021-08-27,0.0,48.546661376953125,0.0,48.87917084491412,48.4801575807156,48.84591894679536,0.0,1414175
2021-08-30,0.0,48.347145080566406,0.0,48.48014947974104,48.21414068139177,48.48014947974104,0.0,903825
2021-08-31,0.0,48.347145080566406,0.0,48.446897587178626,48.28064446651659,48.313893188003995,0.0,1253800
2021-09-01,0.0,48.380393981933594,0.0,48.380393981933594,48.21413770047561,48.24738959098217,0.0,1099250
2021-09-02,0.0,48.214141845703125,0.0,48.34714624808964,48.114389336682,48.214141845703125,0.0,949650
2021-09-03,0.0,48.247398376464844,0.0,48.380402791635355,48.14764268678042,48.31389899851241,0.0,756650
2021-09-07,0.0,48.380393981933594,0.0,48.48014648237846,48.24738959098217,48.24738959098217,0.0,775175
2021-09-08,0.0,48.446903228759766,0.0,48.67966333272625,48.34715071053149,48.446903228759766,0.0,1452975
2021-09-09,0.0,48.679664611816406,0.0,48.679664611816406,48.28065135734358,48.48015639904226,0.0,1475100
2021-09-10,0.0,49.0454216003418,0.0,49.0454216003418,48.380399568789485,48.4136514631359,0.0,1811575
2021-09-13,0.0,48.91241455078125,0.0,49.17842334902693,48.646405752535564,48.71290636655948,0.0,2307275
2021-09-14,0.0,49.14517593383789,0.0,49.27818034507807,48.71291080453849,48.71291080453849,0.0,1969150
2021-09-15,0.0,48.74616241455078,0.0,49.24493133208602,48.67966179485792,49.145175645933804,0.0,1910125
2021-09-16,0.0,48.845916748046875,0.0,49.1784293721157,48.712912332634424,48.845916748046875,0.0,1615550
2021-09-17,0.0,49.278175354003906,0.0,49.344679138425896,48.879162160696886,48.912414052907884,0.0,2401625
2021-09-20,0.0,50.142704010009766,0.0,50.707973476217525,49.84344333130273,50.042951507465716,0.0,6288225
2021-09-21,0.0,50.17595672607422,0.0,50.24245733850518,49.67718786300478,49.77694353826363,0.0,4310625
2021-09-22,0.0,49.71044921875,0.0,50.00970995935064,49.411188478149356,49.9099574361756,0.0,3269625
2021-09-23,0.0,49.0454216003418,0.0,49.4776867136196,48.87916529968493,49.41118292492677,0.0,2715800
2021-09-24,0.0,48.978919982910156,0.0,49.278180703143875,48.91241936234451,49.24493197839871,0.0,1682625
2021-09-27,0.0,49.14517593383789,0.0,49.21167972499563,48.945670902515275,49.078675313755454,0.0,1435975
2021-09-28,0.0,50.109458923339844,0.0,50.209214610504944,49.41118496856069,49.47768876000409,0.0,4784300
2021-09-29,0.0,50.04294967651367,0.0,50.10945028541832,49.74368900875587,49.94319717761933,0.0,3928175
2021-09-30,0.0,50.641475677490234,0.0,50.67472757262552,49.743696706364425,49.810197325559734,0.0,2681325
2021-10-01,0.0,50.07621765136719,0.0,50.87424424100372,49.81020561707923,50.40872714484452,0.0,3532800
2021-10-04,0.0,50.67472839355469,0.0,50.94073721679577,50.07621012679992,50.1759626427465,0.0,4332050
2021-10-05,0.0,50.17595672607422,0.0,50.57496991388481,49.87669604244754,50.508466130378906,0.0,3844875
2021-10-06,0.0,49.94320297241211,0.0,50.807730014930094,49.90995107856427,50.57497310014546,0.0,3834625
2021-10-07,0.0,49.544189453125,0.0,49.577441348895526,49.178428112875125,49.51094072842979,0.0,2273675
2021-10-08,0.0,49.57743835449219,0.0,49.677190864703554,49.37793333406945,49.41118205675649,0.0,2554825
2021-10-11,0.0,49.94320297241211,0.0,49.97645169518482,49.31142967360363,49.6771909927045,0.0,2033675
2021-10-12,0.0,50.04294967651367,0.0,50.175954065397725,49.77694089874558,49.84344150765022,0.0,2225550
2021-10-13,0.0,49.909950256347656,0.0,50.30896346272303,49.77694585422253,49.94320214964771,0.0,2361100
2021-10-14,0.0,49.07868194580078,0.0,49.51094713351256,49.04543004572855,49.47769523344033,0.0,2196475
2021-10-15,0.0,48.679664611816406,0.0,48.879169653515085,48.64641271450814,48.845917756206816,0.0,1966625
2021-10-18,0.0,48.51340866088867,0.0,48.97892254240052,48.51340866088867,48.879170020801624,0.0,1484650
2021-10-19,0.0,48.18089294433594,0.0,48.413653041272894,48.14764104890561,48.31389735498193,0.0,1697150
2021-10-20,0.0,47.98139190673828,0.0,48.114396328452415,47.91488811034344,48.081144430254994,0.0,1774025
2021-10-21,0.0,47.84838104248047,0.0,48.08113795637177,47.81512914876025,48.01463416893133,0.0,1249200
2021-10-22,0.0,47.91489028930664,0.0,48.11439851648839,47.715385233200585,47.88163838959707,0.0,1937625
2021-10-25,0.0,47.615623474121094,0.0,47.98138798222486,47.58237474971872,47.781879780434146,0.0,1683050
2021-10-26,0.0,47.582374572753906,0.0,47.648875192386626,47.316362580997186,47.41611826705918,0.0,2114600
2021-10-27,0.0,47.81513214111328,0.0,47.81513214111328,47.48261952525211,47.54912331685448,0.0,1555725
2021-10-28,0.0,47.31636047363281,0.0,47.64887307021289,47.31636047363281,47.64887307021289,0.0,1292650
2021-10-29,0.0,47.21660614013672,0.0,47.61561933798252,47.183354247547484,47.582370616468296,0.0,1497675
2021-11-01,0.0,47.15011215209961,0.0,47.3496171935217,47.0503564603131,47.11686025483744,0.0,1146450
2021-11-02,0.0,46.98385238647461,0.0,47.1501086895005,46.91734859683416,47.116856794680274,0.0,1212925
2021-11-03,0.0,46.684593200683594,0.0,47.08360643833854,46.65134130477685,47.0503545424318,0.0,1534725
2021-11-04,0.0,46.48508834838867,0.0,46.65134466883592,46.41858772285511,46.584844043302354,0.0,1205925
2021-11-05,0.0,46.31883239746094,0.0,46.41858491526561,46.05282356926489,46.18582798336291,0.0,2314125
2021-11-08,0.0,46.25232696533203,0.0,46.318830755561315,46.11932255594872,46.15257445106336,0.0,2196950
2021-11-09,0.0,46.38533401489258,0.0,46.55159032885357,46.18582897499974,46.219077700931585,0.0,2013550
2021-11-10,0.0,46.784339904785156,0.0,46.95059619258767,46.38532671670409,46.551583004506604,0.0,2038775
2021-11-11,0.0,46.75109100341797,0.0,46.75109100341797,46.584834716257944,46.584834716257944,0.0,898000
2021-11-12,0.0,46.41858673095703,0.0,46.7178474671522,46.352082935769,46.58484304785162,0.0,722125
2021-11-15,0.0,46.352073669433594,0.0,46.51832995309156,46.252321167668754,46.252321167668754,0.0,993125
2021-11-16,0.0,46.21907424926758,0.0,46.41858244533648,46.08606984224671,46.38533055081247,0.0,1269650
2021-11-17,0.0,46.31883239746094,0.0,46.38533301897227,46.18582798336291,46.21907670858089,0.0,1157550
2021-11-18,0.0,46.185829162597656,0.0,46.48508672365245,46.11932536831296,46.21907788866456,0.0,1398050
2021-11-19,0.0,46.25232696533203,0.0,46.28557886044668,46.01957004168005,46.15257445106336,0.0,1886025
2021-11-22,0.0,46.38533401489258,0.0,46.38533401489258,45.75356382713132,46.05282455804603,0.0,2387500
2021-11-23,0.0,46.31883239746094,0.0,46.68459374346166,46.21907670858089,46.41858491526561,0.0,2920725
2021-11-24,0.0,46.185829162597656,0.0,46.61809431222184,46.15257726545531,46.51833862079479,0.0,1508200
2021-11-26,0.0,47.18336868286133,0.0,47.31637312283474,46.71785472849239,46.88411107122815,0.0,3129100
2021-11-29,0.0,46.61809539794922,0.0,46.91735296597367,46.41858718152407,46.65134412479048,0.0,1935100
2021-11-30,0.0,47.482608795166016,0.0,47.5491125717399,46.684582502727,46.88409066137405,0.0,4600950
2021-12-01,0.0,48.08115005493164,0.0,48.08115005493164,46.55159744074968,46.88411011947112,0.0,5761375
2021-12-02,0.0,47.28311538696289,0.0,48.08114187483411,47.150110972317684,48.01463808197382,0.0,3323200
2021-12-03,0.0,47.748626708984375,0.0,48.21414372098092,47.017104052943644,47.08360467118589,0.0,4745225
2021-12-06,0.0,47.18336868286133,0.0,47.71538961383094,46.95061170567686,47.449380733884134,0.0,2501150
2021-12-07,0.0,46.21907424926758,0.0,46.58483874688137,46.11932173677072,46.55158685235735,0.0,2544425
2021-12-08,0.0,46.052818298339844,0.0,46.318827096090146,45.98631451336476,46.11931891223991,0.0,1718925
2021-12-09,0.0,46.38533401489258,0.0,46.38533401489258,46.086073283977875,46.15257707799245,0.0,1788975
2021-12-10,0.0,45.919822692871094,0.0,46.352084693685,45.919822692871094,46.0528271172159,0.0,2089250
2021-12-13,0.0,46.31883239746094,0.0,46.35208112267892,45.95306788038484,45.986319776678194,0.0,2077425
2021-12-14,0.0,46.651336669921875,0.0,46.98384925380322,46.41857976384995,46.717840455128155,0.0,4310375
2021-12-15,0.0,45.919822692871094,0.0,46.91735428991932,45.88657079401599,46.61809671345022,0.0,3229075
2021-12-16,0.0,46.31883239746094,0.0,46.48508553677694,45.68705905218879,45.720310948482144,0.0,4033975
2021-12-17,0.0,46.81759262084961,0.0,47.017100803940224,46.31882691973554,46.684588222480855,0.0,4394375
2021-12-20,0.0,47.28311538696289,0.0,47.71538052732865,47.24986349053274,47.41611980160809,0.0,4128675
2021-12-21,0.0,46.45183181762695,0.0,47.18335443098405,46.45183181762695,46.91734563138601,0.0,2347000
2021-12-22,0.0,45.9863166809082,0.0,46.51833430148521,45.9863166809082,46.51833430148521,0.0,1942375
2021-12-23,0.0,45.68706130981445,0.0,45.91982142429436,45.554056889144015,45.88656952635787,0.0,1897925
2021-12-27,0.0,45.05528259277344,0.0,45.5540482832943,45.05528259277344,45.5540482832943,0.0,1288750
2021-12-28,0.0,45.08853530883789,0.0,45.188287814550975,44.922279018599426,44.98877963204982,0.0,2461100
2021-12-29,0.0,45.05528259277344,0.0,45.18828698831733,44.922278197229545,45.088534484428145,0.0,1322900
2021-12-30,0.0,45.188297271728516,0.0,45.22154917095029,44.889036520883856,44.988789047473524,0.0,1409175
2021-12-31,0.0,45.28804016113281,0.0,45.32129205327866,45.08853515040765,45.254788268986964,0.0,1973250
2022-01-03,0.0,45.02204132080078,0.0,45.387802702052596,44.988789421302705,45.12179384821933,0.0,2181625
2022-01-04,0.0,45.02204132080078,0.0,45.22154954671356,44.789284366465594,44.88903689388415,0.0,1902600
2022-01-05,0.0,45.919822692871094,0.0,45.919822692871094,44.98878855138185,45.08854424794716,0.0,3221125
2022-01-06,0.0,45.95306396484375,0.0,46.18582404798894,45.65380326585358,45.95306396484375,0.0,4061300
2022-01-07,0.0,46.11932373046875,0.0,46.25232814323929,45.820063008966216,45.91981869685062,0.0,2528800
2022-01-10,0.0,46.11932373046875,0.0,47.050354619862496,46.11932373046875,46.451836347932755,0.0,4174750
2022-01-11,0.0,45.72031021118164,0.0,46.518336682900554,45.72031021118164,46.185827238555326,0.0,2578875
2022-01-12,0.0,45.62055206298828,0.0,45.82005707075085,45.38779199249873,45.554048279684146,0.0,2431550
2022-01-13,0.0,46.25232696533203,0.0,46.352079479600704,45.45430050903215,45.52080112818618,0.0,5175600
2022-01-14,0.0,46.21907424926758,0.0,46.71784315390224,46.18582552581876,46.61809064140539,0.0,6456300
2022-01-18,0.0,47.01710510253906,0.0,47.15010951306791,46.71784438608033,46.71784438608033,0.0,5527200
2022-01-19,0.0,47.54912567138672,0.0,47.58237756883446,46.71784726164596,46.8841035778092,0.0,7150775
2022-01-20,0.0,48.08115005493164,0.0,48.11440195701896,46.78435441320914,47.3163721623027,0.0,8797150
2022-01-21,0.0,48.978919982910156,0.0,48.978919982910156,47.91488468525722,48.180893509670454,0.0,7725750
2022-01-24,0.0,48.81266784667969,0.0,50.90748976018689,48.712912157173115,49.677194958208936,0.0,11401125
2022-01-25,0.0,49.41118621826172,0.0,50.209215880389635,48.779416038947325,49.477690011387125,0.0,8668100
2022-01-26,0.0,49.477684020996094,0.0,50.009701617285025,48.28064442934599,48.646405734025876,0.0,9940825
2022-01-27,0.0,49.743690490722656,0.0,49.97644738543536,48.54665095510395,48.94566413364352,0.0,8358150
2022-01-28,0.0,48.51340866088867,0.0,50.14271358833111,48.51340866088867,49.54419211658675,0.0,9177625
2022-01-31,0.0,47.615623474121094,0.0,48.74616255175949,47.58237474971872,48.61315814092411,0.0,5691000
2022-02-01,0.0,47.349613189697266,0.0,47.948134605504244,47.24986067742116,47.54912138532465,0.0,5214275
2022-02-02,0.0,46.88410186767578,0.0,47.31636383442747,46.78434617897121,47.017106281539846,0.0,5771500
2022-02-03,0.0,47.98139190673828,0.0,48.047892532057574,47.283117899970186,47.51587484520103,0.0,7405225
2022-02-04,0.0,47.71537780761719,0.0,48.24739543587372,47.283112691889954,48.01463534520509,0.0,8526400
2022-02-07,0.0,47.84838104248047,0.0,48.01463416893133,47.449367831063185,47.61562095751405,0.0,5252950
2022-02-08,0.0,47.482608795166016,0.0,48.081130100032574,47.38285630137979,47.914873829672466,0.0,5624225
2022-02-09,0.0,46.784339904785156,0.0,47.0503486968392,46.75109118408461,46.98384808436316,0.0,4979875
2022-02-10,0.0,47.68212890625,0.0,47.84838521828543,46.75109799835712,47.449371972045626,0.0,9422325
2022-02-11,0.0,48.579898834228516,0.0,48.712903224773115,47.34960742892233,47.61561621001152,0.0,10480800
2022-02-14,0.0,48.71290588378906,0.0,49.111922248278134,48.413648367034725,48.61315337820428,0.0,6296275
2022-02-15,0.0,47.91489028930664,0.0,48.247402944251,47.88163838959707,48.14764724512228,0.0,5057400
2022-02-16,0.0,47.84838104248047,0.0,48.38039865770351,47.715376638674705,48.11438985009199,0.0,4478900
2022-02-17,0.0,48.91241455078125,0.0,48.978915164805166,48.14763687751866,48.24739255516704,0.0,6675950
2022-02-18,0.0,49.178428649902344,0.0,49.47768937295439,48.712911617257454,48.87916792685029,0.0,7722575
2022-02-22,0.0,49.743690490722656,0.0,50.17595556024257,49.07866852649004,49.47768170502961,0.0,8414225
2022-02-23,0.0,50.60822677612305,0.0,50.70797929010415,49.27817951504894,49.344683305086505,0.0,7464100
2022-02-24,0.0,49.876712799072266,0.0,51.97153511716242,49.7769602613754,51.938283214238126,0.0,10622775
2022-02-25,0.0,48.7794075012207,0.0,49.90994641787432,48.746155610477985,49.67718635375015,0.0,8614675
2022-02-28,0.0,48.845916748046875,0.0,49.54419072173109,48.67966360708786,49.41118630631864,0.0,5972675
2022-03-01,0.0,49.61069107055664,0.0,49.943203671539464,48.812664633488076,49.07867344584427,0.0,6463625
2022-03-02,0.0,48.679664611816406,0.0,49.444439223453784,48.513408296350526,49.34468670260444,0.0,8130275
2022-03-03,0.0,48.91241455078125,0.0,49.14517145647747,48.34714506174042,48.413648846839344,0.0,10197475
2022-03-04,0.0,49.31143569946289,0.0,49.843453381740424,49.21168317680473,49.37793949528534,0.0,9376050
2022-03-07,0.0,50.77448272705078,0.0,50.80773145076311,49.37793485672609,49.41118358043841,0.0,14027650
2022-03-08,0.0,51.1402473449707,0.0,51.33975238437435,49.843451904545304,50.74123409508798,0.0,11994450
2022-03-09,0.0,49.84345245361328,0.0,50.3754701259842,49.54419172013578,50.04296066629011,0.0,9644750
2022-03-10,0.0,50.009708404541016,0.0,50.641478593108445,49.9099558844673,50.375469758861584,0.0,7744800
2022-03-11,0.0,50.641475677490234,0.0,50.74123136289608,49.643944192033835,49.67719291609386,0.0,7118875
2022-03-14,0.0,51.040496826171875,0.0,51.17350124801352,50.1427146004341,50.574979764188335,0.0,9608000
2022-03-15,0.0,49.909950256347656,0.0,50.87423296452358,49.81019457644751,50.674724775798346,0.0,7091275
2022-03-16,0.0,48.7794075012207,0.0,50.076202700513065,48.7794075012207,49.44442946070082,0.0,9815150
2022-03-17,0.0,48.18089294433594,0.0,49.07867509450289,48.18089294433594,49.01217130364225,0.0,7910625
2022-03-18,0.0,47.68212890625,0.0,48.44690350210744,47.61562511300566,48.413654776560676,0.0,9655150
2022-03-21,0.0,47.64887237548828,0.0,48.08113747630987,47.449367357309136,47.64887237548828,0.0,10570675
2022-03-22,0.0,47.08361053466797,0.0,47.549127604636936,46.98385800934447,47.549127604636936,0.0,7831000
2022-03-23,0.0,47.71537780761719,0.0,47.71537780761719,47.21660890282029,47.34961330988442,0.0,8058175
2022-03-24,0.0,46.98385238647461,0.0,47.61562253268273,46.98385238647461,47.48261812447706,0.0,6819100
2022-03-25,0.0,46.784339904785156,0.0,47.21660498464171,46.717839292309115,46.91734430081218,0.0,8403600
2022-03-28,0.0,46.45183181762695,0.0,47.05035003118503,46.41857992490844,46.78434123158699,0.0,7273700
2022-03-29,0.0,45.886573791503906,0.0,46.31883899163065,45.786821259497984,45.98632632350982,0.0,10608650
2022-03-30,0.0,46.11932373046875,0.0,46.38533255600982,45.88656680088915,45.95306742173675,0.0,8619500
2022-03-31,0.0,46.850852966308594,0.0,46.850852966308594,46.1193270577569,46.219079581762635,0.0,7037775
2022-04-01,0.0,46.71784210205078,0.0,47.116855314129616,46.65133831450008,46.65133831450008,0.0,9640825
2022-04-04,0.0,46.28558349609375,0.0,46.78434928846533,46.28558349609375,46.71784866265105,0.0,7477700
2022-04-05,0.0,46.917354583740234,0.0,47.01711028093027,46.18583183080044,46.48508940914365,0.0,8644725
2022-04-06,0.0,47.349613189697266,0.0,47.68212579205118,47.11685627069463,47.349613189697266,0.0,9326500
2022-04-07,0.0,47.116859436035156,0.0,47.682128995366874,46.91735122700468,47.48262078633639,0.0,9900200
2022-04-08,0.0,47.2498664855957,0.0,47.44937470574758,46.917353842367774,47.183362688519885,0.0,8591650
2022-04-11,0.0,48.08115005493164,0.0,48.11440195701896,47.51588040375075,47.5823842079254,0.0,9816750
2022-04-12,0.0,48.214141845703125,0.0,48.41365003482045,47.416115431383986,47.71537612952243,0.0,11857025
2022-04-13,0.0,47.68212890625,0.0,48.31389908669417,47.58237638745889,48.2806503611474,0.0,11240100
2022-04-14,0.0,48.28064727783203,0.0,48.31389600125546,47.515869559739684,47.64887396665898,0.0,7222425
2022-04-18,0.0,48.28064727783203,0.0,48.513404197171994,48.04788718741687,48.41365168475132,0.0,9116475
2022-04-19,0.0,47.482608795166016,0.0,48.313886975891975,47.38285630137979,48.28063825867963,0.0,7779250
2022-04-20,0.0,47.515865325927734,0.0,47.64886972099592,47.183352752719806,47.24985653579136,0.0,8179675
2022-04-21,0.0,48.214141845703125,0.0,48.31389435472424,46.95059843749362,47.083602839880136,0.0,9166100
2022-04-22,0.0,49.57743835449219,0.0,49.61069024825435,48.31389493120607,48.3803987187304,0.0,11961025
2022-04-25,0.0,49.244937896728516,0.0,50.40872585063335,49.244937896728516,49.84345623805146,0.0,15617675
2022-04-26,0.0,50.67472839355469,0.0,50.67472839355469,49.54418930924246,49.577441204916425,0.0,12176300
2022-04-27,0.0,50.57498550415039,0.0,50.84099437802412,49.843459515459685,50.5417336021472,0.0,10642800
2022-04-28,0.0,49.244937896728516,0.0,50.5084783790079,49.045429668903736,49.976460666242744,0.0,10699775
2022-04-29,0.0,51.106990814208984,0.0,51.206743324866316,49.47768606548032,49.74369487461662,0.0,10642625
2022-05-02,0.0,50.80772399902344,0.0,51.97151477729781,50.60821900170911,51.10698466606969,0.0,12640125
2022-05-03,0.0,50.57498550415039,0.0,50.94074691295779,50.24247282627027,50.74124184309045,0.0,11839300
2022-05-04,0.0,49.0454216003418,0.0,50.874234565417034,48.94566908837775,50.50847006975688,0.0,14195350
2022-05-05,0.0,50.77448272705078,0.0,51.273248464563075,49.51093926480105,49.54418798851337,0.0,13071825
2022-05-06,0.0,51.040496826171875,0.0,51.772019560763155,50.641480389571385,51.106997451554925,0.0,11508975
2022-05-09,0.0,52.66979217529297,0.0,52.902549078273374,51.67225760797341,51.87176578986731,0.0,16915650
2022-05-10,0.0,52.57004165649414,0.0,53.16855988264377,51.63900766723899,51.83851585667226,0.0,9873600
2022-05-11,0.0,53.434566497802734,0.0,53.53432217396839,51.93826623714243,52.703043899037674,0.0,12007025
2022-05-12,0.0,53.46782302856445,0.0,54.46535450816416,53.00230601262942,53.86683942569462,0.0,11141400
2022-05-13,0.0,52.23754119873047,0.0,53.0355677996871,52.004784232887076,52.86931146505218,0.0,12337125
2022-05-16,0.0,52.40378952026367,0.0,52.73629896761342,51.90502059262603,52.40378952026367,0.0,7420000
2022-05-17,0.0,51.37300109863281,0.0,52.10452693030258,51.3065004799766,51.5392574018862,0.0,11105875
2022-05-18,0.0,53.40131759643555,0.0,53.56757706602284,51.90501725197642,51.90501725197642,0.0,10673075
2022-05-19,0.0,53.73383331298828,0.0,54.06634592931668,53.10206314725471,53.900086450077154,0.0,10479850
2022-05-20,0.0,53.700584411621094,0.0,54.99738305339956,53.13531483498714,53.20181863039137,0.0,9430600
2022-05-23,0.0,52.736297607421875,0.0,53.63407658029328,52.6032931976974,53.23506652219511,0.0,9344200
2022-05-24,0.0,53.1020622253418,0.0,54.0330930953921,52.935805920064,53.30157042589021,0.0,9111225
2022-05-25,0.0,52.63655090332031,0.0,53.36807365201835,52.370542054507276,53.36807365201835,0.0,7946250
2022-05-26,0.0,51.572513580322266,0.0,52.50354451636658,51.37300536563217,52.43704389218688,0.0,9621275
2022-05-27,0.0,50.3089714050293,0.0,51.30650616398665,50.3089714050293,51.2732542654371,0.0,11307200
2022-05-31,0.0,50.57498550415039,0.0,50.973998814960986,50.175972193339796,50.508481700144,0.0,10274350
2022-06-01,0.0,51.00724792480469,0.0,51.33975741340718,50.209221346867835,50.342225776523975,0.0,11624150
2022-06-02,0.0,50.04294967651367,0.0,51.339741675364465,50.04294967651367,51.073732897596365,0.0,8271050
2022-06-03,0.0,50.87423324584961,0.0,51.00723764871022,50.44196814378383,50.67472505602114,0.0,10282275
2022-06-06,0.0,50.74123001098633,0.0,50.874234416908536,50.10945670454948,50.37546551639389,0.0,8657725
2022-06-07,0.0,50.242462158203125,0.0,51.23999680895934,50.17596153939284,51.20674491401658,0.0,9415675
2022-06-08,0.0,50.80772399902344,0.0,50.87422777884472,50.20920583600569,50.4752146131413,0.0,9443975
2022-06-09,0.0,52.0047721862793,0.0,52.0047721862793,50.70797688181311,51.04048947405831,0.0,9291750
2022-06-10,0.0,53.501075744628906,0.0,53.501075744628906,52.76954990009659,52.869302415372495,0.0,11309725
2022-06-13,0.0,55.5626335144043,0.0,55.76214485475066,54.59835407132837,54.86436284964065,0.0,15798275
2022-06-14,0.0,55.72890853881836,0.0,56.19442244542101,55.097135135463816,55.230142732865325,0.0,10150125
2022-06-15,0.0,54.89762878417969,0.0,55.961664169641374,54.19935159862598,55.16363763054511,0.0,13537775
2022-06-16,0.0,56.69319534301758,0.0,57.125463746492805,56.0946801062976,56.19442947467488,0.0,11375875
2022-06-17,0.0,56.59343338012695,0.0,57.19195482580185,56.06141572667165,56.693182726305636,0.0,9440975
2022-06-21,0.0,55.230140686035156,0.0,55.69565457538585,54.96413184324174,55.66240267726779,0.0,9125025
2022-06-22,0.0,55.32988357543945,0.0,55.928404987352195,54.66486471720889,55.861901198884034,0.0,9827025
2022-06-23,0.0,54.76462173461914,0.0,55.562648281652706,54.66487238008446,54.964133127990955,0.0,8894200
2022-06-24,0.0,53.00231170654297,0.0,54.29910720883961,53.00231170654297,54.26585531032738,0.0,7440325
2022-06-27,0.0,53.20182418823242,0.0,53.40132925313583,52.869311518625636,52.869311518625636,0.0,9131750
2022-06-28,0.0,54.33235549926758,0.0,54.36560739557162,52.60329494436158,53.002308186784035,0.0,8857025
2022-06-29,0.0,54.365604400634766,0.0,54.66486510873453,54.099595587007244,54.26584871721805,0.0,8497975
2022-06-30,0.0,54.864383697509766,0.0,55.496157164374544,54.33236593872425,54.997391308282126,0.0,9079875
2022-07-01,0.0,54.29910659790039,0.0,55.36314196971517,54.1993509034861,54.93087997822207,0.0,8520700
2022-07-05,0.0,54.16610336303711,0.0,55.46289563215742,54.16610336303711,55.03062731435008,0.0,12219850
2022-07-06,0.0,53.966590881347656,0.0,54.49860853691794,53.60083270698729,54.09959846631559,0.0,8810775
2022-07-07,0.0,53.1685676574707,0.0,53.70058534565612,53.068815133704824,53.70058534565612,0.0,7014225
2022-07-08,0.0,53.23506546020508,0.0,53.63407551034337,52.93580475152616,53.40131859073763,0.0,7418750
2022-07-11,0.0,53.80033874511719,0.0,53.93333999041352,53.46782611865011,53.600833706097276,0.0,8470350
2022-07-12,0.0,54.33235549926758,0.0,54.56511243124517,53.534329014422674,53.93333908576976,0.0,8042725
2022-07-13,0.0,54.56510543823242,0.0,55.196878702740364,54.16609541802209,55.09712302661282,0.0,9804925
2022-07-14,0.0,54.76462173461914,0.0,55.72890777612921,54.63162048118916,55.36314323043212,0.0,10483925
2022-07-15,0.0,53.700584411621094,0.0,54.365609681361384,53.66733251391898,54.06634894419335,0.0,9144275
2022-07-18,0.0,54.13284683227539,0.0,54.332351854565815,53.13530903652265,53.23506471874302,0.0,8463000
2022-07-19,0.0,52.703041076660156,0.0,53.667320526022294,52.57003668663695,53.53431930707388,0.0,10430375
2022-07-20,0.0,52.304039001464844,0.0,52.83605987774138,52.137785846896314,52.63655165275322,0.0,9857125
2022-07-21,0.0,51.80526351928711,0.0,52.76954622262139,51.80526351928711,52.43703680451564,0.0,8390325
2022-07-22,0.0,52.304039001464844,0.0,52.60329975340925,51.63901686996375,51.838525094951905,0.0,10242000
2022-07-25,0.0,52.27077865600586,0.0,52.570039341439525,52.104522367312164,52.2042748720984,0.0,8191125
2022-07-26,0.0,52.86930465698242,0.0,53.00230907334799,52.47029140788572,52.47029140788572,0.0,11886775
2022-07-27,0.0,51.472755432128906,0.0,52.43704139087874,51.27325039803092,52.370537598795856,0.0,10688575
2022-07-28,0.0,50.87423324584961,0.0,51.87176785284178,50.741228842988995,51.37299896380814,0.0,11025925
2022-07-29,0.0,50.142704010009766,0.0,50.77447725863015,50.009699616259404,50.64146969380491,0.0,8741475
2022-08-01,0.0,50.27571105957031,0.0,50.57497175408577,49.94320164316707,50.4752192462723,0.0,9435850
2022-08-02,0.0,50.60822677612305,0.0,50.741231185122935,50.00970535008594,50.47522236712316,0.0,12174150
2022-08-03,0.0,49.84345245361328,0.0,50.3754701259842,49.6771961382285,50.34222139976761,0.0,9144875
2022-08-04,0.0,49.876712799072266,0.0,50.07622104554199,49.74370835845111,49.843460896147974,0.0,8316000
2022-08-05,0.0,49.97645568847656,0.0,50.44197272631738,49.876703170037594,50.4087208298126,0.0,9538525
2022-08-08,0.0,50.04294967651367,0.0,50.175954065397725,49.44442834099807,49.74368900875587,0.0,10343800
2022-08-09,0.0,50.209224700927734,0.0,50.3754778707971,50.04296835998242,50.14272089611923,0.0,10396150
2022-08-10,0.0,49.178428649902344,0.0,49.57744189027996,49.1451767537687,49.31143306336155,0.0,10895650
2022-08-11,0.0,49.2116813659668,0.0,49.27818198826672,48.613159909890555,48.812668118941104,0.0,11084425
2022-08-12,0.0,48.347145080566406,0.0,49.07867086156438,48.347145080566406,48.94566646238975,0.0,8903150
2022-08-15,0.0,48.18089294433594,0.0,48.64640996713457,48.11439232455058,48.64640996713457,0.0,8931650
2022-08-16,0.0,48.08115005493164,0.0,48.41366273365308,47.848393082472185,48.31390702739109,0.0,9934325
2022-08-17,0.0,48.413658142089844,0.0,48.679666991408276,48.081145494903986,48.51341066781535,0.0,10983275
2022-08-18,0.0,48.313907623291016,0.0,48.57991650111873,48.21415508687461,48.44691206220487,0.0,9874150
2022-08-19,0.0,48.94567108154297,0.0,49.04542359756914,48.57990657098815,48.613158466688645,0.0,9156075
2022-08-22,0.0,49.97645568847656,0.0,50.10946010342031,49.51094182171112,49.5774424436453,0.0,11569350
2022-08-23,0.0,50.142704010009766,0.0,50.17595590121608,49.71043893755237,50.07620339867203,0.0,10961875
2022-08-24,0.0,49.97645568847656,0.0,50.24246451836406,49.776950651598625,50.1427119999251,0.0,7519675
2022-08-25,0.0,49.278175354003906,0.0,49.909948621712914,49.24492663286789,49.743692331732916,0.0,7214775
2022-08-26,0.0,50.90748596191406,0.0,50.94073468486013,49.21167741973343,49.24492931375465,0.0,12822775
2022-08-29,0.0,51.273250579833984,0.0,51.47275561463936,50.87423733914787,51.33975120107733,0.0,9108350
2022-08-30,0.0,51.87177276611328,0.0,52.13778159703075,51.106994998919,51.106994998919,0.0,12494450
2022-08-31,0.0,52.27077865600586,0.0,52.27077865600586,51.439500383612334,51.63900539318481,0.0,8920675
2022-09-01,0.0,52.104530334472656,0.0,52.935808733974675,52.03802654039628,52.570047379780945,0.0,13868050
2022-09-02,0.0,52.66979217529297,0.0,52.902549078273374,51.40624881283153,51.572505102563944,0.0,10893100
2022-09-06,0.0,52.8360481262207,0.0,53.201809424426656,52.40378304411824,52.536787440836314,0.0,11912000
2022-09-07,0.0,51.90502166748047,0.0,52.93580826908363,51.80526914831739,52.93580826908363,0.0,8977150
2022-09-08,0.0,51.60575485229492,0.0,52.40378120459024,51.50599917995187,52.237524921760006,0.0,10275400
2022-09-09,0.0,50.77448272705078,0.0,51.33974908306295,50.67472704268815,51.273248464563075,0.0,9148325
2022-09-12,0.0,50.242462158203125,0.0,50.57497476548028,50.14270964445007,50.508470975594754,0.0,10001500
2022-09-13,0.0,52.437042236328125,0.0,52.60329537706519,51.206747431561205,51.40625563995123,0.0,13367400
2022-09-14,0.0,52.23754119873047,0.0,52.70305830149309,52.038032962953395,52.30404182993894,0.0,12382600
2022-09-15,0.0,52.8360481262207,0.0,53.03555313576033,52.0712704667856,52.50353554888806,0.0,11055675
2022-09-16,0.0,53.26831817626953,0.0,53.733832022660366,53.16856249112128,53.50107509946495,0.0,12369675
2022-09-19,0.0,52.86930465698242,0.0,53.76708684575657,52.86930465698242,53.76708684575657,0.0,11300175
2022-09-20,0.0,53.46782302856445,0.0,53.86683942569462,53.2018142111945,53.33482179095472,0.0,12218975
2022-09-21,0.0,54.81475067138672,0.488,54.8482567858344,53.13948009751085,53.60855611382161,0.0,13005925
2022-09-22,0.0,55.2838249206543,0.0,55.4178493819076,54.81475208754383,54.982276273472415,0.0,11839175
2022-09-23,0.0,56.255470275878906,0.0,56.925573257558575,55.819897266682354,55.85340337436183,0.0,12518675
2022-09-26,0.0,56.79154968261719,0.0,57.02608602287917,55.88690403534727,56.45649502911322,0.0,12179050
2022-09-27,0.0,56.959068298339844,0.0,57.327629020567706,55.8533925222916,56.18844714335008,0.0,12563375
2022-09-28,0.0,55.81990051269531,0.0,57.09310711600781,55.55185802630904,56.825058238984575,0.0,11346650
2022-09-29,0.0,56.99258804321289,0.0,57.52867300898804,56.389490859056636,56.389490859056636,0.0,9882700
2022-09-30,0.0,57.89723587036133,0.0,57.93074198073879,56.55701701781155,57.227126444086444,0.0,7207375
2022-10-03,0.0,56.42300033569336,0.0,57.62919477599415,56.08794561442789,57.29414005472868,0.0,13178275
2022-10-04,0.0,54.647220611572266,0.0,55.551866538228914,54.647220611572266,55.484854308705174,0.0,13138150
2022-10-05,0.0,54.781227111816406,0.0,55.68587274190516,54.44617246467584,55.3508180947646,0.0,8349500
2022-10-06,0.0,55.38433074951172,0.0,55.484842682097536,54.58020333564208,55.04927606274022,0.0,8808675
2022-10-07,0.0,56.925575256347656,0.0,57.22712384541438,55.98742338029152,56.02092948914746,0.0,10959875
2022-10-10,0.0,57.39464569091797,0.0,57.763206482874836,56.72454271265778,56.79155492767477,0.0,9648425
2022-10-11,0.0,57.763214111328125,0.0,58.098268840025234,56.89207437297059,57.69620188746122,0.0,7517825
2022-10-12,0.0,57.96424865722656,0.0,57.99775477162535,57.42816360812169,57.69620613267413,0.0,5941450
2022-10-13,0.0,56.456512451171875,0.0,59.337968022975346,56.18846992377997,59.2374560693521,0.0,10361700
2022-10-14,0.0,57.72969436645508,0.0,57.83021267851791,55.78638506769163,56.02092140520234,0.0,6842200
2022-10-17,0.0,56.255470275878906,0.0,56.72454300211833,56.05443362980207,56.69103689443886,0.0,7152575
2022-10-18,0.0,55.585357666015625,0.0,56.15494868211787,54.91524833272961,54.948754438457534,0.0,6539325
2022-10-19,0.0,55.98741912841797,0.0,56.422992119829615,55.48484031501989,55.920413306431534,0.0,7630675
2022-10-20,0.0,56.456512451171875,0.0,56.59053051954886,55.38434234160427,56.08795157951878,0.0,7673475
2022-10-21,0.0,55.082786560058594,0.0,56.79155984719337,55.01577433923673,56.55701707431685,0.0,8168675
2022-10-24,0.0,54.44618225097656,0.0,55.31732193386863,54.27865809261297,54.88174889710409,0.0,9119600
2022-10-25,0.0,53.575042724609375,0.0,54.47968851994457,53.54153661471136,54.44618241004656,0.0,9659250
2022-10-26,0.0,53.977108001708984,0.0,54.07761993769156,53.206483474219006,54.07761993769156,0.0,11097925
2022-10-27,0.0,54.278656005859375,0.0,54.4126740492705,53.608546616893506,53.84308298584053,0.0,7538175
2022-10-28,0.0,53.03895568847656,0.0,54.34566197058586,52.938440558003165,54.34566197058586,0.0,7326100
2022-10-31,0.0,53.44102096557617,0.0,53.5415360989835,53.10596945577892,53.37401194174411,0.0,5668875
2022-11-01,0.0,53.642051696777344,0.0,53.80957584548803,52.83792427982012,52.87142719237127,0.0,7465625
2022-11-02,0.0,54.982261657714844,0.0,55.01576776412135,53.07245832699847,53.77606738962604,0.0,10074050
2022-11-03,0.0,55.618873596191406,0.0,55.92042221037166,55.11629470277011,55.58536748454501,0.0,9982925
2022-11-04,0.0,54.84824752807617,0.0,55.78639301171155,54.446180613206145,54.747729201699464,0.0,7518450
2022-11-07,0.0,54.278656005859375,0.0,54.94875900418849,54.21164378883544,54.613704309705554,0.0,6785575
2022-11-08,0.0,54.0106086730957,0.0,54.64720550568573,53.575035692232866,54.14462670445923,0.0,8156900
2022-11-09,0.0,55.18330001831055,0.0,55.25031224097539,54.17814224088714,54.345666406911946,0.0,8420975
2022-11-10,0.0,52.134307861328125,0.0,53.50802622197371,52.10080175611285,53.139465455241826,0.0,16018325
2022-11-11,0.0,51.66523742675781,0.0,52.30183751644127,51.531216187070854,52.00029212363441,0.0,12270625
2022-11-14,0.0,52.100807189941406,0.0,52.13431329865118,51.43070099233785,51.86626762429136,0.0,7176950
2022-11-15,0.0,51.63173294067383,0.0,52.20132402607395,51.12915407488243,51.29668142858573,0.0,8792475
2022-11-16,0.0,52.06729507446289,0.0,52.13430728415155,51.765746521499985,51.899767745559274,0.0,6145625
2022-11-17,0.0,52.23482131958008,0.0,52.770906204694356,52.134306202450645,52.770906204694356,0.0,7325025
2022-11-18,0.0,52.000282287597656,0.0,52.43584883770252,51.76574276602065,51.76574276602065,0.0,4391950
2022-11-21,0.0,52.20132064819336,0.0,52.469363118646555,52.06729941296676,52.16781454055713,0.0,5524050
2022-11-22,0.0,51.497711181640625,0.0,52.16781739443222,51.497711181640625,52.00029323772317,0.0,4749575
2022-11-23,0.0,51.22966766357422,0.0,51.63173138314232,51.162658641305406,51.5647223608735,0.0,4357175
2022-11-25,0.0,51.2631721496582,0.0,51.36368727753887,51.196159934192224,51.33018116980588,0.0,805100
2022-11-28,0.0,52.06729507446289,0.0,52.20131629852218,51.46419796853708,51.69873750712936,0.0,4539150
2022-11-29,0.0,52.20132064819336,0.0,52.43585701101033,51.89977207010394,52.06729941296676,0.0,6069175
2022-11-30,0.0,50.59307098388672,0.0,52.4358623573118,50.55956487283425,52.16781985952929,0.0,8183700
2022-12-01,0.0,50.59307098388672,0.0,50.92812250845554,50.258016263999274,50.392037512890525,0.0,9430175
2022-12-02,0.0,50.69358444213867,0.0,51.29668163982672,50.55956319768783,51.22966941994204,0.0,8776900
2022-12-05,0.0,51.63173294067383,0.0,51.79926029437713,50.928120611374766,51.06214185527371,0.0,6448975
2022-12-06,0.0,52.36885452270508,0.0,52.67040313840482,51.56472701105155,51.63173603936334,0.0,9772250
2022-12-07,0.0,52.469364166259766,0.0,52.63689151246747,52.13431266916272,52.50287027456498,0.0,8279200
2022-12-08,0.0,52.100807189941406,0.0,52.469364799793766,51.93327984171091,52.23482842946212,0.0,6821050
2022-12-09,0.0,52.50287628173828,0.0,52.50287628173828,51.89977904451387,52.268339887403776,0.0,7887550
2022-12-12,0.0,51.765750885009766,0.0,52.502869277129065,51.732244777341094,52.402354149441344,0.0,5683800
2022-12-13,0.0,51.36368942260742,0.0,51.73224703710724,49.520894959471455,50.25801338378953,0.0,10899375
2022-12-14,0.0,51.66523742675781,0.0,52.10080725457003,50.894612902069,51.363688838632555,0.0,8385675
2022-12-15,0.0,53.00545120239258,0.0,53.20648466481145,52.234829852976944,52.40235720577292,0.0,10856050
2022-12-16,0.0,53.642051696777344,0.0,53.94360027696588,53.17297577255981,53.37400922445827,0.0,10919750
2022-12-19,0.0,54.11112976074219,0.0,54.34566614831582,53.575044763248954,53.64205698559492,0.0,8112050
2022-12-20,0.0,54.0106086730957,0.0,54.41266915782244,53.77606593459623,54.245145020959,0.0,8834000
2022-12-21,0.0,53.2399787902832,0.0,53.74256073554154,53.0724514751971,53.64204242929922,0.0,7563825
2022-12-22,0.0,54.05006790161133,0.204,54.85678456746055,53.68032356449887,53.713934354703945,0.0,8707750
2022-12-23,0.0,53.74755096435547,0.0,54.45343208831065,53.713936966908605,54.21813410618261,0.0,4566025
2022-12-27,0.0,53.94922637939453,0.0,54.21813193699646,53.713934817894625,53.74754881399664,0.0,3896900
2022-12-28,0.0,54.62149429321289,0.0,54.68872228641904,53.68032482757676,54.01645517678609,0.0,5286500
2022-12-29,0.0,53.71393585205078,0.0,54.3189749711075,53.54587227951917,54.21813298085994,0.0,5436725
2022-12-30,0.0,53.88200378417969,0.0,54.41981488926028,53.84838978871039,54.11729534125069,0.0,5703225
2023-01-03,0.0,54.05006790161133,0.0,54.52065102055317,53.31057602177933,53.54587078685733,0.0,7243925
2023-01-04,0.0,53.680320739746094,0.0,54.21812861640477,53.37780120456998,53.78115951626916,0.0,6710700
2023-01-05,0.0,54.318973541259766,0.0,54.419815528852844,53.98283999383032,54.016453989694675,0.0,6464675
2023-01-06,0.0,53.075279235839844,0.0,54.31896810795637,52.907212478936145,53.848385035354134,0.0,8146275
2023-01-09,0.0,53.10890579223633,0.0,53.176130587537024,52.33579980982951,52.77277219891032,0.0,10249125
2023-01-10,0.0,52.73915100097656,0.0,53.344190104148765,52.73915100097656,53.24335132215576,0.0,6633525
2023-01-11,0.0,52.10050582885742,0.0,52.67193098794509,52.10050582885742,52.537478197901365,0.0,6977850
2023-01-12,0.0,51.96604537963867,0.0,52.57108444846357,51.73075383314316,51.99965937359714,0.0,7834550
2023-01-13,0.0,51.7979850769043,0.0,52.436638219355366,51.697146288056814,52.40302422120377,0.0,11066950
2023-01-17,0.0,51.89882278442383,0.0,51.9660507793263,51.56269242673318,51.76437000022612,0.0,7975325
2023-01-18,0.0,52.67192840576172,0.0,52.73915319468427,51.562692140878234,51.69714492433056,0.0,10214800
2023-01-19,0.0,53.10890579223633,0.0,53.31058338374592,52.77277219891032,53.00806699648153,0.0,8891450
2023-01-20,0.0,52.167720794677734,0.0,53.17611486529531,52.134106804162066,52.94082334289875,0.0,7352900
2023-01-23,0.0,51.56269836425781,0.0,52.201348361336656,51.26017876357556,52.066895561656494,0.0,9572075
2023-01-24,0.0,51.5963020324707,0.0,51.93243236155101,51.46184925971719,51.797979588797496,0.0,7588300
2023-01-25,0.0,51.5963020324707,0.0,52.470243452565065,51.529074043290464,52.20133790705803,0.0,7494575
2023-01-26,0.0,51.05849075317383,0.0,51.66352986912318,51.02487996220443,51.22655753044945,0.0,8937775
2023-01-27,0.0,50.9576530456543,0.0,51.2265586127337,50.62152268960866,51.19294461544697,0.0,5586900
2023-01-30,0.0,51.5963020324707,0.0,51.62991282145386,51.02487694686653,51.36100727594683,0.0,7332250
2023-01-31,0.0,50.8568115234375,0.0,51.59630339592672,50.8568115234375,51.52907540496995,0.0,4973425
2023-02-01,0.0,50.35261154174805,0.0,51.394622969233595,49.949253210155696,51.024878633342375,0.0,11342325
2023-02-02,0.0,49.64673614501953,0.0,50.11731925557633,49.41144138413411,49.78118892026533,0.0,14281325
2023-02-03,0.0,50.15092849731445,0.0,50.31899525184352,49.6131174473068,50.21815327576205,0.0,10121050
2023-02-06,0.0,50.45344924926758,0.0,50.68874078800335,50.285382490624826,50.487063242117486,0.0,7221025
2023-02-07,0.0,49.81480026245117,0.0,50.789583695197955,49.680347485713924,50.58790613289562,0.0,9371775
2023-02-08,0.0,50.35261154174805,0.0,50.487067524552565,49.91564242006163,50.08370598735315,0.0,7570100
2023-02-09,0.0,50.8568115234375,0.0,51.02487829522237,49.915642089292064,49.9492528791634,0.0,8829750
2023-02-10,0.0,50.78958511352539,0.0,51.12571866755874,50.722360326083006,51.058490674509216,0.0,7071725
2023-02-13,0.0,50.18455123901367,0.0,50.75597638067641,50.150937241125916,50.6887483849009,0.0,7266650
2023-02-14,0.0,50.21814727783203,0.0,50.72234748119883,49.915631002539556,50.35260002427525,0.0,9095300
2023-02-15,0.0,50.05009841918945,0.0,50.587909562600366,50.05009841918945,50.520681566870365,0.0,6636525
2023-02-16,0.0,50.78958511352539,0.0,50.78958511352539,50.21815999503298,50.68874632955824,0.0,8213375
2023-02-17,0.0,50.9576530456543,0.0,51.32740060459388,50.89042825668806,51.092105829194,0.0,7073075
2023-02-21,0.0,51.93243408203125,0.0,51.9996620734387,51.32739818739956,51.42823696890366,0.0,7428000
2023-02-22,0.0,51.99966049194336,0.0,52.234952043499234,51.69714095102468,51.93243250258055,0.0,8091800
2023-02-23,0.0,51.76436996459961,0.0,52.3694090958765,51.59630638867357,51.663531177922536,0.0,10206075
2023-02-24,0.0,52.33580017089844,0.0,52.73915856230794,52.268575375133956,52.50386696872095,0.0,8068950
2023-02-27,0.0,52.234947204589844,0.0,52.335785973685645,51.7307501535042,51.932427691695786,0.0,6185750
2023-02-28,0.0,52.40301513671875,0.0,52.43662912904309,51.999656845646946,52.26856237302815,0.0,5558775
2023-03-01,0.0,52.604698181152344,0.0,52.80637895058455,52.369406621487336,52.50385939923978,0.0,8868875
2023-03-02,0.0,52.26856231689453,0.0,52.974440126913805,52.100495561060086,52.907212142337336,0.0,7900250
2023-03-03,0.0,51.42823791503906,0.0,52.10050181344597,51.36100992239481,51.999663030086715,0.0,8395675
2023-03-06,0.0,51.36100387573242,0.0,51.461845852826805,50.9912595765399,51.293779096609576,0.0,9496900
2023-03-07,0.0,52.167720794677734,0.0,52.26855956061818,51.36100105033447,51.42822903136582,0.0,8091350
2023-03-08,0.0,52.10050582885742,0.0,52.43663940677042,51.99966703772647,52.16773382668297,0.0,8043175
2023-03-09,0.0,53.10890579223633,0.0,53.24335858844523,51.797988624993906,52.0332802169576,0.0,11368375
2023-03-10,0.0,53.88200378417969,0.0,54.11729534125069,52.907217149212315,53.176122701752604,0.0,13320325
2023-03-13,0.0,54.05006790161133,0.0,54.65510700380178,53.27696523157425,54.45342944014302,0.0,10469850
2023-03-14,0.0,53.10890579223633,0.0,53.78116977328084,52.873610994665114,53.31058338374592,0.0,11052200
2023-03-15,0.0,53.4786376953125,0.0,54.251740291623655,53.4450237027059,53.915613187984746,0.0,12228050
2023-03-16,0.0,52.57108688354492,0.0,53.91561785370011,52.503858892513996,53.78116187163825,0.0,11762325
2023-03-17,0.0,53.209739685058594,0.0,53.41142046359213,52.604700555065214,52.70554254713559,0.0,10693200
2023-03-20,0.0,52.705543518066406,0.0,53.20974066527763,52.63831552211436,53.14251587493287,0.0,9999200
2023-03-21,0.0,52.03327941894531,0.0,52.470251801324466,51.93244062473704,52.234960212969334,0.0,8769650
2023-03-22,0.0,52.887054443359375,0.488,52.920935459435725,51.565727127097006,52.040048427879796,0.0,7505950
2023-03-23,0.0,52.819297790527344,0.0,53.19197928931019,51.97229174059861,52.54825611303588,0.0,9725825
2023-03-24,0.0,52.51436996459961,0.0,53.36137593177057,52.480488950455644,53.022572252473644,0.0,10446775
2023-03-27,0.0,52.41273498535156,0.0,52.51437480608263,52.073931274819145,52.17557109555021,0.0,6821400
2023-03-28,0.0,52.51436996459961,0.0,52.78541161560861,52.41273015323907,52.51436996459961,0.0,4602950
2023-03-29,0.0,51.802894592285156,0.0,52.141698335476065,51.73513578229015,51.97229646388061,0.0,6890725
2023-03-30,0.0,51.5318489074707,0.0,51.76900957073196,51.43020908479755,51.43020908479755,0.0,6321225
2023-03-31,0.0,50.82036209106445,0.0,51.39632645324891,50.752600057361995,51.36244543639768,0.0,6264050
2023-04-03,0.0,50.58320617675781,0.0,50.92200668381336,50.54932515673069,50.85424787483102,0.0,7135500
2023-04-04,0.0,50.922000885009766,0.0,51.091402734782655,50.48155736802887,50.51543838419775,0.0,9161800
2023-04-05,0.0,51.091407775878906,0.0,51.294690661878235,50.922005909391444,51.02364896792704,0.0,7266525
2023-04-06,0.0,50.922000885009766,0.0,51.328563385821774,50.85424208374353,51.22692356838666,0.0,7299975
2023-04-10,0.0,50.854251861572266,0.0,51.294695463237964,50.82037083888902,51.19305239518823,0.0,5857575
2023-04-11,0.0,50.854251861572266,0.0,50.95589169854984,50.65096895654496,50.75260879352253,0.0,5326200
2023-04-12,0.0,51.091407775878906,0.0,51.12528879539077,50.54932438797651,50.58320540748838,0.0,7953850
2023-04-13,0.0,50.41379928588867,0.0,51.023644661341585,50.37991826923649,50.95588262803722,0.0,5351900
2023-04-14,0.0,50.549320220947266,0.0,50.854242909274056,50.24439753262048,50.51543920422838,0.0,8606025
2023-04-17,0.0,50.41379928588867,0.0,50.718721973615125,50.37991826923649,50.54932012142581,0.0,7726100
2023-04-18,0.0,50.346038818359375,0.0,50.54932169352303,50.176640191973306,50.176640191973306,0.0,8723850
2023-04-19,0.0,50.346038818359375,0.0,50.65096151556901,50.27828001401929,50.61708049786312,0.0,6142100
2023-04-20,0.0,50.718727111816406,0.0,50.88812898116745,50.4476854132835,50.752604900829084,0.0,6999975
2023-04-21,0.0,50.650962829589844,0.0,50.92200451612513,50.61708181100499,50.684843848174694,0.0,7156550
2023-04-24,0.0,50.61708450317383,0.0,50.88812943519694,50.54932569347201,50.71872756433447,0.0,3580475
2023-04-25,0.0,51.43021011352539,0.0,51.46408790104628,50.82036470314469,50.85424572173734,0.0,6280550
2023-04-26,0.0,51.63349533081055,0.0,51.73513839754914,51.226932757072525,51.3624536149852,0.0,5790075
2023-04-27,0.0,50.68484115600586,0.0,51.39632635313777,50.65096013922062,51.36244533635254,0.0,4573650
2023-04-28,0.0,50.24440383911133,0.0,50.82036827133893,50.24440383911133,50.78648725036742,0.0,5670625
2023-05-01,0.0,50.27827835083008,0.0,50.34603715292873,50.04111769687742,50.31215936741519,0.0,3604325
2023-05-02,0.0,50.922000885009766,0.0,51.260804584555544,50.41379856676263,50.44767958293152,0.0,6310025
2023-05-03,0.0,51.260807037353516,0.0,51.29468805514359,50.51544080133041,50.82036349929767,0.0,5941800
2023-05-04,0.0,51.6673698425293,0.0,51.80289068336519,51.3624471428806,51.4640869657396,0.0,5648725
2023-05-05,0.0,50.718727111816406,0.0,51.22692948879762,50.54932524246536,51.15917067970035,0.0,4902575
2023-05-08,0.0,50.718727111816406,0.0,50.88812898116745,50.65096507164722,50.65096507164722,0.0,2859825
2023-05-09,0.0,50.922000885009766,0.0,50.989762917347534,50.78648005140576,50.922000885009766,0.0,2635275
2023-05-10,0.0,50.718727111816406,0.0,51.22692948879762,50.48156320229618,50.54932524246536,0.0,5376525
2023-05-11,0.0,50.82036209106445,0.0,51.091403763731066,50.82036209106445,50.85424310791568,0.0,5371850
2023-05-12,0.0,50.922000885009766,0.0,51.22692356838666,50.650959217801756,50.68484023397064,0.0,4876225
2023-05-15,0.0,50.752601623535156,0.0,51.091405340359366,50.718723836710105,50.854244677225445,0.0,3086050
2023-05-16,0.0,51.091407775878906,0.0,51.12528879539077,50.78648506241585,50.88812812095144,0.0,3446775
2023-05-17,0.0,50.481563568115234,0.0,51.09140900976952,50.41380475852694,50.854248329602605,0.0,4848475
2023-05-18,0.0,50.04111862182617,0.0,50.617079759061184,49.97335658740344,50.549320955710094,0.0,7198350
2023-05-19,0.0,50.10887908935547,0.0,50.27828094996671,49.871718423142795,49.93947722874424,0.0,6045200
2023-05-22,0.0,50.10887908935547,0.0,50.3121619683033,49.905596210407644,50.14276010769207,0.0,4299325
2023-05-23,0.0,50.68484115600586,0.0,50.752599958504724,50.21051661422738,50.31215966458308,0.0,5182225
2023-05-24,0.0,51.05752182006836,0.0,51.22692367017786,50.854242184794195,50.922000986195066,0.0,5844900
2023-05-25,0.0,50.650962829589844,0.0,50.95588553470998,50.481560967737344,50.650962829589844,0.0,6167425
2023-05-26,0.0,50.04111862182617,0.0,50.617079759061184,49.93947557019207,50.617079759061184,0.0,5646075
2023-05-30,0.0,50.04111862182617,0.0,50.210517245739716,49.73619592906716,49.80395473241825,0.0,5903575
2023-05-31,0.0,50.346038818359375,0.0,50.51544067581714,50.176640191973306,50.24439899631339,0.0,6192200
2023-06-01,0.0,49.87171936035156,0.0,50.481561546511955,49.73619851553017,50.31216291378906,0.0,5803400
2023-06-02,0.0,49.19411849975586,0.0,49.634558852235436,49.05859441459658,49.56680004072782,0.0,7124200
2023-06-05,0.0,49.26186752319336,0.0,49.363507335795504,48.990825868873365,49.12634669603336,0.0,5124825
2023-06-06,0.0,49.160240173339844,0.0,49.431281896372376,49.12635915019273,49.32964205800322,0.0,4893100
2023-06-07,0.0,49.36351013183594,0.0,49.431272164789796,49.02470966028136,49.12634947864058,0.0,4013325
2023-06-08,0.0,49.092472076416016,0.0,49.49903461085612,49.02471326954524,49.39739478501404,0.0,3627925
2023-06-09,0.0,49.024715423583984,0.0,49.160236274351846,48.78755151143627,49.024715423583984,0.0,4108550
2023-06-12,0.0,48.584266662597656,0.0,49.02471018832705,48.584266662597656,48.92306713780146,0.0,2465025
2023-06-13,0.0,48.27934265136719,0.0,48.516503300624,48.211580619538665,48.44874449986699,0.0,5861125
2023-06-14,0.0,48.27934265136719,0.0,48.652024133209544,48.04218200211037,48.245461635452926,0.0,5716550
2023-06-15,0.0,47.7033805847168,0.0,48.41486579755856,47.533978728121774,48.38098478002522,0.0,5713925
2023-06-16,0.0,47.872779846191406,0.0,47.940538646513296,47.466217351045564,47.466217351045564,0.0,4328075
2023-06-20,0.0,48.14382553100586,0.0,48.38098619854941,48.00830468797072,48.076063493952404,0.0,3884100
2023-06-21,0.0,48.40109634399414,0.7,48.46970329698477,48.19528202774139,48.26388570937245,0.0,4925175
2023-06-22,0.0,48.229583740234375,0.0,48.57260867856263,48.229583740234375,48.53830520332197,0.0,4135200
2023-06-23,0.0,48.606910705566406,0.0,48.709817856862834,48.43539660583279,48.641214179785,0.0,3175125
2023-06-26,0.0,48.8470344543457,0.0,48.881337932758186,48.46970600588761,48.709823812055504,0.0,2736700
2023-06-27,0.0,48.332489013671875,0.0,48.8127245629143,48.22958186331412,48.744120886462234,0.0,3197300
2023-06-28,0.0,48.332489013671875,0.0,48.53830331438739,48.19527838940842,48.43539616402963,0.0,4293450
2023-06-29,0.0,48.12667465209961,0.0,48.435399395127064,48.12667465209961,48.36679571409849,0.0,3005850
2023-06-30,0.0,47.61213302612305,0.0,47.852250803808886,47.474922400108376,47.783647126481235,0.0,3739950
2023-07-03,0.0,47.57783508300781,0.0,47.715045724974104,47.5435316046763,47.680742246642595,0.0,1800325
2023-07-05,0.0,47.64643096923828,0.0,47.78364157932431,47.57782402851578,47.78364157932431,0.0,2467150
2023-07-06,0.0,48.02375793457031,0.0,48.33248261613854,47.9894544652052,48.09236487330054,0.0,3863475
2023-07-07,0.0,48.195281982421875,0.0,48.229585458884934,47.74934660248083,48.160978505958816,0.0,4228875
2023-07-10,0.0,48.058074951171875,0.0,48.332496240732446,48.058074951171875,48.22958907498719,0.0,4015950
2023-07-11,0.0,47.78364944458008,0.0,48.12667439057804,47.74934596857243,47.98946375790695,0.0,2649950
2023-07-12,0.0,47.44062423706055,0.0,47.54353140025285,47.269110117500205,47.337717073868234,0.0,4665100
2023-07-13,0.0,47.063289642333984,0.0,47.303407415531424,46.9946826949294,47.234803739486146,0.0,3073475
2023-07-14,0.0,47.131893157958984,0.0,47.200500105130054,46.89177538557882,47.02898600856167,0.0,3574225
2023-07-17,0.0,46.99468231201172,0.0,47.166196407766364,46.85747168967986,47.166196407766364,0.0,2778850
2023-07-18,0.0,46.65166091918945,0.0,47.06329281730848,46.54875049114005,47.02898934129201,0.0,3899275
2023-07-19,0.0,46.54874801635742,0.0,46.61735496474284,46.41153739094594,46.54874801635742,0.0,3537725
2023-07-20,0.0,46.85747528076172,0.0,46.96038243755743,46.548750539015046,46.651660967170294,0.0,3877775
2023-07-21,0.0,46.89177703857422,0.0,46.89177703857422,46.68595946116496,46.72026293595974,0.0,3056900
2023-07-24,0.0,46.72026062011719,0.0,46.85747124113559,46.617353472193194,46.7545640932116,0.0,3204375
2023-07-25,0.0,46.58304977416992,0.0,46.75456386745458,46.44583915381404,46.75456386745458,0.0,4847700
2023-07-26,0.0,46.58304977416992,0.0,46.8231675419529,46.411535680885265,46.68595692159702,0.0,3896900
2023-07-27,0.0,46.89177703857422,0.0,47.02898766639392,46.20572389947572,46.240024102911086,0.0,4565550
2023-07-28,0.0,46.48015213012695,0.0,46.68596646706218,46.377244961659336,46.58305929859457,0.0,4845550
2023-07-31,0.0,46.41154098510742,0.0,46.58305509799386,46.37724077961782,46.41154098510742,0.0,2851350
2023-08-01,0.0,46.51444625854492,0.0,46.65165687936945,46.48014278549898,46.583049933277564,0.0,4173625
2023-08-02,0.0,47.166194915771484,0.0,47.303405533763,46.85747020745079,46.89177367978846,0.0,6023700
2023-08-03,0.0,47.337711334228516,0.0,47.543525635658405,47.166197235464054,47.440618484943464,0.0,5646475
2023-08-04,0.0,47.61213302612305,0.0,47.6807367034507,46.96038009903382,47.16619767373552,0.0,5363550
2023-08-07,0.0,47.20050048828125,0.0,47.50922521033856,47.20050048828125,47.40631478874658,0.0,4821225
2023-08-08,0.0,47.406314849853516,0.0,47.7836465201252,47.372014647304624,47.50922527157815,0.0,4610225
2023-08-09,0.0,47.78364944458008,0.0,47.817949649228204,47.40631775121494,47.44062122722259,0.0,4760100
2023-08-10,0.0,47.74934387207031,0.0,47.886554498716976,47.131894416480634,47.54352629642062,0.0,7170575
2023-08-11,0.0,47.81795120239258,0.0,48.058072270885944,47.68074056526478,47.98946531664223,0.0,5309050
2023-08-14,0.0,47.57783508300781,0.0,47.95516353057517,47.57783508300781,47.95516353057517,0.0,4229950
2023-08-15,0.0,48.09237289428711,0.0,48.19528004818672,47.715041211056175,47.78364816122887,0.0,5000475
2023-08-16,0.0,48.504005432128906,0.0,48.504005432128906,47.989463113007275,48.195280694927824,0.0,5546600
2023-08-17,0.0,48.88132858276367,0.0,48.94993552646555,48.332486118585194,48.36678959043613,0.0,7271050
2023-08-18,0.0,48.9156379699707,0.0,49.29296639188386,48.778427337333234,49.224362711244886,0.0,7104275
2023-08-21,0.0,48.606910705566406,0.0,49.05284605633006,48.504003554269985,48.77842480530002,0.0,4438950
2023-08-22,0.0,48.74412155151367,0.0,48.81272522890174,48.40109335049519,48.40109335049519,0.0,5885425
2023-08-23,0.0,48.229583740234375,0.0,48.641215629043955,48.126673314512395,48.641215629043955,0.0,4851650
2023-08-24,0.0,48.88132858276367,0.0,48.91563205461461,47.989457942794076,48.023761414645016,0.0,9332325
2023-08-25,0.0,48.606910705566406,0.0,49.15575320762649,48.43539660583279,48.709817856862834,0.0,7110175
2023-08-28,0.0,48.26387405395508,0.0,48.50399506007502,48.229573857102615,48.36678445858882,0.0,5525500
2023-08-29,0.0,47.61213302612305,0.0,48.332489630539925,47.57782955177954,48.298186156196415,0.0,5897400
2023-08-30,0.0,47.406314849853516,0.0,47.646435895851674,47.337711173396414,47.54352547412704,0.0,5159550
2023-08-31,0.0,47.543521881103516,0.0,47.543521881103516,47.23480045333869,47.37201106724275,0.0,5715675
2023-09-01,0.0,47.44062423706055,0.0,47.61213835662088,47.20050643249191,47.23480991067593,0.0,3897350
2023-09-05,0.0,47.68073654174805,0.0,47.68073654174805,47.47492223910371,47.509225713330885,0.0,4570050
2023-09-06,0.0,47.98945999145508,0.0,48.263881235259305,47.74934222096619,47.78364569428154,0.0,5416325
2023-09-07,0.0,48.195281982421875,0.0,48.401096298481086,48.092374824392266,48.401096298481086,0.0,7808050
2023-09-08,0.0,48.12667465209961,0.0,48.26388528551631,47.955160542488855,48.229585080681794,0.0,4789300
2023-09-11,0.0,47.81795120239258,0.0,48.058072270885944,47.78365099663035,47.85225467951443,0.0,3289700
2023-09-12,0.0,48.12667465209961,0.0,48.16097812829367,47.85225338526622,47.989464018682916,0.0,3641175
2023-09-13,0.0,48.09237289428711,0.0,48.229583523273064,47.920858790214815,48.05806941920076,0.0,4736900
2023-09-14,0.0,47.68073654174805,0.0,47.955157792846734,47.57782939042588,47.78364696442957,0.0,4481675
2023-09-15,0.0,48.298187255859375,0.0,48.33249073098391,47.852251893318694,47.852251893318694,0.0,5206500
2023-09-18,0.0,48.229583740234375,0.0,48.36679436983757,48.092373110631186,48.298187419356246,0.0,4302700
2023-09-19,0.0,48.40109634399414,0.0,48.67551761323751,48.29818918586777,48.3667961388584,0.0,3973750
2023-09-20,0.0,48.80024337768555,0.66,48.869658785784104,48.1754881544652,48.244903562563756,0.0,4182275
2023-09-21,0.0,49.6679573059082,0.0,49.70266335479247,49.147326851844326,49.182036210795246,0.0,4939725
2023-09-22,0.0,49.80678939819336,0.0,49.84149544566069,49.35557768045285,49.56382720552292,0.0,7251350
2023-09-25,0.0,49.59854507446289,0.0,50.015047506143844,49.59854507446289,49.98033814265366,0.0,4488325
2023-09-26,0.0,50.327415466308594,0.0,50.43154022666166,49.910913114829874,49.98032851837643,0.0,5542750
2023-09-27,0.0,50.327415466308594,0.0,50.778627174593815,50.15387199234251,50.22329070595553,0.0,7257650
2023-09-28,0.0,50.08445739746094,0.0,50.50095975566452,49.84149520595897,50.46625039829759,0.0,6878200
2023-09-29,0.0,50.22329330444336,0.0,50.39683678738835,49.667956807072684,49.667956807072684,0.0,7388800
2023-10-02,0.0,50.25800323486328,0.0,50.60509022756196,50.084463048580815,50.32742195742976,0.0,7456700
2023-10-03,0.0,50.952171325683594,0.0,51.12571149188947,50.327416135129674,50.53566896866981,0.0,7083050
2023-10-04,0.0,50.57038116455078,0.0,51.091011656669565,50.46625639015379,50.91746815929664,0.0,7179925
2023-10-05,0.0,50.63979721069336,0.0,51.0215902366786,50.53567244180042,50.67450657034657,0.0,5941975
2023-10-06,0.0,50.08445739746094,0.0,51.125711637936625,49.8762045633259,50.95217147123501,0.0,6489525
2023-10-09,0.0,49.73738098144531,0.0,50.36213630614659,49.667965562071394,50.29271757670546,0.0,3882550
2023-10-10,0.0,49.52912521362305,0.0,49.7373747557451,49.18203822999723,49.66795934506001,0.0,6110350
2023-10-11,0.0,49.286155700683594,0.0,49.667951988132835,49.286155700683594,49.355574411153015,0.0,5208175
2023-10-12,0.0,49.6679573059082,0.0,49.91091619843135,49.216745569746166,49.25145161863043,0.0,6724125
2023-10-13,0.0,49.910911560058594,0.0,50.084455028618635,49.32086575299427,49.494409221554314,0.0,7320375
2023-10-16,0.0,49.39029312133789,0.0,49.667964724351854,49.251458974864484,49.667964724351854,0.0,5530525
2023-10-17,0.0,49.39029312133789,0.0,49.80679887082526,49.147334192526216,49.73738014255498,0.0,6666350
2023-10-18,0.0,50.08445739746094,0.0,50.188582159495205,49.49441156248925,49.598536324523515,0.0,7860800
2023-10-19,0.0,50.53567123413086,0.0,50.63979600053548,49.80679124916519,50.01504078197444,0.0,9031650
2023-10-20,0.0,51.19513702392578,0.0,51.19513702392578,50.53567569835212,50.63980047395493,0.0,7857900
2023-10-23,0.0,51.299259185791016,0.0,51.611636806750475,50.81334138435788,51.40338726615535,0.0,8025350
2023-10-24,0.0,50.952171325683594,0.0,51.26454892096056,50.77862784941123,51.02158673015264,0.0,6385675
2023-10-25,0.0,51.646339416503906,0.0,51.75046417319198,51.12570901293088,51.12570901293088,0.0,8232625
2023-10-26,0.0,52.30580139160156,0.0,52.44463550591642,51.71575557824683,51.81988364653276,0.0,9071500
2023-10-27,0.0,52.548770904541016,0.0,52.75702045003007,52.062849781621814,52.13226850349606,0.0,7526800
2023-10-30,0.0,51.99343490600586,0.0,52.40994064792902,51.81989470861615,52.23639714047222,0.0,6278200
2023-10-31,0.0,51.646339416503906,0.0,52.166966510010596,51.611630060919104,51.924007641049656,0.0,5771575
2023-11-01,0.0,51.09101486206055,0.0,51.61164207677598,50.98688677106377,51.542226659511904,0.0,7105100
2023-11-02,0.0,50.15388107299805,0.0,50.6745115891595,50.15388107299805,50.63980222606866,0.0,6823925
2023-11-03,0.0,49.73738098144531,0.0,49.94563385970147,49.52913141325636,49.87621513026035,0.0,5264625
2023-11-06,0.0,49.63325119018555,0.0,49.87621009858457,49.56383246774761,49.66796055140451,0.0,4948125
2023-11-07,0.0,49.494422912597656,0.0,49.7720912150752,49.42500418194464,49.66796642916294,0.0,4532450
2023-11-08,0.0,49.45970916748047,0.0,49.73737744536974,49.39029044297467,49.45970916748047,0.0,4678800
2023-11-09,0.0,49.8762092590332,0.0,49.94562798030263,49.35558208977975,49.35558208977975,0.0,6458075
2023-11-10,0.0,49.11262130737305,0.0,49.84150135161982,49.07791525579323,49.66796116351999,0.0,5198725
2023-11-13,0.0,49.18204116821289,0.0,49.390290722776115,49.043207028481746,49.2861659454945,0.0,4346825
2023-11-14,0.0,48.24489974975586,0.0,48.557277336678744,48.10606563446418,48.522567980339225,0.0,8246325
2023-11-15,0.0,48.17549133300781,0.0,48.27961610705896,47.96723847483861,48.10607261026245,0.0,5183000
2023-11-16,0.0,48.10607147216797,0.0,48.34903368596184,48.10607147216797,48.21019955382255,0.0,5385350
2023-11-17,0.0,48.07136535644531,0.0,48.24490553883381,48.03665599594089,48.14078076738735,0.0,3328125
2023-11-20,0.0,47.72427749633789,0.0,48.140779884552465,47.62015272680093,48.10607052468456,0.0,2989300
2023-11-21,0.0,47.828399658203125,0.0,48.00194313801405,47.828399658203125,47.89781837415412,0.0,3130275
2023-11-22,0.0,47.72427749633789,0.0,47.82840226587485,47.55073400706513,47.68956813646999,0.0,5985625
2023-11-24,0.0,47.689571380615234,0.0,47.75899010507333,47.65486201838618,47.72428074284428,0.0,1941275
2023-11-27,0.0,47.75898742675781,0.0,47.82840283725614,47.6895687061927,47.75898742675781,0.0,4156225
2023-11-28,0.0,47.75898742675781,0.0,47.93253091810381,47.62015329569437,47.82840283725614,0.0,3368150
2023-11-29,0.0,47.79369354248047,0.0,47.86310894826641,47.411897225424845,47.550731347063284,0.0,3989200
2023-11-30,0.0,47.620155334472656,0.0,47.96723902195768,47.58544597270408,47.72428010971147,0.0,5844000
2023-12-01,0.0,47.41189956665039,0.0,47.79369590255932,47.30777479779646,47.758986542919104,0.0,4750050
2023-12-04,0.0,47.620155334472656,0.0,47.89782360848744,47.620155334472656,47.72428010971147,0.0,4450500
2023-12-05,0.0,47.689571380615234,0.0,47.86311488169351,47.550737241766,47.82840551946446,0.0,4770375
2023-12-06,0.0,47.89781951904297,0.0,47.932528877848114,47.446607784776,47.446607784776,0.0,4675425
2023-12-07,0.0,47.516029357910156,0.0,47.75899159100586,47.446613941359296,47.68957286438793,0.0,3966125
2023-12-08,0.0,47.34248733520508,0.0,47.65486166273435,47.27306861126505,47.62015561083128,0.0,4935800
2023-12-11,0.0,47.168941497802734,0.0,47.446609759668135,47.134232137552864,47.411900399418265,0.0,5841975
2023-12-12,0.0,46.960689544677734,0.0,47.342485894596095,46.960689544677734,47.20365176100765,0.0,3135875
2023-12-13,0.0,46.335933685302734,0.0,46.99539493663693,46.30122432732026,46.925979530738545,0.0,4499700
2023-12-14,0.0,46.197105407714844,0.0,46.509479738875086,46.023561905914505,46.16239604534138,0.0,8045400
2023-12-15,0.0,46.26651382446289,0.0,46.40534794289074,46.16238906315862,46.30122318158647,0.0,5621825
2023-12-18,0.0,46.0235595703125,0.0,46.162393702693834,45.95414084908843,46.162393702693834,0.0,2799075
2023-12-19,0.0,45.815303802490234,0.0,46.0235566428491,45.780594444085985,46.0235566428491,0.0,4825175
2023-12-20,0.0,46.47263717651367,0.944,46.507978394915895,45.695150593609256,45.871849944972205,0.0,4743900
2023-12-21,0.0,46.01321029663086,0.0,46.43729476480837,46.01321029663086,46.18990963062867,0.0,8480075
2023-12-22,0.0,45.977867126464844,0.0,46.15456982327202,45.80116442965766,45.942525913038686,0.0,4462200
2023-12-26,0.0,45.801170349121094,0.0,45.94253185077205,45.69515006546389,45.907190632778295,0.0,2364875
2023-12-27,0.0,45.69514846801758,0.0,45.87184781116104,45.69514846801758,45.80116874796844,0.0,3256600
2023-12-28,0.0,45.73048400878906,0.0,45.765825223765475,45.62446373418358,45.73048400878906,0.0,4640825
2023-12-29,0.0,45.90719223022461,0.0,46.083894956018085,45.73048950443113,45.76583072365466,0.0,3616850
2024-01-02,0.0,46.18991470336914,0.0,46.36661742709683,46.04855319845181,46.18991470336914,0.0,4896125
2024-01-03,0.0,46.54331970214844,0.0,46.61399876876369,46.2959379135089,46.36661698012416,0.0,4835650
2024-01-04,0.0,46.72002410888672,0.0,46.75536195830657,46.331277432350355,46.649341669398574,0.0,4659850
2024-01-05,0.0,46.68467712402344,0.0,46.82603861521869,46.40195414163293,46.720018339403204,0.0,5960725
2024-01-08,0.0,46.01321029663086,0.0,46.64933531373525,46.01321029663086,46.64933531373525,0.0,3625475
2024-01-09,0.0,46.119232177734375,0.0,46.36661395020827,46.01321189957754,46.26059367205144,0.0,3747500
2024-01-10,0.0,45.836509704589844,0.0,46.11923269640356,45.76582727147446,46.08389147984586,0.0,3982825
2024-01-11,0.0,45.90719223022461,0.0,46.2959389010351,45.73048950443113,45.801171942878184,0.0,7518150
2024-01-12,0.0,45.90719223022461,0.0,46.04855373679456,45.69515165553177,45.801171942878184,0.0,5178750
2024-01-16,0.0,46.08388900756836,0.0,46.26059171055328,45.90718630458344,46.048547792906625,0.0,6036950
2024-01-17,0.0,46.331275939941406,0.0,46.578661099857,46.29593809165984,46.36661715854708,0.0,6362050
2024-01-18,0.0,45.94253158569336,0.0,46.366616088199336,45.90719036790352,46.18991336957417,0.0,8152700
2024-01-19,0.0,45.41242599487305,0.0,45.942530771024515,45.41242599487305,45.836510489859016,0.0,6075475
2024-01-22,0.0,45.306400299072266,0.0,45.412423945777746,45.16503880712211,45.27106245382759,0.0,6037600
2024-01-23,0.0,45.20038604736328,0.0,45.41242999871335,45.16504482708422,45.27106848792139,0.0,3055300
2024-01-24,0.0,45.1650390625,0.0,45.20038027826833,44.84697486123276,44.98833635398221,0.0,4559525
2024-01-25,0.0,44.9530029296875,0.0,45.200384723748215,44.91766171044335,44.98834077860748,0.0,5470325
2024-01-26,0.0,45.02367401123047,0.0,45.129697650155684,44.84697131667867,45.02367401123047,0.0,4212700
2024-01-29,0.0,44.67027282714844,0.0,45.059016066167494,44.67027282714844,44.98833363889659,0.0,5277225
2024-01-30,0.0,44.74095916748047,0.0,44.81164160625777,44.67028009902735,44.74095916748047,0.0,3076050
2024-01-31,0.0,45.44777297973633,0.0,45.48311420400542,44.91766809699853,44.91766809699853,0.0,7843175
2024-02-01,0.0,44.91765594482422,0.0,45.41242283976165,44.91765594482422,45.30639919563838,0.0,8570800
2024-02-02,0.0,44.45823669433594,0.0,44.91766244100974,44.28153396556536,44.88232122119078,0.0,7544400
2024-02-05,0.0,44.59959411621094,0.0,44.84697589162531,44.45823262021359,44.49357383679391,0.0,4649850
2024-02-06,0.0,44.49357604980469,0.0,44.70561661918517,44.458234831466584,44.5289172681428,0.0,5521875
2024-02-07,0.0,44.140167236328125,0.0,44.387552375479345,44.10482602068883,44.31686994420076,0.0,6699425
2024-02-08,0.0,44.140167236328125,0.0,44.246190883246,44.140167236328125,44.17550845196742,0.0,3764550
2024-02-09,0.0,43.89278793334961,0.0,44.175510933699364,43.89278793334961,44.10482849844992,0.0,3268275
2024-02-12,0.0,43.963462829589844,0.0,44.03414525813707,43.71608107032194,43.928124985639926,0.0,3586175
2024-02-13,0.0,44.56425476074219,0.0,44.882318982600324,44.38755541110905,44.52891691300999,0.0,7433175
2024-02-14,0.0,44.17551040649414,0.0,44.564253684754654,44.14016918929119,44.31687190498196,0.0,8790200
2024-02-15,0.0,43.92812728881836,0.0,44.21085027718321,43.892786072691784,44.14016784493006,0.0,4248125
2024-02-16,0.0,44.140167236328125,0.0,44.21084966760671,43.85744425186144,43.96346452845549,0.0,7033825
2024-02-20,0.0,44.42289352416992,0.0,44.599596245182525,44.2461941734814,44.35221445795933,0.0,5468075
2024-02-21,0.0,44.352210998535156,0.0,44.70561304267131,44.352210998535156,44.528913705765135,0.0,5009650
2024-02-22,0.0,43.46870803833008,0.0,43.892792583786424,43.39802559559183,43.786772290003434,0.0,5995575
2024-02-23,0.0,43.46870803833008,0.0,43.53938711074395,43.25666408043972,43.36268774454709,0.0,5923450
2024-02-26,0.0,43.645408630371094,0.0,43.645408630371094,43.398023463266675,43.43336468289933,0.0,3919575
2024-02-27,0.0,43.53937911987305,0.0,43.75142303884655,43.53937911987305,43.57472033475592,0.0,2948150
2024-02-28,0.0,43.610069274902344,0.0,43.75143078915144,43.57472805375898,43.68074834686472,0.0,3489100
2024-02-29,0.0,43.50404357910156,0.0,43.75142535573447,43.36268208240791,43.50404357910156,0.0,4208300
2024-03-01,0.0,43.0799560546875,0.0,43.50404391839995,43.0799560546875,43.46870270136992,0.0,4264850
2024-03-04,0.0,43.18598175048828,0.0,43.18598175048828,43.00927902729581,43.18598175048828,0.0,2361875
2024-03-05,0.0,43.610069274902344,0.0,43.82210986111382,43.32734624640414,43.32734624640414,0.0,4663550
2024-03-06,0.0,43.36268997192383,0.0,43.539389347197066,43.22132507918596,43.292007525554894,0.0,6971475
2024-03-07,0.0,42.97393035888672,0.0,43.221312106277075,42.9032513040567,43.15063305144706,0.0,3990800
2024-03-08,0.0,43.25666046142578,0.0,43.32734289825047,42.726555666536996,42.97393745477522,0.0,8403725
2024-03-11,0.0,43.32734298706055,0.0,43.57472477580584,43.292001768575766,43.398022053706015,0.0,5203825
2024-03-12,0.0,42.86791229248047,0.0,43.39801702705554,42.797229863697815,43.15063526696367,0.0,5607750
2024-03-13,0.0,42.938594818115234,0.0,43.079956316771394,42.83257453670411,42.86791575394914,0.0,3410450
2024-03-14,0.0,43.0799560546875,0.0,43.32734120357376,42.86791549315524,42.86791549315524,0.0,8635875
2024-03-15,0.0,43.36268997192383,0.0,43.50405149433715,43.22132507918596,43.32734874873936,0.0,6524525
2024-03-18,0.0,43.11529541015625,0.0,43.150636625660376,42.90325485777912,43.009275133967684,0.0,4165300
2024-03-19,0.0,42.86791229248047,0.0,43.291996754205265,42.86791229248047,43.22131432542261,0.0,4527875
2024-03-20,0.0,42.55323791503906,0.568,42.98234921130764,42.48172163915852,42.87506968211733,0.0,6382525
2024-03-21,0.0,42.41020202636719,0.0,42.445961869492464,42.231409631233504,42.26716606411244,0.0,3520600
2024-03-22,0.0,42.481719970703125,0.0,42.517479812362104,42.37444385597238,42.445960129044146,0.0,3157375
2024-03-25,0.0,42.624755859375,0.0,42.66051570097717,42.517479744814686,42.58899601777283,0.0,1433850
2024-03-26,0.0,42.732032775878906,0.0,42.76779261815218,42.48172070045855,42.51748054273182,0.0,2136900
2024-03-27,0.0,42.37443542480469,0.0,42.69626370496331,42.37443542480469,42.5174713527348,0.0,3166100
2024-03-28,0.0,42.41020202636719,0.0,42.445961869492464,42.30292590723771,42.41020202636719,0.0,2431300
2024-04-01,0.0,42.481719970703125,0.0,42.62475592709285,42.3386840143134,42.37444385597238,0.0,2716750
2024-04-02,0.0,42.803550720214844,0.0,42.982346514065846,42.76779087939542,42.83930715078815,0.0,3179525
2024-04-03,0.0,42.732032775878906,0.0,42.91082857699899,42.62475665930536,42.91082857699899,0.0,2722850
2024-04-04,0.0,43.30418014526367,0.0,43.33993999045526,42.41020447695334,42.445964322144924,0.0,6580975
2024-04-05,0.0,42.83930587768555,0.0,43.26841713427403,42.69626992890473,43.232657294517324,0.0,7488725
2024-04-08,0.0,42.875064849853516,0.0,42.94658452791971,42.73202890396706,42.803548582033265,0.0,3174500
2024-04-09,0.0,42.83930587768555,0.0,43.232657294517324,42.69626992890473,42.69626992890473,0.0,5176900
2024-04-10,0.0,43.2326545715332,0.0,43.44720677606798,43.08961863176142,43.304170836296194,0.0,9477250
2024-04-11,0.0,42.946590423583984,0.0,43.447214597788765,42.83931089175746,43.1611426667442,0.0,5634600
2024-04-12,0.0,43.590248107910156,0.0,43.733284065375344,43.16114023551458,43.26841976129815,0.0,7882200
2024-04-15,0.0,44.09087371826172,0.0,44.19814982906455,43.196898170997294,43.196898170997294,0.0,9513075
2024-04-16,0.0,44.23391342163086,0.0,44.341189541533566,43.94784149505939,44.090877458345126,0.0,7549275
2024-04-17,0.0,44.48422622680664,0.0,44.62726219241387,43.98360205230453,43.98360205230453,0.0,9121650
2024-04-18,0.0,44.59150695800781,0.0,44.69878308253688,44.19815548432372,44.376951298703176,0.0,6790900
2024-04-19,0.0,45.020606994628906,0.0,45.127883100401014,44.5557393226219,44.62725558972134,0.0,6660400
2024-04-22,0.0,44.663021087646484,0.0,45.02061269919183,44.37694916250875,44.770300617257895,0.0,5276400
2024-04-23,0.0,44.12664031982422,0.0,44.48422854737306,44.05512062816649,44.41271226596193,0.0,4004675
2024-04-24,0.0,44.09087371826172,0.0,44.34118578021702,43.947837767109256,44.019357447808524,0.0,4604600
2024-04-25,0.0,44.3054313659668,0.0,44.84181535463196,44.26967152399013,44.73453923894818,0.0,4634300
2024-04-26,0.0,43.912078857421875,0.0,44.16239433492837,43.76904290323794,44.09087465271333,0.0,4146250
2024-04-29,0.0,43.80480194091797,0.0,44.01935757338176,43.697525829809116,43.76904210046632,0.0,4194250
2024-04-30,0.0,44.44847106933594,0.0,44.484227504079605,43.840567345488886,43.912083625222735,0.0,4226625
2024-05-01,0.0,44.663021087646484,0.0,44.69878093085029,43.94784127480215,44.555744968281424,0.0,7814075
2024-05-02,0.0,44.26966857910156,0.0,44.770296102733745,44.19814889990582,44.3411848480513,0.0,5831825
2024-05-03,0.0,43.73328399658203,0.0,43.98359947943704,43.59024803934184,43.769043838453634,0.0,7865775
2024-05-06,0.0,43.26841735839844,0.0,43.554489257441894,43.26841735839844,43.518729417499955,0.0,5322450
2024-05-07,0.0,43.2326545715332,0.0,43.304170836296194,43.12537846926582,43.2326545715332,0.0,4095525
2024-05-08,0.0,43.2326545715332,0.0,43.41145034880939,43.19689473402881,43.41145034880939,0.0,3542325
2024-05-09,0.0,43.018096923828125,0.0,43.339928625667156,43.018096923828125,43.26841236428384,0.0,3941150
2024-05-10,0.0,42.98234939575195,0.0,43.08962551515627,42.8393100228844,42.91082970931818,0.0,5421875
2024-05-13,0.0,42.98234939575195,0.0,43.08962551515627,42.8393100228844,42.875069866101285,0.0,2818850
2024-05-14,0.0,42.803550720214844,0.0,43.05386278545858,42.76779087939542,42.982346514065846,0.0,3432075
2024-05-15,0.0,42.30292892456055,0.0,42.660520560826384,42.26716907888465,42.62476071515049,0.0,3764750
2024-05-16,0.0,42.41020202636719,0.0,42.445961869492464,42.15988994498296,42.30292590723771,0.0,3457050
2024-05-17,0.0,42.37443542480469,0.0,42.55322777703319,42.33867559026078,42.41019184910307,0.0,2150300
2024-05-20,0.0,42.33868408203125,0.0,42.4102003552174,42.195648125412745,42.37444392374743,0.0,2832025
2024-05-21,0.0,42.231407165527344,0.0,42.41019955022213,42.19564732448993,42.37444311943086,0.0,1509525
2024-05-22,0.0,42.37443542480469,0.0,42.55322777703319,42.23139949687457,42.26715592117296,0.0,3645850
2024-05-23,0.0,42.69627380371094,0.0,42.83930976547268,42.12412995666399,42.15988979966601,0.0,7291500
2024-05-24,0.0,42.445960998535156,0.0,42.660516642637944,42.37444472399841,42.55323711546341,0.0,4205275
2024-05-28,0.0,42.445960998535156,0.0,42.660516642637944,42.37444472399841,42.37444472399841,0.0,4216625
2024-05-29,0.0,42.732032775878906,0.0,42.80355246042544,42.62475665930536,42.76779261815218,0.0,4429750
2024-05-30,0.0,43.018096923828125,0.0,43.161132856840396,42.80354472943253,42.91082082663033,0.0,4609150
2024-05-31,0.0,42.69627380371094,0.0,43.411457022765944,42.66051737095525,42.98234913748074,0.0,5587300
2024-06-03,0.0,42.6605110168457,0.0,43.08961883821705,42.517475076388585,42.517475076388585,0.0,7683275
2024-06-04,0.0,42.588993072509766,0.0,42.91082480418047,42.55323323338059,42.80354869703889,0.0,6478625
2024-06-05,0.0,42.159889221191406,0.0,42.624756943100195,42.12412937868005,42.41020129827834,0.0,5202400
2024-06-06,0.0,42.12412643432617,0.0,42.302922224139365,42.05261016454852,42.12412643432617,0.0,4086925
2024-06-07,0.0,42.231407165527344,0.0,42.33868327839345,41.98109168851159,42.231407165527344,0.0,5924150
2024-06-10,0.0,42.12412643432617,0.0,42.338682064151214,42.05261016454852,42.302922224139365,0.0,3535900
2024-06-11,0.0,41.9810905456543,0.0,42.41019839568317,41.9810905456543,42.19564617579176,0.0,3988550
2024-06-12,0.0,41.65925979614258,0.0,41.766539318885215,41.44470757114955,41.65925979614258,0.0,5110550
2024-06-13,0.0,41.58774185180664,0.0,41.83805390764576,41.516222172854896,41.516222172854896,0.0,3595575
2024-06-14,0.0,41.623504638671875,0.0,41.83805687022771,41.58774479666382,41.766540596457844,0.0,4519050
2024-06-17,0.0,41.26591873168945,0.0,41.73078651118361,41.194402448053964,41.659266817301415,0.0,3329925
2024-06-18,0.0,41.19439697265625,0.0,41.337432931162155,41.19439697265625,41.30167308897412,0.0,2977100
2024-06-20,0.0,41.33743667602539,0.0,41.48047264748929,41.08712116827865,41.12288101370626,0.0,6015450
2024-06-21,0.0,41.444705963134766,0.0,41.5162222319423,41.33742985480046,41.408946123608,0.0,5545300
2024-06-24,0.0,41.55198669433594,0.0,41.58774653784116,41.23015492328164,41.4089507305614,0.0,4693525
2024-06-25,0.0,41.37318420410156,0.0,41.58773982022967,41.37318420410156,41.44470387955954,0.0,3259450
2024-06-26,0.0,41.329532623291016,0.792,41.54782394150438,41.293153628274446,41.51144147686502,0.0,3265525
2024-06-27,0.0,41.329532623291016,0.0,41.438680017209094,41.25677116363509,41.365915087930375,0.0,3031125
2024-06-28,0.0,41.511444091796875,0.0,41.62058802296747,41.03848243056028,41.25677376252448,0.0,5206325
2024-07-01,0.0,41.43867111206055,0.0,41.65695891374119,41.40228865523976,41.43867111206055,0.0,5213100
2024-07-02,0.0,41.18400192260742,0.0,41.58420205249595,41.18400192260742,41.54781959166564,0.0,4081875
2024-07-03,0.0,41.038475036621094,0.0,41.220383868879416,40.9657135854912,41.220383868879416,0.0,2452525
2024-07-05,0.0,40.7838020324707,0.0,41.074854756818404,40.7838020324707,41.0384722988694,0.0,3353175
2024-07-08,0.0,40.7838020324707,0.0,40.856563478746544,40.67465812824585,40.7474195745217,0.0,2982175
2024-07-09,0.0,40.74742126464844,0.0,40.78380372410652,40.638277355896506,40.71103880519036,0.0,2391075
2024-07-10,0.0,40.347225189208984,0.0,40.67466038971071,40.31084272923716,40.67466038971071,0.0,2162250
2024-07-11,0.0,40.71104049682617,0.0,40.74742295779602,40.274461374055285,40.38360875696484,0.0,8172200
2024-07-12,0.0,40.49274826049805,0.0,40.67465707591457,40.20169554368044,40.63827461890685,0.0,4535400
2024-07-15,0.0,40.41999435424805,0.0,40.52914175499582,40.12894155816667,40.310850423123284,0.0,7318100
2024-07-16,0.0,40.165313720703125,0.0,40.34722253899117,40.12893126312109,40.274457623827104,0.0,5621875
2024-07-17,0.0,40.74742126464844,0.0,40.74742126464844,40.45636852822842,40.56551243698035,0.0,7319125
2024-07-18,0.0,41.038475036621094,0.0,41.220383868879416,40.52913446984466,40.601895920974556,0.0,11953200
2024-07-19,0.0,41.36591339111328,0.0,41.43867831740721,41.002099168511606,41.11124308832984,0.0,6969075
2024-07-22,0.0,40.96571731567383,0.0,41.22038762225136,40.892952388295846,41.038478773429105,0.0,6976400
2024-07-23,0.0,41.00209426879883,0.0,41.074855716775176,40.78380298562531,40.96571180999953,0.0,6206900
2024-07-24,0.0,41.984405517578125,0.0,42.020787984305294,41.365917461708314,41.365917461708314,0.0,7898275
2024-07-25,0.0,42.16630554199219,0.0,42.275449449670134,41.475052697579905,41.9843967161141,0.0,15038950
2024-07-26,0.0,41.76611328125,0.0,41.98440460725692,41.511442958927695,41.87526067906492,0.0,11284275
2024-07-29,0.0,41.76611328125,0.0,41.911643145003225,41.547825424866005,41.62058688711969,0.0,7948250
2024-07-30,0.0,41.94801712036133,0.0,42.23906987378446,41.54782045181015,41.656964366938205,0.0,8767950
2024-07-31,0.0,41.329532623291016,0.0,41.54782394150438,41.07486231006108,41.402297552569735,0.0,13225900
2024-08-01,0.0,41.91164016723633,0.0,42.16631047146465,41.00209940113786,41.14762578492871,0.0,11477625
2024-08-02,0.0,42.67564392089844,0.0,43.03946155415492,42.38459120214209,42.49373857389229,0.0,15295100
2024-08-05,0.0,43.94900894165039,0.0,44.531114468884546,43.43966487050919,44.421970549933796,0.0,17944475
2024-08-06,0.0,43.58518981933594,0.0,43.949007496707104,42.89394039587774,43.80348111968314,0.0,13216625
2024-08-07,0.0,43.876243591308594,0.0,43.912622581314935,42.78479408980516,43.03946436796111,0.0,12472025
2024-08-08,0.0,42.893943786621094,0.0,43.621575729259824,42.784799862630976,43.403287881279596,0.0,11219750
2024-08-09,0.0,42.67564392089844,0.0,43.07584401140499,42.56650001877033,42.96670010927688,0.0,6668250
2024-08-12,0.0,42.67564392089844,0.0,42.893935194776745,42.49373857389229,42.6028824760204,0.0,9398425
2024-08-13,0.0,42.02077865600586,0.0,42.45735775094555,41.98439619735533,42.42097529229502,0.0,5120200
2024-08-14,0.0,41.838871002197266,0.0,42.16630619996273,41.76610608286169,41.94801491157831,0.0,5827425
2024-08-15,0.0,41.18400192260742,0.0,41.51143713083533,41.147622931399546,41.438675678797146,0.0,6678475
2024-08-16,0.0,41.111244201660156,0.0,41.32953204720806,41.03847927339569,41.32953204720806,0.0,4200025
2024-08-19,0.0,40.71104049682617,0.0,41.1476230892195,40.71104049682617,41.0748581672798,0.0,2956750
2024-08-20,0.0,40.8201904296875,0.0,40.892951886550016,40.638281583097225,40.74742550320232,0.0,4091775
2024-08-21,0.0,40.638282775878906,0.0,40.856570622496115,40.56551784725799,40.71104423487705,0.0,8454825
2024-08-22,0.0,41.00209426879883,0.0,41.11123817557447,40.49275025447544,40.529132713274734,0.0,8900750
2024-08-23,0.0,40.56551742553711,0.0,40.9657175895461,40.529138431227615,40.78380873950771,0.0,7374500
2024-08-26,0.0,40.74742126464844,0.0,40.820186183564594,40.45636852822842,40.529133447144574,0.0,5413300
2024-08-27,0.0,40.638282775878906,0.0,40.89295308680657,40.60190031156845,40.78380916349796,0.0,5025550
2024-08-28,0.0,40.9293327331543,0.0,41.14762403436503,40.638279977955,40.674662439760546,0.0,6548625
2024-08-29,0.0,40.8929557800293,0.0,41.00210318014915,40.52914152183211,40.74742938282582,0.0,7858550
2024-08-30,0.0,40.56551742553711,0.0,41.03847904778782,40.529138431227615,40.78380873950771,0.0,5908275
2024-09-03,0.0,41.43867111206055,0.0,41.620576456920396,40.78380076777452,40.82018322459531,0.0,8346950
2024-09-04,0.0,41.475059509277344,0.0,41.620585899956026,41.22038919299535,41.58420690450349,0.0,8475600
2024-09-05,0.0,41.656959533691406,0.0,41.80248589351828,41.29314536893527,41.547815631226776,0.0,10894350
2024-09-06,0.0,42.38459777832031,0.0,42.4209802412153,41.51143948657647,41.656965868533774,0.0,13854450
2024-09-09,0.0,41.91164016723633,0.0,42.202692934818025,41.76611031382281,42.05716655102718,0.0,10183025
2024-09-10,0.0,41.729732513427734,0.0,42.12992921289123,41.69335004903393,41.729732513427734,0.0,9719100
2024-09-11,0.0,41.29315185546875,0.0,42.42098045388642,41.22038692931399,41.76610999698413,0.0,15471800
2024-09-12,0.0,41.00209426879883,0.0,41.43867336552363,40.92932935120024,41.2567645411494,0.0,10463775
2024-09-13,0.0,40.8201904296875,0.0,40.965716813035186,40.71104303995973,40.965716813035186,0.0,5503050
2024-09-16,0.0,40.74742126464844,0.0,40.96571255177461,40.71103880519036,40.78380372410652,0.0,9775450
2024-09-17,0.0,40.74742126464844,0.0,40.89294763285845,40.45636852822842,40.60189489643843,0.0,8897725
2024-09-18,0.0,40.8929557800293,0.0,40.92933824673592,40.347232657922014,40.674667919035585,0.0,15978250
2024-09-19,0.0,40.165313720703125,0.0,40.383604996573204,40.01978735999711,40.165313720703125,0.0,10944850
2024-09-20,0.0,40.31084442138672,0.0,40.49275325925958,40.201700506512005,40.274461959887645,0.0,7156225
2024-09-23,0.0,40.20170211791992,0.0,40.31084603716946,40.12893719200514,40.20170211791992,0.0,5736700
2024-09-24,0.0,40.092559814453125,0.0,40.347230126173145,40.092559814453125,40.128938809254,0.0,6738675
2024-09-25,0.0,40.20680236816406,0.564,40.280510385013166,40.059389849057546,40.096243857482094,0.0,5206725
2024-09-26,0.0,40.05938720703125,0.0,40.20679971641551,39.838270200250584,39.87512069165306,0.0,7732725
2024-09-27,0.0,40.13309097290039,0.0,40.20679546249879,39.91197047492303,39.98567847911251,0.0,6268975
2024-09-30,0.0,39.985679626464844,0.0,40.39106311736585,39.91197162016038,40.206796616195874,0.0,7877250
2024-10-01,0.0,40.354209899902344,0.0,40.53847640465996,39.98568040497837,39.98568040497837,0.0,18683975
2024-10-02,0.0,40.354209899902344,0.0,40.57533040852973,40.243651402884275,40.39106390377212,0.0,8710100
2024-10-03,0.0,40.39106750488281,0.0,40.575334026068916,40.24365499085224,40.427921512038345,0.0,8224525
2024-10-04,0.0,40.09624099731445,0.0,40.427920020292525,40.02253298572313,40.09624099731445,0.0,7042200
2024-10-07,0.0,40.46476745605469,0.0,40.53847546208041,40.13309197271243,40.16994246113412,0.0,6377375
2024-10-08,0.0,40.05938720703125,0.0,40.31735821980585,40.02253320103732,40.24365372240944,0.0,4134850
2024-10-09,0.0,39.80141830444336,0.0,40.133097346790734,39.764564296495514,40.05938933089503,0.0,5442150
2024-10-10,0.0,39.8751220703125,0.0,39.985684092116905,39.76456356309967,39.8751220703125,0.0,5938425
2024-10-11,0.0,39.69085693359375,0.0,39.948827941446446,39.61714892301219,39.91197393615567,0.0,5292400
2024-10-14,0.0,39.35918045043945,0.0,39.580297467244385,39.285472435110066,39.54344345957969,0.0,5927150
2024-10-15,0.0,39.69085693359375,0.0,39.76456142958393,39.322323909868715,39.322323909868715,0.0,6768525
2024-10-16,0.0,39.506591796875,0.0,39.727708807133546,39.4697377903014,39.65400430857787,0.0,4908725
2024-10-17,0.0,39.506591796875,0.0,39.54344228885708,39.24861726545135,39.24861726545135,0.0,7595800
2024-10-18,0.0,39.35918045043945,0.0,39.54344345957969,39.32232644277476,39.396030943512535,0.0,3327975
2024-10-21,0.0,39.4697380065918,0.0,39.65400452587802,39.359179500856676,39.43288399981625,0.0,4714475
2024-10-22,0.0,39.506591796875,0.0,39.69085831515146,39.39602977715422,39.61715030200427,0.0,5918500
2024-10-23,0.0,39.8751220703125,0.0,40.096242599329734,39.61715104861871,39.61715104861871,0.0,6261250
2024-10-24,0.0,39.80141830444336,0.0,39.98568482959097,39.69085979519145,39.72771028854766,0.0,5511350
2024-10-25,0.0,39.83827209472656,0.0,39.91197659562793,39.43288503869841,39.61715156283924,0.0,8074975
2024-10-28,0.0,39.72770309448242,0.0,39.72770309448242,39.580290603976756,39.580290603976756,0.0,4419000
2024-10-29,0.0,39.69085693359375,0.0,39.91197393615567,39.58029491772141,39.76456142958393,0.0,5123575
2024-10-30,0.0,39.80141830444336,0.0,39.83827231239121,39.54344376340005,39.69085979519145,0.0,6314800
2024-10-31,0.0,40.57533264160156,0.0,40.57533264160156,40.09624110870137,40.09624110870137,0.0,7708425
2024-11-01,0.0,40.46476745605469,0.0,40.46476745605469,40.096237969699565,40.427916967632996,0.0,10715175
2024-11-04,0.0,40.53847885131836,0.0,40.68589136110313,40.35421233543953,40.46477083913024,0.0,6530825
2024-11-05,0.0,40.05938720703125,0.0,40.46477072919011,40.05938720703125,40.46477072919011,0.0,6331825
2024-11-06,0.0,39.064353942871094,0.0,39.46973746809682,38.990645930325606,39.17491244709784,0.0,9928775
2024-11-07,0.0,38.77873611450195,0.0,38.935360350890164,38.70502811060792,38.92614860769895,0.25,5230500
2024-11-08,0.0,38.64053726196289,0.0,38.76952627511153,38.54840576716225,38.76952627511153,0.0,8923400
2024-11-11,0.0,38.60369110107422,0.0,38.714249610149146,38.51155608135208,38.53919834456454,0.0,7413800
2024-11-12,0.0,38.73267364501953,0.0,38.89851315321522,38.576045880794105,38.62211162982816,0.0,9293300
2024-11-13,0.0,38.72346115112305,0.0,38.87087366731137,38.585263894154274,38.705034147275555,0.0,5176100
2024-11-14,0.0,38.98143005371094,0.0,39.01828054148575,38.68660506396576,38.72345555174057,0.0,6403100
2024-11-15,0.0,39.51579666137695,0.0,39.61714340451374,39.211759946557486,39.24861043212376,0.0,4364800
2024-11-18,0.0,39.35918045043945,0.0,39.54344345957969,39.26704543127772,39.47895070346229,0.0,2993000
2024-11-19,0.0,39.22098159790039,0.0,39.635580417933625,39.165700583698694,39.58951466339477,0.0,3117600
2024-11-20,0.0,39.22098159790039,0.0,39.59872640846583,39.20255459316649,39.22098159790039,0.0,3863800
2024-11-21,0.0,39.018280029296875,0.0,39.42366702081836,38.91693679600756,39.03670703023795,0.0,5990100
2024-11-22,0.0,38.91693878173828,0.0,39.0643512821975,38.88008477797566,39.027497278434886,0.0,3247200
2024-11-25,0.0,38.79716491699219,0.0,38.94457741703417,38.58525966784379,38.65896416056917,0.0,4481000
2024-11-26,0.0,38.60369110107422,0.0,38.769530621982426,38.55762183391733,38.714249610149146,0.0,2508500
2024-11-27,0.0,38.741886138916016,0.0,38.83402115335895,38.603688889138766,38.63132763617593,0.0,4587200
2024-11-29,0.0,38.52997970581055,0.0,38.71424621450106,38.46548695495756,38.71424621450106,0.0,1290200
2024-12-02,0.0,38.465492248535156,0.0,38.53920026799151,38.41942649367084,38.50234625826333,0.0,5246900
2024-12-03,0.0,38.465492248535156,0.0,38.55762375826379,38.43785349853493,38.48391925339924,0.0,4009200
2024-12-04,0.0,38.23516082763672,0.0,38.40100036058659,38.2167338223543,38.354934604676494,0.0,4330100
2024-12-05,0.0,38.29965591430664,0.0,38.31808292070791,38.179882129994446,38.23516314919825,0.0,2769200
2024-12-06,0.0,38.24436950683594,0.0,38.29965051825118,38.17987675081396,38.27201176983936,0.0,4081200
2024-12-09,0.0,38.465492248535156,0.0,38.493130998535385,38.262798709622,38.262798709622,0.0,2239700
2024-12-10,0.0,38.585262298583984,0.0,38.62211279016352,38.40099578232043,38.428634529652946,0.0,2135100
2024-12-11,0.0,38.28122329711914,0.0,38.41942406757685,38.22594580060933,38.41020880843082,0.0,2298500
2024-12-12,0.0,38.49312973022461,0.0,38.502344989648925,38.32729020650388,38.35493247018513,0.0,2643400
2024-12-13,0.0,38.52997970581055,0.0,38.631326461319894,38.35492845557978,38.400994204104585,0.0,2390700
2024-12-16,0.0,38.373355865478516,0.0,38.483914366030554,38.31807485790681,38.42863335845885,0.0,2071600
2024-12-17,0.0,38.54840850830078,0.0,38.640540009652796,38.48391575443607,38.557620252599385,0.0,3055100
2024-12-18,0.0,39.70928192138672,0.0,39.73692418369449,38.42863506319142,38.58526283429706,0.0,6146000
2024-12-19,0.0,39.73692321777344,0.0,39.74613496192443,39.267043430469826,39.37760544783035,0.0,5104200
2024-12-20,0.0,39.29468536376953,0.0,39.97646689217209,38.97221808771629,39.92118939854515,0.0,6752000
2024-12-23,0.0,39.054866790771484,0.704,39.52326290587414,39.01739781748313,39.30780112175637,0.0,3666700
2024-12-24,0.0,38.642677307128906,0.0,39.0267619568142,38.642677307128906,38.97992306267278,0.0,1315300
2024-12-26,0.0,38.642677307128906,0.0,38.85813907904226,38.5677322176398,38.76446129075943,0.0,2927600
2024-12-27,0.0,39.073604583740234,0.0,39.35464154901534,38.90498168985939,38.923717964021584,0.0,4394800
2024-12-30,0.0,39.53262710571289,0.0,39.7855614000771,39.30779543064085,39.560729725005054,0.0,4033800
2024-12-31,0.0,39.70124816894531,0.0,39.813662214596434,39.40147499815695,39.44831388604675,0.0,5411600
2025-01-02,0.0,39.81366729736328,0.0,40.08533788481591,39.36400748377543,39.47642154377776,0.0,7720300
2025-01-03,0.0,39.345272064208984,0.0,39.71062044731834,39.289063246200385,39.626309007094754,0.0,4012100
2025-01-06,0.0,39.12043762207031,0.0,39.22348532773626,38.820664427539384,39.045496110226765,0.0,4424600
2025-01-07,0.0,39.55137252807617,0.0,39.68252287989031,38.97055872207202,38.9892949971282,0.0,5757300
2025-01-08,0.0,39.53262710571289,0.0,39.80429767079796,39.43894575210861,39.57946599572591,0.0,5591700
2025-01-10,0.0,40.15091323852539,0.0,40.272697222017676,39.78556486162709,39.78556486162709,0.0,9262500
2025-01-13,0.0,40.094703674316406,0.0,40.51626086041211,40.08533732510472,40.48815823919856,0.0,5786500
2025-01-14,0.0,40.05723190307617,0.0,40.31016621961308,39.86050640362921,39.89797894835584,0.0,4812300
2025-01-15,0.0,39.33590316772461,0.0,39.5794675495009,39.25159173296005,39.50452246367534,0.0,4806300
2025-01-16,0.0,39.41084671020508,0.0,39.46705552746982,39.24222383198943,39.24222383198943,0.0,2797400
2025-01-17,0.0,39.04549789428711,0.0,39.186018149084646,38.9330838345962,39.09233678802678,0.0,4423700
2025-01-21,0.0,38.717620849609375,0.0,38.989287854206225,38.70825092700834,38.85813752641911,0.0,3674100
2025-01-22,0.0,38.50215530395508,0.0,38.55836411852124,38.40847751992321,38.52089157547713,0.0,2674800
2025-01-23,0.0,38.29606628417969,0.0,38.558366957645326,38.29606628417969,38.549000607983835,0.0,2506100
2025-01-24,0.0,38.427207946777344,0.0,38.50214944788877,38.25858510230431,38.31479390832127,0.0,1576200
2025-01-27,0.0,38.979923248291016,0.0,39.279696460517826,38.96118697582951,39.279696460517826,0.0,5782700
2025-01-28,0.0,38.66141128540039,0.0,39.12043742375842,38.59583612277781,38.90497566463019,0.0,2347600
2025-01-29,0.0,38.83940124511719,0.0,38.9986577670893,38.68951464574377,38.71762083996145,0.0,5178100
2025-01-30,0.0,38.642677307128906,0.0,38.91434789615909,38.5302632464738,38.69888612424574,0.0,4761700
2025-01-31,0.0,38.86750793457031,0.0,38.914346827425355,38.34290304328984,38.50215599371268,0.0,6824000
2025-02-03,0.0,39.13917922973633,0.0,39.60757535675023,38.970556338125014,39.46705866279337,0.0,9188900
2025-02-04,0.0,38.87688064575195,0.0,39.16728754670265,38.84877802015574,39.14855127177883,0.0,4330300
2025-02-05,0.0,38.73635482788086,0.0,39.101706776249145,38.72698847854869,38.95182017188467,0.0,3858400
2025-02-06,0.0,38.5958366394043,0.0,38.83940102189434,38.5958366394043,38.62393925988204,0.0,3890400
2025-02-07,0.0,38.98928451538086,0.0,39.03612340363975,38.52088848563575,38.586463643913824,0.0,6000200
2025-02-10,0.0,38.73635482788086,0.0,38.86750873358099,38.68951593406293,38.78319729527732,0.0,3041200
2025-02-11,0.0,38.708251953125,0.0,38.89561110074976,38.680149331733766,38.886241177900345,0.0,1386900
2025-02-12,0.0,38.83003234863281,0.0,39.14854179810264,38.76445718905769,39.10170290891729,0.0,4185400
2025-02-13,0.0,38.44594955444336,0.0,38.858136801741345,38.42721328316913,38.76445901894855,0.0,4660600
2025-02-14,0.0,38.474056243896484,0.0,38.52089514024695,38.39911472445149,38.45531997064056,0.0,1811900
2025-02-18,0.0,38.38037872314453,0.0,38.55836795996895,38.38037872314453,38.408481346438194,0.0,1893900
2025-02-19,0.0,38.28669357299805,0.0,38.502155335309524,38.26795730146074,38.4646863658133,0.0,1675400
2025-02-20,0.0,38.44594955444336,0.0,38.66141131372947,38.38037439177273,38.38037439177273,0.0,1911900
2025-02-21,0.0,39.12981033325195,0.0,39.167282878633515,38.49279135607988,38.49279135607988,0.0,4616300
2025-02-24,0.0,39.33590316772461,0.0,39.37337213705901,38.94244861429721,39.01739370012277,0.0,5682000
2025-02-25,0.0,39.53262710571289,0.0,39.83240029009012,39.298429082069546,39.34526797208257,0.0,5803100
2025-02-26,0.0,39.53262710571289,0.0,39.69188004647281,39.18601503132265,39.4295794035373,0.0,5217700
2025-02-27,0.0,40.160274505615234,0.0,40.18838069737418,39.29842752800714,39.37336903434875,0.0,8804100
2025-02-28,0.0,39.570098876953125,0.0,40.3663707124104,39.53262633624079,40.1602753120707,0.0,6447600
2025-03-03,0.0,40.25395965576172,0.0,40.51626031308747,39.354636479713456,39.438947915793655,0.0,9447900
2025-03-04,0.0,40.75046157836914,0.0,41.059604726350415,40.16028147904589,40.54436614638163,0.0,10469300
2025-03-05,0.0,40.31016159057617,0.0,41.02212556430914,40.19774754288397,40.76919127681808,0.0,9880600
2025-03-06,0.0,41.040863037109375,0.0,41.22821859756027,40.52562452513466,40.87224017384097,0.0,9485000
2025-03-07,0.0,40.84413146972656,0.0,41.58419803817278,40.74108734724524,41.20011344513758,0.0,15549300
2025-03-10,0.0,41.93081283569336,0.0,42.29616475660425,41.30316384383028,41.443684088302035,0.0,13992000
2025-03-11,0.0,42.286800384521484,0.0,42.5865736100666,41.7903016497584,42.033866055421775,0.0,17112900
2025-03-12,0.0,42.08070373535156,0.0,42.474158315991815,41.76219781929899,41.82777298714259,0.0,8905500
2025-03-13,0.0,42.65214157104492,0.0,42.783291888357475,42.08069783968754,42.13690665006926,0.0,11034000
2025-03-14,0.0,41.79966354370117,0.0,42.361740961863916,41.72472203209315,42.32426841927072,0.0,6713900
2025-03-17,0.0,41.4998893737793,0.0,41.84650145066594,41.293797541522025,41.81839883117137,0.0,8992000
2025-03-18,0.0,41.940181732177734,0.0,42.08069839963463,41.659144823685764,41.66851117208495,0.0,9221200
2025-03-19,0.0,41.50925827026367,0.0,41.912079149763635,41.218851439542384,41.82776771978508,0.0,5270300
2025-03-20,0.0,41.602943420410156,0.0,41.837141481451326,41.26569764073827,41.78093266031308,0.0,3938600
2025-03-21,0.0,41.62167739868164,0.0,42.08070357180284,41.57483850377234,41.987025781984244,0.0,5398700
2025-03-24,0.0,40.90971374511719,0.0,41.20012061421908,40.82540587757456,41.143911795612006,0.0,6021000
2025-03-25,0.0,40.82540512084961,0.0,40.937819182401434,40.750460030762675,40.834771470321186,0.0,2453300
2025-03-26,0.0,41.29811096191406,0.311,41.411333012461455,40.76973539391942,40.84521916046041,0.0,6724500
2025-03-27,0.0,41.430198669433594,0.0,41.590599853241045,41.156575449520886,41.420764999451336,0.0,5862500
2025-03-28,0.0,42.28881072998047,0.0,42.33598628301692,41.515120142537924,41.581166636641754,0.0,5719200
2025-03-31,0.0,42.043495178222656,0.0,42.96814968358293,41.93026953320912,42.76057293365538,0.0,7307200
2025-04-01,0.0,41.91139602661133,0.0,42.4680761497582,41.76986937790439,42.18501925308061,0.0,7137700
2025-04-02,0.0,41.647212982177734,0.0,42.373728013992135,41.44907350057307,42.36429434312409,0.0,6681800
2025-04-03,0.0,43.6380500793457,0.0,43.70409656990307,42.88323047350167,43.10967455562299,0.0,10249000
2025-04-04,0.0,46.2799186706543,0.0,46.30822687924869,44.638186542725485,44.80802139723724,0.0,19683200
2025-04-07,0.0,46.39313888549805,0.0,48.46889533748249,44.675923067766504,47.78955954537493,0.0,24693600
2025-04-08,0.0,47.119659423828125,0.0,47.81786983674888,44.515530779510776,44.77971675232536,0.0,23275100
2025-04-09,0.0,42.71339416503906,0.0,47.46876291962802,42.430337272346215,47.43102104079866,0.0,33348000
2025-04-10,0.0,44.175865173339844,0.0,45.34583841810088,43.47765829440951,43.57200940801709,0.0,21696000
2025-04-11,0.0,43.41160202026367,0.0,44.58157509859057,43.21346255031546,44.336260078549515,0.0,12562600
2025-04-14,0.0,43.02476501464844,0.0,43.43048130204951,42.590744111607805,42.60018138299729,0.0,8275900
2025-04-15,0.0,43.13798522949219,0.0,43.19459445362429,42.68509344011539,42.977584029501905,0.0,5837100
2025-04-16,0.0,44.10981750488281,0.0,44.543838374797296,43.35499781823498,43.62862107941488,0.0,7880200
2025-04-17,0.0,44.10981750488281,0.0,44.298523326360815,43.69466757704255,43.987158181032484,0.0,15787800
2025-04-21,0.0,45.09108352661133,0.0,45.59115087895391,44.487227795647286,44.54383702088513,0.0,23954900
2025-04-22,0.0,44.01546096801758,0.0,44.6853631323851,43.798446960547345,44.59100843364506,0.0,6221800
2025-04-23,0.0,43.32668685913086,0.0,43.4399125043991,42.47751611520273,42.88323234592073,0.0,13691000
2025-04-24,0.0,42.420902252197266,0.0,43.30781845539383,42.3454220898002,43.20403008274199,0.0,6201600
2025-04-25,0.0,42.137847900390625,0.0,42.666223466274424,42.09067234612302,42.439775766820205,0.0,6225500
2025-04-28,0.0,42.10954284667969,0.0,42.56243464158102,41.92083703232145,42.08123463500432,0.0,4015900
2025-04-29,0.0,41.883087158203125,0.0,42.298240590431774,41.779298800145966,42.269932384157684,0.0,4902900
2025-04-30,0.0,41.883087158203125,0.0,42.836049719215836,41.71325231761202,42.38315441146398,0.0,7543700
2025-05-01,0.0,41.562294006347656,0.0,41.60946955746674,41.137706847748234,41.42076735299041,0.0,6157600
2025-05-02,0.0,40.99617385864258,0.0,41.298101658259924,40.8640808962179,41.12826682106726,0.0,5746300
2025-05-05,0.0,41.222625732421875,0.0,41.33585137821509,40.99618163936337,41.28867222616927,0.0,4677000
2025-05-06,0.0,41.57173538208008,0.0,41.71326204941561,41.25093656381634,41.637781880022835,0.0,5733400
2025-05-07,0.0,41.40189743041992,0.0,41.78874271792787,41.222625292791214,41.47737759421312,0.0,5606100
2025-05-08,0.0,41.13770294189453,0.0,41.36415060473524,40.74142403100266,41.10939833376325,0.0,6149600
2025-05-09,0.0,41.21318817138672,0.0,41.32641020722875,40.97730683047872,41.052786987952196,0.0,3890200
2025-05-12,0.0,39.86395263671875,0.0,40.28853983435912,39.854518965333035,39.958303747632534,0.0,5446500
2025-05-13,0.0,39.59975814819336,0.0,39.873377750827146,39.439356974946826,39.82620220549466,0.0,6853200
2025-05-14,0.0,39.56201934814453,0.0,39.694112325051,39.46766825014382,39.53371473859705,0.0,4914500
2025-05-15,0.0,39.37331771850586,0.0,39.73185840751616,39.33557583560708,39.69411652461737,0.0,3079100
2025-05-16,0.0,39.13743209838867,0.0,39.467668138988465,39.13743209838867,39.34500883252205,0.0,3750600
2025-05-19,0.0,39.109127044677734,0.0,39.562018787335845,39.06195149634611,39.552581518111346,0.0,3338100
2025-05-20,0.0,39.260093688964844,0.0,39.47710410579168,39.17517625635748,39.24122274846722,0.0,2304800
2025-05-21,0.0,39.9111213684082,0.0,39.9960387934176,39.288394784760484,39.55258072956147,0.0,6113500
2025-05-22,0.0,39.920562744140625,0.0,40.03378478937931,39.675244113648894,39.94886735563431,0.0,5905100
2025-05-23,0.0,40.22248840332031,0.0,40.46780342116519,40.043216275603164,40.448932481444245,0.0,7399700
2025-05-27,0.0,39.41105651855469,0.0,39.863948280121335,39.39218557858144,39.741288969927105,0.0,4450500
2025-05-28,0.0,39.63749694824219,0.0,39.684676093460986,39.297830857805565,39.38274828023058,0.0,2994700
2025-05-29,0.0,39.486534118652344,0.0,39.7507236618825,39.27896099093438,39.27896099093438,0.0,6550700
2025-05-30,0.0,39.56201934814453,0.0,39.96773554822222,39.448797310690935,39.59976122705029,0.0,7131800
2025-06-02,0.0,39.34500503540039,0.0,39.85450955223068,39.34500503540039,39.68467471328725,0.0,5379800
2025-06-03,0.0,39.11856460571289,0.0,39.40162152312157,39.052518111626334,39.36388324026067,0.0,4149500
2025-06-04,0.0,39.14686965942383,0.0,39.165736999700485,39.0147730826414,39.07138590126244,0.0,2235900
2025-06-05,0.0,39.34500503540039,0.0,39.46766433002916,38.95815981319887,39.04307723267058,0.0,7007500
2025-06-06,0.0,38.9770393371582,0.0,39.12800327177945,38.86381368674418,38.995910278893874,0.0,6306600
2025-06-09,0.0,38.948734283447266,0.0,39.01478078524605,38.84494589511648,38.93930061144647,0.0,2436700
2025-06-10,0.0,38.731719970703125,0.0,38.98647228048205,38.70341535826015,38.91099211421276,0.0,4881000
2025-06-11,0.0,38.844940185546875,0.0,38.977036768992825,38.60905882828921,38.66567164976604,0.0,5484400
2025-06-12,0.0,38.71284484863281,0.0,38.977034400205,38.71284484863281,38.948726191555046,0.0,4421000
2025-06-13,0.0,39.175174713134766,0.0,39.25065487288799,38.844938666331146,39.0713863441183,0.0,6933300
2025-06-16,0.0,38.797760009765625,0.0,38.94872391644707,38.68453797957041,38.94872391644707,0.0,4857700
2025-06-17,0.0,39.12800216674805,0.0,39.18461139109222,38.863812589173875,38.96760096615687,0.0,4896700
2025-06-18,0.0,39.156307220458984,0.0,39.22235371578129,38.9109921805853,39.09969439621242,0.0,4143700
2025-06-20,0.0,39.28839874267578,0.0,39.37331617623977,38.929858067709645,39.005341830550485,0.0,4017200
2025-06-23,0.0,38.90155029296875,0.0,39.43935946205365,38.873245683837006,39.231786329648145,0.0,7172100
2025-06-24,0.0,38.467525482177734,0.0,38.6845358611948,38.410912670548534,38.6279230495656,0.0,7021700
2025-06-25,0.0,38.456092834472656,0.418,38.56095633639451,38.37982714705745,38.417959990765056,0.0,2494000
2025-06-26,0.0,38.16056823730469,0.0,38.379826630852214,38.14150181570732,38.35122881673022,0.0,3834600
2025-06-27,0.0,38.00804138183594,0.0,38.25590123179722,37.91271290818816,38.131971306816574,0.0,6524400
2025-06-30,0.0,37.8269157409668,0.0,37.99850990237976,37.75065005298408,37.85551355568624,0.0,4945300
2025-07-01,0.0,37.85551452636719,0.0,37.9794444542428,37.779252472977134,37.93178021630549,0.0,4836900
2025-07-02,0.0,37.683921813964844,0.0,37.92224664939148,37.683921813964844,37.87458240961583,0.0,3137800
2025-07-03,0.0,37.4169921875,0.0,37.59811771950524,37.35979292850206,37.59811771950524,0.0,2875600
2025-07-07,0.0,37.69345474243164,0.0,37.87458029810068,37.512325550214406,37.55999342388096,0.0,5090100
2025-07-08,0.0,37.74111557006836,0.0,37.77924841093745,37.62672068400894,37.664849888330174,0.0,4112200
2025-07-09,0.0,37.5123291015625,0.0,37.71252473488953,37.483731283893725,37.588594797410614,0.0,4121500
2025-07-10,0.0,37.4169921875,0.0,37.58858632794611,37.350261536942924,37.521855677389034,0.0,2406700
2025-07-11,0.0,37.56952667236328,0.0,37.69345660423086,37.49326461651672,37.62672594165948,0.0,4565500
2025-07-14,0.0,37.5123291015625,0.0,37.6934583109275,37.493266314149004,37.61719261507939,0.0,4353600
2025-07-15,0.0,37.67438507080078,0.0,37.68391646278308,37.331196774672016,37.35026319518449,0.0,4953000
2025-07-16,0.0,37.55998611450195,0.0,37.94130357379055,37.53138466855838,37.598115314847576,0.0,8293400
2025-07-17,0.0,37.35026550292969,0.0,37.56952389754854,37.312132659548645,37.55999250497733,0.0,2782900
2025-07-18,0.0,37.388397216796875,0.0,37.46465926470697,37.28353371894101,37.28353371894101,0.0,7434200
2025-07-21,0.0,37.33119583129883,0.0,37.35979364307092,37.16913671585991,37.33119583129883,0.0,4153400
2025-07-22,0.0,37.33119583129883,0.0,37.49325858328553,37.28353159949608,37.321664439557395,0.0,4925300
2025-07-23,0.0,37.01661682128906,0.0,37.29307087883501,37.01661682128906,37.17867597100398,0.0,8435600
2025-07-24,0.0,37.02614212036133,0.0,37.045208541286165,36.9212786235487,37.016610728172886,0.0,4577700
2025-07-25,0.0,36.90221405029297,0.0,37.01661258156985,36.86408120653401,37.007077552356044,0.0,3462900
2025-07-28,0.0,36.90221405029297,0.0,36.988011130476565,36.83548339198886,36.86408120653401,0.0,2775100
2025-07-29,0.0,37.007080078125,0.0,37.06427934766735,36.81641948286556,36.82595451273015,0.0,4475000
2025-07-30,0.0,37.054744720458984,0.0,37.235873924370466,36.883150546515694,36.97848266345554,0.0,4700000
2025-07-31,0.0,37.22633743286133,0.0,37.29306809382509,36.75922280611495,36.77828922875435,0.0,6735700
2025-08-01,0.0,37.84598159790039,0.0,37.98897430591079,37.57905533049439,37.57905533049439,0.0,7500200
2025-08-04,0.0,37.28353500366211,0.0,37.626723322453124,37.28353500366211,37.61718829329331,0.0,3087000
2025-08-05,0.0,37.47419738769531,0.0,37.5313930192134,37.20727110660054,37.24540395197812,0.0,3851300
2025-08-06,0.0,37.20726776123047,0.0,37.48372541053871,37.16913855582944,37.42652614761522,0.0,3533700
2025-08-07,0.0,37.24540328979492,0.0,37.42652884729578,36.968945620545014,37.00707846524463,0.0,4269900
2025-08-08,0.0,36.978477478027344,0.0,37.1691380486226,36.94987602868191,37.15007162790828,0.0,3634800
2025-08-11,0.0,37.06427764892578,0.0,37.13100830872591,36.883148455284115,36.968945537391164,0.0,4180200
2025-08-12,0.0,36.66389083862305,0.0,37.007079174399585,36.654359445539605,36.930817120087184,0.0,5397000
2025-08-13,0.0,36.55902862548828,0.0,36.68295855924763,36.482766568477594,36.5494972320676,0.0,3873300
2025-08-14,0.0,36.549495697021484,0.0,36.70202344118526,36.52089788141211,36.67342562557589,0.0,2716000
2025-08-15,0.0,36.66389083862305,0.0,36.721090106768564,36.51136309344995,36.520898123081686,0.0,3942200
2025-08-18,0.0,36.68295669555664,0.0,36.74968735575638,36.64482385071444,36.702023117977745,0.0,2085100
2025-08-19,0.0,36.89268112182617,0.0,36.968943169621255,36.64482128425919,36.70202054751649,0.0,3875800
2025-08-20,0.0,36.9975471496582,0.0,37.293067605327245,36.91175006717888,36.930816489568535,0.0,3961500
2025-08-21,0.0,37.15007019042969,0.0,37.2549336820269,37.016608887141516,37.11193735047656,0.0,3727600
2025-08-22,0.0,36.60669708251953,0.0,37.073811735054235,36.53043138775147,37.04521391779045,0.0,4846900
2025-08-25,0.0,36.76875686645508,0.0,36.77829189674062,36.61622911082341,36.692494806913516,0.0,2780000
2025-08-26,0.0,36.63528823852539,0.0,36.83548019606867,36.60669042646144,36.79734735561819,0.0,2760600
2025-08-27,0.0,36.549495697021484,0.0,36.67342562557589,36.51136285184347,36.66389059600725,0.0,3139100
2025-08-28,0.0,36.42556381225586,0.0,36.62575578386683,36.4064973906908,36.53042731258963,0.0,2914300
2025-08-29,0.0,36.68295669555664,0.0,36.78782020059858,36.520897559799636,36.53996398222074,0.0,3587100
2025-09-02,0.0,36.95941162109375,0.0,37.26446708408032,36.94987659231719,37.12147074481563,0.0,4297000
2025-09-03,0.0,36.787818908691406,0.0,36.95941306790708,36.740154672586634,36.83548314479618,0.0,5646100
2025-09-04,0.0,36.48276138305664,0.0,36.78781684083766,36.47322635444279,36.74015260741211,0.0,2598700
2025-09-05,0.0,36.5971565246582,0.0,36.82594993785629,36.32069887770366,36.358831719328,0.0,4026500
2025-09-08,0.0,36.520896911621094,0.0,36.606693992719194,36.4541662526057,36.520896911621094,0.0,4215100
2025-09-09,0.0,36.43510055541992,0.0,36.61622611398698,36.40649910345273,36.51136260871986,0.0,2275400
2025-09-10,0.0,36.33977127075195,0.0,36.43510339048009,36.21584496992817,36.26350921151798,0.0,3370300
2025-09-11,0.0,36.06331253051758,0.0,36.27303589358069,36.015644658571,36.24443807965119,0.0,4652800
2025-09-12,0.0,36.08237838745117,0.0,36.110979840363825,35.98704990853797,36.072846994179194,0.0,2353900
2025-09-15,0.0,35.901248931884766,0.0,35.97751461598828,35.89171753964582,35.97751461598828,0.0,4031800
2025-09-16,0.0,35.967979431152344,0.0,35.9965772442931,35.86311593423896,35.87265096298452,0.0,3218000
2025-09-17,0.0,36.00611114501953,0.0,36.28256878521235,35.87264983914654,35.967978304327865,0.0,6759100
2025-09-18,0.0,35.85358428955078,0.0,35.95844778572569,35.71058795175811,35.87265071035967,0.0,4453000
2025-09-19,0.0,35.7010612487793,0.0,35.88218681543173,35.64386197883981,35.76779191210116,0.0,3562600
2025-09-22,0.0,35.53899383544922,0.0,35.777318640969234,35.510396022482155,35.777318640969234,0.0,2876100
2025-09-23,0.0,35.729652404785156,0.0,35.79638305566715,35.51992542398589,35.538991843744704,0.0,4689800
2025-09-24,0.0,35.85786437988281,0.413,35.934976153064866,35.665079431327094,35.6747170240747,0.0,3858600
2025-09-25,0.0,36.0410041809082,0.0,36.22415151701116,35.954251147245394,36.021725320420174,0.0,5379100
2025-09-26,0.0,35.84822082519531,0.0,36.060284622796914,35.819304371728485,35.9735315853296,0.0,4467400
2025-09-29,0.0,35.76146697998047,0.0,35.84822001548828,35.66507635255701,35.71327166626874,0.0,6288800
2025-09-30,0.0,35.62651824951172,0.0,35.867498492558305,35.59760179700747,35.800024318670594,0.0,6157600
2025-10-01,0.0,35.4915657043457,0.0,35.80002008480081,35.45300798752225,35.79038249412808,0.0,9482200
2025-10-02,0.0,35.4722900390625,0.0,35.60723838302605,35.40481586708073,35.40481586708073,0.0,9601700
2025-10-03,0.0,35.5012092590332,0.0,35.54940456963408,35.3084243395632,35.45301027136583,0.0,7590300
2025-10-06,0.0,35.36626052856445,0.0,35.4915712894269,35.327706482740254,35.37590179782063,0.0,4380600
2025-10-07,0.0,35.51084518432617,0.0,35.59759821016431,35.3084226830593,35.32770154180848,0.0,6166000
2025-10-08,0.0,35.30842208862305,0.0,35.51084458648202,35.30842208862305,35.47228686963281,0.0,4051100
2025-10-09,0.0,35.424095153808594,0.0,35.52048577863856,35.269867947840666,35.28914680821998,0.0,7140400
2025-10-10,0.0,36.38801574707031,0.0,36.41693219881727,35.29878404744691,35.395178348381094,0.0,19931600
2025-10-13,0.0,35.838584899902344,0.0,36.031369845136815,35.76146945098176,35.97353325844637,0.0,7635000
2025-10-14,0.0,35.886775970458984,0.0,36.378377706488955,35.71326990798565,36.17595151555903,0.0,8941500
2025-10-15,0.0,35.7518310546875,0.0,36.07956435109845,35.472293074234976,35.64579915333883,0.0,7778200
2025-10-16,0.0,36.00244140625,0.0,36.185588716644475,35.55903870846595,35.66507058773304,0.0,8712400
2025-10-17,0.0,35.819305419921875,0.0,36.14703871804819,35.742193649398175,36.07956453993985,0.0,6699500
2025-10-20,0.0,35.44337463378906,0.0,35.66507601642695,35.395179320531554,35.66507601642695,0.0,7690500
2025-10-21,0.0,35.45301055908203,0.0,35.52048472988414,35.366257528469816,35.443372967710246,0.0,4575000
2025-10-22,0.0,35.64579391479492,0.0,35.88677413623923,35.424092552314114,35.424092552314114,0.0,9099400
2025-10-23,0.0,35.45301055908203,0.0,35.64579548011656,35.39517765671824,35.636157888744776,0.0,6194600
2025-10-24,0.0,35.17348098754883,0.0,35.26023402976079,35.11564440038518,35.221676304985024,0.0,5650800
2025-10-27,0.0,34.75899124145508,0.0,34.932497308920134,34.74934997266999,34.89393958791309,0.0,4483100
2025-10-28,0.0,34.69152069091797,0.0,34.79754891915945,34.59512637833429,34.69152069091797,0.0,6332200
2025-10-29,0.0,34.68187713623047,0.0,34.903578524966335,34.556566376660875,34.61440296040072,0.0,8629300
2025-10-30,0.0,35.04816436767578,0.0,35.05780195872678,34.75898883428258,34.85537945305818,0.0,7420200
2025-10-31,0.0,34.9614143371582,0.0,35.11564154666075,34.80718712765566,34.816824719532875,0.0,11310800
2025-11-03,0.0,34.91321563720703,0.0,35.08672169070139,34.77826730161505,34.77826730161505,0.0,8650200
2025-11-04,0.0,35.31806182861328,0.0,35.366257139074634,35.08672286757219,35.28914537774977,0.0,9538200
2025-11-05,0.0,35.212032318115234,0.0,35.39517965813402,35.03852624707993,35.35662193633357,0.0,6907200
2025-11-06,0.0,35.597599029541016,0.0,35.68435205737601,35.23130805900811,35.279503368457235,0.0,10913300
2025-11-07,0.0,35.597599029541016,0.0,36.108475928421306,35.587957761411346,35.751826226018075,0.0,10971800
2025-11-10,0.0,35.04816436767578,0.0,35.37589761940578,34.99996905828798,35.26022814146178,0.0,8755200
2025-11-11,0.0,34.98069381713867,0.0,35.183116343743635,34.93249850276608,35.125279760256454,0.0,5890400
2025-11-12,0.0,34.9614143371582,0.0,35.07708382501843,34.86502003305241,34.874661301996355,0.0,6945000
2025-11-13,0.0,35.53976058959961,0.0,35.60723475470587,35.09635788259667,35.1059954731549,0.0,8165100
2025-11-14,0.0,35.55904006958008,0.0,36.021721642856306,35.366255161448414,35.896414578077064,0.0,13273800
2025-11-17,0.0,35.90605545043945,0.0,36.08919910751651,35.48193155543999,35.69399166440641,0.0,8357200
2025-11-18,0.0,36.20486831665039,0.0,36.44584852826452,35.94460924685919,36.08919516758793,0.0,12460100
2025-11-19,0.0,36.079559326171875,0.0,36.291623099334366,35.828937834785954,36.17594994466406,0.0,6372800
2025-11-20,0.0,36.638633728027344,0.0,36.67719144856168,35.3758996355942,35.51084798039775,0.0,17417000
2025-11-21,0.0,36.291622161865234,0.0,36.74466246955545,35.98316777817841,36.51332352032349,0.0,16442400
2025-11-24,0.0,35.7518310546875,0.0,36.14703852885362,35.69399446929725,36.07956435109845,0.0,7598900
2025-11-25,0.0,35.43373107910156,0.0,36.002444563813064,35.366256909480406,35.77110560427381,0.0,8598800
2025-11-26,0.0,35.202392578125,0.0,35.35661977884903,35.09636068817726,35.308424468072744,0.0,6210500
2025-11-28,0.0,35.03852081298828,0.0,35.17347281836029,35.01924563214416,35.16383155087206,0.0,1909900
2025-12-01,0.0,35.192752838134766,0.0,35.279505872126336,35.05780449127381,35.26986828037912,0.0,4275200
2025-12-02,0.0,35.13492202758789,0.0,35.260232790170264,35.01925253439403,35.11564316587776,0.0,6263100
2025-12-03,0.0,35.03852081298828,0.0,35.24094698251321,34.98068791632359,35.202389266692634,0.0,3842900
2025-12-04,0.0,35.009605407714844,0.0,35.163832598525936,34.961410100036304,34.961410100036304,0.0,4217100
2025-12-05,0.0,34.97105026245117,0.0,35.01924925074045,34.82646432878297,34.97105026245117,0.0,3987800
2025-12-08,0.0,35.07707977294922,0.0,35.173474065919635,34.91321499049895,34.91321499049895,0.0,4763000
2025-12-09,0.0,35.105995178222656,0.0,35.12527403624337,34.99032570716457,35.105995178222656,0.0,4288100
2025-12-10,0.0,34.89393997192383,0.0,35.212031981065955,34.81682452906107,35.134920215269894,0.0,6826900
2025-12-11,0.0,34.81682205200195,0.0,35.16383416606262,34.807184460863134,35.01924823658164,0.0,5990400
2025-12-12,0.0,35.212032318115234,0.0,35.33734307543334,34.85538258412788,34.88429903694485,0.0,7348600
2025-12-15,0.0,35.260231018066406,0.0,35.337342783964544,34.99997191366012,34.99997191366012,0.0,6046600
2025-12-16,0.0,35.36626052856445,0.0,35.56868673520897,35.26023230621436,35.35662293637511,0.0,6612300
2025-12-17,0.0,35.76146697998047,0.0,35.771108248962854,35.298785349627735,35.318064210525776,0.0,7901900
2025-12-18,0.0,35.4915657043457,0.0,35.587956319338076,35.269864348210234,35.44337039684952,0.0,6129700
2025-12-19,0.0,35.192752838134766,0.0,35.41445789605396,35.17347765464035,35.40481662724008,0.0,4785000
2025-12-22,0.0,34.99032974243164,0.0,35.09636163524062,34.96141329059887,35.02888746291974,0.0,3128300
2025-12-23,0.0,34.83610153198242,0.0,35.04816531147904,34.8264639406719,35.03852404310201,0.0,2643900
2025-12-24,0.0,34.72572326660156,0.477,34.85271007989595,34.69642005055217,34.85271007989595,0.0,2391300
2025-12-26,0.0,34.74525833129883,0.0,34.803868486854505,34.676881679607895,34.72572161278027,0.0,2308700
2025-12-29,0.0,34.87224197387695,0.0,34.96992183135722,34.813631823640165,34.891778690622544,0.0,3274100
2025-12-30,0.0,34.930850982666016,0.0,34.94062120488564,34.842937613929315,34.89178127253147,0.0,2788500
2025-12-31,0.0,35.1945915222168,0.0,35.20436174455672,34.92108491666744,34.92108491666744,0.0,3953400
2026-01-02,0.0,35.15552520751953,0.0,35.331348237893785,34.96016173057788,35.0187681652865,0.0,7601900
2026-01-05,0.0,34.930850982666016,0.0,34.999231359459436,34.833171117957676,34.989461137239815,0.0,4471300
2026-01-06,0.0,34.7159538269043,0.0,34.92108377435626,34.69641710911155,34.92108377435626,0.0,4284100
2026-01-07,0.0,34.84294128417969,0.0,34.85271150742848,34.6182745906864,34.70618796868363,0.0,4775100
2026-01-08,0.0,34.86247253417969,0.0,34.96015612009824,34.794095887160594,34.8820092513634,0.0,7056700
2026-01-09,0.0,34.63780975341797,0.0,34.89178337898912,34.57920332155402,34.81363650150624,0.0,5197100
2026-01-12,0.0,34.579200744628906,0.0,34.81363390711061,34.54012730879931,34.81363390711061,0.0,7585900
2026-01-13,0.0,34.657344818115234,0.0,34.78433162483798,34.549894729830456,34.57920167061142,0.0,6580300
2026-01-14,0.0,34.83317565917969,0.0,35.0480758610523,34.78433572045822,34.81363893844141,0.0,7706900
2026-01-15,0.0,34.75503158569336,0.0,34.8038715231265,34.58897132692262,34.63781126435577,0.0,5277100
2026-01-16,0.0,34.813636779785156,0.0,34.882013435005135,34.676883469345206,34.70618668551141,0.0,4312900
2026-01-20,0.0,35.52670669555664,0.0,35.565780130674284,35.165286736338125,35.3313432462163,0.0,11036400
2026-01-21,0.0,35.11644744873047,0.0,35.49740413248511,34.94062071372864,35.4094907649842,0.0,13868500
2026-01-22,0.0,34.930850982666016,0.0,35.038301069593984,34.833171117957676,34.89178127253147,0.0,7829600
2026-01-23,0.0,34.94062423706055,0.0,35.04807433331312,34.85271086069465,34.99923439672058,0.0,5391900
2026-01-26,0.0,34.77456283569336,0.0,34.9113198703954,34.69641968496895,34.88201292840659,0.0,3520700
2026-01-27,0.0,34.63780975341797,0.0,34.73549335027157,34.588969818115274,34.706186408091384,0.0,3077000
2026-01-28,0.0,34.63780975341797,0.0,34.7257231274621,34.52059316344186,34.569433098744554,0.0,5456200
2026-01-29,0.0,34.72572326660156,0.0,35.1848268580325,34.5792034601064,34.598736453307176,0.0,7575700
2026-01-30,0.0,34.85271072387695,0.0,35.08714390910018,34.725723908236205,34.84294050084781,0.0,7480500
2026-02-02,0.0,34.6768798828125,0.0,34.9796934147877,34.59873301278748,34.9796934147877,0.0,6012700
2026-02-03,0.0,34.98945999145508,0.0,35.2532000890286,34.618269810472206,34.63780652802371,0.0,11987300
2026-02-04,0.0,35.165287017822266,0.0,35.38018718644162,34.891780422305196,34.940620353469264,0.0,17570000
2026-02-05,0.0,35.604854583740234,0.0,35.69276795214445,35.29227454635812,35.4290278469318,0.0,13607500
2026-02-06,0.0,34.930850982666016,0.0,35.44856469911459,34.842937613929315,35.40949126273206,0.0,8435600
2026-02-09,0.0,34.764793395996094,0.0,35.057836707337806,34.67688002996879,34.99923028081819,0.0,5844500
2026-02-10,0.0,34.88201141357422,0.0,34.89178163589559,34.65734474140696,34.73549161498584,0.0,6220400
2026-02-11,0.0,34.88201141357422,0.0,35.018764716089244,34.62804152693889,34.65734474140696,0.0,7063700
2026-02-12,0.0,35.43879699707031,0.0,35.47787043623149,34.715957003829764,34.784333659237696,0.0,8528000
2026-02-13,0.0,35.42903137207031,0.0,35.653698063402224,35.194594457583605,35.42903137207031,0.0,13507500
2026-02-17,0.0,35.38018798828125,0.0,35.75137445453884,35.27273790153638,35.5169412891391,0.0,10892200
2026-02-18,0.0,35.20436096191406,0.0,35.389954193518264,35.057837440056886,35.3313440395258,0.0,7385400
2026-02-19,0.0,35.30204391479492,0.0,35.44856744947379,35.22390076221493,35.35088385093845,0.0,7897800
2026-02-20,0.0,35.06760787963867,0.0,35.45833106326749,35.03830093933673,35.42902784921352,0.0,15721400
2026-02-23,0.0,35.42903137207031,0.0,35.526711246128244,35.03830442334191,35.14575452055464,0.0,6844300
2026-02-24,0.0,35.165287017822266,0.0,35.55601391963056,35.126213582391856,35.45833033105454,0.0,5201200
2026-02-25,0.0,34.88201141357422,0.0,35.04807165680534,34.86247469517949,35.04807165680534,0.0,3795900
2026-02-26,0.0,35.08714294433594,0.0,35.33134634587363,34.88201298134385,34.88201298134385,0.0,6506500
2026-02-27,0.0,35.26296615600586,0.0,35.49740303752612,35.233662943158755,35.419256168270095,0.0,10323400
2026-03-02,0.0,35.272735595703125,0.0,35.68299547145734,35.145748799101604,35.65369225925996,0.0,18273800
2026-03-03,0.0,35.5755500793457,0.0,36.12256704534337,35.458333488863424,35.858826922072076,0.0,26361200
2026-03-04,0.0,35.33134460449219,0.0,35.62439165289251,35.22389824315981,35.51694156531213,0.0,19460400
2026-03-05,0.0,35.53647994995117,0.0,35.82952328584449,35.32157976471359,35.507173007988115,0.0,22486300
2026-03-06,0.0,36.015113830566406,0.0,36.161637350658395,35.82952060119808,35.976044121290066,0.0,22493500
2026-03-09,0.0,35.71230697631836,0.0,36.56213377493648,35.6243936022373,36.35700381083007,0.0,34760900
2026-03-10,0.0,35.78068161010742,0.0,35.907664689526044,35.448564851920246,35.7513746695702,0.0,28947200
2026-03-11,0.0,35.81975173950195,0.0,35.98581198366245,35.634158503085445,35.761145310237815,0.0,19204000
2026-03-12,0.0,36.38630676269531,0.0,36.39607325918979,36.08349320389199,36.11280014587179,0.0,16158800
2026-03-13,0.0,36.61096954345703,0.0,36.65980947322163,36.06395264184935,36.23001287454631,0.0,18656900
2026-03-16,0.0,36.239784240722656,0.0,36.34723433639501,36.07372771195505,36.269091183518576,0.0,10384500
2026-03-17,0.0,36.15187072753906,0.0,36.18117767022368,35.95651098296574,36.063957351981756,0.0,7827300
2026-03-18,0.0,36.659812927246094,0.0,36.67934964624221,36.220249791702095,36.298392941438394,0.0,11088700
2026-03-19,0.0,36.76726150512695,0.0,37.01146489315383,36.59143476764776,36.923551524414236,0.0,20625600
2026-03-20,0.0,37.31428146362305,0.0,37.51941143191137,36.85517786447921,36.85517786447921,0.0,14988300
2026-03-23,0.0,36.923553466796875,0.0,37.001700343675466,36.503523319194905,36.777033662021786,0.0,27084500
2026-03-24,0.0,37.040771484375,0.0,37.23613495785765,36.83564151402996,37.15799180421359,0.0,15372700
2026-03-25,0.0,36.85331344604492,0.179,37.00053191110269,36.6177683946578,36.74535373752537,0.0,13546000
2026-03-26,0.0,37.510887145996094,0.0,37.53051652564235,36.97108856552757,37.12812360269758,0.0,13781900
2026-03-27,0.0,38.16844940185547,0.0,38.237150349450616,37.68754276868945,37.697355585236956,0.0,12654200
2026-03-30,0.0,38.30585479736328,0.0,38.47270264528406,37.80531874144333,37.83476093769709,0.0,13355900
2026-03-31,0.0,37.22626495361328,0.0,37.95253324573437,37.13793462144491,37.89364885356957,0.0,24006800
2026-04-01,0.0,36.93183135986328,0.0,37.05941670411526,36.74535413624386,37.010345129870565,0.0,21608700
2026-04-02,0.0,36.93183135986328,0.0,37.53051429984349,36.80424227169017,37.45199678591507,0.0,16554500
2026-04-06,0.0,36.75516891479492,0.0,36.951458946174625,36.725722976539345,36.93182956864456,0.0,8976600
2026-04-07,0.0,36.75516891479492,0.0,37.206633366223585,36.735539537264856,36.90238363038899,0.0,15257900
2026-04-08,0.0,35.83260726928711,0.0,36.06815605821703,35.754093502257795,35.79335225773295,0.0,19052800
2026-04-09,0.0,35.616695404052734,0.0,35.95038737337073,35.547994446597976,35.89149923387178,0.0,10646800
2026-04-10,0.0,35.675575256347656,0.0,35.71483401101403,35.528360542230125,35.567619296896495,0.0,5752400
2026-04-13,0.0,35.322261810302734,0.0,35.82279788687616,35.3124452485323,35.78353912763709,0.0,8476800
2026-04-14,0.0,34.91004943847656,0.0,35.243741376563925,34.890420060480714,35.243741376563925,0.0,8084600
2026-04-15,0.0,34.63524627685547,0.0,34.919866647193395,34.615616898495496,34.87079132933291,0.0,7431200
2026-04-16,0.0,34.546913146972656,0.0,34.70394441720759,34.49784157700939,34.57635534016646,0.0,11186200
2026-04-17,0.0,34.154335021972656,0.0,34.36043787377239,34.03656249864724,34.340812239818995,0.0,18497200
2026-04-20,0.0,34.232852935791016,0.0,34.35062546050055,34.17396480147572,34.232852935791016,0.0,12533000
2026-04-21,0.0,34.448768615722656,0.0,34.52728612816269,34.10526385860014,34.15433543191464,0.0,15329800
2026-04-22,0.0,34.11507797241211,0.0,34.26229644187244,34.10526515494465,34.21322486669273,0.0,5775300
2026-04-23,0.0,34.25248336791992,0.0,34.546916560714635,34.0660061421437,34.20340804918649,0.0,20854100
2026-04-24,0.0,34.00712203979492,0.0,34.24266709846988,33.98749266091848,34.15433676548647,0.0,8633700
2026-04-27,0.0,33.9482307434082,0.0,34.085632638833346,33.93841792684392,34.05619044521963,0.0,4794000
2026-04-28,0.0,34.12489318847656,0.0,34.24266571304909,34.05619223714916,34.1150766274749,0.0,6545000
2026-04-29,0.0,34.13470458984375,0.0,34.28192304739442,34.105262395901974,34.164150527706425,0.0,8703500
2026-04-30,0.0,33.81083297729492,0.0,34.18378369894076,33.742132021191914,33.98749364839446,0.0,6239900
2026-05-01,0.0,33.72249984741211,0.0,33.732312664361714,33.526209813130905,33.69305765264228,0.0,9850300
2026-05-04,0.0,33.85009002685547,0.0,33.99730474939028,33.66361280348846,33.7519431345778,0.0,11692300
2026-05-05,0.0,33.58509826660156,0.0,33.69305797368095,33.536022949622904,33.683241412716804,0.0,7692400
2026-05-06,0.0,33.123817443847656,0.0,33.40843781079511,33.094375248618974,33.38880843266897,0.0,8932900
2026-05-07,0.0,33.23177719116211,0.0,33.31029095983912,33.02567433647374,33.08455872700124,0.0,10431300
2026-05-08,0.0,32.98641586303711,0.0,33.11400495014255,32.966786484719265,33.10418838902308,0.0,7066100
2026-05-11,0.0,32.907901763916016,0.0,33.035490864258655,32.83920080463648,33.035490864258655,0.0,7348700
2026-05-12,0.0,32.9667854309082,0.0,33.251405791537174,32.93734323633313,33.025673563979325,0.0,6277400
2026-05-13,0.0,32.79012680053711,0.0,33.0943765576451,32.71161302884805,32.95697464924833,0.0,5333300
2026-05-14,0.0,32.5251350402832,0.0,32.74105445923863,32.46625064887436,32.73123789805641,0.0,5560400
2026-05-15,0.0,32.93734359741211,0.0,32.99622798720778,32.76068294018305,32.82938389089202,0.0,8000200
2026-05-18,0.0,32.98641586303711,0.0,33.2023352806123,32.849013958733295,32.9177149108852,0.0,13451300
2026-05-19,0.0,33.202335357666016,0.0,33.300478505561905,33.02567469631653,33.15326003979696,0.0,9483100
2026-05-20,0.0,32.86864471435547,0.0,33.202336671899424,32.839198773684274,33.11400633772834,0.0,11929400
2026-05-21,0.0,32.7999382019043,0.0,33.045299811711196,32.71161161653802,32.97659886047895,0.0,11519400
2026-05-22,0.0,32.69198226928711,0.0,32.75086665958678,32.564393183769404,32.672352891213535,0.0,9627900
2026-05-26,0.0,32.49569320678711,0.0,32.584023538806065,32.417175692138635,32.50550602415758,0.0,4790800
2026-05-27,0.0,32.485877990722656,0.0,32.59383770587429,32.45643579347087,32.47606517294583,0.0,6324000
2026-05-28,0.0,32.31903076171875,0.0,32.554575804841484,32.29940138413836,32.51532079360167,0.0,8076600
2026-05-29,0.0,32.269962310791016,0.0,32.33866326700646,32.20126135457557,32.2895916902699,0.0,11545100
2026-06-01,0.0,32.191444396972656,0.0,32.3386628692931,32.10311406236465,32.319033490055624,0.0,10726200
2026-06-02,0.0,32.152183532714844,0.0,32.260143239489594,32.11292852073214,32.25033042247418,0.0,4907800
2026-06-03,0.0,32.37792205810547,0.0,32.39754769368252,32.181632007043056,32.20126138654143,0.0,6768000
2026-06-04,0.0,32.25033187866211,0.0,32.49569349825762,32.20126030352725,32.47606411941944,0.0,5077200
2026-06-05,0.0,33.104190826416016,0.0,33.18270834546848,32.4564362699187,32.48587846760269,0.0,10450600
2026-06-08,0.0,33.025672912597656,0.0,33.0845573005864,32.7606819348856,32.84901226078962,0.0,13567000
2026-06-09,0.0,33.14344787597656,0.0,33.78138583771858,32.701796213895975,32.839198121227454,0.0,20743900
2026-06-10,0.0,33.67342758178711,0.0,33.67342758178711,33.094374051731656,33.320106276136876,0.0,16106900
2026-06-11,0.0,33.11400604248047,0.0,33.72250181472183,32.99622976868829,33.506582390024064,0.0,21482100
2026-06-12,0.0,32.9471549987793,0.0,33.25140472736146,32.819565919835696,32.99622656947426,0.0,16663600
2026-06-15,0.0,32.37792205810547,0.0,32.505507408962906,32.28959172232345,32.495694591174384,0.0,7533400
2026-06-16,0.0,32.56439208984375,0.0,32.58402146725792,32.34847268220881,32.37791862029052,0.0,4860500
2026-06-17,0.0,32.976600646972656,0.0,33.05511816344662,32.495693962294,32.53495272053098,0.0,15808200
2026-06-18,0.0,32.66253662109375,0.0,32.7901257077477,32.59383566918495,32.61346504743333,0.0,10097000
2026-06-22,0.0,32.78031539916992,0.0,32.829386976585646,32.515324388419344,32.6134675432508,0.0,9420100
2026-06-23,0.0,33.2415885925293,0.0,33.30047672446984,32.986414175295444,33.25140515314651,0.0,6577500
2026-06-24,0.0,33.28122329711914,0.32,33.380302532947574,32.964165206911474,33.192050473021325,0.0,14550200
2026-06-25,0.0,33.28122329711914,0.0,33.439752342222974,33.003798413095076,33.01370482482569,0.0,18871300
2026-06-26,0.0,33.44965744018555,0.0,33.56855705406645,33.1425095534026,33.49920083578447,0.0,11548600
2026-06-29,0.0,32.954254150390625,0.0,33.35057864256065,32.92453113634854,33.1425099850051,0.0,6034500
2026-06-30,0.0,32.71646499633789,0.0,32.95425668623369,32.64710877181572,32.94435027400085,0.0,3660600
2026-07-01,0.0,32.746185302734375,0.0,32.89480793134296,32.58765626271276,32.79572491906042,0.0,4231700
2026-07-02,0.0,32.81554412841797,0.0,33.02361658092556,32.53811923124884,32.70655469606417,0.0,8387800
2026-07-06,0.0,32.54802322387695,0.0,32.71646245580151,32.48857719583456,32.66692283922269,0.0,4115200
2026-07-07,0.0,32.7065544128418,0.0,32.80563743213758,32.56784196545841,32.597568761062504,0.0,5517500
2026-07-08,0.0,32.80563735961914,0.0,33.073155841680325,32.76600415198843,32.90471659906519,0.0,7239300
2026-07-09,0.0,32.538116455078125,0.0,32.80563491722242,32.52821004372334,32.72636850786244,0.0,3994700
2026-07-10,0.0,32.42912673950195,0.0,32.71646180139439,32.399403726075285,32.53811616157359,0.0,5465200
2026-07-13,0.0,32.66692352294922,0.0,32.71646314056492,32.46876127285588,32.528211081773044,0.0,6559400
2026-07-14,0.0,32.55793380737305,0.0,32.686739835734784,32.498483998983666,32.59756701296597,0.0,8798500
2026-07-15,0.0,32.43903732299805,0.0,32.63719578774794,32.40931052958121,32.458850145768686,0.0,6993500
2026-07-16,0.0,32.61738204956055,0.0,32.736281674407884,32.45885299606153,32.53811941262643,0.0,4915300
2026-07-17,0.0,32.96416473388672,0.0,33.0632439682934,32.785819088250285,33.013704351090055,0.0,11043800
2026-07-20,0.0,33.01370620727539,0.0,33.04342922334246,32.72637111985797,32.805637535544456,0.0,7813700
2026-07-21,0.0,32.75609588623047,0.0,32.934441530845355,32.716462680842604,32.845268708537915,0.0,6660600
2026-07-22,0.0,32.78582000732422,0.0,32.845269817413076,32.6768305786433,32.82545321405012,0.0,6629800
2026-07-23,0.0,33.21186828613281,0.0,33.340674321107066,33.00379961553412,33.1623286664137,0.0,6722500
2026-07-24,0.0,33.19205093383789,0.0,33.2614071558068,32.97407207643238,33.21186753720481,0.0,7327600
2026-07-27,0.0,33.18214416503906,0.0,33.33076301924638,32.894809088755416,32.924532103670764,0.0,6465600
2026-07-28,0.0,33.11278533935547,0.0,33.320857790039135,33.023616291444824,33.19205175478367,0.0,7341100
2026-07-29,0.0,33.618099212646484,0.0,33.647822228549515,33.04342904098313,33.16232866385668,0.0,10788900
2026-07-30,0.0,33.08306121826172,0.0,33.410029501534744,33.04342801187155,33.34067328016724,0.0,10702100
2026-07-31,0.0,32.85517501831055,0.0,33.28122252583428,32.77591238741081,32.95425425184284,0.0,11146500
2026-08-03,0.0,32.389495849609375,0.0,32.77591394991999,32.34986642208551,32.75609734634273,0.0,7009600
2026-08-04,0.0,31.814828872680664,0.0,32.28050959900866,31.725656048056806,32.27059940758901,0.0,8068500
2026-08-05,0.0,31.884183883666992,0.0,31.894090295079966,31.5968488174949,31.636482022407694,0.0,7749900
2026-08-06,0.0,31.943634033203125,0.0,31.993173650059543,31.814828005672048,31.88418422519713,0.0,4754900
2026-08-07,0.0,31.775196075439453,0.0,31.913908520056,31.735562868511686,31.864368901211613,0.0,8054600
2026-08-10,0.0,31.775196075439453,0.0,31.82473569428384,31.695931551399237,31.804919090819958,0.0,7647800
2026-08-11,0.0,31.89409065246582,0.0,31.93372385782272,31.72565519914473,31.72565519914473,0.0,6081000
2026-08-12,0.0,31.80491828918457,0.0,31.864368098077804,31.715745465659992,31.72565565695747,0.0,7168700
2026-08-13,0.0,31.60675811767578,0.0,31.75537886116557,31.537401896701564,31.725655846356783,0.0,7937300
2026-08-14,0.0,31.68602180480957,0.0,31.71574481883473,31.577034270358595,31.586940681823492,0.0,4125600
2026-08-17,0.0,31.834644317626953,0.0,31.844550729055577,31.666205086296735,31.695929990028283,0.0,3682800
2026-08-18,0.0,32.062530517578125,0.0,32.072436929297425,31.97335769358217,32.00308070837063,0.0,5060400
2026-08-19,0.0,31.983264923095703,0.0,32.032808321850695,31.854462669298584,31.933725303971375,0.0,5374100
2026-08-20,0.0,32.28050994873047,0.0,32.300322772523224,32.04271448728041,32.12197712134334,0.0,5662400
2026-08-21,0.0,32.151702880859375,0.0,32.22105910079234,32.06253005814121,32.14179268965152,0.0,6417200
2026-08-24,0.0,32.25078201293945,0.0,32.31023182110665,32.18142579322631,32.19133598440276,0.0,6718700
2026-08-25,0.0,32.1616096496582,0.0,32.28050926769006,32.12197644364758,32.14179304665289,0.0,6445400
2026-08-26,0.0,32.151702880859375,0.0,32.250782115154884,32.102163263711624,32.21114890958447,0.0,4552100
2026-08-27,0.0,31.953540802001953,0.0,32.12197625712319,31.894090993331236,32.05262003682262,0.0,5570400
2026-08-28,0.0,32.032806396484375,0.0,32.08234601263107,31.795010947497623,31.933723384560544,0.0,8006200
2026-08-31,0.0,32.151702880859375,0.0,32.24087570357754,32.102163263711624,32.13188627807417,0.0,6745700
2026-09-01,0.0,32.37958908081055,0.0,32.4687619061102,32.250783048793124,32.349866065587534,0.0,7542200
2026-09-02,0.0,32.240875244140625,0.0,32.37958768202987,32.171519025196005,32.33995447702424,0.0,7620800
2026-09-03,0.0,31.904001235961914,0.0,32.14179291176659,31.85446161847182,32.112069897198644,0.0,7875500
2026-09-04,0.0,32.05261993408203,0.0,32.09225313973547,31.93372409675224,31.973357302405677,0.0,6562100
2026-09-08,0.0,32.2210578918457,0.0,32.26069109592906,32.07243526634831,32.10216205922601,0.0,7680500
2026-09-09,0.0,32.37958908081055,0.0,32.43903889088719,32.30032266737502,32.310232858869774,0.0,6973100
2026-09-10,0.0,32.57775115966797,0.0,32.63719718979448,32.4885783348476,32.57775115966797,0.0,10369600
2026-09-11,0.0,32.32013702392578,0.0,32.34986381671289,32.22105779364971,32.290414010769034,0.0,9537800
2026-09-14,0.0,32.478668212890625,0.0,32.597567832659216,32.359772372752644,32.548024434607,0.0,10535000
2026-09-15,0.0,32.627288818359375,0.0,32.676828433699605,32.498482794770474,32.498482794770474,0.0,7235700
2026-09-16,0.0,32.77591323852539,0.0,32.96416529897741,32.44894495604334,32.53811778039021,0.0,10262900
2026-09-17,0.0,32.39940643310547,0.0,32.5183022763765,32.36967963756468,32.37958982928851,0.0,8166000
2026-09-18,0.0,32.37958908081055,0.0,32.538118128050975,32.36967888931579,32.389495492674676,0.0,8405600
2026-09-21,0.0,31.884183883666992,0.0,32.201241963708455,31.824734076297798,32.191335552295484,0.0,9202200
2026-09-22,0.0,31.904001235961914,0.0,31.923817838884062,31.824734824273328,31.85446161847182,0.0,9897800
2026-09-23,0.0,32.130001068115234,0.296,32.189998626708984,31.920000076293945,31.93000030517578,0.0,9366400
2026-09-24,0.0,32.15999984741211,0.0,32.33000183105469,32.09000015258789,32.290000915527344,0.0,11758600
2026-09-25,0.0,32.0099983215332,0.0,32.220001220703125,31.969999313354492,32.119998931884766,0.0,10176700
