Date,Capital Gains,Close,Dividends,High,Low,Open,Stock Splits,Volume
2020-01-02,0.0,80.87831115722656,0.0,80.87831115722656,79.84007673625617,80.23769750732113,0.0,1275300
2020-01-03,0.0,79.36988830566406,0.0,80.0641465845823,79.19632193020858,79.63181246184975,0.0,1235100
2020-01-06,0.0,78.54304504394531,0.0,78.79550707584485,78.02865898083893,78.3726351587107,0.0,1615200
2020-01-07,0.0,79.98838806152344,0.0,80.30396387068004,79.05113708141383,79.52134077554501,0.0,1146600
2020-01-08,0.0,79.91580200195312,0.0,80.45543220858741,79.57498216377341,80.14617645070365,0.0,1297800
2020-01-09,0.0,80.4207534790039,0.0,81.02665401423565,79.66337419851217,81.02665401423565,0.0,639600
2020-01-10,0.0,79.95368194580078,0.0,80.93195909649116,79.72015828192521,80.93195909649116,0.0,1952100
2020-01-13,0.0,80.88776397705078,0.0,81.00136576122813,80.26608168013261,80.51223091735159,0.0,950100
2020-01-14,0.0,81.06449890136719,0.0,81.74613866143685,80.64163407119216,81.10236857947135,0.0,896400
2020-01-15,0.0,80.20612335205078,0.0,81.2159571034624,79.87477278094708,81.17808743492188,0.0,1516500
2020-01-16,0.0,81.47473907470703,0.0,81.5062959335575,80.76785532439371,80.82466344864615,0.0,1708500
2020-01-17,0.0,82.08695220947266,0.0,82.08695220947266,81.44318217716611,81.970193998652,0.0,1016700
2020-01-21,0.0,82.03961181640625,0.0,82.32362351575085,81.69563559103335,81.76506211767561,0.0,1653300
2020-01-22,0.0,82.59188842773438,0.0,83.51020840202165,82.40254723058189,82.64238374738392,0.0,1251300
2020-01-23,0.0,83.21671295166016,0.0,83.29245230655113,82.15322724353157,82.90744993827407,0.0,1077300
2020-01-24,0.0,82.33311462402344,0.0,84.5515932126231,81.7587710340914,84.43167857449475,0.0,1626300
2020-01-27,0.0,79.19001007080078,0.0,80.15881815326432,79.02906932903196,79.9978774114955,0.0,3212100
2020-01-28,0.0,81.02666473388672,0.0,81.31067658446717,79.64129709407511,80.08624971560833,0.0,2410500
2020-01-29,0.0,79.5371322631836,0.0,80.94143069606456,79.48979335817182,80.73946388771257,0.0,1242300
2020-01-30,0.0,79.54027557373047,0.0,79.77379920600144,77.97818586330978,79.09847235034985,0.0,1741800
2020-01-31,0.0,76.70327758789062,0.0,78.87442440841888,76.33721364736263,78.8113106831109,0.0,2155500
2020-02-03,0.0,77.56163787841797,0.0,77.75097904881497,76.88631092527157,76.9368062377857,0.0,1719300
2020-02-04,0.0,79.98524475097656,0.0,80.10516661171212,79.23102920571321,79.62865002324574,0.0,2465100
2020-02-05,0.0,81.82817840576172,0.0,81.96703146341932,80.6195341900348,81.50944621015651,0.0,2009100
2020-02-06,0.0,81.87553405761719,0.0,81.91656014992236,80.88779477085225,81.79980191363484,0.0,1068600
2020-02-07,0.0,79.9442367553711,0.0,81.055054402324,79.84640251911554,80.91304488449303,0.0,1550700
2020-02-10,0.0,81.06449890136719,0.0,81.1086813963058,79.19946600932987,79.19946600932987,0.0,1212900
2020-02-11,0.0,82.70232391357422,0.0,83.18199684766613,81.85027425734546,81.85027425734546,0.0,1132500
2020-02-12,0.0,83.97723388671875,0.0,84.10031213336478,83.55121269284106,83.62695204109987,0.0,1554900
2020-02-13,0.0,84.06558990478516,0.0,84.61153287901799,83.18198353037491,83.28296690965318,0.0,1681800
2020-02-14,0.0,83.78471374511719,0.0,85.00282691345724,83.36499825765189,84.72512085997042,0.0,1366800
2020-02-18,0.0,82.7086410522461,0.0,82.84118131426324,82.0774966034548,82.51298706764008,0.0,2409900
2020-02-19,0.0,84.7945785522461,0.0,84.95236285751722,83.75950050844307,83.75950050844307,0.0,1575300
2020-02-20,0.0,83.56383514404297,0.0,84.75354092268509,82.33309606184578,84.52948651742577,0.0,2301300
2020-02-21,0.0,81.0802993774414,0.0,83.0557925674142,80.75841065182446,82.98320960312104,0.0,2479200
2020-02-24,0.0,77.19558715820312,0.0,78.37583132393968,76.68435724316687,77.27448293748711,0.0,3786600
2020-02-25,0.0,74.89505767822266,0.0,78.34743246239461,74.4469414883202,78.230666995591,0.0,5127600
2020-02-26,0.0,74.99600219726562,0.0,76.64329295396634,74.5384170175208,75.5103882649621,0.0,4525200
2020-02-27,0.0,71.5341796875,0.0,74.25758221838224,71.4047958388013,72.76491890009233,0.0,4172100
2020-02-28,0.0,73.14678192138672,0.0,73.62644775141214,68.83288807696276,69.04116773596401,0.0,4788900
2020-03-02,0.0,75.73760986328125,0.0,75.73760986328125,72.04855634574778,74.44375710200984,0.0,4137600
2020-03-03,0.0,73.07101440429688,0.0,77.06617440326119,72.58187231266848,76.07527181162185,0.0,2729700
2020-03-04,0.0,76.80426025390625,0.0,76.80426025390625,73.5885733652811,74.68360876777231,0.0,3355800
2020-03-05,0.0,74.49110412597656,0.0,76.41925784676123,73.86942171765419,74.90135052055655,0.0,3548700
2020-03-06,0.0,72.86274719238281,0.0,73.55069975608794,71.10815973700147,72.2284463478386,0.0,4851600
2020-03-09,0.0,66.6396255493164,0.0,70.30343484244419,66.2704052976331,67.04987187849808,0.0,6082500
2020-03-10,0.0,71.01351165771484,0.0,71.07662539904278,66.93314110784942,69.42617722773149,0.0,3859500
2020-03-11,0.0,67.03409576416016,0.0,69.76696726174578,66.2988116035343,68.7665953892649,0.0,2262900
2020-03-12,0.0,59.68439865112305,0.0,64.90713849360367,59.5834188648229,62.35415309778166,0.0,5859900
2020-03-13,0.0,66.08736419677734,0.0,66.32720060321584,59.69385142827295,63.24404780154358,0.0,4420200
2020-03-16,0.0,56.023746490478516,0.0,62.12693983394433,55.43046814898055,59.32780164673704,0.0,4817100
2020-03-17,0.0,60.95301055908203,0.0,61.53682337360579,55.01076426516622,57.516418254001174,0.0,4079100
2020-03-18,0.0,55.944862365722656,0.0,58.945964159488874,52.9500697778175,56.90104833584347,0.0,4131600
2020-03-19,0.0,57.38387680053711,0.0,59.16686484830451,53.76740177877945,54.91924534077415,0.0,2945100
2020-03-20,0.0,55.74919891357422,0.0,60.517513464281684,55.46518355894275,59.46980981016474,0.0,2942700
2020-03-23,0.0,57.74047088623047,0.0,58.66825631793663,55.00760267926754,56.364569363357035,0.0,2787600
2020-03-24,0.0,63.98566818237305,0.0,64.17185293239754,61.177064330381874,61.363249080406376,0.0,5754600
2020-03-25,0.0,63.151588439941406,0.232,66.66018155077036,62.239607323660834,64.55438932904478,0.0,2496000
2020-03-26,0.0,67.39799499511719,0.0,67.67348313149871,64.22188712485048,64.80771072620395,0.0,3301800
2020-03-27,0.0,64.05406188964844,0.0,66.22635231040287,63.8355702841257,65.2700366007796,0.0,2500800
2020-03-30,0.0,66.28335571289062,0.0,66.4796908722459,64.25039642357777,64.72538704720753,0.0,3341400
2020-03-31,0.0,64.98188018798828,0.0,67.41066236223696,64.41505297309433,66.29285158188911,0.0,4342200
2020-04-01,0.0,61.425785064697266,0.0,64.34855423839707,60.773459403777636,62.84442223896762,0.0,2938800
2020-04-02,0.0,63.2560920715332,0.0,63.40491803181447,60.767138424205406,60.896967947265615,0.0,3537900
2020-04-03,0.0,62.059120178222656,0.0,63.959083004487006,61.24213558310635,63.157927567438634,0.0,3110400
2020-04-06,0.0,68.38912963867188,0.0,68.69945782597782,64.75386797674203,64.75386797674203,0.0,5011800
2020-04-07,0.0,68.14533233642578,0.0,71.05228048935098,68.0661720477902,70.77995228158743,0.0,6696300
2020-04-08,0.0,70.42526245117188,0.0,70.684928682768,68.32263784449465,69.29162260925341,0.0,3915900
2020-04-09,0.0,68.90213012695312,0.0,71.98006695554469,68.2276443950946,71.4290834090363,0.0,6792300
2020-04-13,0.0,69.68112182617188,0.0,69.89011885658257,68.08515306859567,68.63931120246208,0.0,3968100
2020-04-14,0.0,72.89523315429688,0.0,72.89523315429688,71.19794017476467,71.36892986211387,0.0,5871300
2020-04-15,0.0,70.72610473632812,0.0,71.36576499508291,70.06112072684716,71.36576499508291,0.0,3620400
2020-04-16,0.0,72.7115707397461,0.0,72.86673126218483,71.0522707188847,72.00858659583261,0.0,3338100
2020-04-17,0.0,73.27521514892578,0.0,74.13970152601537,72.37273590161332,73.99086833448033,0.0,2772600
2020-04-20,0.0,71.68240356445312,0.0,73.24670650323681,71.58740690678124,72.17323050076178,0.0,2713200
2020-04-21,0.0,68.17063903808594,0.0,70.92874543780904,67.94897293781098,70.56458798482007,0.0,3653100
2020-04-22,0.0,72.29673767089844,0.0,72.63873149464158,70.03578494529134,70.39360792410282,0.0,3341100
2020-04-23,0.0,71.57474517822266,0.0,73.04405161107081,71.3214207316033,72.29990017745473,0.0,2933100
2020-04-24,0.0,73.06305694580078,0.0,73.22455200895149,70.92875929674025,71.52725208619957,0.0,2887200
2020-04-27,0.0,74.03838348388672,0.0,74.77620051647712,73.69638960870317,74.00671792120548,0.0,3212400
2020-04-28,0.0,73.65523529052734,0.0,75.7958610479429,73.57290771204059,75.41903426207415,0.0,4094100
2020-04-29,0.0,77.1511459350586,0.0,77.46464149601309,74.82369470495102,74.96302606537525,0.0,3975900
2020-04-30,0.0,74.42787170410156,0.0,76.91999278691684,74.30120945401495,76.82499609935188,0.0,5172300
2020-05-01,0.0,70.79891204833984,0.0,72.86670353792283,70.45691832514508,72.47088055642757,0.0,6033600
2020-05-04,0.0,71.38790130615234,0.0,71.47656339078402,69.84576230546408,70.12442492541982,0.0,3381300
2020-05-05,0.0,72.58805084228516,0.0,73.94018938683976,72.15422048909177,72.71788032115569,0.0,4506300
2020-05-06,0.0,73.47786712646484,0.0,74.60834692046305,73.26571009890986,73.37970318887245,0.0,4407900
2020-05-07,0.0,74.13970184326172,0.0,75.0580174969144,73.76920975086124,74.77618751504906,0.0,2825700
2020-05-08,0.0,76.32781982421875,0.0,76.40698733924789,74.70335286037839,74.91551716207648,0.0,3885600
2020-05-11,0.0,76.25498962402344,0.0,76.93897726461273,75.4728452778806,75.61216938264734,0.0,3498300
2020-05-12,0.0,74.23152923583984,0.0,77.02764352018383,74.16819812319382,76.77114454140803,0.0,3764100
2020-05-13,0.0,72.80020904541016,0.0,74.93449902572642,71.69823484903617,74.59250528428419,0.0,6889500
2020-05-14,0.0,74.7477035522461,0.0,74.82053652203142,70.96677442009371,72.17958940984359,0.0,6521700
2020-05-15,0.0,73.20238494873047,0.0,73.452549381766,71.79958404915938,72.24290911218769,0.0,5657100
2020-05-18,0.0,76.56532287597656,0.0,76.97381511862605,74.94085574761196,74.94085574761196,0.0,4940700
2020-05-19,0.0,76.31517791748047,0.0,78.08214397157144,76.28667238620923,76.58117156041318,0.0,4308000
2020-05-20,0.0,79.12711334228516,0.0,79.64327141252079,77.88580014899831,77.88580014899831,0.0,3791100
2020-05-21,0.0,77.13529968261719,0.0,79.21258601012848,77.008630225355,79.15242218540264,0.0,3809700
2020-05-22,0.0,77.47730255126953,0.0,77.60713931595056,76.2549931275564,77.21130895610409,0.0,2462400
2020-05-26,0.0,78.29110717773438,0.0,79.93457769527241,78.1866086752896,79.55141651964159,0.0,4310400
2020-05-27,0.0,79.49759674072266,0.0,79.49759674072266,76.30882651492308,78.53177910982163,0.0,5297400
2020-05-28,0.0,77.76228332519531,0.0,79.97574094737877,77.33479474481291,78.91492682478052,0.0,4460100
2020-05-29,0.0,79.75408935546875,0.0,79.96625366817688,77.77813388765529,78.01878923009237,0.0,6282000
2020-06-01,0.0,79.32344055175781,0.0,79.69709996915769,78.61728912052381,79.34243698921306,0.0,2780100
2020-06-02,0.0,81.03657531738281,0.0,81.09674641023302,79.18094722907136,79.55143939051646,0.0,3159900
2020-06-03,0.0,83.3766860961914,0.0,83.756672775204,82.21770788097157,82.23987159624625,0.0,1781700
2020-06-04,0.0,84.13667297363281,0.0,84.76049680607386,82.79720316037093,83.06002947394704,0.0,1948500
2020-06-05,0.0,86.19812774658203,0.0,87.44893540328547,85.7421408136367,86.1474657530466,0.0,2878200
2020-06-08,0.0,86.02080535888672,0.0,86.84728441042238,85.1721553428968,86.71112033418763,0.0,2531400
2020-06-09,0.0,86.08729553222656,0.0,86.39445649456881,84.77631688974273,85.15314352386491,0.0,1958400
2020-06-10,0.0,86.39129638671875,0.0,87.21144086671926,86.03663343770636,86.6604572551839,0.0,2579400
2020-06-11,0.0,80.90354919433594,0.0,84.4754799481037,80.81488709939703,84.19998457569112,0.0,3992100
2020-06-12,0.0,82.00553894042969,0.0,83.6521695330332,80.17524233179928,82.97451651355952,0.0,4613400
2020-06-15,0.0,83.11089324951172,0.187667,83.24100564629823,79.92152338308004,80.2007860034815,0.0,2132400
2020-06-16,0.0,84.7325439453125,0.0,86.09715142676586,83.22195317135768,85.55448261563656,0.0,3384300
2020-06-17,0.0,85.39262390136719,0.0,86.16060864465263,84.8816897116576,85.53859991016127,0.0,1371300
2020-06-18,0.0,85.23394775390625,0.0,85.69093541415461,84.85630009545227,85.2783790265398,0.0,1340400
2020-06-19,0.0,84.82141876220703,0.0,86.57319688478655,84.58975430788772,86.3034495078487,0.0,2271300
2020-06-22,0.0,85.44656372070312,0.0,85.64649352741824,83.91376127231565,84.73252558376132,0.0,1286100
2020-06-23,0.0,85.751220703125,0.0,86.64297665541595,85.59889634252279,86.27802576255928,0.0,1177800
2020-06-24,0.0,83.86933898925781,0.0,85.73535798205812,83.2219440518722,85.2847259552722,0.0,1974000
2020-06-25,0.0,84.4691390991211,0.0,84.63416020524652,82.4888712984708,83.76779031862229,0.0,1376400
2020-06-26,0.0,82.88555145263672,0.0,84.65636675948842,82.67927326736849,84.57385984352442,0.0,1637700
2020-06-29,0.0,83.7900161743164,0.0,83.82175072554406,81.8636947760041,82.90778257575602,0.0,2664900
2020-06-30,0.0,85.960693359375,0.0,86.28121306029574,84.1010224670045,84.1708399339805,0.0,4086000
2020-07-01,0.0,84.85945129394531,0.0,86.07173394277656,84.78011857720922,86.03999940336803,0.0,1909200
2020-07-02,0.0,85.8971939086914,0.0,86.69691305125653,85.63696195845816,86.17011531707234,0.0,1787400
2020-07-06,0.0,88.16627502441406,0.0,88.50266562400675,87.31260179957104,87.58552329700358,0.0,2312700
2020-07-07,0.0,87.1253662109375,0.0,88.52170820969633,86.98573128470431,87.98220632944408,0.0,1893000
2020-07-08,0.0,88.30589294433594,0.0,88.38205875768564,87.09995844487133,87.78861041872912,0.0,1610700
2020-07-09,0.0,89.47691345214844,0.0,90.01958217313067,87.37605602142027,88.73114073341347,0.0,2007900
2020-07-10,0.0,89.17543029785156,0.0,89.82282518891702,88.31224195214548,89.71492482981081,0.0,966000
2020-07-13,0.0,87.70926666259766,0.0,91.41275109448534,87.54107140241462,90.43848099413931,0.0,2951700
2020-07-14,0.0,89.15957641601562,0.0,89.38171825672502,85.95433615505745,87.09045333554596,0.0,3124200
2020-07-15,0.0,89.00408172607422,0.0,89.87680008269736,87.63947417169396,89.87362590107567,0.0,2247000
2020-07-16,0.0,88.67086029052734,0.0,88.95647851178133,87.58234849003651,87.9695187267361,0.0,1344600
2020-07-17,0.0,89.11833190917969,0.0,89.48010872056935,88.68356344646281,88.96283332508047,0.0,1340400
2020-07-20,0.0,90.87960052490234,0.0,91.1334841452482,88.68036535098764,89.26746532138549,0.0,1783200
2020-07-21,0.0,90.41629028320312,0.0,91.6729973912046,90.04499095108268,91.55240028624752,0.0,1593900
2020-07-22,0.0,90.7145767211914,0.0,91.4032286663715,89.9783265923287,90.6638043567871,0.0,1240500
2020-07-23,0.0,89.3277587890625,0.0,91.46987320086879,88.54072902132688,90.76218342513133,0.0,2006100
2020-07-24,0.0,87.92507934570312,0.0,89.17861214780326,86.5636461752177,87.74736151916102,0.0,2717400
2020-07-27,0.0,90.66381072998047,0.0,90.70188637417449,88.97232820141254,89.0357972931652,0.0,2324400
2020-07-28,0.0,88.91205596923828,0.0,90.11799081085036,88.73433810885749,90.0005678766567,0.0,1822500
2020-07-29,0.0,90.74315643310547,0.0,91.11445575742997,89.60704645391527,89.70225010515205,0.0,1452000
2020-07-30,0.0,92.52983093261719,0.0,92.61551202861875,90.45753382433932,90.47974582769407,0.0,2717400
2020-07-31,0.0,92.15536499023438,0.0,92.80593413827482,90.74950050367445,92.76150286436994,0.0,1928400
2020-08-03,0.0,93.82779693603516,0.0,94.05312022709325,92.70438371633855,92.71707317797674,0.0,1654200
2020-08-04,0.0,95.2051010131836,0.0,95.28761519985274,93.7801986792864,93.82779687164933,0.0,1452900
2020-08-05,0.0,95.10671997070312,0.0,95.52879164297384,94.44345410917408,95.05594033518229,0.0,1741500
2020-08-06,0.0,95.05593872070312,0.0,95.21144454224525,94.09119829791817,95.03372671629957,0.0,1096200
2020-08-07,0.0,93.99915313720703,0.0,95.30029127186437,92.85669499099242,94.9480370962936,0.0,1364700
2020-08-10,0.0,93.99600219726562,0.0,94.3958618900513,92.63456892209949,94.28161315058125,0.0,1326900
2020-08-11,0.0,93.01537322998047,0.0,94.85918018292966,92.72976230828117,93.88809142743656,0.0,2116500
2020-08-12,0.0,96.02067565917969,0.0,96.27455927690876,93.50408780166413,93.80556960401195,0.0,1945800
2020-08-13,0.0,95.06546783447266,0.0,96.11907087483533,94.59261650203162,96.02069304343114,0.0,1522200
2020-08-14,0.0,95.00833129882812,0.0,96.11905489180828,94.67194076646025,95.3701080142722,0.0,1088700
2020-08-17,0.0,96.07780456542969,0.0,96.53161802976324,95.57321873137093,95.79219364268792,0.0,928500
2020-08-18,0.0,95.5700454711914,0.0,96.69346587737378,95.29712400646508,96.62364842064973,0.0,1020300
2020-08-19,0.0,95.0273666381836,0.0,95.8620018492128,94.73858156225177,95.68745822592587,0.0,1197600
2020-08-20,0.0,94.1832275390625,0.0,94.61799592770122,93.48188604391748,93.93569225577563,0.0,1899300
2020-08-21,0.0,94.82109069824219,0.0,94.89408233001954,93.64054965722895,93.99915219089877,0.0,1239300
2020-08-24,0.0,95.80805206298828,0.0,96.15079096245739,95.05910517356644,95.91912660312056,0.0,1043700
2020-08-25,0.0,96.73790740966797,0.0,96.81407323664055,95.80489418818642,95.9984829370395,0.0,1089900
2020-08-26,0.0,97.0489273071289,0.0,97.39484050156645,96.55385661636028,96.95689055835797,0.0,1019700
2020-08-27,0.0,95.94452667236328,0.0,97.47415521782735,95.33521459925025,97.47415521782735,0.0,1660200
2020-08-28,0.0,97.71533966064453,0.0,97.75342257218868,95.89375185048087,96.06194713938348,0.0,1711200
2020-08-31,0.0,97.49636840820312,0.0,98.31513281731777,96.87118546736721,97.64869278519735,0.0,1013400
2020-09-01,0.0,99.43220520019531,0.0,99.49884847726358,97.76611600991629,98.27705022196379,0.0,1414200
2020-09-02,0.0,102.31375885009766,0.0,102.90403314786407,100.03518311718652,100.9999309450255,0.0,2971800
2020-09-03,0.0,96.60779571533203,0.0,100.89519963633205,95.93501452060849,100.66987633522739,0.0,3921000
2020-09-04,0.0,95.6049575805664,0.0,97.25200897042615,92.19661333203824,95.96356742012348,0.0,3466800
2020-09-08,0.0,91.13665008544922,0.0,93.86268281132432,91.00336355748026,92.1712077674736,0.0,3036000
2020-09-09,0.0,93.61835479736328,0.0,94.39903636053353,92.21883860475458,93.44698531941991,0.0,1914600
2020-09-10,0.0,92.34896087646484,0.0,95.16385720653902,91.80629201546569,94.88458732168009,0.0,1914000
2020-09-11,0.0,92.32353210449219,0.0,93.95471211689815,91.31752759935694,92.99313887210883,0.0,1524300
2020-09-14,0.0,94.17053985595703,0.0,94.76081412244558,93.4469862869914,94.17371403739375,0.0,1155600
2020-09-15,0.0,95.79537963867188,0.0,96.45546410794438,95.29396066025272,95.45898904114395,0.0,1259700
2020-09-16,0.0,94.89727020263672,0.0,96.59826819040799,94.7512869180195,96.48401945502417,0.0,1217400
2020-09-17,0.0,94.84965515136719,0.0,95.00198678313473,92.15535660251989,92.4790504246679,0.0,1714800
2020-09-18,0.0,93.36445617675781,0.0,95.52561576155398,92.14900638237509,95.28442885850035,0.0,1210800
2020-09-21,0.0,93.19627380371094,0.0,93.19627380371094,90.8193204341008,91.60635034293725,0.0,2331600
2020-09-22,0.0,94.1578369140625,0.0,94.28794928004892,92.15853144595961,93.79288600038967,0.0,1096200
2020-09-23,0.0,91.9853744506836,0.356333,94.6894233465286,91.64458179799644,94.18301285653156,0.0,1896000
2020-09-24,0.0,92.76249694824219,0.0,94.05241172306141,91.15726756695871,91.22415182076898,0.0,2350500
2020-09-25,0.0,94.03650665283203,0.0,94.33271466986135,91.53311771497357,92.92495204360726,0.0,1614300
2020-09-28,0.0,96.6258773803711,0.0,96.72143257016029,94.75311083993512,95.37099746539532,0.0,1836000
2020-09-29,0.0,96.85202026367188,0.0,97.75973629328011,96.56218360052925,96.70869476167114,0.0,1915500
2020-09-30,0.0,97.01763153076172,0.0,97.97312509305152,96.45070816920688,96.78831511696663,0.0,1947600
2020-10-01,0.0,99.09424591064453,0.0,99.28216335598134,97.88395783769096,98.33621939051488,0.0,2045400
2020-10-02,0.0,96.12265014648438,0.0,98.12600678435774,95.98888163201109,96.53351266660584,0.0,2008500
2020-10-05,0.0,99.12610626220703,0.0,99.21529015089145,96.8679547462592,96.99854491970147,0.0,1540200
2020-10-06,0.0,98.65470123291016,0.0,101.03069228440587,98.25021006458566,99.2057035389964,0.0,1888800
2020-10-07,0.0,100.54338836669922,0.0,100.85233162252155,100.04334205633741,100.0592703483141,0.0,1249200
2020-10-08,0.0,101.7887191772461,0.0,101.99574325040425,101.14535463706606,101.46385489342553,0.0,979800
2020-10-09,0.0,103.57870483398438,0.0,103.86853423124764,102.86845587338877,103.26020450208063,0.0,1967400
2020-10-12,0.0,105.11705780029297,0.0,105.65531764072759,104.42591545686398,104.94825428897609,0.0,1591500
2020-10-13,0.0,104.92912292480469,0.0,105.82410359720119,104.45456177606158,105.29539353353061,0.0,2298900
2020-10-14,0.0,104.50550842285156,0.0,105.68713261825833,103.90991419233356,105.36544670843607,0.0,1562400
2020-10-15,0.0,104.22525787353516,0.0,104.42909634164815,102.3429340580573,102.5563295046302,0.0,1207200
2020-10-16,0.0,103.7283935546875,0.0,105.13615611694173,103.6455882803422,104.94506029321711,0.0,865800
2020-10-19,0.0,103.20603942871094,0.0,105.19664600388893,102.81109794048677,104.57875943686086,0.0,1208700
2020-10-20,0.0,103.03726196289062,0.0,103.95134940932267,102.7952028709328,103.67106969338849,0.0,1048800
2020-10-21,0.0,102.34610748291016,0.0,103.48951124741494,102.2632949258344,103.28248714456333,0.0,1074300
2020-10-22,0.0,102.38751220703125,0.0,102.91940063222371,101.1453676087795,102.47350313206957,0.0,905100
2020-10-23,0.0,102.0276107788086,0.0,102.0276107788086,101.06256015117114,101.99576147646503,0.0,786000
2020-10-26,0.0,99.81723022460938,0.0,101.51800763770005,98.51457270822657,101.15492270013337,0.0,1671300
2020-10-27,0.0,99.42547607421875,0.0,100.75361888553755,99.08150508469635,100.50837416731113,0.0,890100
2020-10-28,0.0,96.17044067382812,0.0,97.85847562626563,96.01118686673298,97.85847562626563,0.0,1481100
2020-10-29,0.0,98.6101303100586,0.0,99.63887957251777,96.0525926208123,96.18636115254128,0.0,1504500
2020-10-30,0.0,97.29474639892578,0.0,98.20564822139234,96.00801693084868,97.5686548065714,0.0,1337100
2020-11-02,0.0,97.64189910888672,0.0,98.65472005221943,96.80424568475236,98.2056368672057,0.0,1456200
2020-11-03,0.0,99.4828109741211,0.0,100.32682838002812,98.48272543344933,98.50183209799313,0.0,1385100
2020-11-04,0.0,102.9608154296875,0.0,103.49588955821243,100.39053509546629,101.60401615244882,0.0,3026700
2020-11-05,0.0,107.58540344238281,0.0,107.8529405118588,105.8400338821842,105.93558908400139,0.0,2808600
2020-11-06,0.0,109.34030151367188,0.0,109.7384213548511,106.98341718262442,107.33058106661684,0.0,2016000
2020-11-09,0.0,108.06632995605469,0.0,112.67499469957905,108.0599586376419,112.2768747768356,0.0,1920900
2020-11-10,0.0,104.82402801513672,0.0,107.55674059915387,104.55330528426049,107.09810770230311,0.0,1862100
2020-11-11,0.0,108.60140991210938,0.0,108.79250572292591,106.43243528116842,106.44199225866063,0.0,1670400
2020-11-12,0.0,107.26052856445312,0.0,109.0313759362082,106.69041951803669,108.77338858034449,0.0,1203600
2020-11-13,0.0,108.575927734375,0.0,109.48046542697324,107.79879454245808,108.53770711315441,0.0,1070700
2020-11-16,0.0,111.27679443359375,0.0,111.27679443359375,109.16515425022986,109.46454062119317,0.0,1456200
2020-11-17,0.0,110.35951232910156,0.0,110.91370037434122,109.54097289762467,110.88185107322244,0.0,1371600
2020-11-18,0.0,109.53778076171875,0.0,111.3149993604459,109.467710845433,110.55378725802464,0.0,1361100
2020-11-19,0.0,111.15574645996094,0.0,111.26085132833386,108.64597954374258,109.14602590565414,0.0,1056300
2020-11-20,0.0,110.63661193847656,0.0,112.13355103616269,110.50602906831182,111.19398567095728,0.0,1369500
2020-11-23,0.0,112.21318817138672,0.0,112.60493681760722,110.77357622935364,111.13028991039548,0.0,1374900
2020-11-24,0.0,112.8246841430664,0.0,113.02533692091663,111.08568611186028,113.01896560292059,0.0,1824600
2020-11-25,0.0,112.57626342773438,0.0,113.44258050357747,112.11125923185693,112.99031165494712,0.0,974100
2020-11-27,0.0,113.9171371459961,0.0,114.5827941104595,113.28969351159212,113.28969351159212,0.0,1713300
2020-11-30,0.0,115.2357177734375,0.0,115.36948630053328,112.66543753596937,114.10823498088875,0.0,1874100
2020-12-01,0.0,117.13714599609375,0.0,117.87925149012314,115.87270903980313,116.25172228975967,0.0,2005200
2020-12-02,0.0,117.48112487792969,0.0,118.06079091787475,116.69124907242686,116.80909659184726,0.0,2141400
2020-12-03,0.0,117.63401794433594,0.0,118.8538630783732,117.47477142117555,118.16272077513156,0.0,1096800
2020-12-04,0.0,120.84127044677734,0.0,120.91452602146069,117.97478979649497,118.16269993169378,0.0,1624500
2020-12-07,0.0,121.45279693603516,0.0,121.53878786435183,120.29665050858185,121.52605251747414,0.0,1657800
2020-12-08,0.0,121.84455108642578,0.0,122.31911226796578,120.77121716906291,121.36680424556178,0.0,1203000
2020-12-09,0.0,118.41114044189453,0.0,122.19170869053848,117.69133455876248,121.38272622049364,0.0,1949400
2020-12-10,0.0,118.24553680419922,0.0,119.2615435024121,117.00339201765316,117.39833361243177,0.0,1967400
2020-12-11,0.0,117.09575653076172,0.0,117.9174817007195,115.80901985580547,117.4078782539117,0.0,1605900
2020-12-14,0.0,118.40327453613281,0.249,119.1181615643765,117.92455508746289,118.18625982512611,0.0,1313400
2020-12-15,0.0,120.05326080322266,0.0,120.45219123574199,119.21071721693224,119.99900895252189,0.0,1102500
2020-12-16,0.0,120.12348937988281,0.0,120.61816961022379,119.17243466081585,120.61816961022379,0.0,1342500
2020-12-17,0.0,120.34368896484375,0.0,120.91176655031568,119.81709465172835,120.91176655031568,0.0,1240200
2020-12-18,0.0,119.6288070678711,0.0,120.72666385358875,119.0064702996966,120.50326484445603,0.0,1160100
2020-12-21,0.0,119.09580993652344,0.0,119.197936642908,117.1171040872376,118.11603344504482,0.0,1799700
2020-12-22,0.0,118.92030334472656,0.0,119.20115367208484,117.92775806848883,119.12455680013628,0.0,668700
2020-12-23,0.0,118.02669525146484,0.0,119.31285946361523,117.92456852150997,119.11817513440006,0.0,1257000
2020-12-24,0.0,119.07984924316406,0.0,119.13410108509039,118.29793461877722,118.65538172162137,0.0,574200
2020-12-28,0.0,118.94903564453125,0.0,120.54158014934751,118.77350417473424,120.47775185209049,0.0,1108500
2020-12-29,0.0,118.64265441894531,0.0,119.5617950400005,117.32777543641316,119.5617950400005,0.0,1334700
2020-12-30,0.0,120.63092803955078,0.0,120.83198935020532,119.18838526931715,119.30008843235183,0.0,1159800
2020-12-31,0.0,121.01388549804688,0.0,121.20217819797205,119.87772309537549,120.75538022754792,0.0,1193100
2021-01-04,0.0,120.5064468383789,0.0,124.3968383909611,119.63517397539113,121.79898782975266,0.0,2487600
2021-01-05,0.0,122.97025299072266,0.0,122.97025299072266,120.31815049951632,120.41070808682362,0.0,1670700
2021-01-06,0.0,122.57135009765625,0.0,124.98090112124856,121.45752515880757,121.62667233310457,0.0,3215100
2021-01-07,0.0,127.19580841064453,0.0,127.50856566123427,124.36496668374225,124.36496668374225,0.0,1809000
2021-01-08,0.0,127.26277923583984,0.0,129.60850166322302,125.76917686115858,129.0180790491696,0.0,2119800
2021-01-11,0.0,128.5521240234375,0.0,129.57020635576183,126.06279168237337,126.15852680547698,0.0,1627500
2021-01-12,0.0,129.33087158203125,0.0,130.5819295880274,128.20428533037435,129.3787464574972,0.0,4503900
2021-01-13,0.0,129.54147338867188,0.0,130.81166930478673,129.03403199018166,130.52763419021753,0.0,1200000
2021-01-14,0.0,132.28616333007812,0.0,133.8052884218712,131.1499933947161,131.1499933947161,0.0,1748400
2021-01-15,0.0,129.5957794189453,0.0,132.28618109982918,128.85216288971472,132.1393716204139,0.0,2403900
2021-01-19,0.0,134.04144287109375,0.0,134.13080831321088,131.41805508696208,131.72762738031867,0.0,2517000
2021-01-20,0.0,133.562744140625,0.0,135.95315686535878,133.2499869587601,135.49677506396313,0.0,1851000
2021-01-21,0.0,135.49354553222656,0.0,136.03609321926976,133.4414422158433,134.82972557359045,0.0,2540400
2021-01-22,0.0,133.19570922851562,0.0,134.97334670376912,133.12549665347274,134.39250784431113,0.0,1668300
2021-01-25,0.0,133.38720703125,0.0,134.65421834505992,130.81807811270144,134.30953972588324,0.0,1683300
2021-01-26,0.0,131.22019958496094,0.0,133.46060328531968,131.20743100485143,133.46060328531968,0.0,1224900
2021-01-27,0.0,124.40962982177734,0.0,128.951080921172,123.90218830492766,128.93512749984419,0.0,5391300
2021-01-28,0.0,127.13829803466797,0.0,128.9638248983334,125.91597692882034,126.91490635061672,0.0,3369900
2021-01-29,0.0,124.92024230957031,0.0,128.0223496798777,124.50535113559046,127.56596792756399,0.0,2761800
2021-02-01,0.0,129.854248046875,0.0,130.24998635688385,126.62768350924516,127.04895897836121,0.0,1923300
2021-02-02,0.0,131.9606475830078,0.0,132.126609944769,130.1798100819864,132.02129104811965,0.0,2429400
2021-02-03,0.0,129.27980041503906,0.0,132.84465945607172,128.9351217953192,132.46487454536782,0.0,2767800
2021-02-04,0.0,130.33937072753906,0.0,130.44150476943724,127.9649259133967,128.87130527162944,0.0,1832400
2021-02-05,0.0,129.44894409179688,0.0,131.31274769475212,129.25425977176033,131.31274769475212,0.0,1462800
2021-02-08,0.0,133.33297729492188,0.0,133.43191189943107,130.3138648274893,130.32023450964613,0.0,1947300
2021-02-09,0.0,132.94036865234375,0.0,133.87865448287974,132.19993731776648,132.94675294051729,0.0,1383300
2021-02-10,0.0,133.20208740234375,0.0,134.7403650838117,131.4914631312479,134.04143881489696,0.0,2220300
2021-02-11,0.0,137.81378173828125,0.0,137.9127163294415,134.30316695369507,134.30316695369507,0.0,2112600
2021-02-12,0.0,139.51803588867188,0.0,139.78930252631008,136.70636186454786,137.4084732033164,0.0,1925100
2021-02-16,0.0,140.2201385498047,0.0,141.69140334621417,139.6201321432139,141.18076239346112,0.0,3152400
2021-02-17,0.0,137.81692504882812,0.0,139.53074864475604,135.92758464545432,139.01692297181782,0.0,2785200
2021-02-18,0.0,136.3999481201172,0.0,137.03186135205547,134.6925084577432,136.10632921468658,0.0,2247600
2021-02-19,0.0,139.68714904785156,0.0,140.51693140084402,138.18396291692966,138.46801267729504,0.0,2254500
2021-02-22,0.0,134.62548828125,0.0,138.84141317121367,134.15315310686876,137.87120566353812,0.0,2652000
2021-02-23,0.0,133.6138153076172,0.0,134.62232874321154,128.3223776583372,132.15213409101256,0.0,4029300
2021-02-24,0.0,137.9477996826172,0.0,138.09460912461876,131.58402162528623,132.78082026084888,0.0,3144900
2021-02-25,0.0,130.0904083251953,0.0,137.24247753858825,129.55104546984276,136.33928325362766,0.0,5339700
2021-02-26,0.0,133.0552520751953,0.0,134.2839572335523,129.58932879249045,132.22228511394636,0.0,4558800
2021-03-01,0.0,137.2967529296875,0.0,137.4403775517613,134.04785031755415,135.07230249675072,0.0,2316600
2021-03-02,0.0,133.17974853515625,0.0,137.8520401416567,133.02973965434845,137.8520401416567,0.0,3177600
2021-03-03,0.0,129.104248046875,0.0,133.60739247516432,127.89468092872958,133.3201725130567,0.0,4425900
2021-03-04,0.0,122.89046478271484,0.0,129.29253345769038,121.06813739625922,128.68615747861259,0.0,7243500
2021-03-05,0.0,126.57665252685547,0.0,127.0042977734433,119.85542558366974,125.71814797402388,0.0,6307800
2021-03-08,0.0,119.74689483642578,0.0,126.92769460504259,119.69901996479426,126.41386881616496,0.0,7349100
2021-03-09,0.0,127.18619537353516,0.0,128.0415149631995,123.71707136092789,124.08410231182356,0.0,4132800
2021-03-10,0.0,124.78622436523438,0.0,129.4202407074602,124.78622436523438,129.37875012150545,0.0,4082400
2021-03-11,0.0,130.0393829345703,0.0,130.7797999579165,127.82130209586228,128.4979054304893,0.0,3689400
2021-03-12,0.0,128.66700744628906,0.0,128.9031676834788,126.73936138032934,127.6584943937878,0.0,3153600
2021-03-15,0.0,131.37979125976562,0.0,131.55850757177802,128.41810856927975,129.35640938308734,0.0,3894900
2021-03-16,0.0,133.07763671875,0.0,135.19038388722717,132.30211346619535,132.93402671248424,0.0,6785100
2021-03-17,0.0,134.7531280517578,0.0,135.8095014249845,130.2435994434797,131.23932937653015,0.0,5773800
2021-03-18,0.0,129.17767333984375,0.0,133.14147037542844,129.02767903732772,132.87977290382332,0.0,6042900
2021-03-19,0.0,130.7733612060547,0.0,131.9286689904695,127.78614258437223,129.4361377345947,0.0,6614100
2021-03-22,0.0,133.54039001464844,0.0,135.10420495047455,131.8776405041188,132.37869766723261,0.0,3130200
2021-03-23,0.0,130.02975463867188,0.0,134.29355361435387,129.42976299856318,134.05737876583072,0.0,5638800
2021-03-24,0.0,128.24571228027344,0.0,132.72971734923902,128.1850688535261,132.19355407252814,0.0,6608100
2021-03-25,0.0,128.38198852539062,0.252,129.00549110513012,124.96387765307684,126.26525888851553,0.0,5580000
2021-03-26,0.0,134.71942138671875,0.0,134.96562871436512,128.39481605552578,128.48114450320773,0.0,6493800
2021-03-29,0.0,132.65379333496094,0.0,133.9711578864747,131.0646508983488,133.45956909716205,0.0,6540600
2021-03-30,0.0,132.33726501464844,0.0,132.61543924262614,130.7736931267511,131.6082304475812,0.0,4263600
2021-03-31,0.0,135.56993103027344,0.0,136.59631430794894,133.32530400112967,133.58749477524088,0.0,5968200
2021-04-01,0.0,140.55479431152344,0.0,140.63472641151864,137.87849605923913,137.92965201776013,0.0,7380000
2021-04-05,0.0,143.3909454345703,0.0,143.80980951163232,141.15590592297607,142.8665493312436,0.0,6504000
2021-04-06,0.0,141.7890167236328,0.0,143.42612443678158,140.37892729092658,142.54681281862648,0.0,5913000
2021-04-07,0.0,141.69627380371094,0.0,142.42210289641454,140.6219255530012,141.93608472659415,0.0,3296400
2021-04-08,0.0,143.3109893798828,0.0,143.47407367393814,142.00003579910148,143.21826464439184,0.0,4276500
2021-04-09,0.0,142.8633575439453,0.0,143.00404739550638,141.55238924963433,142.1503211187688,0.0,2466000
2021-04-12,0.0,141.3285369873047,0.0,142.1151236804144,140.11349912782526,142.1151236804144,0.0,2607900
2021-04-13,0.0,141.104736328125,0.0,142.6075502927916,139.69783793922284,142.40610270096406,0.0,3328500
2021-04-14,0.0,139.55393981933594,0.0,141.9040833668886,138.7897329674381,140.83613169894465,0.0,4996200
2021-04-15,0.0,141.89129638671875,0.0,142.1854686860931,139.90246447835045,140.9864143142777,0.0,5672400
2021-04-16,0.0,141.2262420654297,0.0,142.18228019730327,140.91608624053876,141.89131334298486,0.0,2712600
2021-04-19,0.0,137.5139617919922,0.0,140.6570739101052,136.25094415350094,140.18703931252878,0.0,8922300
2021-04-20,0.0,135.5539093017578,0.0,137.6322605705628,134.75452991816053,137.0631195453349,0.0,5374500
2021-04-21,0.0,139.10948181152344,0.0,139.1606377514537,135.0998367928013,135.65940520010707,0.0,4321800
2021-04-22,0.0,136.0814666748047,0.0,139.00716211241902,135.2533258830255,138.8217126730185,0.0,5433000
2021-04-23,0.0,138.56272888183594,0.0,139.1350753907703,136.47158495327704,136.6378454446712,0.0,3996300
2021-04-26,0.0,141.10157775878906,0.0,141.2774401158692,138.49243318547315,138.74184596655058,0.0,3577800
2021-04-27,0.0,140.0431671142578,0.0,141.75701584828755,139.61790675164667,141.6547039485611,0.0,4878300
2021-04-28,0.0,137.9168701171875,0.0,139.3333412446066,137.7569912848069,139.26620179535917,0.0,2356200
2021-04-29,0.0,138.8121337890625,0.0,139.96001758568372,136.79771657757382,139.8768946630961,0.0,3237000
2021-04-30,0.0,134.9432373046875,0.0,137.58115809464033,134.61709788351314,136.77539671165636,0.0,3900000
2021-05-03,0.0,133.53952026367188,0.0,136.0431470468124,132.79450215037187,135.9024571822733,0.0,3222900
2021-05-04,0.0,131.28848266601562,0.0,131.85124206243907,128.86159740583602,131.80007147229404,0.0,6061800
2021-05-05,0.0,132.11021423339844,0.0,133.74413082737092,131.1190037008909,132.93516427507973,0.0,4808700
2021-05-06,0.0,133.19418334960938,0.0,133.2261649698988,130.36441738522615,131.86402604661473,0.0,3656400
2021-05-07,0.0,135.02313232421875,0.0,135.94401267813444,133.91361164603592,134.54990681802073,0.0,2871600
2021-05-10,0.0,129.01828002929688,0.0,133.84327475832546,128.79126174833112,133.84327475832546,0.0,6354600
2021-05-11,0.0,129.19093322753906,0.0,129.5490541897354,124.63452569707474,125.08218055904443,0.0,6719400
2021-05-12,0.0,123.9278564453125,0.0,127.237243472644,123.42906038200658,126.48903474079144,0.0,7754100
2021-05-13,0.0,125.50743865966797,0.0,127.45151130134614,124.25083178996948,126.07659439428366,0.0,4862400
2021-05-14,0.0,129.3923797607422,0.0,130.5626582244687,126.09897547468132,127.33640802190055,0.0,4663500
2021-05-17,0.0,128.26364135742188,0.0,128.3723495671854,126.12132704291679,128.19329644613555,0.0,3365100
2021-05-18,0.0,127.23088073730469,0.0,129.71531816918844,127.15733033553717,129.46911094368963,0.0,2354700
2021-05-19,0.0,129.7120819091797,0.0,129.84637539695794,124.23800124638342,124.76558803297375,0.0,4127400
2021-05-20,0.0,133.1238555908203,0.0,133.67382243555048,130.58505617760542,130.6809864139487,0.0,5020800
2021-05-21,0.0,132.38844299316406,0.0,134.11508483806182,132.16782100759087,134.06391423754673,0.0,5250000
2021-05-24,0.0,135.73300170898438,0.0,136.46522723016568,133.6546352019652,133.77294525848998,0.0,3373800
2021-05-25,0.0,136.13584899902344,0.0,137.165437512773,135.36845119703634,136.730575343038,0.0,4363500
2021-05-26,0.0,136.50038146972656,0.0,137.09191703645305,135.25975805616352,136.23498524822202,0.0,2492400
2021-05-27,0.0,137.07591247558594,0.0,137.76337823483547,135.8928560345439,136.24777150316686,0.0,3302700
2021-05-28,0.0,138.34852600097656,0.0,139.01359734954298,137.35090434122944,137.59392075040782,0.0,2179500
2021-06-01,0.0,137.9616241455078,0.0,140.49402687924558,137.24858770835476,139.3940933438011,0.0,3373500
2021-06-02,0.0,138.8025360107422,0.0,139.3652953381429,137.41803214113048,137.8560851256927,0.0,2140500
2021-06-03,0.0,136.417236328125,0.0,137.843309151159,135.77773568447134,137.245377293479,0.0,3247500
2021-06-04,0.0,139.7297821044922,0.0,140.0079562276151,137.5874681157123,137.5874681157123,0.0,2821500
2021-06-07,0.0,138.6427001953125,0.0,139.32375504492964,137.8369243404603,139.0679606208611,0.0,2376300
2021-06-08,0.0,137.84970092773438,0.0,139.96643027775977,136.81052522336034,139.7234285305871,0.0,2534400
2021-06-09,0.0,137.17184448242188,0.0,138.70664020551538,137.17184448242188,138.30695046500426,0.0,2607000
2021-06-10,0.0,138.7475128173828,0.170667,139.2885380603125,137.10204518818483,137.39016505332853,0.0,2165100
2021-06-11,0.0,139.4485626220703,0.0,139.4485626220703,138.3793349580329,139.16365212984527,0.0,1765200
2021-06-14,0.0,141.43019104003906,0.0,141.43019104003906,138.98119437791024,139.8007261390889,0.0,3673800
2021-06-15,0.0,140.2713623046875,0.0,141.91362095029933,139.81036456698243,141.05247049386531,0.0,2388300
2021-06-16,0.0,138.95240783691406,0.0,141.11328503148772,137.8479653547754,140.70671373641494,0.0,3614700
2021-06-17,0.0,140.45059204101562,0.0,141.47821607154629,138.46578760431626,138.57143105928313,0.0,3873000
2021-06-18,0.0,137.0892333984375,0.0,139.58944727610452,136.33372659667018,139.4870131272469,0.0,2889900
2021-06-21,0.0,137.5950469970703,0.0,137.83514444052295,136.08082405184823,137.24609678201327,0.0,2233200
2021-06-22,0.0,138.24493408203125,0.0,138.64189213040595,137.02842941318414,137.79995360584627,0.0,1737900
2021-06-23,0.0,138.82113647460938,0.0,139.60225916291077,138.5458245419767,138.59065230595837,0.0,1889400
2021-06-24,0.0,141.1804962158203,0.0,141.55504765419127,140.02483672282872,140.17209864247306,0.0,1428300
2021-06-25,0.0,140.79632568359375,0.0,142.00641138829883,140.3993677475471,141.77912190261944,0.0,1343100
2021-06-28,0.0,144.15769958496094,0.0,144.75634584078986,141.6670843808798,141.6670843808798,0.0,2651100
2021-06-29,0.0,145.2877655029297,0.0,145.49905242798118,143.51424784926698,143.98803877545924,0.0,1748100
2021-06-30,0.0,145.40940856933594,0.0,145.68792980772557,144.43942018197154,145.1533085397612,0.0,1317300
2021-07-01,0.0,143.3253936767578,0.0,145.26217618935857,142.8387947290042,145.26217618935857,0.0,2264100
2021-07-02,0.0,144.19932556152344,0.0,144.54826112592573,143.07246196233484,144.21532815008868,0.0,1827000
2021-07-06,0.0,143.9528350830078,0.0,145.0572775568298,142.1184869390411,144.58989056189736,0.0,2001900
2021-07-07,0.0,141.77276611328125,0.0,144.871627031576,141.17413435021945,144.85881909618027,0.0,1888200
2021-07-08,0.0,139.9512176513672,0.0,140.62029302089206,137.72312061457825,138.78594472150954,0.0,2000100
2021-07-09,0.0,142.23374938964844,0.0,142.49944807732913,139.40058747432744,140.41220910622718,0.0,1833000
2021-07-12,0.0,144.05848693847656,0.0,144.05848693847656,142.29777698291312,142.84199695661044,0.0,3949800
2021-07-13,0.0,143.4822235107422,0.0,144.10327633376997,142.7203273964893,143.4566223006943,0.0,2122200
2021-07-14,0.0,142.81954956054688,0.0,145.68791054480533,142.4097837056528,144.46180763559724,0.0,2256600
2021-07-15,0.0,139.65028381347656,0.0,142.43861767170569,138.59065451966802,142.13128590274854,0.0,2657100
2021-07-16,0.0,136.61546325683594,0.0,140.79316518303523,136.28893420793221,140.0856660378946,0.0,2571600
2021-07-19,0.0,136.477783203125,0.0,136.70186338166044,133.97755486616418,134.74907885017663,0.0,4068000
2021-07-20,0.0,138.3377685546875,0.0,139.38779937349145,135.41498030089755,137.13407182983664,0.0,3201000
2021-07-21,0.0,142.5858612060547,0.0,142.65309552415002,138.865962824634,138.865962824634,0.0,2039400
2021-07-22,0.0,141.74391174316406,0.0,142.521825052374,140.6938958357059,141.87196174873782,0.0,1185000
2021-07-23,0.0,142.4674072265625,0.0,142.60826515754047,140.7098923992508,142.40657688204632,0.0,1312500
2021-07-26,0.0,142.51226806640625,0.0,142.8291985172662,141.56788068141438,141.92002562681432,0.0,1123200
2021-07-27,0.0,139.89674377441406,0.0,142.10562792811382,136.9419369745113,142.10562792811382,0.0,2508000
2021-07-28,0.0,142.18252563476562,0.0,142.7811720249119,139.7303336763037,140.40581302093182,0.0,2289600
2021-07-29,0.0,145.08287048339844,0.0,145.52785085140007,142.66908828893042,142.72351467084243,0.0,2303700
2021-07-30,0.0,146.27056884765625,0.0,146.56828735056322,143.7703547691977,143.7703547691977,0.0,2320200
2021-08-02,0.0,147.19573974609375,0.0,149.02048916253403,146.83399624233263,147.6727399910775,0.0,2864100
2021-08-03,0.0,148.316162109375,0.0,148.316162109375,145.7967368405705,147.5222463251998,0.0,1769100
2021-08-04,0.0,149.8272247314453,0.0,150.54751713896707,148.38343060574817,148.6043308285465,0.0,1626000
2021-08-05,0.0,149.85284423828125,0.0,150.90286036859334,149.00129246978486,150.54752079499025,0.0,1420200
2021-08-06,0.0,149.10690307617188,0.0,149.8560058607049,148.7163490969358,148.9724491059835,0.0,1233000
2021-08-09,0.0,148.60108947753906,0.0,149.79517259902786,147.97363274407581,149.7087410458138,0.0,1065900
2021-08-10,0.0,146.87562561035156,0.0,149.07812128307143,145.80318829784167,148.82202122467697,0.0,2695500
2021-08-11,0.0,146.3729705810547,0.0,147.48062197919154,144.65386513003352,147.27573907653425,0.0,1296900
2021-08-12,0.0,144.80117797851562,0.0,145.89282717673123,143.60069065329282,145.89282717673123,0.0,1531500
2021-08-13,0.0,145.71031188964844,0.0,145.73271844031524,144.3433511007668,144.4682064386878,0.0,1060200
2021-08-16,0.0,145.16932678222656,0.0,145.54387824490374,143.95283685618264,145.15972815911715,0.0,1143900
2021-08-17,0.0,142.35858154296875,0.0,143.96243081344568,141.0268495652278,143.96243081344568,0.0,1850700
2021-08-18,0.0,140.4762420654297,0.0,143.03086819465318,140.2905563193612,142.16011913414934,0.0,1879200
2021-08-19,0.0,141.62867736816406,0.0,142.40339606382219,138.51381465194544,139.59585044680998,0.0,2175600
2021-08-20,0.0,142.69151306152344,0.0,142.94441845166094,140.99163361748757,142.0064351797562,0.0,1798200
2021-08-23,0.0,146.7091827392578,0.0,146.9044671349063,144.17375352470563,144.17375352470563,0.0,2181000
2021-08-24,0.0,146.7091827392578,0.0,147.5799465685714,146.45629193813926,147.1317567174148,0.0,1662900
2021-08-25,0.0,147.82638549804688,0.0,148.9180198252671,147.20533273013095,147.28855497338236,0.0,2274300
2021-08-26,0.0,147.9640350341797,0.0,148.54027470125556,146.75394931858054,147.65031399270774,0.0,2284500
2021-08-27,0.0,150.78759765625,0.0,150.96686474671677,147.83919403215512,148.0472862977178,0.0,2404500
2021-08-30,0.0,151.08851623535156,0.0,152.5515073537245,150.5474910322703,151.40223728813098,0.0,2519400
2021-08-31,0.0,149.8816680908203,0.0,151.45349776971517,148.7131857928867,151.25182407923455,0.0,2107800
2021-09-01,0.0,149.0653076171875,0.0,150.7843989764769,149.0653076171875,150.63394239611372,0.0,1632600
2021-09-02,0.0,149.62234497070312,0.0,150.08332801820202,149.04291051420353,149.77280156060905,0.0,1501500
2021-09-03,0.0,150.74276733398438,0.0,151.3286056121863,149.31497612195017,149.6479237088313,0.0,1356000
2021-09-07,0.0,150.18893432617188,0.0,150.8259896741598,149.29897363231586,150.81958570868616,0.0,1640700
2021-09-08,0.0,148.2649688720703,0.0,149.65432171765187,146.97164620534602,149.5006705006035,0.0,3087900
2021-09-09,0.0,148.78680419921875,0.0,149.66715179854884,148.0761104294563,148.16575131012183,0.0,3921000
2021-09-10,0.0,149.9680633544922,0.0,152.24739168956026,149.9552554223025,150.0096818069163,0.0,2959200
2021-09-13,0.0,151.4054412841797,0.0,151.71917701069773,149.35661173004402,151.47907956834771,0.0,2835900
2021-09-14,0.0,151.41183471679688,0.0,152.5611047733362,150.72035295858376,151.79279008039006,0.0,2581500
2021-09-15,0.0,152.28260803222656,0.0,152.28580268812058,150.2465717664042,151.53029587795143,0.0,3770400
2021-09-16,0.0,152.57391357421875,0.0,153.0829189471393,150.5538946698352,151.18135142841004,0.0,1655100
2021-09-17,0.0,150.1409149169922,0.0,152.17054703564486,149.4622411070352,152.17054703564486,0.0,2426700
2021-09-20,0.0,146.42425537109375,0.0,147.50950072245024,144.2665726034176,146.93966484841576,0.0,3124800
2021-09-21,0.0,146.85638427734375,0.0,147.95763189299646,145.52144320708393,147.51905550185825,0.0,2214000
2021-09-22,0.0,149.90402221679688,0.0,150.2497630767897,147.4710282660359,148.01205343494505,0.0,1309200
2021-09-23,0.0,151.9016571044922,0.0,152.38185200086636,150.07371304965133,150.6147236448766,0.0,2407200
2021-09-24,0.0,151.72738647460938,0.385667,152.05149643778392,150.50790859884412,150.74859289547885,0.0,1191900
2021-09-27,0.0,151.3583526611328,0.0,151.95204266203126,149.2146696039965,150.10358868264169,0.0,1339800
2021-09-28,0.0,145.43753051757812,0.0,149.3622837603641,145.43753051757812,148.49904312224191,0.0,5448000
2021-09-29,0.0,143.1429901123047,0.0,146.18844593338082,142.86378807221354,145.7616367114084,0.0,6776400
2021-09-30,0.0,143.0852508544922,0.0,145.443954645557,143.04673313035792,144.50047606717257,0.0,4524900
2021-10-01,0.0,143.1782684326172,0.0,143.9227826068577,140.82598499968503,143.65321738325687,0.0,3114900
2021-10-04,0.0,139.490966796875,0.0,142.52358254589717,139.06415769209735,142.43693973939966,0.0,4161900
2021-10-05,0.0,141.6026153564453,0.0,142.58461157842768,139.9242445939921,140.15850931420323,0.0,3156000
2021-10-06,0.0,142.1545867919922,0.0,142.26370564579528,139.54235958384444,140.02694542530955,0.0,3410700
2021-10-07,0.0,143.8169403076172,0.0,145.72315651581778,143.63401782532657,143.99024070302215,0.0,1913400
2021-10-08,0.0,142.34390258789062,0.0,144.51968335960728,142.22837882538292,144.33355847774402,0.0,1672200
2021-10-11,0.0,141.39080810546875,0.0,143.7880293586841,141.33946583577492,141.77911431857805,0.0,1532100
2021-10-12,0.0,139.6258087158203,0.0,142.4915596873383,139.0385382941533,142.28295874210303,0.0,3201900
2021-10-13,0.0,140.43128967285156,0.0,141.30416702933243,139.9723823243754,140.6366734443886,0.0,1756500
2021-10-14,0.0,144.7892608642578,0.0,144.80210010344715,142.62310199251678,143.02104495636087,0.0,2486100
2021-10-15,0.0,145.7552032470703,0.0,146.19164920219987,145.01710864695153,145.8514828428266,0.0,1639500
2021-10-18,0.0,146.9297637939453,0.0,146.97790359837347,144.05759351546612,144.8887653600024,0.0,1352700
2021-10-19,0.0,148.73008728027344,0.0,148.73008728027344,146.59602625789444,147.2667223365181,0.0,1394100
2021-10-20,0.0,148.42202758789062,0.0,149.00287839591772,147.78019772816597,148.1941677779941,0.0,1261500
2021-10-21,0.0,149.91749572753906,0.0,150.11004030369227,147.4015476140094,147.46893160506875,0.0,1303200
2021-10-22,0.0,148.23585510253906,0.0,150.66837665730236,147.97912909165032,149.1279912115613,0.0,3284400
2021-10-25,0.0,149.25318908691406,0.0,150.11002484925928,148.45411522244706,148.9932458562542,0.0,1684800
2021-10-26,0.0,149.36549377441406,0.0,150.95722170509282,148.83920244104536,150.4212935963462,0.0,1879200
2021-10-27,0.0,148.29360961914062,0.0,150.0329442434298,147.7673037468557,148.45727316124928,0.0,3226200
2021-10-28,0.0,151.63755798339844,0.0,151.75950138923298,150.00410982956612,150.2736751225506,0.0,3278100
2021-10-29,0.0,152.31466674804688,0.0,152.33391091609474,150.18701096238965,150.3570941514416,0.0,2135700
2021-11-01,0.0,154.79849243164062,0.0,154.83379298797703,152.11246237615578,152.49755134153347,0.0,2547300
2021-11-02,0.0,156.72401428222656,0.0,156.73043390262131,154.71511380488124,154.71511380488124,0.0,2225400
2021-11-03,0.0,158.53077697753906,0.0,158.72332153595184,156.3196802956515,156.92620961034953,0.0,2175000
2021-11-04,0.0,163.86431884765625,0.0,164.59921112362915,159.44856026173608,160.32145233862227,0.0,4080900
2021-11-05,0.0,165.6838836669922,0.0,166.9547039973655,164.04081351958857,164.88480991808277,0.0,4534800
2021-11-08,0.0,167.92391967773438,0.0,169.01822287694776,166.1075485363133,166.7108608126449,0.0,2921400
2021-11-09,0.0,167.92391967773438,0.0,169.79161841645518,166.1139681585285,169.5990738206316,0.0,2722800
2021-11-10,0.0,162.97216796875,0.0,167.02529844056946,162.2629542376069,164.77248200783714,0.0,3934200
2021-11-11,0.0,166.41873168945312,0.0,166.8166598806355,164.3873558697214,165.66779794473732,0.0,2283000
2021-11-12,0.0,168.0457763671875,0.0,168.8416328284885,166.07536469023157,166.99639637500323,0.0,1970400
2021-11-15,0.0,167.92063903808594,0.0,169.30378064344598,166.1941285701849,169.30378064344598,0.0,2318100
2021-11-16,0.0,170.43658447265625,0.0,170.74465274132413,166.96110255272916,167.16326914056035,0.0,2023200
2021-11-17,0.0,169.2492218017578,0.0,170.52324456529973,168.4212671286957,170.52324456529973,0.0,1575600
2021-11-18,0.0,172.07969665527344,0.0,172.94295201667944,170.43662631182272,172.3268006378854,0.0,1997100
2021-11-19,0.0,172.55780029296875,0.0,173.72592120894018,171.24847714044017,172.10531264311086,0.0,3405900
2021-11-22,0.0,170.05795288085938,0.0,175.89855945194637,169.8268905903891,173.54947758122847,0.0,4422600
2021-11-23,0.0,169.37437438964844,0.0,171.01745925161663,166.52788253425547,169.8750019232966,0.0,2422800
2021-11-24,0.0,171.2356719970703,0.0,171.32232952508727,166.36422324630627,168.04581118190558,0.0,2117100
2021-11-26,0.0,166.4701385498047,0.0,169.5252316604168,165.24425540918944,168.0041047258665,0.0,2448000
2021-11-29,0.0,172.86912536621094,0.0,173.25422914071967,168.3025423320696,168.93795254235386,0.0,2412300
2021-11-30,0.0,169.83969116210938,0.0,173.80296162763554,168.38916560876595,172.18877249796822,0.0,3264300
2021-12-01,0.0,168.48223876953125,0.0,175.37223925847334,168.47261668450236,172.3299857058381,0.0,3112500
2021-12-02,0.0,168.72608947753906,0.0,169.90062986661223,165.47203351205417,166.74605594723891,0.0,3124500
2021-12-03,0.0,168.29933166503906,0.0,172.80815258582237,166.4091575224701,171.11372544097415,0.0,2490900
2021-12-06,0.0,168.0843048095703,0.0,168.59777156788897,162.824550125217,167.97198349711917,0.0,2091600
2021-12-07,0.0,176.56602478027344,0.0,176.9126108151897,171.84219800344238,171.84219800344238,0.0,2692200
2021-12-08,0.0,175.41712951660156,0.0,175.78297434302968,173.60717893137206,175.62893286977535,0.0,1666500
2021-12-09,0.0,171.38328552246094,0.0,176.11995139774535,171.2324611799024,174.3806163453179,0.0,1674000
2021-12-10,0.0,173.0006866455078,0.0,175.41073234967055,170.86019151873649,174.57957522294816,0.0,2020500
2021-12-13,0.0,168.39230346679688,0.291,173.76023316386585,168.0965955279618,173.68308748424639,0.0,2286600
2021-12-14,0.0,167.58230590820312,0.0,168.46625154617132,165.39977313284197,166.32550662951726,0.0,2888100
2021-12-15,0.0,173.73455810546875,0.0,173.89205715161472,165.66658706803787,167.92304341357857,0.0,2344200
2021-12-16,0.0,166.15512084960938,0.0,174.93345371906221,165.15867186193225,174.44165190036313,0.0,2797800
2021-12-17,0.0,165.762939453125,0.0,168.4051231691878,163.96934329545354,164.51900061323803,0.0,2702100
2021-12-20,0.0,164.46437072753906,0.0,165.74688989555224,162.67077437331423,163.35221062159647,0.0,2145900
2021-12-21,0.0,170.39804077148438,0.0,170.47839410755444,165.87226896868242,168.17051269219957,0.0,1624200
2021-12-22,0.0,172.1691436767578,0.0,172.1691436767578,168.63980612687374,169.52052932765528,0.0,2134800
2021-12-23,0.0,173.83416748046875,0.0,174.95917305870182,172.50986031761187,172.51306797692882,0.0,2100300
2021-12-27,0.0,178.5977783203125,0.0,178.6363437962162,174.4287929904,174.47056612511602,0.0,2503500
2021-12-28,0.0,176.62741088867188,0.0,179.44959179664247,175.81097335391956,179.42387166740954,0.0,1974900
2021-12-29,0.0,176.89736938476562,0.0,178.00309924219766,175.81413727779952,176.55985898568946,0.0,1254900
2021-12-30,0.0,174.89590454101562,0.051667,177.25266713393708,174.35252421447237,176.5195842415384,0.0,1361700
2021-12-31,0.0,174.36862182617188,0.0,176.23989094954916,174.34932629509788,175.0759774504405,0.0,1217400
2022-01-03,0.0,177.83465576171875,0.0,178.00827139280156,174.85091306832587,175.54219646614692,0.0,1699800
2022-01-04,0.0,177.2880401611328,0.0,179.7380424693162,173.01820897173798,178.62556913043178,0.0,3504600
2022-01-05,0.0,171.2659149169922,0.0,177.4423830726534,171.11158011557418,175.9312089928525,0.0,3751800
2022-01-06,0.0,172.5970001220703,0.0,173.40402713369176,169.384993759833,171.24017565605874,0.0,2934300
2022-01-07,0.0,167.59091186523438,0.0,173.0600247052476,167.06682700263838,172.42983650142335,0.0,2284500
2022-01-10,0.0,167.65200805664062,0.0,168.01532630110626,162.04785541188812,165.5170920625359,0.0,5377500
2022-01-11,0.0,170.80615234375,0.0,171.00549535132416,165.8546922195565,167.08934132863538,0.0,3157200
2022-01-12,0.0,172.0601348876953,0.0,173.64523889065094,170.3464086958038,172.45559770890125,0.0,3571500
2022-01-13,0.0,168.04425048828125,0.0,176.14665152313026,167.61662855040532,174.69015536596558,0.0,3268800
2022-01-14,0.0,172.06651306152344,0.0,172.22726499073326,166.69064003903586,166.71314413167107,0.0,3401700
2022-01-18,0.0,164.3756866455078,0.0,169.34001074298493,164.01557695511204,169.3175066469938,0.0,7686000
2022-01-19,0.0,159.53997802734375,0.0,166.72924963575417,159.427457541725,165.71001567511357,0.0,9931800
2022-01-20,0.0,154.53704833984375,0.0,162.0478371799838,154.33127350474646,160.7713885462202,0.0,8349900
2022-01-21,0.0,151.96487426757812,0.0,157.81982474235295,151.6272833960939,153.45675304449992,0.0,13946100
2022-01-24,0.0,153.7010955810547,0.0,153.98724640082713,143.69850395859257,148.78821186602633,0.0,15465300
2022-01-25,0.0,147.9651336669922,0.0,151.59192877583249,147.1130982112963,149.7495952790061,0.0,10710300
2022-01-26,0.0,150.23829650878906,0.0,156.50800514648097,147.96511796225772,152.1192061564609,0.0,8508000
2022-01-27,0.0,143.5506134033203,0.0,151.9070069578484,143.0683280996801,151.7237361875564,0.0,8400900
2022-01-28,0.0,146.30287170410156,0.0,146.30287170410156,139.30973395911604,143.43488691450895,0.0,7173000
2022-01-31,0.0,154.16087341308594,0.0,154.39558419511346,146.22567085745425,147.03590654759125,0.0,7846800
2022-02-01,0.0,155.44374084472656,0.0,155.91959421238482,151.56295506604482,155.66881120129548,0.0,4068900
2022-02-02,0.0,159.36953735351562,0.0,159.77144660835577,156.34401005055452,158.58502909184318,0.0,5229000
2022-02-03,0.0,152.43429565429688,0.0,157.92912118729245,151.8491156331728,155.36015160538452,0.0,6506400
2022-02-04,0.0,153.30885314941406,0.0,154.6206697509796,149.66920931200383,151.7237346766902,0.0,5061300
2022-02-07,0.0,153.22206115722656,0.0,155.78137618127923,152.6433128515597,153.68825953426736,0.0,3501900
2022-02-08,0.0,157.096435546875,0.0,157.4147456823746,152.31858966875316,152.57259606439064,0.0,2941200
2022-02-09,0.0,162.2504119873047,0.0,162.26969280041945,157.1735531215207,159.16699786127293,0.0,5061000
2022-02-10,0.0,157.1928253173828,0.0,163.29534951544383,156.29899041946723,158.29244976811668,0.0,4614000
2022-02-11,0.0,149.19332885742188,0.0,158.60109904527948,148.12265509903912,157.45648116754674,0.0,7881900
2022-02-14,0.0,149.33482360839844,0.0,152.3507109392452,147.3863869242143,149.70135041883663,0.0,5697300
2022-02-15,0.0,157.57545471191406,0.0,157.9837958591644,152.1610047571594,152.56612262329497,0.0,4881000
2022-02-16,0.0,157.62692260742188,0.0,158.21208800123878,154.2637743609472,155.6399094571916,0.0,2713200
2022-02-17,0.0,151.70762634277344,0.0,155.7491785406988,151.47291559352612,155.53376331990594,0.0,6003000
2022-02-18,0.0,150.0132293701172,0.0,152.33784800158804,147.92654482075469,151.7783952986918,0.0,5866200
2022-02-22,0.0,149.10008239746094,0.0,152.67864533298808,146.73367911646943,148.3927415096622,0.0,8370000
2022-02-23,0.0,145.54727172851562,0.0,152.4021609989741,145.07785009814864,150.8299061472051,0.0,6525600
2022-02-24,0.0,150.87168884277344,0.0,151.1128314755136,139.5508487917924,139.88845436489993,0.0,8669100
2022-02-25,0.0,153.38604736328125,0.0,153.38604736328125,148.72716879632105,150.8652937929277,0.0,7065000
2022-02-28,0.0,152.45361328125,0.0,153.80722967901622,149.38306218521566,151.38937104212943,0.0,4359300
2022-03-01,0.0,146.9265899658203,0.0,152.7204446430412,145.3157590432859,151.83625013738762,0.0,4265700
2022-03-02,0.0,151.5983428955078,0.0,152.65615310584542,147.80436442060451,148.14838712595758,0.0,2850600
2022-03-03,0.0,148.4185028076172,0.0,152.56938343184174,147.51502719164824,152.5243605124111,0.0,4177800
2022-03-04,0.0,144.4797821044922,0.0,148.26732806877976,142.8528790887912,146.9715840120995,0.0,4443300
2022-03-07,0.0,137.232666015625,0.0,145.94273697976192,137.2037300763298,144.91065413581697,0.0,5869200
2022-03-08,0.0,139.8627471923828,0.0,144.9717514070618,135.8629933612678,138.16831667453917,0.0,7909500
2022-03-09,0.0,145.72409057617188,0.0,146.82370036462032,142.9236334324091,144.56983219321248,0.0,4699800
2022-03-10,0.0,142.7339324951172,0.0,143.28695331763285,139.92702875684176,143.1454821900973,0.0,4805700
2022-03-11,0.0,139.66983032226562,0.0,145.0714170253379,139.38688803387987,144.80456170746845,0.0,6524400
2022-03-14,0.0,135.149169921875,0.0,139.97524527485072,134.5125646341423,139.25181746400207,0.0,5683800
2022-03-15,0.0,141.3610076904297,0.0,141.69538994671123,135.64754396191236,136.50278777317197,0.0,3980400
2022-03-16,0.0,148.6403350830078,0.0,148.66283917915004,142.20021911427565,143.75959549241452,0.0,4868700
2022-03-17,0.0,149.556640625,0.0,149.556640625,145.82053467712592,146.95551210043232,0.0,4133100
2022-03-18,0.0,152.47607421875,0.0,153.09339871396347,147.59535012875327,148.51491238734107,0.0,5004600
2022-03-21,0.0,152.17385864257812,0.0,153.42137138087753,149.45376279323187,151.88769311437196,0.0,4801500
2022-03-22,0.0,153.01626586914062,0.0,154.82643996697416,151.74624893487857,151.897360477069,0.0,2886600
2022-03-23,0.0,149.16122436523438,0.0,153.47285691584082,149.119424728292,151.61765950833623,0.0,3530400
2022-03-24,0.0,156.69100952148438,0.291667,156.81341599741063,150.08088286956726,150.69937399350118,0.0,5002500
2022-03-25,0.0,156.33663940429688,0.0,156.94224243887194,153.74348345588814,156.51704183739707,0.0,3103200
2022-03-28,0.0,157.55111694335938,0.0,157.55111694335938,153.16046796401082,155.39927838775137,0.0,2735700
2022-03-29,0.0,161.1621856689453,0.0,161.41667199095866,157.90865958733795,160.06372726707846,0.0,3093600
2022-03-30,0.0,156.0081024169922,0.0,160.4825083930239,155.18021816380747,159.91555447594703,0.0,3269100
2022-03-31,0.0,152.45819091796875,0.0,156.58469414603005,152.04909290426764,155.89211921146997,0.0,3369300
2022-04-01,0.0,149.50425720214844,0.0,153.46001654941463,147.27187648261037,153.10245577757945,0.0,5391900
2022-04-04,0.0,151.93313598632812,0.0,152.14574370537514,149.33032086016706,149.89406015127315,0.0,2705100
2022-04-05,0.0,144.93966674804688,0.0,150.81856930552476,144.55311531646117,150.68970408233764,0.0,4054800
2022-04-06,0.0,141.3350372314453,0.0,143.90241788708343,140.1270454602364,141.73770607051273,0.0,4836900
2022-04-07,0.0,141.644287109375,0.0,142.91347472506297,138.6806669324755,141.14175841464942,0.0,3511800
2022-04-08,0.0,138.12982177734375,0.0,140.5200291226714,137.90755543899192,140.46849188041438,0.0,4500300
2022-04-11,0.0,135.29183959960938,0.0,137.22784071451196,134.97937205733817,136.08750376411476,0.0,4291800
2022-04-12,0.0,134.8795166015625,0.0,139.17351973218237,134.17403889300985,138.15235984511094,0.0,5894700
2022-04-13,0.0,137.78195190429688,0.0,138.73545746666656,134.91499121714523,135.75251952474338,0.0,3309000
2022-04-14,0.0,133.97109985351562,0.0,138.71286483869557,133.79714140204527,138.6806448491675,0.0,5903400
2022-04-18,0.0,136.29043579101562,0.0,137.49521270033316,133.13676980379248,133.30105488306478,0.0,3630300
2022-04-19,0.0,139.276611328125,0.0,139.5697616681977,135.0566915383881,135.7460519633408,0.0,3036600
2022-04-20,0.0,138.96734619140625,0.0,142.70728318581422,138.47770558996743,141.47995968337924,0.0,3826200
2022-04-21,0.0,135.25961303710938,0.0,142.2434171003974,134.56059412941565,140.67786483915305,0.0,3600300
2022-04-22,0.0,132.25094604492188,0.0,135.79760814341688,132.0286649401654,135.04703707853002,0.0,4569000
2022-04-25,0.0,134.4864959716797,0.0,134.5219305856512,130.7787642459209,131.17177437141774,0.0,6353700
2022-04-26,0.0,128.52389526367188,0.0,132.9016567671772,128.37249813301048,132.66973175782275,0.0,5844000
2022-04-27,0.0,127.82157135009766,0.0,131.01711505764598,126.81974378673011,127.10644999839874,0.0,4350300
2022-04-28,0.0,134.86663818359375,0.0,136.30655482957937,128.74613717060743,130.38901765318312,0.0,4923300
2022-04-29,0.0,129.10369873046875,0.0,135.55598386794134,128.73002058275782,132.97571568734045,0.0,4188300
2022-05-02,0.0,133.41380310058594,0.0,133.56198555873556,128.21138817371718,129.22287464344703,0.0,4635300
2022-05-03,0.0,134.5187225341797,0.0,135.57530226134327,132.13494465813497,133.05945929239846,0.0,2300100
2022-05-04,0.0,139.73724365234375,0.0,139.96918334617192,131.33283976151236,135.51732439863542,0.0,4259400
2022-05-05,0.0,132.9692840576172,0.0,137.43723114806033,130.988174782668,137.23106743435153,0.0,4597200
2022-05-06,0.0,131.78379821777344,0.0,134.718411916837,129.29694642620274,131.7515782352978,0.0,3950400
2022-05-09,0.0,125.07384490966797,0.0,130.508185007599,124.33937658525001,128.93618862700598,0.0,5058600
2022-05-10,0.0,127.91824340820312,0.0,130.2826890783408,125.12536776207504,128.84920195691248,0.0,4476600
2022-05-11,0.0,124.13966369628906,0.0,129.81238779764203,123.77887351238333,126.82623596120864,0.0,5066100
2022-05-12,0.0,124.8934555053711,0.0,125.93394749169244,121.54973531840801,122.60632992868682,0.0,5345100
2022-05-13,0.0,131.26841735839844,0.0,132.18650278336366,126.41068964734774,127.08393263100035,0.0,4724400
2022-05-16,0.0,129.27117919921875,0.0,131.307054595987,128.78153865432483,129.93477816929303,0.0,2372400
2022-05-17,0.0,135.54954528808594,0.0,135.8974474581398,132.14462219325748,132.64392145481912,0.0,3193200
2022-05-18,0.0,128.7171630859375,0.0,135.1630057528332,128.1695411033913,133.3107614351008,0.0,3581100
2022-05-19,0.0,127.93756103515625,0.0,131.22329151602773,126.82298555160135,128.08895809131366,0.0,3303300
2022-05-20,0.0,127.86995697021484,0.0,130.46632829602467,122.14246560778109,130.4566696702365,0.0,4083900
2022-05-23,0.0,128.42079162597656,0.0,128.76224980872757,125.89850449947039,126.87777105925238,0.0,3639300
2022-05-24,0.0,125.29290008544922,0.0,126.78115419908761,123.86587133573913,126.35915336457417,0.0,2865600
2022-05-25,0.0,127.5478286743164,0.0,128.74614707635644,124.3297368197534,124.44569931130738,0.0,2512500
2022-05-26,0.0,132.5312042236328,0.0,133.12391947628782,126.14978658765892,126.35273571123874,0.0,2966700
2022-05-27,0.0,137.9816436767578,0.0,138.21035402089026,134.62181351689017,134.62181351689017,0.0,3165600
2022-05-31,0.0,137.27294921875,0.0,138.49061427961874,135.16621878961567,137.7432726434304,0.0,2807100
2022-06-01,0.0,135.0953369140625,0.0,138.6677744065294,133.22697562535785,137.97197007854334,0.0,2466000
2022-06-02,0.0,139.8016815185547,0.0,139.94020537135404,134.36411155944157,134.62504189532453,0.0,2005800
2022-06-03,0.0,135.62042236328125,0.0,137.54676503325945,134.9922578484238,136.7736474166614,0.0,2065500
2022-06-06,0.0,135.8555908203125,0.0,138.92871486459669,134.95362263152182,138.47129414400737,0.0,2241900
2022-06-07,0.0,136.94114685058594,0.0,137.32769824344703,133.20763902821193,134.24168686040048,0.0,1866600
2022-06-08,0.0,134.02581787109375,0.0,136.74460920705087,133.0143316452028,136.19054349501153,0.0,3396000
2022-06-09,0.0,130.22154235839844,0.209333,135.1866387889546,130.2183228729081,132.8702485152,0.0,2517000
2022-06-10,0.0,125.59521484375,0.0,129.18596057899802,125.33390483161917,128.07937307990437,0.0,3599100
2022-06-13,0.0,118.34921264648438,0.0,122.57228449942545,117.89431998236604,120.98177730203942,0.0,4042800
2022-06-14,0.0,119.0073471069336,0.0,120.18167662888737,117.61041526240213,119.64936126922764,0.0,2831100
2022-06-15,0.0,121.052734375,0.0,123.18201036243379,118.33951317237451,120.41072766302585,0.0,3811200
2022-06-16,0.0,113.75836944580078,0.0,117.63624042053165,112.32594182008697,117.51686837499618,0.0,3921300
2022-06-17,0.0,114.2197036743164,0.0,115.04560514164295,111.60003915048077,114.01322830748478,0.0,3400200
2022-06-21,0.0,117.2103500366211,0.0,118.97184410006882,116.54575525314718,116.62963908746674,0.0,2830200
2022-06-22,0.0,115.98763275146484,0.0,117.64588925949624,115.01977864352216,115.19077319291202,0.0,4106700
2022-06-23,0.0,115.20043182373047,0.0,116.77481167653725,113.38732272786754,116.67480088569431,0.0,2178900
2022-06-24,0.0,120.30426025390625,0.0,120.30426025390625,116.74900344204977,117.00387442960053,0.0,3783600
2022-06-27,0.0,119.97518920898438,0.0,121.69151452724363,119.05250392996717,121.39148212952423,0.0,2497500
2022-06-28,0.0,117.04906463623047,0.0,122.09158422670177,116.86516997185637,120.68497169412531,0.0,3039900
2022-06-29,0.0,114.28742980957031,0.0,115.58112376559792,112.86791010675927,115.44562479532351,0.0,3393600
2022-06-30,0.0,112.79049682617188,0.0,115.03914503185726,111.01286821744523,112.68403227878129,0.0,3285600
2022-07-01,0.0,108.79972839355469,0.0,111.51295034468345,107.39311569677382,110.91287800108769,0.0,3875100
2022-07-05,0.0,109.65787506103516,0.0,109.65787506103516,105.39931544411459,106.04454906456645,0.0,3391200
2022-07-06,0.0,110.19342041015625,0.0,111.48389507200271,108.56419827251568,109.76434273553076,0.0,2672100
2022-07-07,0.0,115.1262435913086,0.0,115.70373509587304,112.78081154448014,112.78081154448014,0.0,2866200
2022-07-08,0.0,115.6747055053711,0.0,116.46511874490379,113.11634426528612,113.45831861133009,0.0,2334000
2022-07-11,0.0,113.00987243652344,0.0,114.49068801211988,112.27430126088248,113.92287712899899,0.0,2490000
2022-07-12,0.0,113.32604217529297,0.0,114.58102869076524,112.50014073091266,113.74544663704384,0.0,4494300
2022-07-13,0.0,113.96483612060547,0.0,114.87462146402655,110.78704854271042,111.01287775151056,0.0,3564600
2022-07-14,0.0,116.38124084472656,0.0,116.878075424842,112.00331623370462,113.66157290180585,0.0,3186900
2022-07-15,0.0,119.15897369384766,0.0,119.34931469244952,116.30702651124265,118.15885827344819,0.0,2984100
2022-07-18,0.0,118.77828979492188,0.0,122.06254165497934,118.0233647364877,121.133402553511,0.0,2959200
2022-07-19,0.0,124.0143814086914,0.0,124.68542264748854,120.30749809380528,120.65270670679183,0.0,3116700
2022-07-20,0.0,127.17601776123047,0.0,127.77931680698292,123.0626453844021,123.82725097900847,0.0,4845300
2022-07-21,0.0,129.25372314453125,0.0,129.3376070093279,126.0114197824217,127.8374297434988,0.0,2753400
2022-07-22,0.0,126.06945037841797,0.0,128.8923630954063,124.9273748598754,128.8375136976606,0.0,4548000
2022-07-25,0.0,125.27259063720703,0.0,125.36938196016717,123.17879524513228,125.10160346338456,0.0,2862900
2022-07-26,0.0,123.18525695800781,0.0,125.06934286171503,122.72713742364255,124.44024352660144,0.0,2510400
2022-07-27,0.0,128.82138061523438,0.0,129.8602110279871,125.01770649994971,125.39516899063162,0.0,3214200
2022-07-28,0.0,130.40867614746094,0.0,130.68934735864144,126.29206167216878,129.1052865966088,0.0,3532200
2022-07-29,0.0,131.41201782226562,0.0,131.7797923624373,128.07936287873443,128.52134803868532,0.0,3840900
2022-08-01,0.0,131.9185333251953,0.0,133.05737473184283,129.62148929235371,130.47965947285115,0.0,3812100
2022-08-02,0.0,131.66685485839844,0.0,133.66710029068588,129.87633377589844,130.42800288978555,0.0,2124900
2022-08-03,0.0,135.32537841796875,0.0,135.5899226671016,131.56364573743664,131.64752958353023,0.0,2860800
2022-08-04,0.0,136.30288696289062,0.0,136.71260337489326,134.61881560759755,135.01241982533514,0.0,1919100
2022-08-05,0.0,135.24151611328125,0.0,136.40615784575613,133.29935370605793,133.9123261480521,0.0,3279900
2022-08-08,0.0,133.19607543945312,0.0,134.8575661741059,131.1474489752424,133.37675059453866,0.0,3061200
2022-08-09,0.0,127.0921630859375,0.0,130.25381610635256,125.34356888495479,130.11831711314284,0.0,4368900
2022-08-10,0.0,132.36695861816406,0.0,132.6121416340353,128.74072514731367,130.47964603454363,0.0,3456000
2022-08-11,0.0,132.1959686279297,0.0,136.0996389589418,131.90560944396873,133.4896700935204,0.0,2403900
2022-08-12,0.0,136.06422424316406,0.0,136.43201372597974,132.59286394428676,133.0767912560802,0.0,2049600
2022-08-15,0.0,136.57066345214844,0.0,136.95134541874637,134.53171034067663,135.45762245526808,0.0,1325100
2022-08-16,0.0,135.1737060546875,0.0,136.46740732194644,133.66385625149704,135.87056208204913,0.0,1566900
2022-08-17,0.0,131.9088134765625,0.0,133.16702661414237,130.06344306907994,133.10250399951877,0.0,2640000
2022-08-18,0.0,134.9156494140625,0.0,135.81574672679724,131.789484498774,132.2669578566861,0.0,1698900
2022-08-19,0.0,131.27330017089844,0.0,133.73165831163857,130.59902461472484,133.05738275546494,0.0,2323500
2022-08-22,0.0,126.33396911621094,0.0,128.85361466280887,125.72099694510285,128.61165118640943,0.0,2903400
2022-08-23,0.0,126.96310424804688,0.0,128.8988126081143,126.27915553610654,126.42434252408127,0.0,2430600
2022-08-24,0.0,127.2824935913086,0.0,127.72125925774361,125.81136592061667,126.81792773573653,0.0,1251900
2022-08-25,0.0,131.9475555419922,0.0,132.10241574744617,127.33412145260075,127.40509781607699,0.0,2679300
2022-08-26,0.0,124.46281433105469,0.0,131.9572301932191,124.26601220248436,131.65074403276432,0.0,2838000
2022-08-29,0.0,121.94963073730469,0.0,124.5660684106258,121.74960910873341,123.14009466733404,0.0,2575200
2022-08-30,0.0,120.53011322021484,0.0,123.31108439478473,119.0492974264625,123.26268872951968,0.0,3212700
2022-08-31,0.0,119.26866149902344,0.0,121.06564380867368,118.22660419013093,121.06241693922134,0.0,2974800
2022-09-01,0.0,117.0555191040039,0.0,117.07164606953116,113.42929263329943,116.22639075041998,0.0,4537800
2022-09-02,0.0,115.771484375,0.0,119.68806221870528,115.26496923335522,118.85893396329912,0.0,3841200
2022-09-06,0.0,114.43583679199219,0.0,116.3876792874857,113.558320293691,115.75211892358456,0.0,2692500
2022-09-07,0.0,116.3715591430664,0.0,117.35554768448974,114.02935376992855,114.89719714998664,0.0,1699500
2022-09-08,0.0,118.33307647705078,0.0,118.77506162713286,114.52940939916,115.24239252785763,0.0,2823300
2022-09-09,0.0,121.17212677001953,0.0,121.7979992402565,119.89133261591742,119.89133261591742,0.0,2066400
2022-09-12,0.0,121.76251983642578,0.0,122.36581902885504,120.30106516497082,121.69477033102153,0.0,2610900
2022-09-13,0.0,114.20032501220703,0.0,118.13949072969235,113.85512383025679,117.13292162409552,0.0,4065000
2022-09-14,0.0,115.49726867675781,0.0,116.29736255365947,113.77448202270998,115.05850299269281,0.0,2722800
2022-09-15,0.0,113.5809097290039,0.0,116.06506772581336,112.80985032616327,114.71975105001506,0.0,2432700
2022-09-16,0.0,114.26162719726562,0.0,114.38422608808058,111.4774368833595,112.33237271294192,0.0,3392100
2022-09-19,0.0,114.86170196533203,0.0,115.46822054138707,112.75177965938059,112.80340218933263,0.0,2146200
2022-09-20,0.0,113.33572387695312,0.0,114.30357806443203,112.43561918723206,113.7519014729347,0.0,2630700
2022-09-21,0.0,112.1904296875,0.0,117.22327593400945,112.1904296875,113.54542703787337,0.0,3535200
2022-09-22,0.0,109.13847351074219,0.0,112.01944815326398,108.49323242519756,111.54842851117841,0.0,2936100
2022-09-23,0.0,107.677001953125,0.0,108.13834832829929,105.72515928845193,107.84798912722685,0.0,3881700
2022-09-26,0.0,106.0622787475586,0.600667,108.95241057335953,105.8709045115929,107.30137439904787,0.0,2881500
2022-09-27,0.0,107.04837799072266,0.0,108.78050919200479,105.51086543650969,107.98904963334121,0.0,2977200
2022-09-28,0.0,108.56642150878906,0.0,108.99134704423754,105.72170337056616,106.16284341408522,0.0,4045200
2022-09-29,0.0,105.18974304199219,0.0,106.7823953954762,103.50951452038618,106.58128796566199,0.0,3009000
2022-09-30,0.0,103.38624572753906,0.0,106.50992180366362,103.22730790727036,103.83063017120514,0.0,2722800
2022-10-03,0.0,106.96078491210938,0.0,108.15771101563709,103.81440585164542,104.5636957430263,0.0,3747300
2022-10-04,0.0,111.9787826538086,0.0,112.11177279480262,110.12338717979765,110.40558939323616,0.0,3182400
2022-10-05,0.0,112.89351654052734,0.0,114.03529561618015,109.14380747390112,110.12339691760725,0.0,2505600
2022-10-06,0.0,112.44264221191406,0.0,114.85270171904223,112.02420543831886,112.77673978379103,0.0,2850000
2022-10-07,0.0,105.69576263427734,0.0,109.40005782146417,105.06324086931482,109.09190790566275,0.0,3969000
2022-10-10,0.0,102.10174560546875,0.0,105.4103146675367,100.63883905241603,105.28381328583473,0.0,4665000
2022-10-11,0.0,99.23107147216797,0.0,101.21296835948843,97.83628230482991,100.2820225029918,0.0,4818600
2022-10-12,0.0,98.26768493652344,0.0,99.62679321944873,97.95305371508127,99.10131401459596,0.0,3107400
2022-10-13,0.0,101.09620666503906,0.0,102.95808378634968,93.35999972319935,94.42392844620169,0.0,4911600
2022-10-14,0.0,96.88263702392578,0.0,102.5104448642674,96.56799835216125,102.5104448642674,0.0,3887100
2022-10-17,0.0,98.9358901977539,0.0,100.29824290490042,98.15416385323107,99.46136941726292,0.0,3760500
2022-10-18,0.0,99.27648162841797,0.0,102.6985817918837,97.52489156412219,102.0303792370608,0.0,3558900
2022-10-19,0.0,99.91226959228516,0.0,100.85943019781182,98.26447726235554,98.5693828402291,0.0,3043500
2022-10-20,0.0,100.53179931640625,0.0,103.60033582131054,99.96091346558916,100.46368204374552,0.0,3567300
2022-10-21,0.0,104.26852416992188,0.0,104.52801567820916,99.83114662080546,100.26904967737758,0.0,3703200
2022-10-24,0.0,104.71940612792969,0.0,105.17352372973436,102.27365836643558,104.6188524176146,0.0,3784200
2022-10-25,0.0,107.10999298095703,0.0,107.83009079338579,104.99186171492828,105.16053267263212,0.0,2770800
2022-10-26,0.0,106.05579376220703,0.0,108.57290294010139,104.38205424948866,104.89780029824387,0.0,4811700
2022-10-27,0.0,104.17446899414062,0.0,107.75227037567713,104.03823444498053,106.7499627293905,0.0,3589500
2022-10-28,0.0,108.25827026367188,0.0,108.41720807706373,104.09661339546314,104.36583807441626,0.0,4192500
2022-10-31,0.0,105.90010070800781,0.0,107.58032899898403,105.35839956747137,107.28191228191996,0.0,2394900
2022-11-01,0.0,106.7531967163086,0.0,108.38152979820163,106.11419363707742,108.0279733367267,0.0,2810400
2022-11-02,0.0,103.38299560546875,0.0,109.30598301546506,103.24676107444634,107.42788421011309,0.0,3193800
2022-11-03,0.0,101.9979476928711,0.0,103.58087428149045,100.38583647297163,101.44976513885706,0.0,3752100
2022-11-04,0.0,106.71752166748047,0.0,106.98999817823581,104.21014531531323,105.67629627297067,0.0,4601700
2022-11-07,0.0,109.0237808227539,0.0,109.44221757506776,106.29907535314386,107.70684207304326,0.0,3548700
2022-11-08,0.0,111.42411804199219,0.0,112.73781244740856,109.16650762384522,111.06406538453273,0.0,3901200
2022-11-09,0.0,107.86251831054688,0.0,109.97092366804715,107.69709175265463,109.53626505309518,0.0,3578700
2022-11-10,0.0,119.02409362792969,0.0,119.31927341398142,113.08164693427474,114.03205175158973,0.0,5347500
2022-11-11,0.0,122.66675567626953,0.0,123.38686098842987,118.23587405708001,119.60471560325364,0.0,6114000
2022-11-14,0.0,121.3238754272461,0.0,123.70798733417146,121.28170582518541,122.00181117417715,0.0,3683100
2022-11-15,0.0,124.84002685546875,0.0,126.69542985698082,123.14682832904005,126.35159913334199,0.0,4897800
2022-11-16,0.0,119.68580627441406,0.0,122.23859652901717,118.93002753879306,121.99531950656284,0.0,4775700
2022-11-17,0.0,120.62322998046875,0.0,121.16168677024591,116.99029668355024,117.20113725841038,0.0,3961500
2022-11-18,0.0,120.8924560546875,0.0,122.66675683586409,119.58525041488923,122.64080916807235,0.0,3105300
2022-11-21,0.0,118.88783264160156,0.0,120.00366380575734,118.51156554713079,119.57549396158855,0.0,1815000
2022-11-22,0.0,122.4299545288086,0.0,122.52402687811502,118.90081969081524,119.9063640884487,0.0,3290700
2022-11-23,0.0,123.90910339355469,0.0,125.10277783987001,122.28400718673667,122.30022912008202,0.0,3905400
2022-11-25,0.0,122.25804138183594,0.0,123.5847132121071,122.25804138183594,123.15329893982626,0.0,1164000
2022-11-28,0.0,119.20249938964844,0.0,122.01802562735416,118.37860336553896,120.74001198914857,0.0,3197700
2022-11-29,0.0,118.74189758300781,0.0,120.23075186463048,118.01531085726948,119.55931228960469,0.0,1828200
2022-11-30,0.0,125.8650131225586,0.0,125.95258926233994,118.0768987874798,119.18624852760766,0.0,4166100
2022-12-01,0.0,124.96003723144531,0.0,126.74082663082528,123.21818046670671,126.61108087891975,0.0,4130700
2022-12-02,0.0,123.54903411865234,0.0,123.74365274729786,121.20384029508261,121.82663624004277,0.0,3110400
2022-12-05,0.0,121.9855728149414,0.0,123.89286356849934,120.88271908194884,122.70891502894271,0.0,2709300
2022-12-06,0.0,119.4198226928711,0.0,122.09911425289803,118.21317077339641,121.97260545318937,0.0,2182200
2022-12-07,0.0,119.16357421875,0.0,120.00044778971576,117.92124140884992,118.14505954145851,0.0,2111400
2022-12-08,0.0,122.60836791992188,0.0,122.69595150359486,119.09220293623011,119.89015122728621,0.0,2694300
2022-12-09,0.0,121.47306823730469,0.0,123.62039154848827,121.03840958758214,122.0666646859078,0.0,1749000
2022-12-12,0.0,123.62366485595703,0.0,123.7566550211946,120.25671142287905,120.87625568117805,0.0,2178900
2022-12-13,0.0,125.74832916259766,0.354,129.76548612132189,124.17400089838154,129.20276550238083,0.0,4521000
2022-12-14,0.0,123.86175537109375,0.0,126.94536566524572,122.41428173184406,125.44259822475489,0.0,3972000
2022-12-15,0.0,118.62153625488281,0.0,121.78646732907053,118.45890089152832,121.25952726280802,0.0,3881100
2022-12-16,0.0,117.72380065917969,0.0,119.0151458036516,116.56256383138783,117.99052419736806,0.0,2465700
2022-12-19,0.0,116.26655578613281,0.0,117.87016520755266,115.06628508666492,117.6001882422148,0.0,2231700
2022-12-20,0.0,115.5574722290039,0.0,116.61787445211503,114.55562470908286,114.81584880833306,0.0,2275500
2022-12-21,0.0,118.15965270996094,0.0,118.54997758986053,116.1396909321041,116.36412699354939,0.0,2291700
2022-12-22,0.0,113.38463592529297,0.0,116.04864042850942,110.99710789732273,115.86323084913815,0.0,5403300
2022-12-23,0.0,113.48220825195312,0.0,113.4854617044032,111.25732325425936,112.40229283263578,0.0,2571900
2022-12-27,0.0,111.43297576904297,0.0,112.6852869805269,110.91903449627422,112.58119883394879,0.0,3494400
2022-12-28,0.0,109.79032897949219,0.0,112.07050778079356,109.3414493256338,110.71410846186002,0.0,2682000
2022-12-29,0.0,113.29353332519531,0.0,113.82048089214615,111.16622978971404,111.5793288677937,0.0,3263100
2022-12-30,0.0,113.18948364257812,0.0,113.37814670408198,110.86701686150435,111.67370202401285,0.0,2010000
2023-01-03,0.0,112.08674621582031,0.0,115.31022438517006,111.40691628248481,115.1053016031754,0.0,2844600
2023-01-04,0.0,114.97197723388672,0.0,115.60951994839102,112.90322058690708,114.22059345569876,0.0,3257100
2023-01-05,0.0,113.03331756591797,0.0,114.64667991003691,112.84790801921652,113.83674900833019,0.0,2671800
2023-01-06,0.0,118.29303741455078,0.0,118.91431282510764,113.0138082611053,114.56212405377735,0.0,4898400
2023-01-09,0.0,120.47235870361328,0.0,123.2111844490258,119.6949549470867,120.4626057930497,0.0,4581300
2023-01-10,0.0,122.03044891357422,0.0,122.19634520740034,119.43475225070232,120.05928110695592,0.0,2825400
2023-01-11,0.0,123.60478210449219,0.0,123.65682989717033,121.07739310904046,122.10526070348028,0.0,2682000
2023-01-12,0.0,125.10755157470703,0.0,125.8621886987864,121.70517016695295,124.27159303524202,0.0,3324000
2023-01-13,0.0,125.624755859375,0.0,125.63776966999436,123.33156310584906,123.48444560073949,0.0,2079000
2023-01-17,0.0,125.76786804199219,0.0,127.03969246541675,124.60663866516349,125.19537953960001,0.0,3017400
2023-01-18,0.0,125.10755157470703,0.0,128.0708137183143,125.06201813366532,127.17630048398449,0.0,3512700
2023-01-19,0.0,121.59783935546875,0.0,124.0601743060763,121.204253497482,123.99512014599064,0.0,3775200
2023-01-20,0.0,125.4035415649414,0.0,125.48160952365885,121.65636888614813,122.90542644574589,0.0,3352500
2023-01-23,0.0,131.70091247558594,0.0,132.14003180763214,126.37288856225301,126.574572850767,0.0,5726700
2023-01-24,0.0,130.70555114746094,0.0,131.93184212306406,129.91513345195338,130.09403610833806,0.0,2370300
2023-01-25,0.0,131.06011962890625,0.0,131.2943086573393,127.42027298594735,128.40586811374746,0.0,3301200
2023-01-26,0.0,133.2687225341797,0.0,133.43785737186533,130.37051467461353,132.56286488997785,0.0,3896700
2023-01-27,0.0,132.4197540283203,0.0,133.56473101428344,130.6274814803801,130.96578096437256,0.0,4289700
2023-01-30,0.0,128.9035186767578,0.0,131.4048948331979,128.79943798592606,130.61447718053515,0.0,4384500
2023-01-31,0.0,131.3073272705078,0.0,131.36913542746242,128.5327202420625,128.6563365559717,0.0,3104100
2023-02-01,0.0,138.1543731689453,0.0,139.54981398248862,131.8407840929379,131.9578786068223,0.0,7244100
2023-02-02,0.0,141.3551025390625,0.0,142.5065716488436,138.77565806893608,139.56933672665426,0.0,7456200
2023-02-03,0.0,138.59674072265625,0.0,141.78119303938496,137.8616242905123,138.2129226900175,0.0,5555400
2023-02-06,0.0,136.34584045410156,0.0,138.44387812768136,135.7343253748183,136.43041533175452,0.0,2496300
2023-02-07,0.0,140.6817626953125,0.0,141.35508586037423,136.5279901004109,136.87278159112674,0.0,3285300
2023-02-08,0.0,137.6566619873047,0.0,140.89315389788095,137.33463728853152,139.7449311845507,0.0,3522000
2023-02-09,0.0,138.0080108642578,0.0,141.67711639062196,136.98665005231283,140.1060337397961,0.0,3015600
2023-02-10,0.0,135.81239318847656,0.0,136.99315079677928,134.33563839867784,136.59630402977737,0.0,2947800
2023-02-13,0.0,137.80955505371094,0.0,138.20640174520665,135.26264563852064,136.45315593312702,0.0,2122500
2023-02-14,0.0,140.3109130859375,0.0,140.73377244922696,135.56839322592424,136.59301456350792,0.0,3252000
2023-02-15,0.0,140.88345336914062,0.0,140.9550144399191,137.82586293217147,138.85046975747474,0.0,2143500
2023-02-16,0.0,137.428955078125,0.0,139.79696137715862,137.2045190522102,138.34623477960812,0.0,3444900
2023-02-17,0.0,135.28868103027344,0.0,137.01589932581152,134.06239013840687,136.61580660431298,0.0,3064200
2023-02-21,0.0,130.9072265625,0.0,134.75524941096214,130.65351682444634,133.18416685968234,0.0,2208600
2023-02-22,0.0,130.27944946289062,0.0,132.19532350072808,129.49227775187774,131.21298931068813,0.0,2285700
2023-02-23,0.0,134.5633087158203,0.0,135.20409729566137,131.922071549641,134.66414339137935,0.0,4617000
2023-02-24,0.0,132.15301513671875,0.0,132.84910495798118,131.1609281913066,132.1757818555087,0.0,2842200
2023-02-27,0.0,132.85235595703125,0.0,134.38116574962282,132.8035765106229,134.36164503709495,0.0,2040900
2023-02-28,0.0,133.30775451660156,0.0,135.109779897154,132.25712024995985,132.54334959388916,0.0,1582500
2023-03-01,0.0,133.34356689453125,0.0,134.96995091454235,132.8166266317375,133.79894608176517,0.0,1922400
2023-03-02,0.0,134.41046142578125,0.0,135.05125013780707,130.25018147417356,131.26829624060733,0.0,3108300
2023-03-03,0.0,136.48245239257812,0.0,136.63208142867708,133.36957582199284,134.3811836519786,0.0,2408700
2023-03-06,0.0,134.89511108398438,0.0,138.0405370942839,134.57308628659393,136.8630255114275,0.0,2177100
2023-03-07,0.0,133.47366333007812,0.0,135.60746670471775,132.936955311245,135.0382390489549,0.0,1899000
2023-03-08,0.0,137.0224151611328,0.0,137.17204419054826,134.01035852839388,134.01035852839388,0.0,2088300
2023-03-09,0.0,134.29983520507812,0.0,138.96754871161502,134.09491984090306,136.84674467512457,0.0,3889800
2023-03-10,0.0,131.7041473388672,0.0,135.37000651772877,131.07961847970566,135.02196900124113,0.0,3320700
2023-03-13,0.0,131.74319458007812,0.0,133.36307149840783,128.96534167074208,130.32824794970662,0.0,3512700
2023-03-14,0.0,135.5944366455078,0.0,136.43364856679713,133.40207162595888,134.03961419677637,0.0,2743200
2023-03-15,0.0,134.01361083984375,0.0,134.3193758178101,131.18045672966142,133.65580551135426,0.0,3527100
2023-03-16,0.0,139.24728393554688,0.0,139.55303397367683,132.8458602775807,133.4281016207674,0.0,3730200
2023-03-17,0.0,138.38531494140625,0.0,140.59392507932,137.63066292454005,139.51401717956787,0.0,2828400
2023-03-20,0.0,139.8490447998047,0.0,140.29791694215274,137.51031164600906,138.65527361064295,0.0,2155800
2023-03-21,0.0,140.1255340576172,0.0,142.47077433033772,138.0470173111672,140.98751278456422,0.0,2899500
2023-03-22,0.0,138.7333526611328,0.0,143.85319950645513,138.69757213156635,140.1287933142248,0.0,3313200
2023-03-23,0.0,142.51345825195312,0.357333,144.42438228292406,140.02534900232234,141.14386367759732,0.0,4039800
2023-03-24,0.0,140.04164123535156,0.0,141.74386432589134,138.6231294569653,141.35907917944388,0.0,3120600
2023-03-27,0.0,138.39813232421875,0.0,140.9775527805121,137.91224347283622,140.54710451880806,0.0,1806300
2023-03-28,0.0,137.3611602783203,0.0,138.1926945395013,135.2676285391973,138.07855916635722,0.0,2737500
2023-03-29,0.0,141.77647399902344,0.0,142.7645374820481,139.3927079643026,139.65358024949754,0.0,3140400
2023-03-30,0.0,144.11129760742188,0.0,145.05371285198402,143.09061769735612,143.5732373617462,0.0,2602200
2023-03-31,0.0,145.00482177734375,0.0,145.22331502853913,142.78412306809093,143.01564799301,0.0,2151000
2023-04-03,0.0,143.75262451171875,0.0,144.7048323925872,141.9754056546657,144.15699453295824,0.0,1876800
2023-04-04,0.0,141.07211303710938,0.0,144.05587351588878,140.28295791978556,144.0134944560378,0.0,2324100
2023-04-05,0.0,138.62640380859375,0.0,139.68295456738764,137.1622288735557,139.56555008699212,0.0,3343800
2023-04-06,0.0,137.91224670410156,0.0,138.92967260605127,136.29808061235255,137.36115469071825,0.0,1894800
2023-04-10,0.0,140.3481903076172,0.0,140.4460248925381,136.5067871317886,136.725265463327,0.0,1927200
2023-04-11,0.0,139.61122131347656,0.0,141.22213328341545,139.34381076240456,141.12429869863675,0.0,1823100
2023-04-12,0.0,137.05787658691406,0.0,141.0362387169329,136.9241713282641,140.99384473071365,0.0,2598900
2023-04-13,0.0,138.18614196777344,0.0,138.9981210819632,136.2687099020013,137.36765448160486,0.0,3013500
2023-04-14,0.0,137.97096252441406,0.0,139.72534233717855,136.46766262052753,138.0557355804496,0.0,1963500
2023-04-17,0.0,137.97096252441406,0.0,138.05900469460207,136.0763392072555,136.48721759559473,0.0,2206500
2023-04-18,0.0,138.5677032470703,0.0,140.24710242493222,137.51769064689623,139.0470688322822,0.0,2765100
2023-04-19,0.0,137.0513458251953,0.0,137.38069035584013,136.21327348761696,136.7285096667284,0.0,1264500
2023-04-20,0.0,136.92417907714844,0.0,138.97858579461382,135.54153794975596,135.67849740242295,0.0,2391900
2023-04-21,0.0,135.9197998046875,0.0,136.45133682817746,134.72303541895292,136.45133682817746,0.0,2157600
2023-04-24,0.0,135.3099822998047,0.0,136.4480516512669,134.39691451359158,135.67519747232402,0.0,2074800
2023-04-25,0.0,130.76426696777344,0.0,134.51435928099826,130.6794789749738,134.50131267788086,0.0,2482500
2023-04-26,0.0,131.46206665039062,0.0,132.80883688279303,130.79030116343554,132.12403972457642,0.0,1926300
2023-04-27,0.0,132.0164337158203,0.0,132.18274053846267,128.6739516951791,131.2924967283249,0.0,3116700
2023-04-28,0.0,134.3968963623047,0.0,134.42949792484276,132.04247839080523,132.62945579104425,0.0,2359200
2023-05-01,0.0,135.61329650878906,0.0,136.00787412961088,134.5828388330447,134.93500753241398,0.0,1803900
2023-05-02,0.0,134.64474487304688,0.0,136.43826401383828,133.33057626075836,135.6654247353075,0.0,2115600
2023-05-03,0.0,133.09906005859375,0.0,135.5023809391421,133.00124042051777,133.88821510002896,0.0,2525400
2023-05-04,0.0,132.352294921875,0.0,133.49037927968553,131.16530821026288,132.04577449056794,0.0,2102700
2023-05-05,0.0,135.2969207763672,0.0,135.86432829664747,131.8468274950207,132.5153237455985,0.0,1619400
2023-05-08,0.0,135.86761474609375,0.0,135.96218020068736,134.02517815593257,135.1469468665562,0.0,1365300
2023-05-09,0.0,133.55563354492188,0.0,134.1165180198217,133.0110498590408,133.937164558228,0.0,2348400
2023-05-10,0.0,134.91543579101562,0.0,135.87089777556272,133.61104440985898,135.0556494304746,0.0,2766600
2023-05-11,0.0,134.03173828125,0.0,135.24481859363965,132.7599631828108,134.95458392294756,0.0,1854600
2023-05-12,0.0,133.9078369140625,0.0,135.0687309141938,132.645839195703,134.51111547134502,0.0,1383300
2023-05-15,0.0,137.54376220703125,0.0,137.56985540922466,133.89475924194306,134.28933682408157,0.0,1799100
2023-05-16,0.0,137.2861328125,0.0,138.8481272977379,137.0970018945061,137.0970018945061,0.0,2047500
2023-05-17,0.0,140.6775665283203,0.0,141.21888114141362,137.67422055871162,138.5416405419518,0.0,1986000
2023-05-18,0.0,145.12222290039062,0.0,145.4744064869245,141.1992861589377,141.30364403854003,0.0,3429300
2023-05-19,0.0,144.37545776367188,0.0,145.0276534427146,143.4721672706588,144.6982939530623,0.0,2877600
2023-05-22,0.0,144.87437438964844,0.0,145.2559053436958,143.01236779255925,143.07433167965382,0.0,2299800
2023-05-23,0.0,143.08413696289062,0.0,144.85157844327074,142.76782402080136,143.9026396170029,0.0,1553100
2023-05-24,0.0,140.5242462158203,0.0,141.11122375166138,139.04051651864165,140.20467917733586,0.0,4341000
2023-05-25,0.0,149.8832244873047,0.0,150.46040972119022,145.38962562082432,146.98423678889418,0.0,12973800
2023-05-26,0.0,159.67909240722656,0.0,160.50086397206005,152.11694599129046,152.16911746172866,0.0,8010900
2023-05-30,0.0,159.54544067382812,0.0,164.03251662100084,158.89651400387186,163.3737975353404,0.0,7862700
2023-05-31,0.0,155.44964599609375,0.0,159.00735240307486,155.37790462166407,156.8486027974727,0.0,5358600
2023-06-01,0.0,158.12362670898438,0.0,159.47366617914162,154.79746024702754,156.39857959210786,0.0,7343700
2023-06-02,0.0,157.75189208984375,0.0,159.78672902432467,156.60404492645813,159.33020246475874,0.0,3318900
2023-06-05,0.0,155.30943298339844,0.0,157.26273596006627,154.51375456131163,157.1746937985844,0.0,2710800
2023-06-06,0.0,157.1844940185547,0.0,157.94755597754613,153.97897101151563,154.21376504792113,0.0,3235500
2023-06-07,0.0,156.95297241210938,0.217,160.45016915338883,156.5970539480505,158.2231937064185,0.0,3906300
2023-06-08,0.0,158.5595245361328,0.0,158.9513621847474,156.6035649850603,157.41338371890456,0.0,2724900
2023-06-09,0.0,158.9774932861328,0.0,161.44283883138678,158.22972222747302,160.3554721488176,0.0,2519400
2023-06-12,0.0,164.0975799560547,0.0,164.2543209913343,160.64609333091235,160.842012151188,0.0,2638500
2023-06-13,0.0,166.29518127441406,0.0,167.3727572921598,164.40452788830544,166.7360023916195,0.0,4164300
2023-06-14,0.0,168.65603637695312,0.0,168.7376654851076,164.70821294632097,165.67475779002828,0.0,8500500
2023-06-15,0.0,167.26170349121094,0.0,168.49600544166745,166.06332073647886,166.71312484656357,0.0,6561300
2023-06-16,0.0,165.71719360351562,0.0,168.9629555782706,165.47882347608098,168.9466327476969,0.0,4956300
2023-06-20,0.0,164.37515258789062,0.0,166.40620938675644,162.92860869812597,164.9563919616222,0.0,2024400
2023-06-21,0.0,160.3685302734375,0.0,164.1596125055546,160.18240216271326,163.34327661485574,0.0,4128300
2023-06-22,0.0,161.1163330078125,0.0,161.78573365210957,159.0591476233579,159.27793638763399,0.0,3656400
2023-06-23,0.0,158.2786865234375,0.0,159.28442397644648,157.55704404147497,158.5203301781748,0.0,2057400
2023-06-26,0.0,158.79135131835938,0.0,161.83467731870059,158.78481919658003,159.38891340616746,0.0,2434800
2023-06-27,0.0,164.33920288085938,0.0,164.61676574385206,158.7456437791045,159.34973799769386,0.0,2763600
2023-06-28,0.0,163.072265625,0.0,164.45351813734663,161.51143204991575,161.68775452503252,0.0,2912400
2023-06-29,0.0,163.1179656982422,0.0,163.84939892677744,161.76610047050772,163.73510921502094,0.0,1674600
2023-06-30,0.0,165.6388397216797,0.0,166.30170814411755,164.3261671216335,164.91392361012578,0.0,1618200
2023-07-03,0.0,167.1115264892578,0.0,167.51316984063916,165.27638856992618,166.39967456060748,0.0,809400
2023-07-05,0.0,163.41836547851562,0.0,166.3375958438574,163.3661085090935,165.99472674643036,0.0,2821800
2023-07-06,0.0,161.35792541503906,0.0,161.62895615765984,159.32361039475904,160.64281501587072,0.0,3454200
2023-07-07,0.0,161.426513671875,0.0,163.9930846550618,161.16528857227237,161.6616252301063,0.0,1824300
2023-07-10,0.0,164.7865753173828,0.0,164.93025212015678,161.76939235442725,161.93265057747112,0.0,1833600
2023-07-11,0.0,164.79307556152344,0.0,165.65840974591657,162.41589160061795,165.35799195320385,0.0,2370300
2023-07-12,0.0,167.86256408691406,0.0,168.16624052841183,166.23313579339018,167.1768257314232,0.0,4269300
2023-07-13,0.0,171.33035278320312,0.0,171.71893182444714,168.98908782670625,169.64216548830777,0.0,2791200
2023-07-14,0.0,169.18829345703125,0.0,172.88468251971048,168.489505834892,171.34996259997095,0.0,5124900
2023-07-17,0.0,173.2373504638672,0.0,174.09286422093217,168.2086921991245,169.25033408462664,0.0,2926200
2023-07-18,0.0,173.55734252929688,0.0,174.1287761886643,171.1409803904746,172.4928307846656,0.0,2669400
2023-07-19,0.0,171.4968719482422,0.0,173.90671653421697,171.0691151545836,173.7826211747819,0.0,2483400
2023-07-20,0.0,165.26007080078125,0.0,169.02176658118628,164.50904105886696,168.43726861131776,0.0,5085600
2023-07-21,0.0,166.75230407714844,0.0,168.30989375029574,165.81841992785115,167.05925401081714,0.0,2527800
2023-07-24,0.0,166.7457733154297,0.0,167.9311067942966,165.88045401642708,166.74904685017628,0.0,1544400
2023-07-25,0.0,169.5507354736328,0.0,170.55973159519047,167.70906568392468,167.70906568392468,0.0,1869300
2023-07-26,0.0,167.20947265625,0.0,168.62337067996057,165.38086708660614,167.4347785544569,0.0,2618700
2023-07-27,0.0,170.35403442382812,0.0,173.91655273712504,169.40055371335754,171.55896450583467,0.0,3826500
2023-07-28,0.0,174.07330322265625,0.0,174.6643333432651,171.90182806633132,173.5998214295251,0.0,2821500
2023-07-31,0.0,174.794921875,0.0,175.31085492601045,173.71408727503288,174.7100192289883,0.0,1628400
2023-08-01,0.0,174.90591430664062,0.0,175.27491191839454,172.65934276584153,173.19487211188007,0.0,1343400
2023-08-02,0.0,168.21192932128906,0.0,172.73118607060798,167.20946535238969,172.68547616504034,0.0,4657800
2023-08-03,0.0,167.78091430664062,0.0,168.99236144379984,165.5767938188072,166.1972109260664,0.0,4354800
2023-08-04,0.0,167.51641845703125,0.0,169.8446343632715,165.67148993686786,167.17356423290514,0.0,4139400
2023-08-07,0.0,169.27972412109375,0.0,169.49523933171864,167.6960206555849,168.72135467367437,0.0,2262900
2023-08-08,0.0,166.58580017089844,0.0,166.7752018392347,164.35229246936402,166.6347836187035,0.0,2767500
2023-08-09,0.0,163.5294189453125,0.0,166.5368112110902,163.19961401501047,166.4715049320615,0.0,3228000
2023-08-10,0.0,162.8697967529297,0.0,166.58578204413737,161.76284868076402,164.83554699291935,0.0,3831600
2023-08-11,0.0,158.92198181152344,0.0,160.982425510073,158.63462821136008,160.87140932257753,0.0,3882000
2023-08-14,0.0,163.50656127929688,0.0,163.545739067005,157.7660512567051,158.31137138305672,0.0,3127200
2023-08-15,0.0,160.7767333984375,0.0,163.1833051130694,160.59060525563876,162.66083988858784,0.0,2276700
2023-08-16,0.0,157.66482543945312,0.0,160.76365241689646,157.54074500638723,160.603652783655,0.0,2840100
2023-08-17,0.0,156.12359619140625,0.0,158.3146527747871,155.63051802685683,157.9587342560953,0.0,2624400
2023-08-18,0.0,156.96273803710938,0.0,157.5243809009666,154.09902310693542,154.42229585449064,0.0,2315700
2023-08-21,0.0,161.4722137451172,0.0,161.71058387613326,157.4525522318345,157.70398660656463,0.0,2757900
2023-08-22,0.0,160.04852294921875,0.0,163.64694476685634,159.50320288877447,163.44776736963524,0.0,2055300
2023-08-23,0.0,163.3204345703125,0.0,163.8951417793361,158.94483917177288,159.12443517459275,0.0,3027300
2023-08-24,0.0,157.92279052734375,0.0,166.49109666826303,157.563598528854,166.4029354361743,0.0,4848600
2023-08-25,0.0,158.6020050048828,0.0,159.96038772784325,155.43133919180866,157.88362090274936,0.0,3435900
2023-08-28,0.0,160.61019897460938,0.0,161.0542787130567,158.97425340342332,160.16284570077818,0.0,1689300
2023-08-29,0.0,164.8290252685547,0.0,165.37108680958895,159.57506119620544,159.806899231211,0.0,2730000
2023-08-30,0.0,165.606201171875,0.0,166.2854074646588,163.1604516432415,164.33597972448,0.0,3073800
2023-08-31,0.0,166.75230407714844,0.0,167.71233166126365,165.00860124967394,165.00860124967394,0.0,2109000
2023-09-01,0.0,167.18661499023438,0.0,168.24785313761672,165.97842651781133,167.86580620874724,0.0,1891200
2023-09-05,0.0,167.131103515625,0.0,168.44051749065525,165.70086770086678,166.5955890741931,0.0,1871100
2023-09-06,0.0,165.92295837402344,0.0,167.76788727261788,164.05843310362678,166.66419749019346,0.0,2008200
2023-09-07,0.0,162.12527465820312,0.0,162.58895062863422,160.08115420983458,162.11548395025238,0.0,3877500
2023-09-08,0.0,161.2860870361328,0.0,162.95796645010338,160.6134279555144,161.78242366802843,0.0,1333800
2023-09-11,0.0,161.19468688964844,0.0,163.340033296716,159.01995340420865,163.31064621834378,0.0,1422900
2023-09-12,0.0,159.8264923095703,0.0,162.55306300066889,159.71220258815381,160.13016873911485,0.0,1720500
2023-09-13,0.0,160.6461181640625,0.0,162.2689994888732,159.6109933909358,159.78079869667903,0.0,2927700
2023-09-14,0.0,161.79550170898438,0.0,162.4747079170831,160.26405531173648,162.2036771513258,0.0,2022000
2023-09-15,0.0,157.12603759765625,0.0,160.83549098188124,156.32928307043284,160.83549098188124,0.0,2901000
2023-09-18,0.0,157.66156005859375,0.0,158.239540826393,155.60438977984512,155.92113047526155,0.0,1722600
2023-09-19,0.0,156.33255004882812,0.0,157.27623992477345,155.49987635631535,157.1913372828054,0.0,1553700
2023-09-20,0.0,153.76597595214844,0.0,157.70400892090134,153.7137339175475,157.04441399648482,0.0,2122800
2023-09-21,0.0,150.92837524414062,0.0,152.89738407613223,150.85979543498095,151.93083925924395,0.0,2532900
2023-09-22,0.0,152.18551635742188,0.0,153.70391323350876,151.5879542944837,152.36511232976105,0.0,2395500
2023-09-25,0.0,153.2990264892578,0.0,153.43942974638497,150.7716333321372,151.473679513069,0.0,1587600
2023-09-26,0.0,150.51556396484375,0.555333,152.43915724657205,149.84706459645722,152.05247947485273,0.0,2349000
2023-09-27,0.0,151.8427276611328,0.0,152.98639482823657,149.5848700580816,151.74769708002574,0.0,2727300
2023-09-28,0.0,154.65438842773438,0.0,156.28631927710592,150.90223304968646,151.52812981093234,0.0,3674400
2023-09-29,0.0,155.2147674560547,0.0,157.45951460377975,154.73632929051487,156.8925862288426,0.0,2802600
2023-10-02,0.0,155.9979705810547,0.0,157.2268429797618,154.107154184084,155.5523093250343,0.0,2466600
2023-10-03,0.0,152.77011108398438,0.0,156.71561277476982,151.69198277330435,154.54624538350905,0.0,2685900
2023-10-04,0.0,154.79855346679688,0.0,155.26388072677258,152.39323755768004,153.51396821274272,0.0,3280200
2023-10-05,0.0,154.0481414794922,0.0,155.43431288242928,152.6259229596876,154.83789285765408,0.0,1902300
2023-10-06,0.0,157.35789489746094,0.0,158.12470987533524,152.24250485197786,153.25509424586008,0.0,3818700
2023-10-09,0.0,156.9646453857422,0.0,157.40703633030623,154.51345663274645,155.70956678010523,0.0,2082000
2023-10-10,0.0,158.97674560546875,0.0,160.3923937812253,156.80409295226278,157.45294107503537,0.0,1863300
2023-10-11,0.0,160.17286682128906,0.0,160.49729093521543,158.26893964860443,159.52074840076804,0.0,2983200
2023-10-12,0.0,160.58248901367188,0.0,162.88620464090727,159.03574795199242,160.43830052482636,0.0,3051600
2023-10-13,0.0,156.21095275878906,0.0,161.0903942812084,155.90946505533145,160.90360331278097,0.0,2544900
2023-10-16,0.0,158.42294311523438,0.0,159.00952263516155,156.58455492695944,156.7385689906142,0.0,1732500
2023-10-17,0.0,157.26617431640625,0.0,158.38690533700364,153.47141577282488,155.26064617372646,0.0,2450100
2023-10-18,0.0,154.43154907226562,0.0,155.75545181913637,153.6155761538357,154.57900773185136,0.0,2865900
2023-10-19,0.0,152.05245971679688,0.0,156.25683176885815,151.50519755926123,155.83737712138785,0.0,4398300
2023-10-20,0.0,149.8535919189453,0.0,153.11421365498634,149.58161092550506,152.04262564183733,0.0,3013200
2023-10-23,0.0,149.00161743164062,0.0,151.5675038419491,147.38278190582724,148.96557030453687,0.0,2846100
2023-10-24,0.0,151.02345275878906,0.0,151.31838504725891,149.20473114817045,149.9092774475735,0.0,2233500
2023-10-25,0.0,144.91845703125,0.0,149.52918832760972,144.15819729741386,149.02779882575027,0.0,3244200
2023-10-26,0.0,144.0565948486328,0.0,147.2647582508146,143.40446155153862,145.56073318046256,0.0,4508100
2023-10-27,0.0,145.6066131591797,0.0,146.9829440542615,144.9413840597432,146.10143224261478,0.0,2436900
2023-10-30,0.0,143.6567840576172,0.0,145.4951869258519,142.09693253337446,144.56778751071823,0.0,2743200
2023-10-31,0.0,144.9708709716797,0.0,145.3444529168694,141.96259425756372,143.78131609408578,0.0,1911600
2023-11-01,0.0,148.38223266601562,0.0,148.5165955690814,144.98726297794624,144.98726297794624,0.0,3542100
2023-11-02,0.0,151.75425720214844,0.0,152.83894104625762,149.77823589423,151.32824712734543,0.0,2726700
2023-11-03,0.0,155.74232482910156,0.0,156.87289610474335,153.1502328771093,153.43532458957725,0.0,2326800
2023-11-06,0.0,155.45401000976562,0.0,156.42728245301956,153.98264816890986,155.99471692268446,0.0,1740000
2023-11-07,0.0,156.44361877441406,0.0,157.1285140019912,154.87394157883736,155.1131606294577,0.0,1556400
2023-11-08,0.0,156.60093688964844,0.0,157.33497509213012,155.51952324207102,156.59111131135515,0.0,2233800
2023-11-09,0.0,155.8505096435547,0.0,159.4978094706504,155.53592611448684,157.62335906493772,0.0,2383200
2023-11-10,0.0,162.13580322265625,0.0,162.64044798801442,157.1514892338918,157.8036076976607,0.0,2229000
2023-11-13,0.0,160.5562744140625,0.0,161.10680684950782,159.51090782471974,160.86103236933516,0.0,1956000
2023-11-14,0.0,166.49417114257812,0.0,166.98899022690028,164.3313440165984,164.61645077451468,0.0,2765100
2023-11-15,0.0,167.70335388183594,0.0,168.95516228606814,166.43843470880725,167.52967369748143,0.0,5104800
2023-11-16,0.0,167.7853240966797,0.0,168.2834284544449,166.43519952170777,166.99884274226704,0.0,2275500
2023-11-17,0.0,168.96502685546875,0.0,169.29273614749044,166.9890055284459,167.26427173317893,0.0,1815300
2023-11-20,0.0,171.45556640625,0.0,172.0421459991459,168.7258254227333,168.78153870836394,0.0,1482000
2023-11-21,0.0,168.25062561035156,0.0,170.04969636869748,167.38550975452972,170.04969636869748,0.0,3018600
2023-11-22,0.0,168.78807067871094,0.0,171.45554261993738,168.3161879153975,169.37465019022972,0.0,2044200
2023-11-24,0.0,168.9093475341797,0.0,169.09940874428338,168.1851198181105,168.7782548021279,0.0,516600
2023-11-27,0.0,168.67335510253906,0.0,170.10539919728888,167.86393757064735,168.28339220252317,0.0,1816800
2023-11-28,0.0,167.68699645996094,0.0,168.57504865870698,166.34014229333235,167.70664761503454,0.0,1852200
2023-11-29,0.0,169.5056915283203,0.0,172.0519107892659,169.22059981606807,170.0627791851428,0.0,3665700
2023-11-30,0.0,168.32269287109375,0.0,169.94152777484013,166.96602833701243,169.7711327854812,0.0,2419500
2023-12-01,0.0,169.1124725341797,0.0,169.42705600140494,166.1435132451732,167.45103500158706,0.0,1719600
2023-12-04,0.0,167.2183837890625,0.0,167.55918882095548,164.80651202367588,167.38877880456812,0.0,1810500
2023-12-05,0.0,166.26806640625,0.0,166.7104574583393,164.88845016164657,165.61594800346862,0.0,2568300
2023-12-06,0.0,165.2423553466797,0.0,168.7782283436625,165.0490239740025,168.6831977535081,0.0,2683500
2023-12-07,0.0,169.67286682128906,0.0,170.19719271363115,166.1337233012944,166.79895249540652,0.0,1916700
2023-12-08,0.0,171.01315307617188,0.0,171.7603020413103,169.20097144038678,169.2730656826912,0.0,4207200
2023-12-11,0.0,176.84622192382812,0.0,177.39675438344167,172.43210666583073,172.6156124854071,0.0,3977100
2023-12-12,0.0,178.12094116210938,0.0,178.14716270432626,175.64353045349125,175.9548437633468,0.0,2226600
2023-12-13,0.0,180.86376953125,0.0,181.89602519787158,177.48519596935256,178.14715487329045,0.0,5724900
2023-12-14,0.0,185.87757873535156,0.0,186.40190456326664,182.32532487938002,182.32532487938002,0.0,3372300
2023-12-15,0.0,186.56903076171875,0.0,188.6663040870414,186.165957059899,186.42155708986948,0.0,3956100
2023-12-18,0.0,186.05126953125,0.0,186.87379793887726,184.35706982382695,186.5657548098536,0.0,2272200
2023-12-19,0.0,187.044189453125,0.0,187.42104162463468,186.0807577711248,186.31670665280922,0.0,1910100
2023-12-20,0.0,181.49945068359375,0.374333,186.7267127811677,181.49945068359375,185.64644381223684,0.0,3355800
2023-12-21,0.0,186.5231170654297,0.0,186.86459396395458,184.55959859561597,185.4231583353866,0.0,2589300
2023-12-22,0.0,187.12071228027344,0.0,188.24037602248882,185.7876310964768,187.4129344014949,0.0,2363400
2023-12-26,0.0,190.42710876464844,0.0,191.1822987932978,187.97764109887933,187.97764109887933,0.0,1906500
2023-12-27,0.0,190.9163818359375,0.0,191.62233227732736,189.8624011937645,191.2972686127911,0.0,1877400
2023-12-28,0.0,190.5584716796875,0.0,191.72409842430068,190.30892105054264,191.359624943235,0.0,1053000
2023-12-29,0.0,189.15969848632812,0.0,190.97872889903857,188.14182123506876,190.59784221065294,0.0,1452300
2024-01-02,0.0,182.3465576171875,0.0,185.9583607938005,180.79676745767554,185.9583607938005,0.0,3256800
2024-01-03,0.0,178.42938232421875,0.0,180.13678170095375,177.723447022561,179.1221960401174,0.0,4069800
2024-01-04,0.0,176.92886352539062,0.0,178.72818932198533,175.2181873507913,175.6121956910741,0.0,3737100
2024-01-05,0.0,177.91061401367188,0.0,179.47354087341904,176.7023157153272,177.2605017323147,0.0,3888900
2024-01-08,0.0,183.7058868408203,0.0,184.18526808997052,179.08606686641122,179.1353216589573,0.0,3202200
2024-01-09,0.0,183.76828002929688,0.0,185.1801657055462,181.3615135865961,181.63403074416328,0.0,2944200
2024-01-10,0.0,183.15098571777344,0.0,184.22467110297183,180.83614563917774,184.1852762854535,0.0,2821800
2024-01-11,0.0,183.82737731933594,0.0,185.02255389696342,180.23527927823733,183.41038744555902,0.0,3692100
2024-01-12,0.0,183.01638793945312,0.0,184.96676991140367,182.129861610716,184.07366024313944,0.0,2277000
2024-01-16,0.0,185.61029052734375,0.0,186.86458188434895,182.30058463384407,183.2429339558189,0.0,4151400
2024-01-17,0.0,183.9094696044922,0.0,184.1261786794892,180.79018461051223,183.71574209251852,0.0,4971000
2024-01-18,0.0,189.9805908203125,0.0,190.23012643218956,186.969660038332,189.01525985580187,0.0,3552000
2024-01-19,0.0,197.41104125976562,0.0,197.66714517363428,191.3957481640651,192.37421572019736,0.0,5326800
2024-01-22,0.0,198.0579071044922,0.0,200.64526496396695,196.24215277395007,199.04623478964425,0.0,5288400
2024-01-23,0.0,199.37124633789062,0.0,199.60766034847865,196.24868455483696,198.13010660082494,0.0,3282000
2024-01-24,0.0,202.2738494873047,0.0,204.96299345966722,200.09363675473017,201.67297694823185,0.0,6283800
2024-01-25,0.0,201.7123565673828,0.0,206.13188112299895,200.6944792099294,205.9972533488859,0.0,3916800
2024-01-26,0.0,196.2749481201172,0.0,198.9279734207307,195.59527102480394,197.5850475154907,0.0,5781300
2024-01-29,0.0,198.31727600097656,0.0,198.31727600097656,195.22426393155655,196.6624079027604,0.0,3467400
2024-01-30,0.0,195.25379943847656,0.0,198.3402429720658,194.4394945515089,197.1319297733243,0.0,3059100
2024-01-31,0.0,192.42672729492188,0.0,195.94658854745472,190.7094831516353,192.21986318743876,0.0,6573600
2024-02-01,0.0,193.37893676757812,0.0,193.8583180337904,190.84740266949282,193.20491418338656,0.0,3464100
2024-02-02,0.0,195.8480987548828,0.0,196.30122182967784,192.84702827184898,193.3723726746166,0.0,4801200
2024-02-05,0.0,198.52410888671875,0.0,199.51243635786597,195.34244745534608,197.51938319078224,0.0,4735200
2024-02-06,0.0,196.20928955078125,0.0,199.239910044019,194.00609554814386,199.0855923731926,0.0,3624000
2024-02-07,0.0,199.21035766601562,0.0,199.39751687639477,195.5427465800026,197.5981911943431,0.0,4839300
2024-02-08,0.0,202.63499450683594,0.0,204.09941156762295,199.7619684582035,199.83749648581775,0.0,2760900
2024-02-09,0.0,206.67034912109375,0.0,206.99868936224314,202.6711063651282,203.86955951816307,0.0,3518700
2024-02-12,0.0,206.29605102539062,0.0,210.11471829733884,205.46534787896954,206.69335102302668,0.0,4299900
2024-02-13,0.0,202.05712890625,0.0,204.2439098239934,199.3384352116971,200.3136261713789,0.0,6551400
2024-02-14,0.0,206.62112426757812,0.0,206.72620217824382,203.75795787069325,204.6477758351219,0.0,3236400
2024-02-15,0.0,206.42410278320312,0.0,208.21687517935507,205.50802669077322,207.96404791757843,0.0,2845500
2024-02-16,0.0,205.2552032470703,0.0,209.566373333099,204.64776247972543,207.97389673340112,0.0,4103100
2024-02-20,0.0,201.801025390625,0.0,204.06004268033558,198.69159997804664,203.3311106961238,0.0,5547600
2024-02-21,0.0,201.3380584716797,0.0,201.3873132735445,198.46503204139228,199.51902768556914,0.0,4471500
2024-02-22,0.0,211.2606201171875,0.0,212.39997353404374,208.33833935364444,209.26427537058325,0.0,6676500
2024-02-23,0.0,208.98190307617188,0.0,213.4178557565512,207.86882286519608,212.32446543925417,0.0,5105100
2024-02-26,0.0,211.04393005371094,0.0,211.98627941001774,209.57622123187213,211.08989318264398,0.0,3759000
2024-02-27,0.0,210.8337860107422,0.0,212.6035618431801,210.28873665864788,212.0618041605039,0.0,4560900
2024-02-28,0.0,208.46316528320312,0.0,209.5762456986742,207.48469763123163,208.49928346885403,0.0,2923800
2024-02-29,0.0,214.11065673828125,0.0,214.54079825229528,210.38722265132057,211.04719482753282,0.0,3382800
2024-03-01,0.0,223.22225952148438,0.0,224.18431384275644,216.34014493221434,216.58640390388499,0.0,6123000
2024-03-04,0.0,225.41561889648438,0.0,227.88150039432475,224.17118736433926,225.69799606384444,0.0,7328400
2024-03-05,0.0,220.99609375,0.0,224.2368553492768,218.57289874657346,222.6903567535929,0.0,7260000
2024-03-06,0.0,226.4269256591797,0.0,228.80743414453391,223.91180441585354,225.59949909303927,0.0,5531700
2024-03-07,0.0,234.19229125976562,0.0,235.1379323615335,229.16860202813106,229.30650645646645,3.0,4799600
2024-03-08,0.0,224.7162322998047,0.0,236.4184479265596,224.5586229571763,234.98030400882462,0.0,10483000
2024-03-11,0.0,221.7315673828125,0.0,223.39626528018283,219.19017318317304,222.12557569558993,0.0,4499800
2024-03-12,0.0,226.33168029785156,0.0,226.44987978427528,220.63817456815443,224.56845779627875,0.0,3598400
2024-03-13,0.0,220.81549072265625,0.0,223.9676025226687,219.47584132884413,223.65239885789478,0.0,3264600
2024-03-14,0.0,217.0428009033203,0.0,221.47546233700385,214.85602006026673,220.22447759875828,0.0,4662100
2024-03-15,0.0,215.4864044189453,0.0,218.0573481983315,213.85125657934586,214.14675526511854,0.0,4105300
2024-03-18,0.0,215.31898498535156,0.0,219.99790531937936,215.10227589376024,219.17047880446034,0.0,3143300
2024-03-19,0.0,213.516357421875,0.0,214.43244854383076,209.4678596290949,212.5214766616759,0.0,3558700
2024-03-20,0.0,217.1511688232422,0.0,217.72249146908788,212.3047938276212,214.02860671354242,0.0,3386600
2024-03-21,0.0,222.0369873046875,0.225,226.07976656024147,221.622851363932,224.19642224604965,0.0,4059800
2024-03-22,0.0,222.30320739746094,0.0,223.9301860287211,220.3311230292496,221.0312196001209,0.0,2658900
2024-03-25,0.0,221.43553161621094,0.0,223.44705133422985,218.61544997164134,219.14790620570724,0.0,2283500
2024-03-26,0.0,219.7691192626953,0.0,223.71328858157608,219.71981413704694,223.03291696673924,0.0,4414200
2024-03-27,0.0,222.52999877929688,0.0,222.60888396161127,218.30973932324216,222.244053158491,0.0,4161700
2024-03-28,0.0,222.76666259765625,0.0,223.8315900297267,221.77076534485283,222.27364147424277,0.0,1794300
2024-04-01,0.0,225.1134490966797,0.0,228.21947617154717,222.90470903614036,222.90470903614036,0.0,3000900
2024-04-02,0.0,221.64256286621094,0.0,222.115858905869,219.29577763298116,221.40590732347698,0.0,2383500
2024-04-03,0.0,222.26376342773438,0.0,223.82171182171666,219.03940140203022,219.06898146270382,0.0,1860600
2024-04-04,0.0,215.97283935546875,0.0,225.9713074714814,215.50939828026665,225.3205159557749,0.0,3744000
2024-04-05,0.0,218.53656005859375,0.0,219.8874331967572,215.52912803037268,216.92930629276495,0.0,2428300
2024-04-08,0.0,219.09857177734375,0.0,220.98191597268655,218.2209948294012,219.82824841499647,0.0,1866900
2024-04-09,0.0,221.4552001953125,0.0,222.1552967335524,217.6786570007146,221.30729989291413,0.0,3170100
2024-04-10,0.0,217.4124298095703,0.0,220.31138096861326,216.17000712417195,217.75753551988544,0.0,3610500
2024-04-11,0.0,222.3229217529297,0.0,222.71733258926395,216.98843018268806,218.7830340933696,0.0,2455300
2024-04-12,0.0,215.02622985839844,0.0,218.66471293931255,214.60222388841478,218.39849237819368,0.0,3210400
2024-04-15,0.0,212.3047332763672,0.0,218.7633123791996,211.24967599786316,217.96462064364766,0.0,3170800
2024-04-16,0.0,213.91201782226562,0.0,214.9572202473311,211.51592722229228,212.39350426275396,0.0,2452300
2024-04-17,0.0,207.423828125,0.0,214.40500838107718,206.97024211398704,214.06975765969892,0.0,4798600
2024-04-18,0.0,203.74591064453125,0.0,207.29565364234406,203.09511916223192,205.94478060293125,0.0,5372700
2024-04-19,0.0,195.62091064453125,0.0,203.24301260608016,194.6743035163024,201.94144473130157,0.0,6406600
2024-04-22,0.0,198.8452606201172,0.0,200.27501870717293,195.25606784937588,197.6422880113591,0.0,4493800
2024-04-23,0.0,202.9965057373047,0.0,203.97269294544373,199.67354829150773,200.21587451825164,0.0,3645400
2024-04-24,0.0,205.62925720214844,0.0,209.53399137930342,203.854393076526,208.42962880410516,0.0,4077600
2024-04-25,0.0,209.44520568847656,0.0,210.84538366241568,204.04168415738897,205.13619148821712,0.0,3902900
2024-04-26,0.0,213.87254333496094,0.0,214.77971538304212,208.70569192872722,209.18884296876408,0.0,3812600
2024-04-29,0.0,215.49952697753906,0.0,215.70658741499852,211.96949407706686,213.4978625044443,0.0,3247300
2024-04-30,0.0,211.003173828125,0.0,216.92928197840723,210.94399865819614,214.5627867387849,0.0,3583500
2024-05-01,0.0,203.87408447265625,0.0,210.85526521225663,202.72041687802627,207.07872169523185,0.0,7023200
2024-05-02,0.0,208.4591827392578,0.0,209.19871438083672,203.6374370379957,207.36467530788863,0.0,3955500
2024-05-03,0.0,213.1527099609375,0.0,214.37540752985637,211.4862964748958,212.83718432606642,0.0,3467100
2024-05-06,0.0,217.580078125,0.0,217.59978813625798,214.1289303827766,214.96705723554476,0.0,2441500
2024-05-07,0.0,215.65731811523438,0.0,218.4773996958786,215.65731811523438,217.89562330389444,0.0,2859500
2024-05-08,0.0,215.86434936523438,0.0,216.0714248404328,213.3499388305592,213.57673936192165,0.0,3212000
2024-05-09,0.0,215.05580139160156,0.0,216.27848404226003,214.03030911822614,215.87420314514455,0.0,1874300
2024-05-10,0.0,217.1659393310547,0.0,219.31550410295327,216.20947719432993,217.4124498808124,0.0,3079200
2024-05-13,0.0,217.61949157714844,0.0,218.98023450929296,217.25466080958276,218.11251263420849,0.0,1843200
2024-05-14,0.0,221.23826599121094,0.0,221.4256164016295,217.2448074356942,217.45186785556092,0.0,2149400
2024-05-15,0.0,227.45034790039062,0.0,227.59826325490587,222.35251163427276,223.58506435951816,0.0,3106200
2024-05-16,0.0,226.3361358642578,0.0,229.19566747257915,226.25726572303122,227.40106332054876,0.0,2878400
2024-05-17,0.0,225.05429077148438,0.0,228.1701728773349,223.2596866368327,227.77576199177736,0.0,1806100
2024-05-20,0.0,230.0041961669922,0.0,231.44382438670215,225.6557615374024,226.06989745232477,0.0,2555300
2024-05-21,0.0,229.26466369628906,0.0,229.63936454235696,226.85873339624968,226.9671835929433,0.0,2178700
2024-05-22,0.0,231.95657348632812,0.0,232.5580598326028,229.56048310677787,231.3945222080572,0.0,3488500
2024-05-23,0.0,230.65499877929688,0.0,237.55729445343144,228.9195698548634,237.4685542629014,0.0,4704800
2024-05-24,0.0,235.230224609375,0.0,236.0092063723156,231.7199167879174,232.74539405482247,0.0,2450100
2024-05-28,0.0,239.20399475097656,0.0,240.22948715493357,235.5162062275534,237.98131194462718,0.0,2824200
2024-05-29,0.0,234.26390075683594,0.0,235.8415592027156,233.9483600401743,234.80622695996718,0.0,2061100
2024-05-30,0.0,232.63693237304688,0.0,235.00344271460105,231.4142496567635,234.33292618512715,0.0,1536800
2024-05-31,0.0,230.74374389648438,0.0,234.0469914865299,224.32461419897484,233.47508517010772,0.0,2991000
2024-06-03,0.0,231.118408203125,0.0,234.6287156867707,226.9868893791705,234.48081538946315,0.0,1815900
2024-06-04,0.0,229.31396484375,0.0,231.088843760428,227.5686659885325,230.7338679770924,0.0,2246900
2024-06-05,0.0,239.34201049804688,0.0,239.49978085544143,232.5679056391439,233.39617744675112,0.0,3749400
2024-06-06,0.0,237.3798065185547,0.0,239.57867642908752,235.6049275353804,239.57867642908752,0.0,2261300
2024-06-07,0.0,236.6698760986328,0.0,238.17851960784716,235.02318726981096,237.47842295753048,0.0,2052600
2024-06-10,0.0,240.08152770996094,0.0,240.76189917029967,234.51039583045392,234.83579153086848,0.0,1824300
2024-06-11,0.0,240.27902221679688,0.31,240.6147154231563,236.45817880389447,238.8276910623628,0.0,1662100
2024-06-12,0.0,247.0518798828125,0.0,247.97007599224975,244.0307466765819,244.5540140585766,0.0,3101600
2024-06-13,0.0,249.73733520507812,0.0,250.85298814679396,246.34102347082046,248.8586395000514,0.0,3469400
2024-06-14,0.0,248.83888244628906,0.0,249.56948927388888,246.55822371653915,247.6146410862447,0.0,2567600
2024-06-17,0.0,252.76832580566406,0.0,253.24224025996085,247.43691624723982,250.50741730679255,0.0,3057900
2024-06-18,0.0,255.98696899414062,0.0,257.33956425500423,253.23239542793877,253.7359277276704,0.0,3071500
2024-06-20,0.0,249.03636169433594,0.0,256.8162693355491,247.63439860400314,256.3621201288871,0.0,3921500
2024-06-21,0.0,246.6075897216797,0.0,249.4806339714242,243.8036636462198,246.96301803159642,0.0,3156800
2024-06-24,0.0,239.5681610107422,0.0,245.87700272161774,239.43982235028025,244.38618625247196,0.0,3958300
2024-06-25,0.0,243.2508087158203,0.0,243.38903001656223,238.71909343544118,241.4934171499622,0.0,2551800
2024-06-26,0.0,242.302978515625,0.0,244.51453424431253,239.6274060023154,243.0829533543323,0.0,1933800
2024-06-27,0.0,241.05897521972656,0.0,243.61607652080116,239.6175117655164,241.8290673871159,0.0,2363600
2024-06-28,0.0,243.49761962890625,0.0,248.26627682949263,241.56250646410658,242.72752741663675,0.0,3851300
2024-07-01,0.0,243.48773193359375,0.0,243.774057147455,238.89679652780057,243.3593932775439,0.0,2330400
2024-07-02,0.0,246.91366577148438,0.0,246.99265151926878,241.88831620550658,242.08577304247206,0.0,1617400
2024-07-03,0.0,251.0307159423828,0.0,252.33395825657595,246.2127055767094,247.53568303021441,0.0,1392200
2024-07-05,0.0,251.52435302734375,0.0,253.56805465340486,250.06315434670668,253.0250521146146,0.0,1823900
2024-07-08,0.0,256.2929992675781,0.0,256.5990596134252,253.42983757385778,253.44957271133856,0.0,2295500
2024-07-09,0.0,256.1745910644531,0.0,258.7514281823287,253.8643139529131,257.43833316298753,0.0,2374700
2024-07-10,0.0,262.1180419921875,0.0,262.6215742008576,257.2703995445366,258.54402388588977,0.0,3075800
2024-07-11,0.0,253.4989776611328,0.0,263.8458550318021,252.7190027785019,263.7570017104872,0.0,4689600
2024-07-12,0.0,256.5892333984375,0.0,261.061698089503,253.3015098072001,254.56525172500713,0.0,2929500
2024-07-15,0.0,256.8755187988281,0.0,260.28171335832985,255.3057165631395,258.0306722107409,0.0,3202200
2024-07-16,0.0,258.465087890625,0.0,258.8106486658824,254.3184188475024,258.20838043529386,0.0,2595100
2024-07-17,0.0,240.08152770996094,0.0,250.43830101032088,239.69648165173916,249.53985518614036,0.0,9101600
2024-07-18,0.0,240.80227661132812,0.0,244.37631007465717,236.6062548761554,244.26770655655898,0.0,5274000
2024-07-19,0.0,233.43702697753906,0.0,240.60481379892954,233.0420982556365,240.46659251251123,0.0,4983500
2024-07-22,0.0,243.1125946044922,0.0,243.31005145924962,236.45819163772026,238.45254052025297,0.0,4941700
2024-07-23,0.0,239.48916625976562,0.0,241.96728174646418,238.76842702079404,239.80509415952886,0.0,2418700
2024-07-24,0.0,226.75303649902344,0.0,236.84323690958584,226.43710854556736,236.2212335076358,0.0,5738900
2024-07-25,0.0,221.69805908203125,0.0,229.11267134324098,217.82784766430984,224.81792846105898,0.0,8437600
2024-07-26,0.0,226.45684814453125,0.0,228.27349040639544,224.0281001686033,226.7530409639107,0.0,3805500
2024-07-29,0.0,225.98292541503906,0.0,231.84748538821788,225.13384745486516,228.65851301924698,0.0,2926800
2024-07-30,0.0,217.77847290039062,0.0,227.63171531155234,217.02813088507872,227.078830135534,0.0,8083500
2024-07-31,0.0,232.39048767089844,0.0,232.6076946974377,226.06189626080194,227.7896698396433,0.0,7494100
2024-08-01,0.0,215.64590454101562,0.0,230.24806916685753,212.8518458017674,228.4610448352602,0.0,8576300
2024-08-02,0.0,204.18336486816406,0.0,208.7644329961506,201.61639573915818,206.4047882827802,0.0,13105400
2024-08-05,0.0,200.57972717285156,0.0,206.02960840144667,190.42040905244298,190.63761610122666,0.0,9247100
2024-08-06,0.0,202.39633178710938,0.0,207.80672707229442,199.17774188550098,202.45556732747795,0.0,6602300
2024-08-07,0.0,196.75885009765625,0.0,210.47243532438895,196.32445110610644,208.8137799066801,0.0,5292500
2024-08-08,0.0,210.33421325683594,0.0,210.5514202842976,198.68409484202323,202.8603662064179,0.0,6243200
2024-08-09,0.0,209.09024047851562,0.0,210.96610308600216,206.09872486294972,208.80393031568548,0.0,3454500
2024-08-12,0.0,210.29476928710938,0.0,212.81238573523535,207.62906395703195,209.4062058654146,0.0,4365200
2024-08-13,0.0,218.83485412597656,0.0,219.16066465856733,211.94351016523947,213.2467522956026,0.0,4525400
2024-08-14,0.0,218.281982421875,0.0,221.68816174109125,214.72771424464565,220.80946603190225,0.0,3769900
2024-08-15,0.0,228.77700805664062,0.0,229.6655714513509,222.18184052248355,223.19877271930847,0.0,4332100
2024-08-16,0.0,228.293212890625,0.0,229.27064462089282,225.13385814404097,226.67404264143872,0.0,3966100
2024-08-19,0.0,232.17327880859375,0.0,232.21276414720228,224.76853495782206,227.40462196089797,0.0,2197800
2024-08-20,0.0,229.102783203125,0.0,232.55833041564577,227.3453918259565,230.97864566392587,0.0,2587700
2024-08-21,0.0,232.35101318359375,0.0,233.5061515544939,229.6853080919018,230.24807592297688,0.0,1832200
2024-08-22,0.0,224.41314697265625,0.0,234.4835974061536,223.74177557576036,233.69375490715538,0.0,2969600
2024-08-23,0.0,230.42578125,0.0,232.01533371335927,226.7826444506554,227.9871507925794,0.0,3452900
2024-08-26,0.0,224.6401824951172,0.0,230.2480497031387,223.82072236326766,229.51744288239584,0.0,2148200
2024-08-27,0.0,227.12820434570312,0.0,227.87854638161002,220.96745136170594,223.0111681202164,0.0,2024700
2024-08-28,0.0,223.03091430664062,0.0,227.76995413945608,220.77987302242693,226.18040160354278,0.0,3480000
2024-08-29,0.0,222.38916015625,0.0,228.085881151813,221.36237554594493,224.21566982836887,0.0,4084600
2024-08-30,0.0,228.204345703125,0.0,228.80659884205107,224.39337003459087,227.63171033619605,0.0,3249700
2024-09-03,0.0,210.7884063720703,0.0,223.9491082123738,209.58389998760197,223.9194904377551,0.0,7214300
2024-09-04,0.0,211.47952270507812,0.0,214.727746078974,207.84626824326574,208.4287712577966,0.0,4435800
2024-09-05,0.0,210.3441162109375,0.0,213.63182464604995,208.1819283609543,208.51760650310004,0.0,3988300
2024-09-06,0.0,201.33993530273438,0.0,208.9224016206205,200.28353290502255,208.76443011993732,0.0,5596300
2024-09-09,0.0,205.3187713623047,0.0,206.02961300649497,201.96194466561283,204.60791465312252,0.0,4078600
2024-09-10,0.0,207.48092651367188,0.0,207.7080161826594,202.3568561804892,205.69391732332426,0.0,2390600
2024-09-11,0.0,217.11697387695312,0.0,217.541505307994,204.53877646078828,208.9026371810927,0.0,6521400
2024-09-12,0.0,216.15931701660156,0.0,218.16353344477477,212.89135865534354,215.9223597547761,0.0,4739100
2024-09-13,0.0,220.01966857910156,0.0,220.6120391565828,217.52180240149033,218.04506985751212,0.0,5268000
2024-09-16,0.0,217.08737182617188,0.0,218.19314220569302,214.28343040454223,216.88003234751588,0.0,2469800
2024-09-17,0.0,217.35391235351562,0.0,220.3355601488472,215.45829970167938,219.82216034783212,0.0,2304100
2024-09-18,0.0,214.9547882080078,0.0,221.36236559377915,214.7375811735755,218.37083508591456,0.0,4671900
2024-09-19,0.0,224.10707092285156,0.0,227.13807190478934,221.31301212856218,223.10002143037116,0.0,4624700
2024-09-20,0.0,220.8292236328125,0.0,222.70510126543692,217.64025124183948,221.85602329940488,0.0,4550800
2024-09-23,0.0,221.68817138671875,0.0,222.68535329069613,220.11836916351575,221.895510861949,0.0,2454200
2024-09-24,0.0,224.3736114501953,0.0,225.72622160249756,221.12540370092375,223.67263745246046,0.0,4314700
2024-09-25,0.0,225.9195556640625,0.552,227.40411047701818,223.5244757113614,223.6531268593469,0.0,2191200
2024-09-26,0.0,233.9955291748047,0.0,235.9254625691153,227.9187519011025,235.2722548080155,0.0,5537400
2024-09-27,0.0,230.28411865234375,0.0,234.73778276853403,229.08658631359302,234.7080928825598,0.0,2303600
2024-09-30,0.0,228.2156524658203,0.0,229.72000552666256,224.9595356510095,227.42388690213113,0.0,2693300
2024-10-01,0.0,221.82217407226562,0.0,228.81936756024714,220.04070536402017,228.12657836861607,0.0,3926500
2024-10-02,0.0,224.81106567382812,0.0,227.28532356194717,220.96112100398176,222.25764482276034,0.0,1762100
2024-10-03,0.0,225.6127471923828,0.0,228.45319053221013,222.89106340353376,223.0395128422566,0.0,2110700
2024-10-04,0.0,228.7006072998047,0.0,230.48207600249012,226.03830339157923,230.09609237538092,0.0,2685000
2024-10-07,0.0,228.0771026611328,0.0,229.86846306232434,226.42430010584363,227.23586399018043,0.0,2006800
2024-10-08,0.0,230.32374572753906,0.0,231.13529455439524,226.58266858278813,228.0771150808037,0.0,2508500
2024-10-09,0.0,232.72869873046875,0.0,233.0553025948679,228.50267698886194,230.09609972638205,0.0,2019100
2024-10-10,0.0,231.09568786621094,0.0,232.37239829790968,228.27502781946643,229.6012415311726,0.0,1886400
2024-10-11,0.0,233.03550720214844,0.0,233.75798626344056,229.28452385727994,229.403283401144,0.0,4572900
2024-10-14,0.0,237.330810546875,0.0,237.8157554092784,234.37159278957134,234.52005731816774,0.0,2142500
2024-10-15,0.0,225.01890563964844,0.0,237.99391435867162,223.39579310042555,236.77658372967232,0.0,6421200
2024-10-16,0.0,225.01890563964844,0.0,227.75048085882702,224.07869068063803,227.75048085882702,0.0,3776600
2024-10-17,0.0,226.7904815673828,0.0,231.4618818656759,226.7904815673828,230.89775889621694,0.0,2407800
2024-10-18,0.0,226.99832153320312,0.0,228.92823971016472,226.0679981295211,228.91834811498566,0.0,1643700
2024-10-21,0.0,226.57275390625,0.0,227.17647348251182,223.65313238892062,226.0878089870985,0.0,2034300
2024-10-22,0.0,225.7314910888672,0.0,226.45397014333489,223.95002243937648,225.33560077694077,0.0,2476400
2024-10-23,0.0,223.71250915527344,0.0,226.1570773162741,220.57515176075842,225.30593194319283,0.0,2260000
2024-10-24,0.0,224.9595489501953,0.0,225.86018252090642,223.25725817321256,225.72162467169494,0.0,2247900
2024-10-25,0.0,227.216064453125,0.0,230.67013408790126,227.00822013457346,227.08739820346582,0.0,2209600
2024-10-28,0.0,227.3546142578125,0.0,228.92823867950642,226.01850893272325,227.1368783514769,0.0,1508500
2024-10-29,0.0,232.9464569091797,0.0,234.02524496502357,226.50349397284356,227.5525770366549,0.0,3135000
2024-10-30,0.0,224.73190307617188,0.0,228.36411184963404,224.6428183147843,226.92903019085497,0.0,4324400
2024-10-31,0.0,216.01263427734375,0.0,222.6733482811035,214.33014170749382,222.5842635078805,0.0,6120800
2024-11-01,0.0,218.30874633789062,0.0,220.46629219030248,217.0518189724758,217.75451492999304,0.0,2130100
2024-11-04,0.0,217.05178833007812,0.0,220.1693622118869,216.25013122099534,217.66539943052743,0.0,1727700
2024-11-05,0.0,219.58546447753906,0.0,219.7834172172006,216.88357871990547,217.15080283710952,0.0,2273700
2024-11-06,0.0,225.98883056640625,0.0,226.8102860546093,222.00032778142034,224.02922241115823,0.0,3644000
2024-11-07,0.0,230.69979858398438,0.0,231.00660412862837,228.93812827462727,229.44287141887986,0.0,3154600
2024-11-08,0.0,228.97772216796875,0.0,230.78888075083816,227.77028311272247,229.4428838581868,0.0,1769200
2024-11-11,0.0,223.2473602294922,0.0,226.82017431840202,220.4860798178802,226.82017431840202,0.0,4250400
2024-11-12,0.0,220.8126983642578,0.0,222.8316864012067,217.88317002452723,222.46550102186794,0.0,3259700
2024-11-13,0.0,216.12149047851562,0.0,219.84278430519066,215.7256152253971,219.21926643493973,0.0,3057500
2024-11-14,0.0,215.99281311035156,0.0,219.09057358910215,215.59692280361259,218.22953671216035,0.0,2523600
2024-11-15,0.0,209.03521728515625,0.0,213.44928505309684,208.4215910385699,212.3606206057224,0.0,4748200
2024-11-18,0.0,211.7371063232422,0.0,212.12308996954323,208.07520748111148,208.97582592136564,0.0,2422300
2024-11-19,0.0,212.14288330078125,0.0,212.59813830799067,210.28223648434596,211.1333818257289,0.0,2363400
2024-11-20,0.0,210.519775390625,0.0,211.4797736059835,207.49127089777141,210.8760691485094,0.0,3995000
2024-11-21,0.0,213.85507202148438,0.0,215.02291456371705,208.72840152661126,212.83567892049396,0.0,4245400
2024-11-22,0.0,213.94415283203125,0.0,214.4686943539776,212.35072997243756,213.39981301633028,0.0,2672600
2024-11-25,0.0,216.0324249267578,0.0,218.03162972693457,214.6468464127778,216.71532258781696,0.0,2787700
2024-11-26,0.0,213.23155212402344,0.0,218.31862598476044,211.56885799133389,217.73470471923298,0.0,2783900
2024-11-27,0.0,210.37132263183594,0.0,212.20227970439737,206.73911347806694,212.04392355831862,0.0,3122300
2024-11-29,0.0,213.18206787109375,0.0,215.77510058056924,211.8756674715795,211.91524895570362,0.0,2505300
2024-12-02,0.0,218.78379821777344,0.0,220.17928342588078,214.29055210362722,214.46869143997804,0.0,3707000
2024-12-03,0.0,217.54664611816406,0.0,218.78377505073328,216.7647872775158,217.38828999039404,0.0,1914900
2024-12-04,0.0,220.4266815185547,0.0,222.01021256145324,218.86294876665198,221.8419497404956,0.0,2681200
2024-12-05,0.0,216.26002502441406,0.0,220.3673020658901,215.64641391769743,220.04069822150734,0.0,2422000
2024-12-06,0.0,217.56646728515625,0.0,218.11080709305458,215.75530852524358,216.3491365159823,0.0,1822900
2024-12-09,0.0,216.5173797607422,0.0,219.2588468334371,215.1416928757116,216.25015566029083,0.0,1574800
2024-12-10,0.0,211.3709259033203,0.0,217.31903687404895,210.005130614526,217.17057232866927,0.0,2566600
2024-12-11,0.0,216.6856231689453,0.0,217.96233366484591,213.18206534933182,214.49837243056083,0.0,3233900
2024-12-12,0.0,215.0031280517578,0.0,215.9334363719609,213.24145756842145,215.15157749070715,0.0,2680200
2024-12-13,0.0,221.000732421875,0.0,222.34672940742914,217.74460036560527,220.01102920019324,0.0,3720600
2024-12-16,0.0,225.0980987548828,0.0,226.22635980147552,220.10009456276674,221.703408918011,0.0,4774000
2024-12-17,0.0,221.91415405273438,0.358,224.20397030886497,220.6156012927975,222.87568085408074,0.0,2397300
2024-12-18,0.0,213.70648193359375,0.0,225.1754072232879,212.08081049294995,223.38122281248053,0.0,4426000
2024-12-19,0.0,210.11810302734375,0.0,214.6679983798274,209.60264182686075,214.2021033741853,0.0,3255700
2024-12-20,0.0,212.94322204589844,0.0,215.8773533939221,208.46270700715536,208.96824592256678,0.0,4681100
2024-12-23,0.0,219.38644409179688,0.0,219.66399666050793,214.57881008826516,214.57881008826516,0.0,3044300
2024-12-24,0.0,221.64654541015625,0.0,221.72583318715957,219.4162023262568,220.8337020037926,0.0,1252300
2024-12-26,0.0,221.57713317871094,0.0,222.9847255605486,219.75321193397602,220.04067169925713,0.0,1303500
2024-12-27,0.0,219.70364379882812,0.0,220.774210204917,216.93802526054242,220.24884175454204,0.0,1933000
2024-12-30,0.0,215.3817138671875,0.0,217.39397739208457,213.78577916204713,215.93681896019643,0.0,2566900
2024-12-31,0.0,213.60736083984375,0.0,216.90826985924605,212.76478087863302,216.02603089077766,0.0,1354500
2025-01-02,0.0,214.92576599121094,0.0,218.2960559454707,213.08201521905016,215.77823810716933,0.0,2409100
2025-01-03,0.0,220.52638244628906,0.0,221.09139475142047,216.0557897012542,216.34324944851758,0.0,2623200
2025-01-06,0.0,226.91012573242188,0.0,229.7748765706584,225.27453192309497,225.27453192309497,0.0,4176500
2025-01-07,0.0,223.81736755371094,0.0,229.86408064440258,222.59811774625274,229.67573816896598,0.0,3694800
2025-01-08,0.0,221.5870361328125,0.0,223.4902753632185,219.17827308806469,223.08385369810676,0.0,3141400
2025-01-10,0.0,216.293701171875,0.0,218.9502953214877,214.88610876163622,218.81151903105516,0.0,4038000
2025-01-13,0.0,215.6295623779297,0.0,215.93685166342092,211.79337721631194,211.9817197139954,0.0,2310000
2025-01-14,0.0,217.0470428466797,0.0,218.82139769486088,214.2318432677213,217.43363497144983,0.0,1492800
2025-01-15,0.0,221.25991821289062,0.0,222.68732485538007,219.733364051126,220.5362850142387,0.0,2900200
2025-01-16,0.0,221.5870361328125,0.0,225.79990600777492,221.57712894298564,225.2646303729912,0.0,3029500
2025-01-17,0.0,227.73287963867188,0.0,228.3078142779318,225.3736676923088,226.58301036015203,0.0,3785500
2025-01-21,0.0,230.419189453125,0.0,232.53058547408574,227.79234732062278,229.78478144043692,0.0,3201500
2025-01-22,0.0,233.74984741210938,0.0,236.25774289888375,232.27287445279222,232.77841340104777,0.0,3461100
2025-01-23,0.0,233.31370544433594,0.0,233.3236277605064,229.1603085980702,230.00288869653514,0.0,2567100
2025-01-24,0.0,228.62501525878906,0.0,233.42272701534048,227.70314745505289,233.42272701534048,0.0,2229900
2025-01-27,0.0,210.6930694580078,0.0,217.69138766374286,207.90762131738626,217.08671629643672,0.0,16943600
2025-01-28,0.0,211.634765625,0.0,212.89367455495324,207.15425019255846,211.75371240955326,0.0,9118300
2025-01-29,0.0,212.507080078125,0.0,214.29134232902453,210.29655151924294,213.67676378151384,0.0,2430800
2025-01-30,0.0,216.8289794921875,0.0,218.06805884465513,213.8750034255588,215.11408277802641,0.0,4653800
2025-01-31,0.0,216.2243194580078,0.0,222.3304913305694,215.5700818956144,218.0680702358103,0.0,3867800
2025-02-03,0.0,212.3286590576172,0.0,214.95551666007356,209.11697468961577,210.53447437045944,0.0,3646800
2025-02-04,0.0,214.50942993164062,0.0,215.37183952059198,211.56537592647248,211.8528508312835,0.0,3742300
2025-02-05,0.0,218.6627960205078,0.0,219.10886153815082,212.60617586852229,213.9443875469309,0.0,2200500
2025-02-06,0.0,218.37535095214844,0.0,218.77185029991728,215.9764951095417,217.13627158352014,0.0,3111700
2025-02-07,0.0,214.97531127929688,0.0,220.13980079051586,213.5082455284639,218.88089190526043,0.0,3297400
2025-02-10,0.0,217.7805938720703,0.0,218.32579183705474,216.51177776745985,216.54151446323345,0.0,2698600
2025-02-11,0.0,217.9788360595703,0.0,219.23774493080944,215.98640188382186,215.98640188382186,0.0,1549700
2025-02-12,0.0,218.2167205810547,0.0,218.2960234667712,214.0633245852097,214.54904908816883,0.0,2017500
2025-02-13,0.0,220.8931427001953,0.0,221.04184129239914,217.96891855927794,218.02839194596754,0.0,2546800
2025-02-14,0.0,221.1211395263672,0.0,221.81502089893254,219.98117751206456,220.87332367005962,0.0,1566200
2025-02-18,0.0,224.77891540527344,0.0,225.4827191755135,221.51766500633997,222.73691492822607,0.0,3605000
2025-02-19,0.0,228.51596069335938,0.0,229.59643421795164,224.28326154941703,225.16548541016812,0.0,2635700
2025-02-20,0.0,229.05125427246094,0.0,231.4005438254306,226.751515791958,229.9731220272536,0.0,2642300
2025-02-21,0.0,222.02317810058594,0.0,229.82443155486516,221.18061326308967,229.73520635108827,0.0,2947000
2025-02-24,0.0,216.80914306640625,0.0,223.37130226744304,216.63070778009714,223.00453963097416,0.0,3372800
2025-02-25,0.0,212.33856201171875,0.0,217.30478672543697,211.71406116356064,216.54150959163047,0.0,3514200
2025-02-26,0.0,216.03594970703125,0.0,217.87970025218868,213.69656745753556,215.054593487269,0.0,2562600
2025-02-27,0.0,203.45681762695312,0.0,217.58232140860517,203.12969888221522,217.2651098529274,0.0,4349100
2025-02-28,0.0,206.69827270507812,0.0,208.21490467535335,201.3454406404471,203.57578355267313,0.0,3722100
2025-03-03,0.0,199.3926239013672,0.0,209.800889446937,197.5786252167036,209.66211317801523,0.0,5067800
2025-03-04,0.0,200.50283813476562,0.0,205.80608787869582,194.98149412256626,199.04567982860607,0.0,5487900
2025-03-05,0.0,204.82476806640625,0.0,205.47899043703083,198.81771408058313,202.75301599540958,0.0,3312100
2025-03-06,0.0,196.309814453125,0.0,201.94019892863213,195.6060258471119,197.83636869448495,0.0,5088700
2025-03-07,0.0,202.06906127929688,0.0,202.75302035759782,194.76343933324694,197.06317780825054,0.0,3713300
2025-03-10,0.0,192.721435546875,0.0,198.53023989091756,189.88642151291265,197.0830037436138,0.0,5410800
2025-03-11,0.0,190.44154357910156,0.0,194.59494016884685,187.45784581408338,192.8205851143434,0.0,3776600
2025-03-12,0.0,194.366943359375,0.0,196.95414162570933,192.62232509423578,194.98152187171763,0.0,3143000
2025-03-13,0.0,193.39549255371094,0.0,197.49932236450198,191.49225354320362,194.3570192476468,0.0,2504200
2025-03-14,0.0,199.36289978027344,0.0,199.94775670983688,196.58737422683276,196.76579438720543,0.0,3696800
2025-03-17,0.0,202.6539306640625,0.0,204.45802253176066,198.4608899154758,198.56000719913982,0.0,2743100
2025-03-18,0.0,199.9651641845703,0.261,201.53336453025187,198.68479108226305,200.600383235812,0.0,2470800
2025-03-19,0.0,201.59288024902344,0.0,204.8880737937167,198.50610963835445,199.99490546064212,0.0,2330800
2025-03-20,0.0,199.98501586914062,0.0,202.19835508598405,198.86345133362755,199.02225988012466,0.0,2265900
2025-03-21,0.0,197.89077758789062,0.0,198.64509547452468,194.90325046140282,196.46153094389624,0.0,2873400
2025-03-24,0.0,203.76654052734375,0.0,205.11638278436774,201.81125398272488,202.04946678507574,0.0,3947000
2025-03-25,0.0,202.6648406982422,0.0,204.17349156290604,202.03954152743214,203.5184176834685,0.0,1419100
2025-03-26,0.0,196.98753356933594,0.0,202.53577554288324,194.97269782477534,201.70205354061278,0.0,3595300
2025-03-27,0.0,193.10675048828125,0.0,195.5682221277721,191.93557165358033,194.40696314690567,0.0,3545900
2025-03-28,0.0,187.27066040039062,0.0,192.7891430830517,186.039932188097,191.84622692709823,0.0,4122300
2025-03-31,0.0,186.7644805908203,0.0,186.89351441475088,180.7596674509491,183.32039820818528,0.0,3843000
2025-04-01,0.0,186.86373901367188,0.0,186.93320827988887,182.4271260506878,186.0498566577743,0.0,3108800
2025-04-02,0.0,188.06471252441406,0.0,190.58574897987808,183.3501917062086,184.0052656020205,0.0,2784800
2025-04-03,0.0,169.0875244140625,0.0,179.78700375338795,168.7202929149642,178.40738673712437,0.0,9982600
2025-04-04,0.0,156.45260620117188,0.0,164.53180482793857,153.45515949350698,162.69561712624895,0.0,13988400
2025-04-07,0.0,160.0654296875,0.0,169.14707950381907,147.2022251953409,150.89444059842285,0.0,18686500
2025-04-08,0.0,153.7032928466797,0.0,168.5813323340121,149.98130301132306,166.38783299398983,0.0,11023300
2025-04-09,0.0,182.2484588623047,0.0,184.17397059597917,153.7826893146719,154.9340284134402,0.0,23539500
2025-04-10,0.0,167.3505859375,0.0,174.33799473392736,161.17704436197897,173.25614000908652,0.0,14499000
2025-04-11,0.0,170.97332763671875,0.0,171.81698476352668,163.1918908243795,165.7327669145461,0.0,9890900
2025-04-14,0.0,172.10479736328125,0.0,176.2238083774943,169.51429193090647,176.2238083774943,0.0,5657400
2025-04-15,0.0,172.80950927734375,0.0,175.31069071536675,171.9559323263812,173.0179473741855,0.0,3201100
2025-04-16,0.0,166.13970947265625,0.0,168.3133540791819,160.62124132986605,165.0876293778559,0.0,10205000
2025-04-17,0.0,165.3059844970703,0.0,167.48954892070293,163.5789756960653,167.31090067136586,0.0,4921000
2025-04-21,0.0,162.41770935058594,0.0,162.67576185853954,159.0629510231123,161.92144404272605,0.0,4769700
2025-04-22,0.0,165.57395935058594,0.0,166.7649930228416,163.3903799491666,163.995824211412,0.0,4996000
2025-04-23,0.0,171.77728271484375,0.0,175.8168744874423,171.06265945252392,173.94099221005658,0.0,7323800
2025-04-24,0.0,181.66287231445312,0.0,182.18891231452068,175.22134334604382,176.47194157963563,0.0,6873400
2025-04-25,0.0,183.42958068847656,0.0,184.72979337204416,179.31058469070584,179.8465445595356,0.0,4224900
2025-04-28,0.0,183.10205078125,0.0,184.37248880658962,179.09223360342483,182.51646133023576,0.0,2875400
2025-04-29,0.0,181.1467742919922,0.0,183.1616104201722,179.89619105047873,180.87880190476434,0.0,3527000
2025-04-30,0.0,182.46682739257812,0.0,183.0028024138987,175.44964371346938,176.67045214787547,0.0,3580500
2025-05-01,0.0,182.21868896484375,0.0,185.95061370831516,182.09959013935085,184.61069134225983,0.0,3997600
2025-05-02,0.0,188.61058044433594,0.0,190.4368330335814,186.42701624894988,186.54611506939196,0.0,4581400
2025-05-05,0.0,187.1614990234375,0.0,189.03738121668462,186.5262649122537,186.7843325561258,0.0,3323200
2025-05-06,0.0,185.37493896484375,0.0,186.84387996920628,182.89361253762985,183.8762081101252,0.0,2844600
2025-05-07,0.0,188.62051391601562,0.0,189.15648893633065,183.42958297117136,185.18636642360207,0.0,3001100
2025-05-08,0.0,190.3078155517578,0.0,193.58315429294578,189.04729749653092,191.07205318080062,0.0,3457700
2025-05-09,0.0,192.4913787841797,0.0,194.16875784986885,190.8437744236365,193.0273386216212,0.0,2808500
2025-05-12,0.0,206.31735229492188,0.0,207.82600320336257,203.45887417002277,205.25535231848673,0.0,10675600
2025-05-13,0.0,212.16334533691406,0.0,213.21544054282384,206.85331547020414,207.14114269368966,0.0,5693600
2025-05-14,0.0,213.18563842773438,0.0,215.08137548641412,211.61745342543315,213.60251460231711,0.0,4162800
2025-05-15,0.0,211.8159637451172,0.0,213.39408379985812,209.33463718930489,211.10134048545802,0.0,4216900
2025-05-16,0.0,211.53805541992188,0.0,211.96483631606827,209.10634329043813,211.96483631606827,0.0,2521500
2025-05-19,0.0,210.2676239013672,0.0,210.803583787733,206.6151032403001,206.66473280167853,0.0,5334700
2025-05-20,0.0,209.95993041992188,0.0,210.03933469057904,207.84585039983693,208.47113442093604,0.0,2968000
2025-05-21,0.0,206.1188201904297,0.0,212.30228135705954,204.80868772263935,208.18328557874324,0.0,5007700
2025-05-22,0.0,204.2131805419922,0.0,207.90539575900252,204.04445214944474,205.9798838813899,0.0,5397300
2025-05-23,0.0,201.04698181152344,0.0,202.13877145287205,198.4366216702716,198.9725966377751,0.0,9527500
2025-05-27,0.0,207.7267303466797,0.0,208.65971156859726,203.73676809034777,205.41414728998907,0.0,6057600
2025-05-28,0.0,206.68460083007812,0.0,208.88802022135533,206.19825532927337,208.27264088170472,0.0,6769200
2025-05-29,0.0,207.52822875976562,0.0,211.577755605455,206.19824133130146,211.43880192106047,0.0,8600400
2025-05-30,0.0,203.40924072265625,0.0,206.31734835612818,199.61776624174578,206.2677339378006,0.0,10781000
2025-06-02,0.0,206.4761505126953,0.0,207.27017806398425,202.76408041868876,202.89311424990777,0.0,6034900
2025-06-03,0.0,212.02438354492188,0.0,212.54050370141178,205.16600855660286,206.59523990987347,0.0,8905100
2025-06-04,0.0,215.18063354492188,0.0,215.99450074813794,211.94497414983255,213.78116178734575,0.0,7339500
2025-06-05,0.0,214.27745056152344,0.0,218.6346596950634,212.80850937742233,216.83818156511512,0.0,10941600
2025-06-06,0.0,215.71661376953125,0.0,218.58502682113433,215.58759507995734,216.37168765130485,0.0,7582100
2025-06-09,0.0,220.79837036132812,0.0,222.73380205865442,217.4932415498253,217.69174464663547,0.0,7712000
2025-06-10,0.0,225.62205505371094,0.0,226.37637283013652,221.32439589467566,221.8702755889653,0.0,7676200
2025-06-11,0.0,224.86773681640625,0.0,228.0835415055465,222.5948483403889,227.19025485282202,0.0,10405600
2025-06-12,0.0,225.17539978027344,0.0,226.29696414187856,222.9223663485657,223.25982309893413,0.0,5149200
2025-06-13,0.0,219.3095703125,0.0,222.90252627539425,218.65449647495564,220.3318756295093,0.0,10484600
2025-06-16,0.0,226.23570251464844,0.483,227.36966558189658,222.0579446446812,222.40608228001565,0.0,5772500
2025-06-17,0.0,224.4452362060547,0.0,228.42405621692464,224.28607976290138,225.25094482977684,0.0,7290000
2025-06-18,0.0,225.3603515625,0.0,227.97643044398228,223.9080908318317,225.6488244983404,0.0,6657600
2025-06-20,0.0,223.91802978515625,0.0,227.8670096135701,220.98365324599047,227.57853668112065,0.0,8202300
2025-06-23,0.0,225.3106231689453,0.0,226.68332092031667,220.68525100896733,223.82852243889323,0.0,7115100
2025-06-24,0.0,233.8551483154297,0.0,234.1137661477514,229.23971778680618,229.3491359424026,0.0,7017500
2025-06-25,0.0,235.95396423339844,0.0,235.98380416719937,233.55672169810504,235.4068734837267,0.0,5252500
2025-06-26,0.0,237.8041229248047,0.0,238.38103844703807,235.92411597279425,237.774267812144,0.0,4350100
2025-06-27,0.0,237.59523010253906,0.0,239.95267602806527,235.11840925939592,238.0428443041209,0.0,4520500
2025-06-30,0.0,237.4360809326172,0.0,238.89829849974012,236.3021178375008,238.89829849974012,0.0,4925300
2025-07-01,0.0,236.36180114746094,0.0,237.91353854461482,232.8405520676113,235.44667435370337,0.0,10892900
2025-07-02,0.0,240.8578643798828,0.0,241.8326710150172,235.7450813658198,235.83460117172126,0.0,5979000
2025-07-03,0.0,242.051513671875,0.0,242.9069605882351,241.4149030721182,241.8625172913545,0.0,3069400
2025-07-07,0.0,237.51565551757812,0.0,240.84792329432705,236.49111059548386,240.01235957019725,0.0,4859200
2025-07-08,0.0,242.051513671875,0.0,244.10060356552987,238.8386207370082,239.7835874616168,0.0,7276200
2025-07-09,0.0,242.82737731933594,0.0,245.2246199881271,240.5992478554913,242.7179591633083,0.0,4415300
2025-07-10,0.0,245.2445068359375,0.0,246.20937184529487,242.97658077917805,245.1151903363351,0.0,4868500
2025-07-11,0.0,244.8665313720703,0.0,245.7617749910903,242.76770318629298,243.71266991359687,0.0,2649600
2025-07-14,0.0,242.53892517089844,0.0,243.444110375558,239.07735597507215,242.8572228825406,0.0,5522600
2025-07-15,0.0,244.95603942871094,0.0,248.63645994478912,244.79689816944813,247.47264177809836,0.0,6042100
2025-07-16,0.0,244.28958129882812,0.0,244.36915951497258,237.95331572100568,242.98652026269755,0.0,8348900
2025-07-17,0.0,245.22462463378906,0.0,245.82145371033616,242.61850236738755,244.23986121088456,0.0,4801100
2025-07-18,0.0,245.42355346679688,0.0,247.05486901359146,243.58335837557976,246.6370947467531,0.0,3758500
2025-07-21,0.0,245.6424102783203,0.0,248.86526012035787,245.6424102783203,246.05024299355858,0.0,4672600
2025-07-22,0.0,242.25045776367188,0.0,245.19479134824005,239.4155575181663,244.73722035341063,0.0,6871000
2025-07-23,0.0,240.77828979492188,0.0,241.1164858520958,237.7941747958712,240.440093737748,0.0,5952600
2025-07-24,0.0,240.2809295654297,0.0,240.8081219840631,238.19205824008785,240.31076950022077,0.0,4166800
2025-07-25,0.0,240.2610321044922,0.0,240.39034860772713,237.83396472388299,238.8286696952451,0.0,3511400
2025-07-28,0.0,244.44874572753906,0.0,244.69742196937784,242.61849223032388,242.9169067561291,0.0,6433000
2025-07-29,0.0,244.88641357421875,0.0,248.20872445778815,243.20535978363623,245.98057991021233,0.0,5299700
2025-07-30,0.0,246.6370849609375,0.0,248.1788806418058,244.56809688011964,247.04491762595293,0.0,5300500
2025-07-31,0.0,238.75904846191406,0.0,243.99119148467764,236.401602384687,243.74251522579732,0.0,9419300
2025-08-01,0.0,235.98382568359375,0.0,238.3412717367699,231.0998203662932,234.26297506154248,0.0,8549000
2025-08-04,0.0,239.1270751953125,0.0,239.58464617222623,236.51101137437269,237.4957596074361,0.0,6189500
2025-08-05,0.0,237.46591186523438,0.0,241.1662155464787,234.63101182392177,240.47986669266825,0.0,5149700
2025-08-06,0.0,235.67543029785156,0.0,236.2026378711905,232.4326977105149,235.30739433302296,0.0,4966500
2025-08-07,0.0,239.56475830078125,0.0,242.0813608388962,237.6250865074903,240.75840131372996,0.0,6073400
2025-08-08,0.0,241.583984375,0.0,241.8923404785008,239.01764380361635,239.73383257600213,0.0,5301300
2025-08-11,0.0,241.12643432617188,0.0,245.2047155778684,240.6688633637313,242.4891752719298,0.0,4127900
2025-08-12,0.0,248.8354034423828,0.0,249.0542397539837,241.42485431733434,242.94675173474454,0.0,10091500
2025-08-13,0.0,252.5357208251953,0.0,252.7545571485928,249.7107469716992,250.79498700234825,0.0,6022400
2025-08-14,0.0,252.79432678222656,0.0,253.70945355612267,248.72598699603805,249.0343431159603,0.0,5315700
2025-08-15,0.0,247.00515747070312,0.0,250.93423925804166,246.30885181538227,250.85466103520514,0.0,6840100
2025-08-18,0.0,247.73126220703125,0.0,248.01971995417014,246.1695682044732,246.22924807091624,0.0,4978200
2025-08-19,0.0,243.85189819335938,0.0,248.7160045079353,243.4241823752518,247.75115472648463,0.0,3508000
2025-08-20,0.0,242.44940185546875,0.0,243.34463028313172,235.84456127099568,243.34463028313172,0.0,9423100
2025-08-21,0.0,241.07669067382812,0.0,242.82736591002055,239.7238913437726,241.18610882471472,0.0,4581100
2025-08-22,0.0,247.7710723876953,0.0,250.6557260827459,241.15629000651734,241.83268214177417,0.0,6527700
2025-08-25,0.0,247.19412231445312,0.0,248.30820218243602,245.96069788710523,247.53233353362265,0.0,3654200
2025-08-26,0.0,249.52174377441406,0.0,250.27771407535326,248.18882760082036,248.2485226475727,0.0,3762000
2025-08-27,0.0,250.00914001464844,0.0,250.3274528860259,247.50249445351977,248.55687927846972,0.0,4195400
2025-08-28,0.0,251.21273803710938,0.0,252.97337004759945,249.57146576360404,250.9839601485576,0.0,5060200
2025-08-29,0.0,244.02102661132812,0.0,247.62185368800692,242.87710680738255,247.62185368800692,0.0,8672600
2025-09-02,0.0,241.54421997070312,0.0,241.64368136514193,236.8889926203407,237.40624347660184,0.0,6659200
2025-09-03,0.0,240.4002685546875,0.0,242.13106051314483,237.96324462980797,241.94206415711886,0.0,5473300
2025-09-04,0.0,242.87710571289062,0.0,243.22525851643408,237.48580670763047,238.78886776307618,0.0,11842200
2025-09-05,0.0,245.7418670654297,0.0,247.18418624332324,242.837330360308,246.53763408088614,0.0,17105500
2025-09-08,0.0,247.5323486328125,0.0,248.59667510449484,246.24917066596896,247.09467599847807,0.0,10290500
2025-09-09,0.0,247.74122619628906,0.0,248.35793844262886,245.9209142151959,247.79096448215378,0.0,9305200
2025-09-10,0.0,252.10797119140625,0.0,252.86395668126406,250.5263939344563,251.6901969260606,0.0,13398400
2025-09-11,0.0,253.83876037597656,0.0,255.15177820450154,253.27177126511538,253.46076763540245,0.0,10286200
2025-09-12,0.0,254.28639221191406,0.0,255.0423625675141,252.81423302343225,254.4554902449564,0.0,7144200
2025-09-15,0.0,256.4349670410156,0.0,256.4747637453764,253.18229223631843,253.84874284340304,0.0,7239200
2025-09-16,0.0,257.75164794921875,0.541,258.22014356166056,255.75805477624374,257.46259884140613,0.0,7543300
2025-09-17,0.0,257.7018737792969,0.0,259.9047861751464,254.01372868572236,257.11376732157345,0.0,6566900
2025-09-18,0.0,266.7129211425781,0.0,268.1184082496859,263.29391549540645,264.2109514959015,0.0,12601600
2025-09-19,0.0,265.00836181640625,0.0,266.54343728529767,262.75562191095565,266.4437515291683,0.0,5839100
2025-09-22,0.0,268.96563720703125,0.0,269.79299549399747,265.7260479677947,265.7958310367814,0.0,5721400
2025-09-23,0.0,268.6466979980469,0.0,271.25830057865426,267.0518171368128,269.9225966030696,0.0,6068300
2025-09-24,0.0,268.238037109375,0.0,268.89592667754215,264.7591954343779,267.87917442681766,0.0,7825500
2025-09-25,0.0,267.3807373046875,0.0,268.0785071632189,260.96136411755515,263.7324577291567,0.0,11157800
2025-09-26,0.0,267.9688415527344,0.0,268.5569783709552,264.8887434222226,267.66981471280934,0.0,7244300
2025-09-29,0.0,268.0685119628906,0.0,271.9261100762361,268.0087065983286,270.8495830943008,0.0,5954900
2025-09-30,0.0,270.25152587890625,0.0,270.58048583649935,266.9023034514049,267.9888082419868,0.0,7091800
2025-10-01,0.0,275.4548034667969,0.0,275.8136661062745,268.0187084123193,268.51710677505577,0.0,9339600
2025-10-02,0.0,280.7876892089844,0.0,281.63497256143256,278.71433485806483,280.5982953859728,0.0,7250000
2025-10-03,0.0,279.063232421875,0.0,283.4292074109026,277.58799257998174,282.043675633463,0.0,8629100
2025-10-06,0.0,287.436279296875,0.0,291.5730099015565,287.4263320154404,290.0578594621208,0.0,11275000
2025-10-07,0.0,281.0069885253906,0.0,290.5463411677605,280.62820087558424,290.04794276955715,0.0,9952000
2025-10-08,0.0,290.60614013671875,0.0,290.9250919854726,280.57836701947514,281.09669039104557,0.0,9301700
2025-10-09,0.0,289.26043701171875,0.0,290.6758712916227,286.5491487690031,290.14757025704085,0.0,7603500
2025-10-10,0.0,271.1187744140625,0.0,290.69587979345613,270.5904732829801,289.8884767519873,0.0,26691200
2025-10-13,0.0,283.95745849609375,0.0,285.0340159195536,279.44197086170675,281.87415713566287,0.0,8703400
2025-10-14,0.0,278.13616943359375,0.0,283.8577724990694,276.4715056349887,277.6078684232257,0.0,8476000
2025-10-15,0.0,286.7186584472656,0.0,287.0974156948534,280.937218507478,285.3330962343407,0.0,7595200
2025-10-16,0.0,288.0543518066406,0.0,291.3238441119116,285.02408100034756,290.1476007623465,0.0,7410400
2025-10-17,0.0,287.2469177246094,0.0,288.71221008683597,282.81116025247684,285.97101916850755,0.0,6261500
2025-10-20,0.0,292.03155517578125,0.0,294.0550514315512,289.56946590123937,289.6790989460205,0.0,5832300
2025-10-21,0.0,290.39678955078125,0.0,291.76242667801023,288.2935629680933,291.56305515612803,0.0,3965200
2025-10-22,0.0,283.2198791503906,0.0,288.90160264844985,277.5680279196614,287.18711093868836,0.0,7875300
2025-10-23,0.0,290.1276550292969,0.0,290.9250802487462,281.34587823437994,281.5850997162503,0.0,5374800
2025-10-24,0.0,294.91229248046875,0.0,297.26474879331386,294.4936548512888,295.3807882025296,0.0,4621200
2025-10-27,0.0,303.10595703125,0.0,304.03300117270146,299.4477298167244,300.46445159981647,0.0,5165000
2025-10-28,0.0,303.4747619628906,0.0,304.9898819681958,301.4113855306652,302.48791256236245,0.0,4156400
2025-10-29,0.0,308.6082763671875,0.0,311.7880603970378,305.9866960773903,308.87740053548447,0.0,4503100
2025-10-30,0.0,304.43170166015625,0.0,310.1234026335715,304.40179897419455,306.9535962423376,0.0,4630700
2025-10-31,0.0,305.5680236816406,0.0,310.32276352547734,303.28538108515033,307.71116097485117,0.0,5163900
2025-11-03,0.0,307.3921813964844,0.0,310.75138151959686,306.1461854802069,309.40569984605276,0.0,3750800
2025-11-04,0.0,295.3110046386719,0.0,303.7737990180728,294.60325706846646,299.3779218527813,0.0,5288800
2025-11-05,0.0,304.49151611328125,0.0,308.1796763976118,295.9390130551064,296.2579649082695,0.0,4949400
2025-11-06,0.0,296.5470275878906,0.0,304.91016676574947,294.4039206993711,304.0230030732996,0.0,8548300
2025-11-07,0.0,293.4370422363281,0.0,293.50682531198845,282.6815964159268,291.7026255659488,0.0,13798600
2025-11-10,0.0,301.03265380859375,0.0,302.3882829460827,297.58374516661615,301.4712468636228,0.0,6030800
2025-11-11,0.0,294.20458984375,0.0,299.0589857293068,293.7460718014953,298.082144266235,0.0,5877900
2025-11-12,0.0,298.7100830078125,0.0,300.72360140775845,296.54702076574097,299.25830902953487,0.0,4145000
2025-11-13,0.0,288.4530334472656,0.0,296.178207859788,285.53242642174,294.9920173551182,0.0,10980600
2025-11-14,0.0,287.5958251953125,0.0,291.8621146297977,278.5150202096459,279.72113591827355,0.0,7142000
2025-11-17,0.0,282.6517028808594,0.0,290.59617472593607,279.34233014899706,285.15367262486353,0.0,8188700
2025-11-18,0.0,276.0927429199219,0.0,280.508544712319,273.21198604319096,278.6445398719963,0.0,11103100
2025-11-19,0.0,280.7079162597656,0.0,284.22663796640063,275.9332817619613,277.24906076378363,0.0,5108100
2025-11-20,0.0,267.2412109375,0.0,289.06107566467506,266.1447284442148,287.97457087309044,0.0,13398300
2025-11-21,0.0,269.96246337890625,0.0,273.87989791355085,259.6057604674799,267.4106660099781,0.0,15355900
2025-11-24,0.0,281.79443359375,0.0,283.1400847758449,272.7435027045774,272.9029938237501,0.0,6424800
2025-11-25,0.0,282.6716003417969,0.0,283.42917558298853,271.88628295546283,278.0664043647039,0.0,5942800
2025-11-26,0.0,290.45660400390625,0.0,293.13795913134135,285.6918865914562,285.80155004638164,0.0,5818300
2025-11-28,0.0,295.78948974609375,0.0,296.03868896045685,290.89521352562315,292.31067844792904,0.0,3038000
2025-12-01,0.0,295.9689025878906,0.0,298.4608944476775,291.59295028059006,291.93185752314236,0.0,3933000
2025-12-02,0.0,301.86993408203125,0.0,303.86352764782447,297.733233516975,299.4876055892166,0.0,5086900
2025-12-03,0.0,308.3690490722656,0.0,308.5783983063584,300.50433799509307,303.52463113740134,0.0,3867100
2025-12-04,0.0,305.2989196777344,0.0,307.2825355558372,303.61433066875423,306.8539202368201,0.0,4639700
2025-12-05,0.0,308.408935546875,0.0,311.827941399943,307.9404398162924,308.3092497791249,0.0,4338100
2025-12-08,0.0,311.7581787109375,0.0,313.07392737550407,308.8774213407098,310.9308203270362,0.0,3620900
2025-12-09,0.0,311.1800231933594,0.0,311.84789044582226,308.44880964769214,309.7845137327931,0.0,2775300
2025-12-10,0.0,315.3166809082031,0.0,316.33343299212805,309.5651750064628,311.01054236272205,0.0,5093800
2025-12-11,0.0,313.51251220703125,0.0,313.7716891041025,304.8104957887452,311.7980205291164,0.0,6504700
2025-12-12,0.0,298.52069091796875,0.0,310.60186222682916,297.00554044370796,309.80440660358096,0.0,13813600
2025-12-15,0.0,297.055419921875,0.0,302.527824542518,296.27791964560976,301.63071351910787,0.0,5241800
2025-12-16,0.0,295.6838073730469,0.436,298.3990682908442,292.5692191867905,296.1928978508634,0.0,5850400
2025-12-17,0.0,284.7329406738281,0.0,297.6603544314462,283.93431655511347,296.8018677762725,0.0,10422000
2025-12-18,0.0,291.53106689453125,0.0,296.4424756910424,290.33314596326795,295.20464640262645,0.0,6740400
2025-12-19,0.0,299.2875061035156,0.0,301.16423462298206,293.98676250033844,294.1564796385429,0.0,5075000
2025-12-22,0.0,303.31048583984375,0.0,306.4050894756276,302.0227254290561,306.195463978558,0.0,4019000
2025-12-23,0.0,304.42852783203125,0.0,304.5882526505928,300.8447878966653,301.6833203458178,0.0,2708600
2025-12-24,0.0,305.60650634765625,0.0,305.965864354984,304.1789752468279,304.46847839566107,0.0,1723200
2025-12-26,0.0,305.50665283203125,0.0,307.0040386850341,304.75795990552984,306.86426804917846,0.0,1860900
2025-12-29,0.0,304.78790283203125,0.0,305.92590022549217,301.3638878664137,302.8412890601837,0.0,3620700
2025-12-30,0.0,304.3886413574219,0.0,306.94417770932927,304.1690235241612,305.54659306254547,0.0,2984800
2025-12-31,0.0,300.6251525878906,0.0,305.5864921383389,300.58521376947544,305.10734817492647,0.0,2954200
2026-01-02,0.0,313.143310546875,0.0,315.259610984162,308.0222461214138,308.0222461214138,0.0,8491300
2026-01-05,0.0,317.5057067871094,0.0,322.07774217153394,316.32777051281096,320.14112061882224,0.0,7923200
2026-01-06,0.0,327.77777099609375,0.0,328.5763646027,321.4388314263294,321.5087167446156,0.0,7579900
2026-01-07,0.0,324.32379150390625,0.0,325.3819416830062,321.5486072833937,324.48348584486445,0.0,4528500
2026-01-08,0.0,319.0230407714844,0.0,323.62502256750486,315.8485900058405,323.62502256750486,0.0,5408300
2026-01-09,0.0,328.20703125,0.0,330.09375215481725,320.5503844159139,322.23744167657026,0.0,7323100
2026-01-12,0.0,329.7742919921875,0.0,330.80249575159354,324.96268468668217,325.13240182524555,0.0,5159600
2026-01-13,0.0,332.7191162109375,0.0,335.83370429907,331.3116003522181,332.2699187446629,0.0,3835900
2026-01-14,0.0,331.3215637207031,0.0,331.4114032143681,326.609788445122,330.45308481754944,0.0,5468900
2026-01-15,0.0,336.6322937011719,0.0,343.9495055619406,336.6322937011719,342.5020509027318,0.0,6531500
2026-01-16,0.0,341.8731689453125,0.0,344.8080477602974,339.6270900847257,342.9113650375697,0.0,5127300
2026-01-20,0.0,336.7620849609375,0.0,342.59190356870363,335.3744927787384,335.61409523138167,0.0,6232600
2026-01-21,0.0,347.5332946777344,0.0,350.71770728752006,339.70693100565137,341.2442557052813,0.0,7204200
2026-01-22,0.0,348.0623474121094,0.0,353.9820052300503,346.7645947880758,353.7424027889595,0.0,4662000
2026-01-23,0.0,344.1092529296875,0.0,347.4234743574899,341.5737014135923,345.78634828608006,0.0,4335900
2026-01-26,0.0,342.47210693359375,0.0,344.8978646324343,340.5354855170301,342.6917247374636,0.0,4458700
2026-01-27,0.0,350.4681701660156,0.0,352.58450129663794,346.0458975036281,347.55327582119696,0.0,5293600
2026-01-28,0.0,359.8318176269531,0.0,361.40908122013326,356.0983450756452,357.90518835048425,0.0,5364000
2026-01-29,0.0,360.5006408691406,0.0,363.16597063184844,347.1140076653538,360.55054154523293,0.0,8446200
2026-01-30,0.0,345.69647216796875,0.0,359.5622799403817,343.11098955607787,355.37957964171676,0.0,8719100
2026-02-02,0.0,352.0753479003906,0.0,355.4893705961621,341.3041437664354,341.77332588712835,0.0,7758000
2026-02-03,0.0,345.0376281738281,0.0,356.4976011646529,337.5007681456576,355.28971850038613,0.0,8371200
2026-02-04,0.0,329.80426025390625,0.0,344.7881124664873,322.7665278266332,341.58368451550945,0.0,15231400
2026-02-05,0.0,330.2534484863281,0.0,334.8853769718641,323.47530336740965,325.97094661235917,0.0,10406500
2026-02-06,0.0,347.90264892578125,0.0,348.9508068675265,335.28466248226584,336.81199487805145,0.0,9096100
2026-02-09,0.0,352.15521240234375,0.0,354.12178047761927,343.2807209564886,344.2390394226163,0.0,7091400
2026-02-10,0.0,350.8175354003906,0.0,354.42125988709546,347.5133063650548,352.9038893813699,0.0,6252400
2026-02-11,0.0,359.5722961425781,0.0,361.6486579482113,350.78761351407957,358.19469617704664,0.0,7497000
2026-02-12,0.0,350.8874206542969,0.0,364.74323605116496,350.43819270952264,362.82656874169317,0.0,9488000
2026-02-13,0.0,354.04193115234375,0.0,356.98677185446326,348.07234164112015,352.1851567670597,0.0,5963000
2026-02-17,0.0,353.48291015625,0.0,356.47768200654684,344.71821242629034,349.20037788029504,0.0,4068900
2026-02-18,0.0,357.2962646484375,0.0,361.03972950696846,352.9837858199551,355.1999182347812,0.0,5681200
2026-02-19,0.0,355.2198791503906,0.0,355.6990536285525,351.15696456875554,353.5627683525258,0.0,5576400
2026-02-20,0.0,358.8035888671875,0.0,360.7002715113075,352.1851385579894,352.97377029971886,0.0,6013600
2026-02-23,0.0,356.1981506347656,0.0,359.75194392159545,352.2350682296153,356.9468435541437,0.0,6339800
2026-02-24,0.0,361.4090576171875,0.0,364.1043338710213,357.4160286801954,360.9698219969669,0.0,6206000
2026-02-25,0.0,367.35870361328125,0.0,368.1772819490921,364.87305256841785,365.56185257484447,0.0,4539900
2026-02-26,0.0,356.17816162109375,0.0,365.8413146015273,349.79931386777463,365.7414827872904,0.0,13329100
2026-02-27,0.0,351.6760559082031,0.0,353.41301377842825,347.7329275762485,348.99074146262876,0.0,6250200
2026-03-02,0.0,351.43646240234375,0.0,351.7159732215032,342.74165004425504,343.19087800494435,0.0,7284000
2026-03-03,0.0,334.1965637207031,0.0,338.7186678823022,330.3133588273358,337.50079280858,0.0,17946100
2026-03-04,0.0,340.9447937011719,0.0,343.2108267181163,336.2030717079561,339.3675301675784,0.0,10649900
2026-03-05,0.0,337.17138671875,0.0,343.12099154359305,329.99391447932663,338.3093841699756,0.0,7239300
2026-03-06,0.0,322.94622802734375,0.0,334.45613344767816,320.9297287894025,327.8276903700969,0.0,8733700
2026-03-09,0.0,335.7838134765625,0.0,336.58243761981555,315.6689343544405,317.7552885200208,0.0,9824600
2026-03-10,0.0,338.21954345703125,0.0,344.9577800344219,335.7239002802199,335.7239002802199,0.0,7471000
2026-03-11,0.0,341.49383544921875,0.0,344.798064668758,339.8567093218302,339.90661000097685,0.0,6215100
2026-03-12,0.0,329.6145935058594,0.0,336.96175290477197,328.0673068147395,336.7521273934194,0.0,8008100
2026-03-13,0.0,330.74261474609375,0.0,337.81026300008796,329.2152823012173,333.2981509876596,0.0,6450800
2026-03-16,0.0,337.2412414550781,0.0,341.4439265127825,335.7338936871978,338.29942219271067,0.0,8018200
2026-03-17,0.0,339.8663024902344,0.208,340.7752799476736,336.4102128429597,340.1759504667818,0.0,4472100
2026-03-18,0.0,337.9085388183594,0.0,343.0527253699211,337.9085388183594,340.1460031476215,0.0,6363900
2026-03-19,0.0,339.8163757324219,0.0,342.3834544296958,326.3915293020984,328.389273943716,0.0,8292100
2026-03-20,0.0,332.1350402832031,0.0,340.86517448462183,327.5701865279919,339.32690259781566,0.0,9441300
2026-03-23,0.0,336.2104187011719,0.0,344.54100989887826,334.74207522310934,339.7364366473815,0.0,8151000
2026-03-24,0.0,340.6354064941406,0.0,342.83293765529527,333.2437578805983,333.4135795770721,0.0,5287500
2026-03-25,0.0,344.86065673828125,0.0,347.28790907727944,341.7541785607685,343.78188808200304,0.0,5869000
2026-03-26,0.0,328.4791564941406,0.0,339.50671503820985,328.14951157004595,339.0672087948589,0.0,10172400
2026-03-27,0.0,323.115234375,0.0,329.5779396112824,321.79671557490116,326.47143079361757,0.0,6334800
2026-03-30,0.0,309.4406433105469,0.0,327.26052061835287,306.91349773371655,326.381508159775,0.0,13204800
2026-03-31,0.0,328.28936767578125,0.0,328.808770288191,314.52490885687587,315.24409811883856,0.0,14036500
2026-04-01,0.0,338.1582336425781,0.0,342.26358412317524,331.9752117278982,333.11391028742406,0.0,10130800
2026-04-02,0.0,339.22698974609375,0.0,340.0061393639083,324.66344577276755,324.7433421400716,0.0,6521000
2026-04-06,0.0,343.7119445800781,0.0,345.38004415370216,339.53666592434035,341.13483712506326,0.0,3105000
2026-04-07,0.0,347.3678283691406,0.0,347.5476180607461,338.08829649900076,342.6531500625684,0.0,4026000
2026-04-08,0.0,369.9822692871094,0.0,370.7314234624274,361.72160688787375,367.47512070892805,0.0,9868700
2026-04-09,0.0,378.2030029296875,0.0,378.52264936398547,370.88125230466017,370.88125230466017,0.0,6036700
2026-04-10,0.0,386.1640319824219,0.0,389.160648841339,382.23847121319955,382.23847121319955,0.0,5596900
2026-04-13,0.0,392.89642333984375,0.0,393.12617494074516,383.93653766897285,384.4459722920675,0.0,4377400
2026-04-14,0.0,400.7875061035156,0.0,400.98729275389286,393.06624284536053,397.3913464292439,0.0,5202600
2026-04-15,0.0,401.40679931640625,0.0,401.63655091446304,391.94750810024794,399.8585594775709,0.0,5570200
2026-04-16,0.0,405.4922180175781,0.0,407.0204914008164,397.54117264720645,400.1482451734148,0.0,4400500
2026-04-17,0.0,415.2412109375,0.0,415.2612078934778,409.11811863057164,412.9138518034335,0.0,5729100
2026-04-20,0.0,417.0791015625,0.0,418.38762178944404,411.32561805147856,416.9592417681482,0.0,3493500
2026-04-21,0.0,420.2255859375,0.0,422.87259141781584,416.2001318152785,419.9259059596456,0.0,3676800
2026-04-22,0.0,431.2830810546875,0.0,431.6726558827547,422.34319227911965,426.77818772008203,0.0,6557600
2026-04-23,0.0,440.502685546875,0.0,446.1363399667399,433.5505428544822,434.8490646548924,0.0,10812400
2026-04-24,0.0,461.0794677734375,0.0,463.34689695982416,450.46145016297606,457.0739800263554,0.0,9072000
2026-04-27,0.0,454.89642333984375,0.0,462.47786019785065,448.42372006767187,461.2292698625433,0.0,8924600
2026-04-28,0.0,438.21527099609375,0.0,445.63691556905223,431.25312964243307,437.1365022931795,0.0,11014900
2026-04-29,0.0,449.4825134277344,0.0,449.8620897595377,441.91107519535086,444.75786720071386,0.0,5972800
2026-04-30,0.0,460.91961669921875,0.0,461.61883947236913,448.8332562931358,455.186099698769,0.0,5170200
2026-05-01,0.0,465.2247619628906,0.0,466.38345745957537,454.5568133845637,457.95297302206717,0.0,4155900
2026-05-04,0.0,461.5389404296875,0.0,469.08041423100264,457.29373308174473,467.40231605412816,0.0,5233100
2026-05-05,0.0,482.1856384277344,0.0,485.63172958766444,469.6997346240088,470.60871207889966,0.0,7203000
2026-05-06,0.0,506.29840087890625,0.0,506.36832925628744,487.3098285867091,497.39844497422064,0.0,9768600
2026-05-07,0.0,491.8047180175781,0.0,503.11195901131794,487.5795079811288,502.3628048365533,0.0,9913700
2026-05-08,0.0,519.7132568359375,0.0,519.8731105485683,502.18305978172566,503.6713697865856,0.0,7754500
2026-05-11,0.0,532.1591796875,0.0,533.1380549649241,521.0716613405784,523.488976036011,0.0,7492600
2026-05-12,0.0,515.4080810546875,0.0,524.5577849797648,495.1509531017188,520.2625855439412,0.0,14660600
2026-05-13,0.0,527.6942138671875,0.0,531.6497700364728,515.358165618771,527.0249865114093,0.0,7346400
2026-05-14,0.0,529.4323120117188,0.0,532.5287917410276,521.6211233454804,525.9062635450066,0.0,5212400
2026-05-15,0.0,507.946533203125,0.0,518.2049407942346,505.689102523983,511.09300534816634,0.0,9388200
2026-05-18,0.0,495.310791015625,0.0,519.3736509887315,486.3709024282328,517.4358363331016,0.0,9999000
2026-05-19,0.0,496.1798095703125,0.0,505.469340119585,477.41102126510907,483.85372921961635,0.0,12217000
2026-05-20,0.0,519.7232666015625,0.0,519.9529877313392,505.9787734005556,507.1574659330766,0.0,9457600
2026-05-21,0.0,524.1183471679688,0.0,526.1860203054406,514.419274434156,517.5856828003915,0.0,6749900
2026-05-22,0.0,536.72412109375,0.0,541.278976776448,529.5721606041661,531.2802543475526,0.0,7671100
2026-05-26,0.0,569.4471435546875,0.0,572.3039037370023,554.7836443543374,556.3618796789262,0.0,8926200
2026-05-27,0.0,563.3439331054688,0.0,583.8408104955624,551.267602150131,583.7209507068982,0.0,11412400
2026-05-28,0.0,568.8278198242188,0.0,575.1506990029401,554.2043746478412,563.6836636935964,0.0,6763900
2026-05-29,0.0,568.4382934570312,0.0,581.5734282669886,563.9633038762688,575.7899793139788,0.0,7323900
2026-06-01,0.0,571.2849731445312,0.0,577.3381362708786,556.7513947485623,563.0342789729394,0.0,6999500
2026-06-02,0.0,604.3377075195312,0.0,604.7572167934853,581.2737204679794,584.5100567997009,0.0,7475400
2026-06-03,0.0,614.9856567382812,0.0,618.1421271749191,597.335601232451,615.515088292184,0.0,8564700
2026-06-04,0.0,602.040283203125,0.0,610.5706916608957,576.8886860129818,586.9773328196101,0.0,11445300
2026-06-05,0.0,539.1613159179688,0.0,579.8453648133021,538.9615292665421,577.2083273336541,0.0,22377300
2026-06-08,0.0,570.8055419921875,0.0,580.724335815267,560.157529991818,569.1274439794871,0.0,12843000
2026-06-09,0.0,561.506103515625,0.0,587.9162902323676,521.6510733539133,584.7898149772088,0.0,24548100
2026-06-10,0.0,540.8993530273438,0.0,571.8643945620424,538.7717501349115,551.0378703693922,0.0,16672200
2026-06-11,0.0,586.2681274414062,0.0,587.3369281470209,554.1843531825181,554.7936506699355,0.0,12295400
2026-06-12,0.0,595.5775756835938,0.0,602.0103153757517,577.877588777847,583.4512520054726,0.0,9928200
2026-06-15,0.0,628.0393676757812,0.283,629.3084963500893,618.0459019191303,622.2031568359764,0.0,8170800
2026-06-16,0.0,590.8536987304688,0.0,629.2286341731728,590.2441119178459,623.4324358498682,0.0,11204900
2026-06-17,0.0,599.338134765625,0.0,621.5836005040006,598.558676111933,611.1604224747215,0.0,8948400
2026-06-18,0.0,639.0322265625,0.0,644.008953353386,625.7409283369193,626.1106817172305,0.0,9666000
2026-06-22,0.0,654.58203125,0.0,655.521419501022,643.5092537583249,653.5327295110004,0.0,7782700
2026-06-23,0.0,602.9957885742188,0.0,619.5349633995255,597.7991738055748,607.2430118282091,0.0,12712200
2026-06-24,0.0,601.1069946289062,0.0,609.2916459232655,586.2766638835977,605.7939327375611,0.0,9230700
2026-06-25,0.0,624.79150390625,0.0,638.0527917560053,598.4387390540763,636.9135829931789,0.0,12713200
2026-06-26,0.0,589.5545654296875,0.0,605.4941567040536,588.1255070389208,601.0470519103187,0.0,11017500
2026-06-29,0.0,613.9485473632812,0.0,614.947893943832,571.226481044734,593.3220802971213,0.0,11036800
2026-06-30,0.0,640.3413696289062,0.0,644.5186313091843,615.7474631953087,615.7474631953087,0.0,10112600
2026-07-01,0.0,599.3081665039062,0.0,622.4830165313937,597.4893483776784,616.4169753673208,0.0,9983000
2026-07-02,0.0,565.9500122070312,0.0,607.7126874945503,554.5474325704974,600.8471807666402,0.0,16092600
2026-07-06,0.0,581.1300659179688,0.0,597.6092820122047,580.1007096160339,582.7690090225544,0.0,8419400
2026-07-07,0.0,551.3295288085938,0.0,557.6953617780702,535.76969490981,551.569362233617,0.0,12285700
2026-07-08,0.0,561.6627807617188,0.0,564.1311375063801,543.5146129336553,544.3040747638953,0.0,7195400
2026-07-09,0.0,581.3199462890625,0.0,594.6012410301887,578.7616213586306,589.1148377962165,0.0,10026200
2026-07-10,0.0,580.960205078125,0.0,585.407248849365,566.2997458885624,571.6162773560638,0.0,5861000
2026-07-13,0.0,553.248291015625,0.0,566.2798105275496,549.9005040954034,563.2118089551955,0.0,8307000
2026-07-14,0.0,567.5488891601562,0.0,580.2905579771465,559.8739147921785,580.1306893632461,0.0,7372300
2026-07-15,0.0,554.9072265625,0.0,575.5037461091233,538.1781736208661,574.7442329058724,0.0,10199600
2026-07-16,0.0,530.1533813476562,0.0,545.1935357636474,525.0866866701973,538.6977827405376,0.0,10343300
2026-07-17,0.0,521.4690551757812,0.0,532.8416245437525,498.21427040415045,508.2177092903938,0.0,15576800
2026-07-20,0.0,523.7975463867188,0.0,539.1874475712847,522.4984079938097,533.6510893145976,0.0,6533100
2026-07-21,0.0,552.328857421875,0.0,554.7972141685074,539.797073410326,548.7411764027939,0.0,10079700
2026-07-22,0.0,555.1570434570312,0.0,560.8133183823086,538.3679717594432,538.3979814352139,0.0,6268400
2026-07-23,0.0,550.8798217773438,0.0,557.725382730554,543.4346772494523,545.1435819302097,0.0,6689500
2026-07-24,0.0,526.6656494140625,0.0,547.6419243104317,521.8687980425151,544.0042881305257,0.0,10952000
2026-07-27,0.0,515.8927001953125,0.0,533.9609046564084,499.6733236288105,532.2920128341661,0.0,13472800
2026-07-28,0.0,491.1388854980469,0.0,498.1543183485311,480.18605498914224,496.4154344765652,0.0,14904200
2026-07-29,0.0,464.6961669921875,0.0,495.73586981426325,463.7767547051993,488.3307078805422,0.0,18817200
2026-07-30,0.0,504.2003479003906,0.0,509.6467991669061,487.69115275212033,491.2488242719712,0.0,17477800
2026-07-31,0.0,504.56011962890625,0.0,532.3219364657475,500.9724384961598,526.7555685830342,0.0,13113700
2026-08-03,0.0,507.3482666015625,0.0,510.6161494507345,485.39262092443147,491.59858517127714,0.0,10302000
2026-08-04,0.0,541.8557739257812,0.0,545.0336889819155,526.2259775404111,528.9641776267814,0.0,10898600
2026-08-05,0.0,530.353271484375,0.0,547.2122443400897,528.5344532889302,536.049559503906,0.0,9649300
2026-08-06,0.0,532.1720581054688,0.0,542.2054757689932,516.0725384116527,522.3184545108952,0.0,7654700
2026-08-07,0.0,542.9150390625,0.0,547.542018633323,530.9228800356291,544.8437706532221,0.0,5262600
2026-08-10,0.0,529.0441284179688,0.0,546.8624349588413,529.0441284179688,545.4933349519387,0.0,8763500
2026-08-11,0.0,533.8509521484375,0.0,538.6977586353044,529.7535945969628,537.5584889018255,0.0,7176100
2026-08-12,0.0,546.2528076171875,0.0,553.7479068047626,546.1128844601539,553.0384097853138,0.0,7723600
2026-08-13,0.0,550.380126953125,0.0,561.8826158741501,546.0429969434823,546.7825036551087,0.0,5940700
2026-08-14,0.0,550.0603637695312,0.0,552.5287817025027,542.5752671508225,549.2209467443131,0.0,4309800
2026-08-17,0.0,558.7546997070312,0.0,565.6502160597287,555.4768743794982,557.5554715158735,0.0,5745000
2026-08-18,0.0,531.0427856445312,0.0,541.3460462865781,522.6882630026665,537.0688137120134,0.0,9993900
2026-08-19,0.0,519.3304443359375,0.0,537.6484850791136,514.1538361298878,535.9096317081766,0.0,8413800
2026-08-20,0.0,522.0086669921875,0.0,525.0866715686766,514.9233338250327,518.0412903068308,0.0,6269000
2026-08-21,0.0,519.710205078125,0.0,528.64436643046,514.3237120792468,527.8049494148268,0.0,6255600
2026-08-24,0.0,505.8492736816406,0.0,511.7753919229492,498.604010559317,511.63549925246286,0.0,7828600
2026-08-25,0.0,513.72412109375,0.0,519.7601527209125,509.3270020647953,515.572887942842,0.0,6445900
2026-08-26,0.0,515.0632934570312,0.0,516.0526368921371,508.9272903198681,511.75545844906395,0.0,4322200
2026-08-27,0.0,525.086669921875,0.0,527.4351709986416,516.6621855123542,525.7162631513477,0.0,9046000
2026-08-28,0.0,508.28765869140625,0.0,522.3085206534637,506.4888470250454,520.859455896157,0.0,8468500
2026-08-31,0.0,510.70611572265625,0.0,513.9939747093831,506.6987259348325,509.48691160128766,0.0,6241500
2026-09-01,0.0,499.98309326171875,0.0,504.3902154120586,494.7665028080142,501.1023565701915,0.0,8049500
2026-09-02,0.0,501.11236572265625,0.0,503.69066655319637,492.98767291728126,497.8544860202442,0.0,5804100
2026-09-03,0.0,501.87188720703125,0.0,502.9911505472596,488.8903538116206,496.3155224125844,0.0,6445600
2026-09-04,0.0,519.5203247070312,0.0,520.2198795474559,506.91857833494925,508.9772299540243,0.0,9234000
2026-09-08,0.0,528.0547485351562,0.0,533.9309112079761,525.146615878108,530.1533519203318,0.0,8833100
2026-09-09,0.0,531.6524047851562,0.0,535.1301115235327,524.5070520144628,524.5070520144628,0.0,6427500
2026-09-10,0.0,517.0919189453125,0.0,522.1586136739843,513.9739623423264,517.9813520840257,0.0,6651700
2026-09-11,0.0,526.7256469726562,0.0,530.6930239017322,520.789525422404,524.8968255215696,0.0,5663000
2026-09-14,0.0,497.07501220703125,0.0,502.8512345613354,494.8264822689738,496.84518199851885,0.0,11265500
2026-09-15,0.0,498.8500061035156,0.325,504.739990234375,496.5799865722656,502.54998779296875,0.0,6014200
2026-09-16,0.0,502.05999755859375,0.0,510.3699951171875,496.80999755859375,506.7099914550781,0.0,8358900
2026-09-17,0.0,519.0999755859375,0.0,520.4199829101562,514.7999877929688,517.0900268554688,0.0,6790700
2026-09-18,0.0,533.0700073242188,0.0,533.3200073242188,522.3800048828125,522.7100219726562,0.0,6348600
2026-09-21,0.0,559.3400268554688,0.0,562.2000122070312,541.469970703125,545.0800170898438,0.0,7966100
2026-09-22,0.0,572.780029296875,0.0,573.52001953125,553.3599853515625,553.760009765625,0.0,6322800
2026-09-23,0.0,565.719970703125,0.0,571.5499877929688,557.0499877929688,570.4000244140625,0.0,9984400
2026-09-24,0.0,566.0700073242188,0.0,566.8099975585938,553.239990234375,554.9000244140625,0.0,4925900
2026-09-25,0.0,572.6799926757812,0.0,575.6900024414062,567.3499755859375,569.47998046875,0.0,4708700
