Date,Capital Gains,Close,Dividends,High,Low,Open,Stock Splits,Volume
2020-01-02,0.0,295.3916931152344,0.0,295.40989609895155,293.2640251541362,294.18238788142736,0.0,59151200
2020-01-03,0.0,293.15496826171875,0.0,294.2733697615571,291.96383805995566,292.0183915235131,0.0,77709700
2020-01-06,0.0,294.27337646484375,0.0,294.35520666204394,291.29097239733835,291.4091808205573,0.0,55653900
2020-01-07,0.0,293.4459228515625,0.0,294.1824223186019,293.0003659250968,293.70958866181826,0.0,40496400
2020-01-08,0.0,295.0098571777344,0.0,296.2191625683041,293.39137307879764,293.6368636547452,0.0,68296000
2020-01-09,0.0,297.01019287109375,0.0,297.08294931294756,295.9827231804138,296.56466372143524,0.0,48473300
2020-01-10,0.0,296.15557861328125,0.0,297.7467863630279,295.69187408088,297.59222743504785,0.0,53029300
2020-01-13,0.0,298.1923522949219,0.0,298.20142604195183,296.3465523601067,296.7739064212936,0.0,47086800
2020-01-14,0.0,297.7376403808594,0.0,298.8014606220253,297.1829765277459,297.7558156184295,0.0,62832800
2020-01-15,0.0,298.4104919433594,0.0,299.16516667291756,297.5648855268959,297.64671572057415,0.0,72056600
2020-01-16,0.0,300.89276123046875,0.0,300.89276123046875,299.5561460111958,299.7834613359126,0.0,54050300
2020-01-17,0.0,301.8293151855469,0.0,302.03842753631125,300.82912215432333,301.6019998488349,0.0,95846000
2020-01-21,0.0,301.23834228515625,0.0,302.03849689387584,300.80191449746235,300.87464321259114,0.0,77742400
2020-01-22,0.0,301.27471923828125,0.0,302.7386447658529,301.1201603136158,302.09304908519476,0.0,48914900
2020-01-23,0.0,301.6202087402344,0.0,302.02938749135257,299.51981701453644,300.62911709140155,0.0,51963000
2020-01-24,0.0,298.9378356933594,0.0,302.35666715329256,297.65577389588447,302.27483696389464,0.0,87578400
2020-01-27,0.0,294.1460876464844,0.0,295.61908679865473,293.3823113360426,293.7187336425929,0.0,84062500
2020-01-28,0.0,297.2284240722656,0.0,298.10130710487397,294.2369467827464,295.56446044148737,0.0,63834000
2020-01-29,0.0,296.9829406738281,0.0,298.8105648851513,296.78290206488504,298.58324954537295,0.0,53888900
2020-01-30,0.0,297.9468078613281,0.0,298.155948000126,294.1824796021824,294.92805295887075,0.0,75491800
2020-01-31,0.0,292.53662109375,0.0,297.4830043300293,291.6273598774994,297.3284177139486,0.0,113845600
2020-02-03,0.0,294.7098388671875,0.0,296.5647401340601,293.89150905042175,294.00971748755245,0.0,69083000
2020-02-04,0.0,299.2016296386719,0.0,300.0654392862416,297.9832223847323,298.30146950480867,0.0,62573200
2020-02-05,0.0,302.6566467285156,0.0,302.8657867780751,300.66539038030857,302.1201859910693,0.0,65951100
2020-02-06,0.0,303.6752014160156,0.0,303.86613858386636,302.6022516312046,303.6115464439113,0.0,50359700
2020-02-07,0.0,302.056640625,0.0,303.68419851140686,301.51107824895325,302.62037823914807,0.0,64139400
2020-02-10,0.0,304.3116455078125,0.0,304.3753004752346,301.1383316131343,301.1747098442984,0.0,42070000
2020-02-11,0.0,304.8390197753906,0.0,306.4393011485693,304.31163256555146,305.6573495767884,0.0,54864500
2020-02-12,0.0,306.80303955078125,0.0,307.0121519449544,305.9028517615865,306.2665508261337,0.0,43992700
2020-02-13,0.0,306.4756774902344,0.0,307.43949245570366,305.11178524682026,305.3845525961196,0.0,54501900
2020-02-14,0.0,306.9666442871094,0.0,307.08485270504895,305.69368391786554,306.8848140935639,0.0,64582200
2020-02-18,0.0,306.1756591796875,0.0,307.0303672773859,304.79356383100367,305.97562052387593,0.0,57226200
2020-02-19,0.0,307.6395568847656,0.0,308.31240156841585,306.857605252249,307.1394741196409,0.0,48814700
2020-02-20,0.0,306.37567138671875,0.0,307.91232553087383,303.4023685434506,307.0939679878166,0.0,74163400
2020-02-21,0.0,303.2205505371094,0.0,305.33911773127744,302.40219294643487,305.02997213526146,0.0,113788200
2020-02-24,0.0,293.16412353515625,0.0,303.2932828550101,292.0911738086347,293.81879296639795,0.0,161088400
2020-02-25,0.0,284.2806091308594,0.0,295.15536915780245,283.40772583983846,294.54617947757,0.0,218913200
2020-02-26,0.0,283.2349548339844,0.0,289.2451599784566,282.5075567395727,285.671768973568,0.0,194773800
2020-02-27,0.0,270.5143737792969,0.0,283.28948562315003,270.5143737792969,277.7429854148297,0.0,284353500
2020-02-28,0.0,269.3778381347656,0.0,270.8599389145115,259.6305531200936,262.50382297406543,0.0,384975800
2020-03-02,0.0,281.04364013671875,0.0,281.1072951028056,267.7411396475447,271.15087035057456,0.0,238703600
2020-03-03,0.0,272.99664306640625,0.0,285.36260407327984,270.5689305856393,281.41641279396447,0.0,300139100
2020-03-04,0.0,284.47149658203125,0.0,284.6897381780031,275.8062369064446,278.3430838776504,0.0,176613400
2020-03-05,0.0,275.01531982421875,0.0,280.4799921925823,272.787645034416,277.3066773489475,0.0,186366800
2020-03-06,0.0,270.46893310546875,0.0,271.66916501204014,263.89498985282967,266.5500180417733,0.0,228667200
2020-03-09,0.0,249.3467559814453,0.0,258.4029914751253,248.63753322137015,250.31964456045836,0.0,309417300
2020-03-10,0.0,262.2491760253906,0.0,262.34007996344667,248.68298420253547,258.8121691635351,0.0,276444100
2020-03-11,0.0,249.46498107910156,0.0,256.35719904402856,246.30076870068223,255.22972362169153,0.0,255316300
2020-03-12,0.0,225.59686279296875,0.0,242.46366575529143,225.2058731481479,232.7709352018375,0.0,392220700
2020-03-13,0.0,244.8822784423828,0.0,246.84628632830442,225.9696392013214,239.21757012675997,0.0,329566100
2020-03-16,0.0,218.08636474609375,0.0,233.58926139863348,215.82229873657448,219.29567026756763,0.0,297240000
2020-03-17,0.0,229.86129760742188,0.0,232.92551813203102,215.55861886674538,222.80541986754847,0.0,262070500
2020-03-18,0.0,218.2227325439453,0.0,225.83324590166254,207.3297850292438,214.81300234794617,0.0,327597100
2020-03-19,0.0,218.68653869628906,0.0,224.93317635893808,211.14876488660929,217.54087388497305,0.0,289322000
2020-03-20,0.0,209.26235961914062,1.406,223.5942684841913,208.98797436710205,221.81992633759734,0.0,347158800
2020-03-23,0.0,203.91188049316406,0.0,210.0671893215918,199.6223661157914,208.70443213492814,0.0,326025200
2020-03-24,0.0,222.386962890625,0.0,223.2558517852743,213.8353851846469,214.40243776362843,0.0,235494500
2020-03-25,0.0,225.71615600585938,0.0,234.45982229383785,219.27732029095014,223.96010990179323,0.0,299430300
2020-03-26,0.0,238.8956756591797,0.0,240.35902646613818,227.78317753221316,228.21304450745478,0.0,257632800
2020-03-27,0.0,231.7799530029297,0.0,238.53890542815424,229.61233655257882,231.6427673880253,0.0,224341200
2020-03-30,0.0,239.30722045898438,0.0,240.02061371023277,231.8806066353149,233.8653046759227,0.0,171369500
2020-03-31,0.0,235.740234375,0.0,240.84373521827933,234.3408851186473,238.31028086600318,0.0,194881100
2020-04-01,0.0,225.1308135986328,0.0,235.6579634150699,223.0729450503608,226.80454835925843,0.0,189554600
2020-04-02,0.0,230.32579040527344,0.0,231.1031990211072,223.70402184860143,224.25279236456615,0.0,177660400
2020-04-03,0.0,226.99656677246094,0.0,231.68851038207237,224.28017983592915,229.3471021274164,0.0,135561200
2020-04-06,0.0,242.24305725097656,0.0,244.20033173436548,226.97826172049932,235.8225192513126,0.0,188061200
2020-04-07,0.0,242.4901123046875,0.0,251.54472923812475,242.27061523602737,250.79474370469424,0.0,201427200
2020-04-08,0.0,250.6300811767578,0.0,252.4318604274332,242.59982238542267,245.07840276494375,0.0,153774500
2020-04-09,0.0,254.44400024414062,0.0,257.1878247130065,251.94710992928742,253.87691974147597,0.0,189999200
2020-04-13,0.0,252.12081909179688,0.0,253.81284930273347,248.23373548552388,253.4744488428698,0.0,114839100
2020-04-14,0.0,259.5566711425781,0.0,260.5718728557948,251.98371629741587,256.98662431123626,0.0,134143400
2020-04-15,0.0,254.04159545898438,0.0,259.6938677231057,251.9379797452276,253.86781765923317,0.0,121775000
2020-04-16,0.0,255.26712036132812,0.0,256.11769917577556,252.2123327276994,255.3128396006162,0.0,131798300
2020-04-17,0.0,262.1632995605469,0.0,262.76691639123914,258.2853419351938,261.0108843332455,0.0,146684800
2020-04-20,0.0,257.5445251464844,0.0,262.3004990519238,257.3250281055535,258.47741548206835,0.0,100109300
2020-04-21,0.0,249.72463989257812,0.0,254.29768106012358,248.79172163095677,253.09954650715693,0.0,126385700
2020-04-22,0.0,255.26712036132812,0.0,257.0048701286276,253.2641264359367,254.58116430226596,0.0,92951600
2020-04-23,0.0,255.2488555908203,0.0,259.69386615566833,254.947047152438,256.5384565598926,0.0,104709700
2020-04-24,0.0,258.8067626953125,0.0,259.4744369338839,254.71846167335374,256.7580486318894,0.0,85063200
2020-04-27,0.0,262.5382385253906,0.0,263.6540615008413,260.3157475870202,260.77305162758813,0.0,77896600
2020-04-28,0.0,261.3309631347656,0.0,266.51677504774557,261.029126853578,266.16921952958876,0.0,105270000
2020-04-29,0.0,268.1722106933594,0.0,269.69961837336587,265.61131939279846,266.6356759130228,0.0,118745600
2020-04-30,0.0,265.6753845214844,0.0,268.2728683089117,263.94676172651174,266.8003346785692,0.0,122901700
2020-05-01,0.0,258.6421203613281,0.0,265.8400840900195,257.48054981591537,260.9469235088545,0.0,125180000
2020-05-04,0.0,259.3554992675781,0.0,259.65730774517107,255.294635917444,256.76714197902675,0.0,80873200
2020-05-05,0.0,261.75164794921875,0.0,264.5503460059284,259.4834102153152,262.1632326858722,0.0,79569900
2020-05-06,0.0,259.97735595703125,0.0,263.827848295089,259.54748902772616,263.4437285183799,0.0,73632600
2020-05-07,0.0,263.114501953125,0.0,265.03518491368027,262.6114785663358,263.1785312311904,0.0,75250400
2020-05-08,0.0,267.4680480957031,0.0,267.9345072510261,265.10834309873604,266.2333213332557,0.0,76452400
2020-05-11,0.0,267.52294921875,0.0,268.8948617788462,265.12667974630995,265.5473917828157,0.0,79514200
2020-05-12,0.0,262.1907653808594,0.0,269.1143287808688,262.05355181087856,268.7027718058145,0.0,95870800
2020-05-13,0.0,257.55364990234375,0.0,262.66630589864803,255.1390710892638,261.6327942663051,0.0,144721100
2020-05-14,0.0,260.6358642578125,0.0,260.7638948742726,249.67884947076664,255.1299336943153,0.0,121977900
2020-05-15,0.0,261.8341064453125,0.0,261.87982570324516,257.31593846082666,258.257984049645,0.0,111146300
2020-05-18,0.0,269.8094482421875,0.0,271.4100127656581,267.70586031884966,268.0259508942396,0.0,119703800
2020-05-19,0.0,267.03814697265625,0.0,270.9160766593907,267.0198648575471,269.2149188705736,0.0,95189300
2020-05-20,0.0,271.5745849609375,0.0,272.4343188348608,270.3307313034634,270.55938333564245,0.0,85861700
2020-05-21,0.0,269.69964599609375,0.0,272.25141045767714,268.6112601039771,271.4465508488892,0.0,78293900
2020-05-22,0.0,270.2118225097656,0.0,270.3856002837618,268.18139138715867,269.4161179191645,0.0,63958200
2020-05-26,0.0,273.541015625,0.0,276.385461718517,270.2301383166859,276.1476546483194,0.0,88951400
2020-05-27,0.0,277.61102294921875,0.0,277.6476150920947,271.51972905102286,276.32142205120357,0.0,104817400
2020-05-28,0.0,277.098876953125,0.0,280.6384065978622,276.4312028479003,278.6354121938182,0.0,90405200
2020-05-29,0.0,278.3335876464844,0.0,278.91892240887853,273.89773207862925,276.63240179778086,0.0,119090800
2020-06-01,0.0,279.4585266113281,0.0,280.06217137761803,277.1811611065829,277.6933394698057,0.0,55758300
2020-06-02,0.0,281.7724914550781,0.0,281.8182386135936,279.04697679082,280.3731419784623,0.0,74267200
2020-06-03,0.0,285.5223388671875,0.0,286.47353906948985,283.473625734496,283.7479969891875,0.0,92567600
2020-06-04,0.0,284.77239990234375,0.0,286.27237076977303,282.6870942924348,284.54374784901324,0.0,75794400
2020-06-05,0.0,292.0710144042969,0.0,293.83620174403694,290.0771749870268,290.1412042675265,0.0,150524700
2020-06-08,0.0,295.6013488769531,0.0,295.79340876256344,292.3361912634575,292.87580669268345,0.0,73641200
2020-06-09,0.0,293.3971862792969,0.0,295.6745518741366,292.089275278113,292.9490092600261,0.0,77479200
2020-06-10,0.0,291.76007080078125,0.0,294.8606065808559,291.04667738676187,293.97343534314683,0.0,95000800
2020-06-11,0.0,274.9403076171875,0.0,285.4948921415013,274.3915651262568,284.86381036530884,0.0,209243600
2020-06-12,0.0,278.2329406738281,0.0,282.68707794933687,273.1020022913101,281.9188104439579,0.0,194678900
2020-06-15,0.0,280.8304443359375,0.0,281.95542250093104,271.4008357686363,272.571533180231,0.0,135782700
2020-06-16,0.0,286.23583984375,0.0,288.6870115925263,281.3975814568818,288.5406708977013,0.0,137627500
2020-06-17,0.0,285.0467529296875,0.0,287.5436429956931,284.3150497306048,287.2509617160601,0.0,83398900
2020-06-18,0.0,285.1565246582031,0.0,285.63211084262696,283.08037422942215,283.53767829923845,0.0,80828700
2020-06-19,0.0,283.52691650390625,1.366,288.7998612118977,281.5885862007756,288.60695612206905,0.0,135549600
2020-06-22,0.0,285.34576416015625,0.0,285.740769602764,281.7906591077808,282.92975500160884,0.0,74649400
2020-06-23,0.0,286.659423828125,0.0,288.91008594994315,286.25522305494576,287.9822576249924,0.0,68471200
2020-06-24,0.0,279.34710693359375,0.0,285.2447431567849,277.5190362259304,284.6292467086996,0.0,132813500
2020-06-25,0.0,282.3418884277344,0.0,282.60829987594445,276.7657787916315,278.7775875200807,0.0,89468000
2020-06-26,0.0,275.63580322265625,0.0,281.4599607492552,275.05708801773886,281.24866508004715,0.0,127961000
2020-06-29,0.0,279.6869812011719,0.0,279.82477053732015,274.6069420891826,276.88516190649545,0.0,79773300
2020-06-30,0.0,283.2696533203125,0.0,284.95996268018115,279.09907976025323,279.25523166814565,0.0,113394800
2020-07-01,0.0,285.25384521484375,0.0,286.5123956920647,283.92184448367857,284.3811608808627,0.0,72396500
2020-07-02,0.0,286.82476806640625,0.0,290.01242543532555,286.1633512394865,288.6712011809494,0.0,69344200
2020-07-06,0.0,291.25262451171875,0.0,291.83136787282604,289.8838701103089,290.62796070760163,0.0,61713800
2020-07-07,0.0,288.2486877441406,0.0,291.68436650450917,287.87204481586895,289.71850628424903,0.0,82910000
2020-07-08,0.0,290.4533386230469,0.0,290.5635700836482,287.2565141278047,289.01107826646074,0.0,54638600
2020-07-09,0.0,288.79986572265625,0.0,291.29854876580123,285.40091218882344,291.0596951993123,0.0,83354200
2020-07-10,0.0,291.7486572265625,0.0,292.01506865179886,287.31167207863734,288.7355420447275,0.0,57550400
2020-07-13,0.0,289.222412109375,0.0,296.45204937769444,288.57019052506786,294.081988558485,0.0,102997500
2020-07-14,0.0,292.9704895019531,0.0,293.74213796529875,286.6135359213563,287.807747773912,0.0,93657000
2020-07-15,0.0,295.6620178222656,0.0,296.7551932653832,293.2919291339535,296.1764500267383,0.0,87196500
2020-07-16,0.0,294.6882629394531,0.0,295.13838410027176,293.1265757580528,293.769630017324,0.0,54622500
2020-07-17,0.0,295.5426025390625,0.0,296.32344617655446,293.7236991518469,295.6895871795454,0.0,62774900
2020-07-20,0.0,297.93109130859375,0.0,298.6751818708139,294.5321376523244,295.27622821454463,0.0,56308800
2020-07-21,0.0,298.56488037109375,0.0,300.3286397959149,297.58193646428316,299.88771395693493,0.0,57292200
2020-07-22,0.0,300.2644348144531,0.0,300.5767947733182,298.0964739152469,298.20670541392377,0.0,57792900
2020-07-23,0.0,296.6816711425781,0.0,300.604251536004,295.32211240358737,299.9060815666081,0.0,75738000
2020-07-24,0.0,294.7709655761719,0.0,295.7906347636458,293.27358928008266,294.8352766153247,0.0,73766600
2020-07-27,0.0,296.92059326171875,0.0,297.0951357943914,294.66993094112354,295.4599699891878,0.0,48293000
2020-07-28,0.0,295.0373229980469,0.0,297.30634724530006,294.7433537595441,296.19478131867083,0.0,57495000
2020-07-29,0.0,298.6660461425781,0.0,299.22642701873673,295.8733931344966,295.91014631517817,0.0,48454200
2020-07-30,0.0,297.600341796875,0.0,298.0137378647775,293.631868503502,295.70796004076783,0.0,61861700
2020-07-31,0.0,299.95208740234375,0.0,300.0531516272195,295.18437908952166,299.382539332281,0.0,84986800
2020-08-03,0.0,302.037353515625,0.0,302.7998065744939,301.063604773236,301.6055948819654,0.0,53077900
2020-08-04,0.0,303.20404052734375,0.0,303.20404052734375,301.18303648166886,301.18303648166886,0.0,41917900
2020-08-05,0.0,305.0872497558594,0.0,305.344493957488,304.232927632883,304.49933910281294,0.0,42697700
2020-08-06,0.0,307.12652587890625,0.0,307.24595264171285,304.1869174123309,304.5084445350137,0.0,43679400
2020-08-07,0.0,307.3470153808594,0.0,307.6317893364543,305.26170076056275,306.16197109291363,0.0,57308300
2020-08-10,0.0,308.265625,0.0,308.4493347450377,305.86797873960825,307.79711328642304,0.0,44282100
2020-08-11,0.0,305.7210693359375,0.0,310.0754090778702,304.99536940766205,309.4415500274836,0.0,69601100
2020-08-12,0.0,309.9834899902344,0.0,310.75513826700785,308.1186663127522,308.14622417854946,0.0,53774400
2020-08-13,0.0,309.4230651855469,0.0,310.7275360608558,308.50443241079194,309.22096485372293,0.0,41816100
2020-08-14,0.0,309.43231201171875,0.0,309.9651348090941,308.31157871851264,309.0373065810643,0.0,47260400
2020-08-17,0.0,310.4152526855469,0.0,310.81025811201846,309.4415040352229,310.4428105517088,0.0,35481000
2020-08-18,0.0,311.08587646484375,0.0,311.50843977331124,309.2210246583516,310.8102697584453,0.0,38733900
2020-08-19,0.0,309.7906494140625,0.0,311.97697263612196,309.2302686469379,311.46254034452477,0.0,68054200
2020-08-20,0.0,310.75518798828125,0.0,311.23286708334615,307.9441730893931,308.0727671388715,0.0,42207800
2020-08-21,0.0,311.8575134277344,0.0,312.077976357265,310.0845305879196,310.42444831688175,0.0,55106600
2020-08-24,0.0,315.01763916015625,0.0,315.0911174646383,311.8299815443107,314.2827159430647,0.0,48588700
2020-08-25,0.0,316.119873046875,0.0,316.20254662386077,314.4203969836484,315.5778831303385,0.0,38463400
2020-08-26,0.0,319.289306640625,0.0,319.55569004926366,316.1659597726134,316.7079499261824,0.0,50790200
2020-08-27,0.0,319.9873962402344,0.0,321.4296566689116,318.3338681796613,320.1527714738535,0.0,58034100
2020-08-28,0.0,322.0544128417969,0.0,322.1830349455076,319.82214090847793,321.00718557847676,0.0,48588900
2020-08-31,0.0,320.8877258300781,0.0,322.7157967275495,320.65806755514126,321.84311210346374,0.0,66099200
2020-09-01,0.0,323.90997314453125,0.0,324.0110093091774,320.82335195593424,321.71442700956277,0.0,54908700
2020-09-02,0.0,328.5951232910156,0.0,329.5596769854811,324.6725413887426,325.81166567715786,0.0,69540000
2020-09-03,0.0,317.2866516113281,0.0,327.38241887389745,314.71446250184243,326.91390709312424,0.0,148011100
2020-09-04,0.0,314.69610595703125,0.0,319.52809635719643,307.62262081365446,317.96643711549046,0.0,139156300
2020-09-08,0.0,306.0976867675781,0.0,314.76041705680797,305.79455021998007,309.31290219076556,0.0,114465300
2020-09-09,0.0,312.142333984375,0.0,314.5950685448863,309.2210595597669,310.0845768752643,0.0,91462300
2020-09-10,0.0,306.72235107421875,0.0,314.65932471702587,305.76696501281884,314.0071032105712,0.0,90569500
2020-09-11,0.0,306.8785095214844,0.0,309.5517346698308,304.0674950426978,308.4953124238538,0.0,84680200
2020-09-14,0.0,310.9205017089844,0.0,312.6842893155275,307.02550695570335,310.0294266223759,0.0,65605700
2020-09-15,0.0,312.49139404296875,0.0,314.1908426333069,310.92970675868344,313.3640785558133,0.0,52920900
2020-09-16,0.0,311.2512512207031,0.0,315.1462463127431,310.9756444899073,313.72237632422525,0.0,82096000
2020-09-17,0.0,308.5137023925781,0.0,310.2223743451593,305.89559274386187,306.419220280496,0.0,91523300
2020-09-18,0.0,304.9618225097656,1.339,309.425799922104,302.4900382490499,309.31512721590326,0.0,105877900
2020-09-21,0.0,301.5677795410156,0.0,301.7153525566458,296.7348829024936,300.39645567196135,0.0,99450800
2020-09-22,0.0,304.6390380859375,0.0,305.19242981762375,300.54397867680115,303.043459504694,0.0,63612100
2020-09-23,0.0,297.5742492675781,0.0,305.4692242600831,297.076193756614,305.1925142443561,0.0,93112200
2020-09-24,0.0,298.3673095703125,0.0,301.41092156228456,294.954751030624,296.26444372300983,0.0,76681300
2020-09-25,0.0,303.1910400390625,0.0,303.97498118619103,296.65186414481286,297.5188098317548,0.0,71069400
2020-09-28,0.0,308.22686767578125,0.0,308.9370364423363,306.3453468665424,307.3322255987747,0.0,64584600
2020-09-29,0.0,306.5482482910156,0.0,308.7617872255907,305.85651561479375,308.02395029629054,0.0,51304000
2020-09-30,0.0,308.8724365234375,0.0,312.008285169371,307.0185842537715,307.2122614897057,0.0,104081100
2020-10-01,0.0,310.85552978515625,0.0,312.4234407016716,308.9832406503266,311.45502596343215,0.0,88698700
2020-10-02,0.0,307.9040832519531,0.0,310.827819440157,305.4599664586662,305.9303537431645,0.0,89431100
2020-10-05,0.0,313.3641662597656,0.0,313.54861143748366,309.9055025274307,309.95160678519085,0.0,45713100
2020-10-06,0.0,308.909423828125,0.0,315.5869704435292,308.40216435314886,313.5025398765093,0.0,90128900
2020-10-07,0.0,314.2864685058594,0.0,315.08887396765715,311.8238876072292,311.8515557905092,0.0,56999600
2020-10-08,0.0,317.07177734375,0.0,317.136345808454,315.30092949856623,316.2140356726997,0.0,45242500
2020-10-09,0.0,319.9032897949219,0.0,320.3644448823741,318.0955697331776,318.71350178822684,0.0,59528600
2020-10-12,0.0,325.0497741699219,0.0,326.51624399741416,321.9415933267458,322.4304166025766,0.0,80388500
2020-10-13,0.0,322.9284362792969,0.0,325.0866385120567,321.96922590473577,324.9113973432425,0.0,73255500
2020-10-14,0.0,320.89935302734375,0.0,324.5885935042505,320.17074829875787,323.5002743187641,0.0,57727900
2020-10-15,0.0,320.5027770996094,0.0,320.9823682447695,316.4722862478962,317.00721375031816,0.0,60357700
2020-10-16,0.0,320.3091125488281,0.0,323.50029791303143,320.1338713616603,321.84935479813737,0.0,89501900
2020-10-19,0.0,315.4393005371094,0.0,322.19058938218416,314.54465857388607,321.5634252410943,0.0,68425600
2020-10-20,0.0,316.7028503417969,0.0,319.9309357295135,316.02034986675716,316.77662276612375,0.0,60051900
2020-10-21,0.0,316.1034240722656,0.0,318.8150186473506,315.79904590648505,316.65678774336294,0.0,63575000
2020-10-22,0.0,317.83740234375,0.0,318.41846245207137,314.1850607086071,316.315595674664,0.0,55399300
2020-10-23,0.0,318.9165344238281,0.0,319.110211754352,316.47241714493794,319.0548753742023,0.0,49143900
2020-10-26,0.0,313.02294921875,0.0,316.33404027290226,309.5458208963196,315.5500707808946,0.0,91473000
2020-10-27,0.0,311.94378662109375,0.0,313.69617053832854,311.73164512212657,313.36415234517256,0.0,65994100
2020-10-28,0.0,301.2818908691406,0.0,311.9714640421637,300.79306752806804,306.2992612343689,0.0,127094300
2020-10-29,0.0,304.3439025878906,0.0,307.49818742638644,299.8337926046557,301.51240377305834,0.0,90597700
2020-10-30,0.0,301.17120361328125,0.0,304.07647533605143,297.5372988957393,302.77601447703177,0.0,120287300
2020-11-02,0.0,304.54681396484375,0.0,306.5389790620521,301.81675573433955,304.54681396484375,0.0,86068300
2020-11-03,0.0,309.9239196777344,0.0,311.9714496081248,304.62986772162367,307.76571701813515,0.0,93294200
2020-11-04,0.0,316.8504943847656,0.0,320.90865415281115,313.2073573716277,314.3786813421589,0.0,126959700
2020-11-05,0.0,323.030029296875,0.0,324.82854607945325,321.7572362687961,322.1077187717956,0.0,82039700
2020-11-06,0.0,322.9562072753906,0.0,324.2013319224955,320.64119920578634,322.7440657543736,0.0,74973000
2020-11-09,0.0,327.01434326171875,0.0,336.0714373165098,326.55318810389855,335.69328670949596,0.0,172304200
2020-11-10,0.0,326.5346374511719,0.0,327.5860562057927,323.2788843052544,326.02735006756774,0.0,85552000
2020-11-11,0.0,328.96038818359375,0.0,329.7812296172515,327.4754541399261,328.71134641817173,0.0,58649000
2020-11-12,0.0,325.7691650390625,0.0,329.0064827205813,323.9706771078529,327.95503562356157,0.0,67546200
2020-11-13,0.0,330.279296875,0.0,331.01713379560016,327.15265170494035,327.6691431786953,0.0,62892200
2020-11-16,0.0,334.4020690917969,0.0,334.59574638349557,331.65357412637275,332.93559901843656,0.0,74541100
2020-11-17,0.0,332.6034851074219,0.0,333.802505202386,330.5006190703116,332.00398913327604,0.0,66111000
2020-11-18,0.0,328.6007080078125,0.0,333.41516883301097,328.56380771525403,332.87100914114745,0.0,70591300
2020-11-19,0.0,329.984130859375,0.0,330.3530492973279,326.63614044527395,327.9735014478599,0.0,59940900
2020-11-20,0.0,327.7245178222656,0.0,329.92885302572876,327.6507453802579,329.7259436268605,0.0,70417300
2020-11-23,0.0,329.68896484375,0.0,330.9433212326786,327.3001850306235,329.52295577874605,0.0,63230600
2020-11-24,0.0,335.0015563964844,0.0,335.54571610904793,331.3768835849959,332.22539331938475,0.0,62415900
2020-11-25,0.0,334.4850769042969,0.0,334.94623208204837,333.3967574400062,334.9185638972504,0.0,45330900
2020-11-27,0.0,335.4166564941406,0.0,335.8870156877651,334.4113133262943,335.5734335097883,0.0,28514100
2020-11-30,0.0,333.9316711425781,0.0,334.90931782692627,331.26620896255025,334.6418399539096,0.0,83872700
2020-12-01,0.0,337.583984375,0.0,339.1150227531008,336.57866958962217,337.16896165443563,0.0,74231400
2020-12-02,0.0,338.2941589355469,0.0,338.4509359040713,335.90537894601357,336.4772067543695,0.0,45927000
2020-12-03,0.0,338.2019958496094,0.0,339.5854614210643,337.1044442445208,338.19276373886237,0.0,62882000
2020-12-04,0.0,341.116455078125,0.0,341.116455078125,338.690774592366,338.7830112476437,0.0,50749900
2020-12-07,0.0,340.4155578613281,0.0,340.9043812700097,339.15199705851046,340.3509893751465,0.0,48944300
2020-12-08,0.0,341.41162109375,0.0,341.9742168745156,339.10584531026393,339.1519495672629,0.0,42458900
2020-12-09,0.0,338.34954833984375,0.0,342.22323481665705,337.51947467671783,342.0664578235537,0.0,74098300
2020-12-10,0.0,338.23883056640625,0.0,339.28101745162724,336.1175002134625,336.9844740552152,0.0,57735400
2020-12-11,0.0,337.8421936035156,0.0,338.2480123175463,335.0383910387043,336.55096503463255,0.0,57698600
2020-12-14,0.0,336.3296203613281,0.0,341.0702798634242,336.1543791823007,340.00042486586045,0.0,69216200
2020-12-15,0.0,340.8766784667969,0.0,340.8766784667969,337.4918152485287,338.8568165510045,0.0,63865300
2020-12-16,0.0,341.41162109375,0.0,342.32469929707383,340.21260079833104,341.08880685472656,0.0,58420500
2020-12-17,0.0,343.3207702636719,0.0,343.52367965151916,342.2232187766809,343.04408843782375,0.0,64119500
2020-12-18,0.0,341.949951171875,1.58,343.7746487031401,339.94926543201143,343.60793195814915,0.0,136542300
2020-12-21,0.0,340.7272033691406,0.0,350.54536946267484,335.3272275643537,338.0503799855159,0.0,96386700
2020-12-22,0.0,340.1529846191406,0.0,341.1625846556748,339.03224010396457,341.0514401770329,0.0,47949000
2020-12-23,0.0,340.4586181640625,0.0,342.35740206193293,340.1344279636178,341.1162417592624,0.0,46201400
2020-12-24,0.0,341.7831726074219,0.0,341.8109587265613,340.34750934079955,340.9310178427268,0.0,26457900
2020-12-28,0.0,344.7193908691406,0.0,345.1083965593925,343.70051933120067,344.32108544977285,0.0,39000400
2020-12-29,0.0,344.061767578125,0.0,346.41442964061537,343.47823072745575,346.2384414390911,0.0,53680500
2020-12-30,0.0,344.552734375,0.0,345.58087763947617,344.1637285848336,344.87692471124603,0.0,49455300
2020-12-31,0.0,346.3032531738281,0.0,347.0257205730323,343.8487183090097,344.35813994007736,0.0,78520700
2021-01-04,0.0,341.5887145996094,0.0,347.75748825794324,337.91153359546706,347.6278008405059,0.0,110210800
2021-01-05,0.0,343.9413757324219,0.0,345.0250911405823,340.90330357734024,340.9496326301057,0.0,66426200
2021-01-06,0.0,345.99761962890625,0.0,349.17465054566816,341.8943751612788,342.4408544416183,0.0,107997700
2021-01-07,0.0,351.13824462890625,0.0,351.879226704414,348.18353125617296,348.35951944577056,0.0,68766800
2021-01-08,0.0,353.1389465332031,0.0,353.351964049799,349.28577737519294,352.51835210952186,0.0,71677200
2021-01-11,0.0,350.7584533691406,0.0,352.509035392322,349.8599978362601,349.9804137736542,0.0,51034700
2021-01-12,0.0,350.8325500488281,0.0,351.8421500854146,348.600304213812,350.9437227941285,0.0,52547700
2021-01-13,0.0,351.77728271484375,0.0,352.7683396809025,349.980371864259,350.75841136657687,0.0,45303600
2021-01-14,0.0,350.5454406738281,0.0,353.01851855461456,350.2120072157381,352.51834010082484,0.0,49989100
2021-01-15,0.0,347.98907470703125,0.0,349.7303856428167,346.13659100513945,348.93383121899916,0.0,107160000
2021-01-19,0.0,350.72137451171875,0.0,351.25861046647725,348.9615211334534,350.43424187842203,0.0,51233300
2021-01-20,0.0,355.574951171875,0.0,356.40856307524916,352.61096633026204,352.999972027398,0.0,61836100
2021-01-21,0.0,355.89910888671875,0.0,356.5567608588735,354.9821386306928,356.13066931635393,0.0,47840100
2021-01-22,0.0,354.6394348144531,0.0,355.79723696621016,353.67613550952814,354.0558980073029,0.0,52860500
2021-01-25,0.0,356.0381164550781,0.0,356.39006461227206,350.5454808302178,355.37122119584785,0.0,70402000
2021-01-26,0.0,355.4823303222656,0.0,357.3903860722406,355.25076988400014,356.98283743956097,0.0,42665300
2021-01-27,0.0,346.7941589355469,0.0,352.268250784751,344.57118450473314,352.1756209612476,0.0,123351100
2021-01-28,0.0,349.7767028808594,0.0,353.7595313987344,348.1650511599813,348.6003576792307,0.0,94198100
2021-01-29,0.0,342.774169921875,0.0,348.88736896215784,341.1069184018097,347.92406996834086,0.0,126765100
2021-02-01,0.0,348.4798889160156,0.0,349.5080035286614,343.0613698782422,346.1550134441998,0.0,75817600
2021-02-02,0.0,353.4075622558594,0.0,354.9543985638464,348.5633355300297,351.64770841562836,0.0,64450700
2021-02-03,0.0,353.6853942871094,0.0,355.3989470635839,352.4164476969592,354.2318734911407,0.0,52427100
2021-02-04,0.0,357.7053527832031,0.0,357.7516535703952,353.7966109311243,354.7135813441343,0.0,47142600
2021-02-05,0.0,359.1132507324219,0.0,359.81720364448813,357.65907238511835,359.567128499409,0.0,48669800
2021-02-08,0.0,361.7066955566406,0.0,361.7529963401308,359.7060098700413,360.558136499525,0.0,38365200
2021-02-09,0.0,361.4657897949219,0.0,362.0585979957618,360.465461289318,360.8729815940819,0.0,35551100
2021-02-10,0.0,361.30841064453125,0.0,363.3461540337932,358.91871909408604,363.19795194487796,0.0,59154400
2021-02-11,0.0,361.8919677734375,0.0,362.79969501880703,359.47448996280053,362.382874853758,0.0,42913300
2021-02-12,0.0,363.67962646484375,0.0,363.9204301330663,361.0212885169638,361.0954036969238,0.0,50593300
2021-02-16,0.0,363.3646240234375,0.0,365.09671982469814,362.6514280582041,364.90218870691695,0.0,50972400
2021-02-17,0.0,363.4480285644531,0.0,363.69810367108147,360.6137026893847,361.62333111241526,0.0,52290600
2021-02-18,0.0,361.901123046875,0.0,362.64210502833146,359.1409128726459,360.854465504746,0.0,59712800
2021-02-19,0.0,361.2620849609375,0.0,363.43875882521473,360.8174787248331,363.15162613106077,0.0,83241000
2021-02-22,0.0,358.4833679199219,0.0,360.88233082469856,358.21474987936415,358.5111540436584,0.0,67414200
2021-02-23,0.0,358.91864013671875,0.0,360.26170183872983,352.15708738402975,356.2881172371343,0.0,107284100
2021-02-24,0.0,362.873779296875,0.0,363.29987092323375,356.8532069417338,357.8350210952394,0.0,72433900
2021-02-25,0.0,354.1300048828125,0.0,362.9756307811768,352.6943414403151,361.614054243243,0.0,146670500
2021-02-26,0.0,352.3053283691406,0.0,357.14031184524765,350.3324570181541,356.0010524866953,0.0,152701600
2021-03-01,0.0,360.8451843261719,0.0,362.0863729249962,352.4997668648122,357.1494894465387,0.0,105348800
2021-03-02,0.0,358.029541015625,0.0,361.2991736921879,357.5293624902229,361.0676132242538,0.0,79595300
2021-03-03,0.0,353.2872009277344,0.0,358.29814477451754,353.18529961920825,357.3348735423533,0.0,119940200
2021-03-04,0.0,348.91534423828125,0.0,355.6768989799336,344.45085137854505,353.1019475606932,0.0,183433000
2021-03-05,0.0,355.3341064453125,0.0,356.38076408471085,345.15471924913305,352.397907830953,0.0,152039600
2021-03-08,0.0,353.5650634765625,0.0,359.0854573526908,353.2872022098644,356.28821695684354,0.0,123149200
2021-03-09,0.0,358.6130676269531,0.0,361.1509612373541,356.8902430962981,357.3904216073474,0.0,113633600
2021-03-10,0.0,360.8451843261719,0.0,362.53095079523786,359.5392085656872,360.94708559920224,0.0,109899400
2021-03-11,0.0,364.5039367675781,0.0,366.46756487354185,362.8459560202513,363.29983372649673,0.0,86245000
2021-03-12,0.0,364.99481201171875,0.0,365.13374261718343,362.3457742453451,363.15160002369436,0.0,64653600
2021-03-15,0.0,367.1715393066406,0.0,367.43088589690996,363.1145954350534,365.2449404075043,0.0,73427200
2021-03-16,0.0,366.70831298828125,0.0,368.48668101999846,365.9395166356945,367.7827566296584,0.0,73722500
2021-03-17,0.0,367.958740234375,0.0,368.75529442760387,364.2908032144401,365.4300905372964,0.0,97959300
2021-03-18,0.0,362.6051330566406,0.0,367.458630815987,361.92896639831395,365.3838583264933,0.0,115349100
2021-03-19,0.0,361.9341125488281,1.278,363.87629430000226,359.7688854669541,362.30581695435694,0.0,113624500
2021-03-22,0.0,364.8242492675781,0.0,366.1995871570597,362.3895521009953,362.4453063598302,0.0,73778600
2021-03-23,0.0,361.9527282714844,0.0,365.6326505079344,361.1721404249181,364.1922851409189,0.0,90686600
2021-03-24,0.0,360.11279296875,0.0,364.9729135223698,360.0663405424219,363.3466815716018,0.0,97588600
2021-03-25,0.0,362.1386413574219,0.0,362.928502774503,356.7488269231494,358.6817356717282,0.0,116128600
2021-03-26,0.0,367.9744567871094,0.0,368.3740383743186,362.68687787049055,363.28159933715943,0.0,114409100
2021-03-29,0.0,367.7886657714844,0.0,368.6900641641759,365.0287163307063,366.5062610108265,0.0,108107600
2021-03-30,0.0,366.8128356933594,0.0,367.4819150187668,365.2237545709977,366.52476262984527,0.0,76262200
2021-03-31,0.0,368.2997131347656,0.0,369.85161555750506,367.35186241979716,367.379739547907,0.0,112734200
2021-04-01,0.0,372.27703857421875,0.0,372.3328211938381,370.0189059510316,370.22334769217844,0.0,99682900
2021-04-05,0.0,377.6203308105469,0.0,378.1593264135541,374.85110832067795,374.92543787321307,0.0,91684800
2021-04-06,0.0,377.3973388671875,0.0,378.43812282723076,376.72825941298316,377.0628133197033,0.0,62021000
2021-04-07,0.0,377.8341369628906,0.0,378.1779643738996,376.77477759813956,377.2301135360446,0.0,55836300
2021-04-08,0.0,379.6275939941406,0.0,379.6833482520154,378.1500494419872,379.07932488554803,0.0,57863100
2021-04-09,0.0,382.38751220703125,0.0,382.55480332633414,379.38597091748704,379.5067812528372,0.0,61104600
2021-04-12,0.0,382.5269470214844,0.0,382.796416474297,381.1887881496238,381.79281150001924,0.0,56704900
2021-04-13,0.0,383.6605529785156,0.0,384.28317985277835,382.0436231737803,382.42462941635466,0.0,56551000
2021-04-14,0.0,382.3503723144531,0.0,384.68283426978144,381.81137670460754,383.6327485367833,0.0,61659900
2021-04-15,0.0,386.457763671875,0.0,386.7272614837685,384.43195006619254,384.47840249341357,0.0,60229800
2021-04-16,0.0,387.7494812011719,0.0,388.35350456848977,386.3276909048911,387.7401793717676,0.0,82037300
2021-04-19,0.0,385.844482421875,0.0,387.26627283938177,384.52492705882344,386.82023873772533,0.0,78498500
2021-04-20,0.0,383.01947021484375,0.0,385.73293861586444,381.55119913988244,384.63640040393466,0.0,81851800
2021-04-21,0.0,386.6435852050781,0.0,386.8480269077358,382.26667807443886,382.4060920583846,0.0,66793000
2021-04-22,0.0,383.1123352050781,0.0,387.3033760742911,382.0529760615345,386.4763357663494,0.0,97582800
2021-04-23,0.0,387.2662353515625,0.0,388.66945033208026,383.59561440222234,383.6699439588904,0.0,73209200
2021-04-26,0.0,388.07470703125,0.0,388.6415798025078,387.3312980150035,387.9167460859348,0.0,52182400
2021-04-27,0.0,387.9910583496094,0.0,388.56723292463965,386.8573412168641,388.37206467020457,0.0,51303100
2021-04-28,0.0,387.8796081542969,0.0,389.37575653373204,387.4149703801879,388.2606145321749,0.0,51238900
2021-04-29,0.0,390.3514404296875,0.0,390.96476562535156,386.9874678625414,390.59306111989224,0.0,78544300
2021-04-30,0.0,387.7867126464844,0.0,388.93903372264003,386.8946159740106,388.09338948839974,0.0,85527000
2021-05-03,0.0,388.623046875,0.0,390.14704403223993,388.13053196720887,389.7660376531201,0.0,68128300
2021-05-04,0.0,386.2254333496094,0.0,387.13613344183,382.55481257184357,386.64361861912283,0.0,101591200
2021-05-05,0.0,386.34625244140625,0.0,388.0932947530025,385.7886815225001,387.8609759000612,0.0,60162200
2021-05-06,0.0,389.4314270019531,0.0,389.56151080390845,384.42261926239445,386.420555589309,0.0,74321400
2021-05-07,0.0,392.26568603515625,0.0,392.9161900904021,389.5150390811732,390.1934202611164,0.0,67733800
2021-05-10,0.0,388.3813781738281,0.0,392.84188892503846,388.2605678296134,392.6188718952487,0.0,81852400
2021-05-11,0.0,384.9151306152344,0.0,385.9001602068303,381.05864362633724,383.88364860033465,0.0,116888000
2021-05-12,0.0,376.7375183105469,0.0,383.40970843345315,375.4272366804108,382.1459075857726,0.0,134811000
2021-05-13,0.0,381.2630615234375,0.0,383.1866681631853,378.2336150294906,378.28009580912413,0.0,106394000
2021-05-14,0.0,387.1174621582031,0.0,387.96310601913143,383.9579320535756,383.9858091760576,0.0,82201600
2021-05-17,0.0,386.1325988769531,0.0,386.9410924953686,384.12536011663786,386.0118168670324,0.0,65129200
2021-05-18,0.0,382.8056640625,0.0,386.6342737081329,382.6476747856206,386.39265305851666,0.0,59810200
2021-05-19,0.0,381.8020935058594,0.0,381.9786581081242,376.66320145918377,378.1407743642917,0.0,106467100
2021-05-20,0.0,385.9095153808594,0.0,387.16404293504047,382.5548445523857,382.6756265415183,0.0,78022200
2021-05-21,0.0,385.5934753417969,0.0,388.62292173833475,385.1381395432608,387.3869697719797,0.0,76578700
2021-05-24,0.0,389.52435302734375,0.0,390.59301398629543,387.5821426291598,387.82376329020775,0.0,51376700
2021-05-25,0.0,388.66015625,0.0,390.95546775246584,388.084010006822,390.6023385429732,0.0,57451400
2021-05-26,0.0,389.4314270019531,0.0,389.93321527136624,388.21407856446984,389.2455605886077,0.0,43088600
2021-05-27,0.0,389.63580322265625,0.0,390.9646599410983,389.35700364949895,390.45356992915237,0.0,56707700
2021-05-28,0.0,390.3328857421875,0.0,391.4573011473298,390.10056686910303,391.19710514384474,0.0,58520200
2021-06-01,0.0,389.9890441894531,0.0,392.8233229944938,389.5522835895408,392.68393734755085,0.0,54216600
2021-06-02,0.0,390.6023254394531,0.0,391.43869600618797,389.6358994197464,390.6395043968989,0.0,49097100
2021-06-03,0.0,389.1526184082031,0.0,390.2863354413077,386.83873191934526,388.2977009886876,0.0,58138800
2021-06-04,0.0,392.7118225097656,0.0,393.00919746881766,389.2177376389968,390.99265720434005,0.0,55938800
2021-06-07,0.0,392.33074951171875,0.0,392.8790185472602,391.4014741919741,392.70245396777017,0.0,51555000
2021-06-08,0.0,392.4144592285156,0.0,393.27867864219405,390.59308717878474,393.1857454198201,0.0,47134300
2021-06-09,0.0,391.8290100097656,0.0,393.3251583157947,391.6059929640918,393.25080039441156,0.0,48436300
2021-06-10,0.0,393.650390625,0.0,394.5982698082267,391.73608531665377,393.0463672069907,0.0,51020100
2021-06-11,0.0,394.3008117675781,0.0,394.41232026935137,392.9162006051728,394.1986050940301,0.0,45570800
2021-06-14,0.0,395.18365478515625,0.0,395.28586146390614,393.17641657338044,394.41234034324725,0.0,42358500
2021-06-15,0.0,394.45880126953125,0.0,395.3694729406718,393.5852801928474,395.33232234621505,0.0,51508500
2021-06-16,0.0,392.2565002441406,0.0,394.8213099119385,390.2214128207567,394.5982928483874,0.0,80386100
2021-06-17,0.0,392.1263122558594,0.0,393.1020400089684,389.6637383024435,391.84754100046604,0.0,90949700
2021-06-18,0.0,386.8363952636719,1.376,389.5494085797688,386.6312846967765,388.85950415112694,0.0,118676300
2021-06-21,0.0,392.3742980957031,0.0,392.5607725814609,387.7779893870937,388.5890993413175,0.0,72822000
2021-06-22,0.0,394.47210693359375,0.0,395.30188161565235,391.64719132333624,392.3650926666946,0.0,57700300
2021-06-23,0.0,393.9966125488281,0.0,395.3484532153009,393.9127075517657,394.54667538647084,0.0,49445400
2021-06-24,0.0,396.327392578125,0.0,396.7469175537267,395.87987081880055,396.13161425617756,0.0,45110300
2021-06-25,0.0,397.73516845703125,0.0,398.1826902147583,396.74691613756454,397.0732323076562,0.0,58129500
2021-06-28,0.0,398.5369873046875,0.0,398.70479729962966,397.0639410401673,398.2573039797839,0.0,53159600
2021-06-29,0.0,398.7513732910156,0.0,399.5531510094126,398.2199465974664,398.91918326202716,0.0,35970500
2021-06-30,0.0,399.0870361328125,0.0,399.75830454102925,398.2665938058792,398.2945621373876,0.0,64827900
2021-07-01,0.0,401.29656982421875,0.0,401.45507598441856,399.7768909463528,399.8421598624358,0.0,53441000
2021-07-02,0.0,404.3639221191406,0.0,404.7182065985421,401.3805008260889,402.4526865249136,0.0,57697700
2021-07-06,0.0,403.6273193359375,0.0,404.6342359510612,400.9049741658819,404.41979315569,0.0,68710400
2021-07-07,0.0,405.0538330078125,0.0,405.33354476274883,402.303519022366,404.3079918986779,0.0,63549500
2021-07-08,0.0,401.7533874511719,0.0,402.5085606918011,398.5834921499517,399.75821872515706,0.0,97595200
2021-07-09,0.0,406.0421142578125,0.0,406.3404621035636,401.55767811817753,403.25449948236826,0.0,76238600
2021-07-12,0.0,407.4964599609375,0.0,407.74820336371283,405.52928784657445,405.9581450244714,0.0,52889600
2021-07-13,0.0,406.1073913574219,0.0,408.2051016773012,405.8463441001398,406.7133908705391,0.0,52911300
2021-07-14,0.0,406.71331787109375,0.0,408.27962958567196,405.47335073456526,407.7948073005834,0.0,64130400
2021-07-15,0.0,405.32427978515625,0.0,406.0514849454824,403.43167991584454,405.380216455026,0.0,55126400
2021-07-16,0.0,402.1450500488281,0.0,406.5455812846176,401.7534933885176,406.4989768804911,0.0,75874700
2021-07-19,0.0,396.2061462402344,0.0,402.21026074657135,393.4091995491586,397.34357236601903,0.0,147987000
2021-07-20,0.0,401.88397216796875,0.0,403.1519362165868,396.07563556513816,396.8681095390226,0.0,99608200
2021-07-21,0.0,405.13775634765625,0.0,405.2776264574665,401.8373794156442,403.07734671744265,0.0,64724400
2021-07-22,0.0,405.9862060546875,0.0,406.22861725285645,404.3360174299691,405.3149375806969,0.0,47878500
2021-07-23,0.0,410.16290283203125,0.0,410.4985227710104,407.2261145579136,407.90668669595885,0.0,63766600
2021-07-26,0.0,411.16986083984375,0.0,411.1791931015135,409.5290045509511,409.57560895526535,0.0,43719200
2021-07-27,0.0,409.2959289550781,0.0,410.162975736901,406.48031730156396,410.1350074036814,0.0,67397100
2021-07-28,0.0,409.1280517578125,0.0,410.4985568598125,407.71094225553276,409.9205257266722,0.0,52472400
2021-07-29,0.0,410.82489013671875,0.0,411.8970474559631,410.04174839608766,410.05108065733845,0.0,47435300
2021-07-30,0.0,408.8297424316406,0.0,410.274820300012,408.1398095072434,408.27034735445915,0.0,68951200
2021-08-02,0.0,407.97198486328125,0.0,411.08591559023773,407.6177003787268,410.53585279390853,0.0,58783300
2021-08-03,0.0,411.2909851074219,0.0,411.4121906770932,406.58280312195876,408.7644180200078,0.0,58053900
2021-08-04,0.0,409.2679748535156,0.0,411.2631157472607,409.0348959179088,410.0138160666502,0.0,46732200
2021-08-05,0.0,411.8597717285156,0.0,411.94367672299376,410.1070137495975,410.42399765718676,0.0,38969700
2021-08-06,0.0,412.540283203125,0.0,412.95983656575635,411.8969832214965,412.1766949472546,0.0,46930000
2021-08-09,0.0,412.2047119140625,0.0,412.8293474498061,411.44020627292963,412.51236355148603,0.0,41222600
2021-08-10,0.0,412.7174072265625,0.0,413.4259760914882,411.97156622812196,412.6521383148961,0.0,43339300
2021-08-11,0.0,413.7430419921875,0.0,413.83627924848605,412.66155241355983,413.78034258511013,0.0,44034300
2021-08-12,0.0,414.9830017089844,0.0,415.1228718168817,412.6988454575395,413.5938605071988,0.0,38909400
2021-08-13,0.0,415.7381896972656,0.0,415.75682576675683,414.9457157376628,415.43050961256574,0.0,39470300
2021-08-16,0.0,416.71710205078125,0.0,416.8476114388509,412.89460242623954,414.44224972601063,0.0,73740000
2021-08-17,0.0,413.98541259765625,0.0,414.8431269867084,411.0113236608944,414.17185863996565,0.0,92673900
2021-08-18,0.0,409.45440673828125,0.0,414.5355387391959,409.2120240010242,412.978558984422,0.0,89351900
2021-08-19,0.0,410.0883483886719,0.0,411.28173973529556,406.6014969603048,406.74133861748237,0.0,92812200
2021-08-20,0.0,413.35150146484375,0.0,413.6778176710646,409.94855463315577,410.4333770373761,0.0,72008700
2021-08-23,0.0,416.987548828125,0.0,417.8918962380203,413.4260958570307,415.02968007503,0.0,54973000
2021-08-24,0.0,417.6494140625,0.0,418.18084077483024,417.1366518711725,417.6494140625,0.0,38744700
2021-08-25,0.0,418.5257873535156,0.0,419.03854953793854,417.4629339431671,417.83588293403466,0.0,40529700
2021-08-26,0.0,416.0552062988281,0.0,418.47920431591973,415.96196904001306,418.2461253948904,0.0,57829600
2021-08-27,0.0,419.7750549316406,0.0,420.1479754421771,416.8009662029935,416.8569028569734,0.0,77235100
2021-08-30,0.0,421.62109375,0.0,422.40423543923686,420.2039558296545,420.4463669901376,0.0,48357400
2021-08-31,0.0,420.9964294433594,0.0,421.8634761216063,420.39976225528045,421.5278561630646,0.0,59300200
2021-09-01,0.0,421.2201843261719,0.0,422.44151550812524,420.9871054219515,421.92875329964636,0.0,48721400
2021-09-02,0.0,422.51611328125,0.0,423.3178910483312,421.322750439352,422.6373188627889,0.0,42501000
2021-09-03,0.0,422.41351318359375,0.0,422.92630380282,420.9870715426401,421.387988849166,0.0,47170500
2021-09-07,0.0,420.9031677246094,0.0,422.16179940000075,420.2318993945348,422.06856215515467,0.0,51671500
2021-09-08,0.0,420.3904113769531,0.0,421.0989803051799,418.47914741318687,420.3717753085308,0.0,56181900
2021-09-09,0.0,418.5909729003906,0.0,421.93798172709813,418.34856179501094,420.19455650488635,0.0,57970400
2021-09-10,0.0,415.2906494140625,0.0,420.9311472268283,415.16944383774626,420.5116222919028,0.0,89948200
2021-09-13,0.0,416.35345458984375,0.0,418.5350979558744,414.05063410526645,418.27405074698356,0.0,83738600
2021-09-14,0.0,414.1065979003906,0.0,417.9943376937671,413.2208867737399,417.7892271408591,0.0,78197100
2021-09-15,0.0,417.56549072265625,0.0,418.0596168232787,413.4260074279271,414.52613294221675,0.0,78792200
2021-09-16,0.0,416.9035339355469,0.0,418.0129632027851,413.9667173539982,417.04337556990373,0.0,77786700
2021-09-17,0.0,412.84246826171875,1.428,416.5556198829702,412.48704878745247,416.13475093436307,0.0,118425000
2021-09-20,0.0,405.95867919921875,0.0,408.31563107334745,401.1137908654286,406.74432982392835,0.0,166445500
2021-09-21,0.0,405.57513427734375,0.0,409.5782269140936,405.0513672813698,408.28750519431475,0.0,92526100
2021-09-22,0.0,409.5315246582031,0.0,411.5611435713708,405.68744521806696,407.83862947573203,0.0,102350100
2021-09-23,0.0,414.5073547363281,0.0,416.1067425610066,411.15898434825647,411.39280997305156,0.0,76396000
2021-09-24,0.0,415.1900939941406,0.0,415.9009329556939,412.6647660835853,412.8798959122565,0.0,62094800
2021-09-27,0.0,414.0023498535156,0.0,415.3211013801482,413.31020653137995,414.1613353087631,0.0,61371100
2021-09-28,0.0,405.6593933105469,0.0,411.57051184242243,404.9298585168966,411.2431502653508,0.0,130436300
2021-09-29,0.0,406.3421936035156,0.0,408.7646237192778,405.78100637960586,407.03430833854253,0.0,82329200
2021-09-30,0.0,401.3757019042969,0.0,408.5120355292715,401.0389781842043,407.81055870084094,0.0,140506000
2021-10-01,0.0,406.1457214355469,0.0,407.819920791209,399.5892707562588,403.0966548978282,0.0,129240100
2021-10-04,0.0,400.9080505371094,0.0,405.88383781213133,398.7755335780304,404.9859554641585,0.0,128570000
2021-10-05,0.0,405.0794372558594,0.0,407.31479494030964,401.6094736685398,402.4044577996425,0.0,90682500
2021-10-06,0.0,406.7630310058594,0.0,406.9687986871979,399.87921865411016,401.4972736297954,0.0,113032200
2021-10-07,0.0,410.27972412109375,0.0,413.1043268864109,409.8494930407309,410.0272027671516,0.0,72437500
2021-10-08,0.0,409.5315246582031,0.0,411.4302160683865,408.90488798924395,411.04673863158837,0.0,74557400
2021-10-11,0.0,406.5666198730469,0.0,411.7762613135145,406.5011418518959,408.8768180412666,0.0,65233300
2021-10-12,0.0,405.5658264160156,0.0,407.8853866681187,404.78017581687527,407.48321348221907,0.0,71181200
2021-10-13,0.0,407.0248718261719,0.0,407.8385803077712,403.6203860978582,406.58527857778154,0.0,72974000
2021-10-14,0.0,413.871337890625,0.0,414.0209897091665,410.20493969427326,410.6725909235282,0.0,70236800
2021-10-15,0.0,417.0232849121094,0.0,417.388066556168,415.3584477483374,415.975750769938,0.0,66260200
2021-10-18,0.0,418.2579345703125,0.0,418.59462977547827,414.5915361472241,415.2462593259366,0.0,62213200
2021-10-19,0.0,421.4847106933594,0.0,421.5501601721971,419.26801990573733,419.87598933410356,0.0,46996800
2021-10-20,0.0,423.1401672363281,0.0,423.4394708582434,421.8307495694043,421.9429812918315,0.0,49571600
2021-10-21,0.0,424.2438049316406,0.0,424.46826836998736,422.1113166378559,422.54154774240834,0.0,41305400
2021-10-22,0.0,423.8043212890625,0.0,425.254057485138,421.8682380030512,423.8136834491364,0.0,58845100
2021-10-25,0.0,426.0770568847656,0.0,426.4044184794836,423.12152600267797,424.8892329450859,0.0,45214500
2021-10-26,0.0,426.4606018066406,0.0,428.82691644434783,426.0864864434279,427.6203965387246,0.0,56075100
2021-10-27,0.0,424.5712585449219,0.0,427.5829340162119,424.4964183538011,426.9188771716566,0.0,72438000
2021-10-28,0.0,428.6678466796875,0.0,428.74265832035,425.98353308393456,425.992866699538,0.0,51437900
2021-10-29,0.0,429.5376281738281,0.0,429.8275696350324,426.08636002655044,426.3763014877547,0.0,70162400
2021-11-01,0.0,430.2764892578125,0.0,430.8937922170224,428.55553640630086,430.5196484527775,0.0,48433600
2021-11-02,0.0,432.0161437988281,0.0,432.3248095542426,430.3138866949434,430.4448427228555,0.0,48908400
2021-11-03,0.0,434.6537780761719,0.0,435.05595130001086,431.0154376576969,431.4550309735482,0.0,52509800
2021-11-04,0.0,436.7020568847656,0.0,436.7862306774894,434.90626367716334,435.2523210060828,0.0,52847100
2021-11-05,0.0,438.2171936035156,0.0,440.2000299493793,436.7113705733091,438.9186703415237,0.0,66390600
2021-11-08,0.0,438.5914306640625,0.0,439.807341140291,437.90867805035356,439.3116319161153,0.0,50405200
2021-11-09,0.0,437.1416931152344,0.0,439.19000790226266,435.7387393456625,438.9561822740007,0.0,51149100
2021-11-10,0.0,433.6249084472656,0.0,437.14165472126496,432.1471431654352,435.45809321974474,0.0,69429700
2021-11-11,0.0,433.76519775390625,0.0,435.1868757153558,433.7465019808427,435.11203553677166,0.0,34848500
2021-11-12,0.0,437.0387268066406,0.0,437.59055177805936,434.0831679013753,435.0278324259744,0.0,53466700
2021-11-15,0.0,437.1884460449219,0.0,438.4791680775358,436.06610015716393,438.32018263477465,0.0,46980500
2021-11-16,0.0,438.9187316894531,0.0,440.0504396595338,436.8517212713006,436.92653290815355,0.0,48857500
2021-11-17,0.0,437.8525390625,0.0,438.8345952994172,437.23523596897536,438.65688553568276,0.0,47858300
2021-11-18,0.0,439.33966064453125,0.0,439.60154420700337,436.16897141797494,438.88134300282934,0.0,50625600
2021-11-19,0.0,438.553955078125,0.0,440.4713135766684,438.1891734422036,439.2273454032156,0.0,57315600
2021-11-22,0.0,437.3193359375,0.0,442.90309222744014,437.11356827439874,440.4245466558774,0.0,72762000
2021-11-23,0.0,437.8992919921875,0.0,438.7504207161458,434.4012696782756,436.9920474001148,0.0,73206500
2021-11-24,0.0,439.068359375,0.0,439.189953253473,435.0933241891635,435.9070327073579,0.0,61858800
2021-11-26,0.0,429.2757568359375,0.0,433.88679095900204,428.1533825042478,432.4277214537044,0.0,112669600
2021-11-29,0.0,434.5415344238281,0.0,436.37471927780655,431.8572208947111,434.0458252551393,0.0,86268800
2021-11-30,0.0,426.0863037109375,0.0,434.0083151515762,425.84311598471567,432.10965266794346,0.0,148559600
2021-12-01,0.0,421.353759765625,0.0,434.6070082311195,421.15735424039565,431.77304290871774,0.0,131939200
2021-12-02,0.0,427.8072509765625,0.0,429.3692183205644,421.1759613324412,421.5688008433507,0.0,127637800
2021-12-03,0.0,424.0848388671875,0.0,430.5196955865321,419.8759779470982,429.4628278206349,0.0,137331600
2021-12-06,0.0,429.1073913574219,0.0,430.9779961367995,424.21574958381035,426.6194835756699,0.0,98977500
2021-12-07,0.0,437.9833984375,0.0,438.5445855755073,428.97643192913154,434.36378278494004,0.0,95484700
2021-12-08,0.0,439.14324951171875,0.0,439.59220501791617,436.62728333146055,438.37632310215554,0.0,72238800
2021-12-09,0.0,436.1782531738281,0.0,439.2460437157852,435.9818476739704,437.8617859732188,0.0,61272600
2021-12-10,0.0,440.2842712402344,0.0,440.4339230591345,436.3279600988827,438.8719839338528,0.0,77159800
2021-12-13,0.0,436.3840637207031,0.0,440.1159113005939,436.10345586445044,439.7698539667308,0.0,87724700
2021-12-14,0.0,433.3817443847656,0.0,435.60776885896564,430.4729673662913,433.1292229901505,0.0,97264100
2021-12-15,0.0,440.15338134765625,0.0,440.3965405988758,430.93128345420837,433.43791595601033,0.0,116899300
2021-12-16,0.0,436.2718505859375,0.0,442.276476487203,434.7285786686983,441.99589716215934,0.0,116568600
2021-12-17,0.0,431.62860107421875,1.633,436.19952155606984,429.9297585264146,433.20542255890297,0.0,135511600
2021-12-20,0.0,427.0389404296875,0.0,427.4331314987916,423.43476458066107,426.5696462517917,0.0,107134800
2021-12-21,0.0,434.6228332519531,0.0,434.7636158127536,428.2873602248764,430.44610253968517,0.0,69806300
2021-12-22,0.0,438.9684143066406,0.0,439.0810403325154,434.17221265287645,434.3693368416024,0.0,58890200
2021-12-23,0.0,441.6997375488281,0.0,443.1920897716103,439.86011217679714,439.96334315913737,0.0,56439700
2021-12-27,0.0,447.95074462890625,0.0,447.9976625952653,443.02315513642674,443.07007310278584,0.0,56808600
2021-12-28,0.0,447.58465576171875,0.0,449.4055195900255,446.8244014321464,448.3824616482978,0.0,47274600
2021-12-29,0.0,448.1571960449219,0.0,449.1708589058926,446.6930004438283,447.6879018485856,0.0,54503000
2021-12-30,0.0,446.9181823730469,0.0,449.58376955280687,446.45828329869533,448.57947325578937,0.0,55329000
2021-12-31,0.0,445.79193115234375,0.0,447.5752433544864,445.5197611440757,446.4301930229222,0.0,65237400
2022-01-03,0.0,448.3730773925781,0.0,448.5044935235423,444.7501397489699,447.0496642498278,0.0,72668200
2022-01-04,0.0,448.222900390625,0.0,450.5036920806799,446.3738800084919,449.7903556966754,0.0,71178700
2022-01-05,0.0,439.6161193847656,0.0,448.626575393351,439.52225479899334,447.85692589084863,0.0,104538900
2022-01-06,0.0,439.2030334472656,0.0,441.9061724699496,436.8471675300687,439.15611548728646,0.0,86858900
2022-01-07,0.0,437.4666748046875,0.0,440.3856996959157,436.11510518357954,439.21246416672096,0.0,85111600
2022-01-10,0.0,436.92230224609375,0.0,437.13815924974546,428.55947603097115,434.2848710913376,0.0,119362000
2022-01-11,0.0,440.9018859863281,0.0,440.9957505518421,433.674744093411,436.6594768734693,0.0,74303100
2022-01-12,0.0,442.0939025878906,0.0,444.1400470908077,440.1416512981123,442.6289048560433,0.0,67605400
2022-01-13,0.0,436.0024719238281,0.0,443.8396908575435,434.9794139965531,443.1920625646944,0.0,91173100
2022-01-14,0.0,436.1808166503906,0.0,436.52808978679013,431.6568135400959,432.8676006358353,0.0,95890900
2022-01-18,0.0,428.4561767578125,0.0,431.71307940228024,427.3486494050049,431.5065888243464,0.0,109709100
2022-01-19,0.0,424.00732421875,0.0,431.3846155465078,423.73512555326494,429.99552299874756,0.0,109357600
2022-01-20,0.0,419.3143615722656,0.0,430.5680271579056,417.2025377031272,425.8844802762519,0.0,122379700
2022-01-21,0.0,411.0830383300781,0.0,420.54399865363655,411.0548818182963,418.1975271936473,0.0,202271200
2022-01-24,0.0,412.8287658691406,0.0,413.3356116835618,394.92050974188936,405.4983919140663,0.0,251783900
2022-01-25,0.0,407.7884826660156,0.0,412.71607151675664,400.9180090511274,406.4650696517462,0.0,167997300
2022-01-26,0.0,406.7655029296875,0.0,416.7708601265954,402.5230644296047,413.65473932325733,0.0,186391100
2022-01-27,0.0,404.7568359375,0.0,414.4712312098772,403.0767833933203,411.34574456850135,0.0,149878300
2022-01-28,0.0,414.80914306640625,0.0,414.8560610276969,401.54688476779603,406.1084105135008,0.0,164457400
2022-01-31,0.0,422.2803649902344,0.0,422.6276381601101,412.80061519787523,414.1427899086998,0.0,152251400
2022-02-01,0.0,425.1336364746094,0.0,425.77186972605006,419.49271090214194,423.0030224285111,0.0,123155400
2022-02-02,0.0,429.2633972167969,0.0,429.986099950846,425.22745003532464,427.52700300171256,0.0,117361000
2022-02-03,0.0,419.17352294921875,0.0,425.1523255868119,418.3381656483604,423.2563876118731,0.0,118024400
2022-02-04,0.0,421.1446228027344,0.0,424.9740508376599,416.57367327477516,418.9389343536051,0.0,118454400
2022-02-07,0.0,419.79302978515625,0.0,423.2939459588078,418.46961678958075,421.90485354850045,0.0,84472900
2022-02-08,0.0,423.24700927734375,0.0,424.16683612077446,417.87828306849536,419.2955605639941,0.0,81012000
2022-02-09,0.0,429.44171142578125,0.0,429.7608280199488,427.0670841027158,427.26417963134577,0.0,92589900
2022-02-10,0.0,421.7265319824219,0.0,429.6012734878491,419.7367292271085,423.6224701723359,0.0,140103700
2022-02-11,0.0,413.41064453125,0.0,423.87589961159756,411.98400045457316,421.81102228825836,0.0,153214600
2022-02-14,0.0,412.05908203125,0.0,414.4806562198295,408.6050834849175,412.9038345326054,0.0,123006300
2022-02-15,0.0,418.7043151855469,0.0,418.87325423289116,415.96362429591613,416.47986513184117,0.0,88482700
2022-02-16,0.0,419.17352294921875,0.0,420.543853789651,414.7996982172283,416.6674796900843,0.0,84863600
2022-02-17,0.0,410.2194519042969,0.0,419.1454369302685,409.6187702110395,416.00115999955716,0.0,102259100
2022-02-18,0.0,407.5633544921875,0.0,411.7212952830972,405.30135243793825,410.4729563545248,0.0,132642900
2022-02-22,0.0,403.18939208984375,0.0,408.7552139612039,399.70720879424357,405.36692386987266,0.0,124391800
2022-02-23,0.0,396.03741455078125,0.0,406.65284780613894,395.47425574268425,406.089688998042,0.0,132578000
2022-02-24,0.0,401.9974060058594,0.0,402.42917729930826,385.4219598312815,385.7785993678831,0.0,213942900
2022-02-25,0.0,410.8670654296875,0.0,410.9515349471028,401.58441255553527,403.22694222886923,0.0,121804500
2022-02-28,0.0,409.8157958984375,0.0,411.2893863387321,404.24997439986817,405.49828418057956,0.0,145615000
2022-03-01,0.0,403.5742492675781,0.0,410.3227021337157,400.8804765076019,408.32350426508583,0.0,137785900
2022-03-02,0.0,410.9985046386719,0.0,412.71610887615117,405.0666188393467,405.8174781319554,0.0,117726500
2022-03-03,0.0,408.9523620605469,0.0,414.020733918867,407.1596546990393,413.42005221055416,0.0,105501700
2022-03-04,0.0,405.6297607421875,0.0,406.7560496342077,401.6032084928617,405.23554101174136,0.0,113978200
2022-03-07,0.0,393.67205810546875,0.0,405.751684155261,393.6063500543305,405.04774297619673,0.0,137896600
2022-03-08,0.0,390.68743896484375,0.0,400.974360268534,389.6268294424803,393.85047743128945,0.0,164772700
2022-03-09,0.0,401.162109375,0.0,403.1331509298736,396.85399164926844,399.03152381738494,0.0,116990800
2022-03-10,0.0,399.3505554199219,0.0,400.2421971081939,394.62006242432875,396.57231346186796,0.0,93972700
2022-03-11,0.0,394.2728576660156,0.0,402.43856000737617,393.7660118820792,401.8284832426369,0.0,95636300
2022-03-14,0.0,391.3913269042969,0.0,398.4776572170098,390.2556430646185,395.04244919429476,0.0,95729200
2022-03-15,0.0,399.998291015625,0.0,400.6271292975977,392.72422982479287,393.9913014400495,0.0,106219100
2022-03-16,0.0,408.8678283691406,0.0,408.92414137534934,398.7122961456911,403.48973577211655,0.0,144954800
2022-03-17,0.0,413.98321533203125,0.0,413.98321533203125,406.5871337484996,406.96256340055044,0.0,102676900
2022-03-18,0.0,418.5174865722656,1.366,418.8375945905653,411.6445165852454,412.3788887995638,0.0,106345500
2022-03-21,0.0,418.39508056640625,0.0,420.34397249520026,414.9020791690174,418.3479881152232,0.0,88349800
2022-03-22,0.0,423.2908630371094,0.0,424.22294298577435,419.77904208379323,419.77904208379323,0.0,74650400
2022-03-23,0.0,417.83953857421875,0.0,422.2551954239961,417.75480664692736,420.7676314797247,0.0,79426100
2022-03-24,0.0,424.1382751464844,0.0,424.14769938413417,418.74347374063234,419.8544419508937,0.0,64736900
2022-03-25,0.0,426.2095642089844,0.0,426.48260848847235,422.1987468815837,424.7690638457169,0.0,77101300
2022-03-28,0.0,429.2412414550781,0.0,429.2412414550781,423.7334353919897,425.61644404723825,0.0,68529800
2022-03-29,0.0,434.5512390136719,0.0,435.04083957177517,430.4368703799773,433.11073878007403,0.0,86581500
2022-03-30,0.0,431.8680114746094,0.0,434.2217721023706,429.76844665097167,433.4120635055574,0.0,79666900
2022-03-31,0.0,425.2209777832031,0.0,431.9244832020018,424.7690454159792,431.1053791315065,0.0,121699900
2022-04-01,0.0,426.42608642578125,0.0,426.9344779963225,422.86720176985517,426.79325811561665,0.0,89048800
2022-04-04,0.0,430.07916259765625,0.0,430.18274301389283,425.80475366510456,426.62385782767655,0.0,59601000
2022-04-05,0.0,424.64666748046875,0.0,431.04888498929796,423.5074553649345,428.59157264929064,0.0,74214500
2022-04-06,0.0,420.4004211425781,0.0,422.6694495834861,417.5288449887846,420.7488018120138,0.0,106898000
2022-04-07,0.0,422.51885986328125,0.0,424.32656069949695,417.5853866950133,419.5248831878406,0.0,78097200
2022-04-08,0.0,421.3890380859375,0.0,424.2700386147041,419.85438165587385,421.76563401623116,0.0,79272700
2022-04-11,0.0,414.18658447265625,0.0,418.96941367640034,413.68758834274337,418.13146105748064,0.0,89770500
2022-04-12,0.0,412.65185546875,0.0,419.67546827237953,411.1077748954318,417.16163958908623,0.0,84363600
2022-04-13,0.0,417.3782958984375,0.0,418.13148789412384,412.22826589543115,412.4071540225824,0.0,74070400
2022-04-14,0.0,412.18109130859375,0.0,418.7151321138891,412.0775109158974,417.6041354302853,0.0,97869500
2022-04-18,0.0,412.3505554199219,0.0,414.0264315832301,410.1285907836965,411.2584072065128,0.0,66002500
2022-04-19,0.0,419.00701904296875,0.0,419.72254266588925,412.0775334906012,412.24699734346973,0.0,77821000
2022-04-20,0.0,418.6963195800781,0.0,421.38903649977607,417.53828781709484,420.77706452379897,0.0,65224400
2022-04-21,0.0,412.43536376953125,0.0,423.68635144045646,411.5315277032449,422.30233899562865,0.0,85417300
2022-04-22,0.0,401.1184387207031,0.0,412.4541280731046,400.55353048054263,411.3525843005969,0.0,132471800
2022-04-25,0.0,403.4439697265625,0.0,403.6134335850115,394.33961156529534,398.88709289400344,0.0,119647700
2022-04-26,0.0,391.75994873046875,0.0,401.11850386074025,391.73170475049534,400.9207672684951,0.0,103996300
2022-04-27,0.0,392.8614501953125,0.0,398.1809719519438,390.7336702250882,392.83320621839357,0.0,122030000
2022-04-28,0.0,402.78497314453125,0.0,404.5079421929247,393.1722217887701,397.5878794830503,0.0,105449100
2022-04-29,0.0,387.8997497558594,0.0,400.95840906428657,387.15595335566474,398.8117805304688,0.0,145491100
2022-05-02,0.0,390.23468017578125,0.0,391.5904485536996,381.328029550651,387.96565155346553,0.0,158312500
2022-05-03,0.0,392.0235290527344,0.0,394.4243533044233,389.18016793893156,390.7336728773015,0.0,100028200
2022-05-04,0.0,403.9617919921875,0.0,404.52670026180385,389.5096966956075,392.6825612700032,0.0,144247900
2022-05-05,0.0,389.6038513183594,0.0,400.1392856315828,385.4894825550537,399.7155972479429,0.0,172929100
2022-05-06,0.0,387.27838134765625,0.0,390.53597823132685,381.9965559339357,387.052429506514,0.0,151770800
2022-05-09,0.0,374.8787841796875,0.0,382.6367705084989,373.30645933793636,381.40340215959606,0.0,155586100
2022-05-10,0.0,375.74493408203125,0.0,382.32603970720356,371.72472120975783,380.8290513721074,0.0,132497200
2022-05-11,0.0,369.7757568359375,0.0,380.4053467898081,369.03196050848914,374.78456583577383,0.0,142361000
2022-05-12,0.0,369.3898010253906,0.0,372.647397923669,362.62038267397736,366.5935320489902,0.0,125090800
2022-05-13,0.0,378.2210998535156,0.0,379.59568805484594,372.4684937718504,373.50415422453636,0.0,104174400
2022-05-16,0.0,376.6864013671875,0.0,380.33944215793855,374.3420651693036,376.5828496996567,0.0,78622400
2022-05-17,0.0,384.43499755859375,0.0,384.67037360597254,379.03074397272616,382.74969701428194,0.0,83029700
2022-05-18,0.0,368.93780517578125,0.0,380.17936710911766,367.70443702868755,379.89692735498426,0.0,117674500
2022-05-19,0.0,366.67822265625,0.0,371.0844842086102,364.4656820097794,365.88736256542336,0.0,98510700
2022-05-20,0.0,366.83831787109375,0.0,373.8054438090952,358.2800473984459,370.24655877361363,0.0,131432200
2022-05-23,0.0,373.70184326171875,0.0,374.464459331566,367.54439801959404,369.8510659686335,0.0,76414900
2022-05-24,0.0,370.84906005859375,0.0,372.0353356747669,364.32441487373063,369.5968435278684,0.0,91448800
2022-05-25,0.0,374.1256103515625,0.0,376.0839556540305,368.96618446944194,369.36160023945524,0.0,91472900
2022-05-26,0.0,381.60101318359375,0.0,383.22982557208195,375.142309040224,375.3494410853935,0.0,82168300
2022-05-27,0.0,390.96905517578125,0.0,391.08203108602834,383.85128550592344,384.0489933488559,0.0,84768700
2022-05-31,0.0,388.77532958984375,0.0,392.0988383279228,386.04497310590705,389.35905760743515,0.0,95937000
2022-06-01,0.0,385.6307373046875,0.0,391.8917350641577,383.1263324544133,390.8843473141323,0.0,86585800
2022-06-02,0.0,392.9744567871094,0.0,393.02152050473194,383.22988244769175,385.4706670691487,0.0,79609600
2022-06-03,0.0,386.5251159667969,0.0,389.8203804421854,385.55536785619387,388.2762998678674,0.0,71874300
2022-06-06,0.0,387.7020568847656,0.0,392.2400856938536,386.5345720353619,390.517145497597,0.0,57508900
2022-06-07,0.0,391.4208679199219,0.0,391.8728001883903,383.766435721495,384.2277922244384,0.0,59272400
2022-06-08,0.0,387.16534423828125,0.0,391.4962691477678,386.37448418684187,389.7168124827089,0.0,64350000
2022-06-09,0.0,377.95745849609375,0.0,387.6549405235344,377.95745849609375,385.39533612934156,0.0,86289800
2022-06-10,0.0,366.9982604980469,0.0,372.62846495794867,366.95119678937533,371.78111707490035,0.0,132893900
2022-06-13,0.0,353.0640869140625,0.0,359.47572843382756,351.4635182270805,357.63038818463684,0.0,170004900
2022-06-14,0.0,352.000244140625,0.0,355.83217393036404,348.9121108692413,354.80593758601754,0.0,104011800
2022-06-15,0.0,357.01837158203125,0.0,361.44342367912293,350.3525063636279,355.28597872744456,0.0,125666800
2022-06-16,0.0,345.2025451660156,0.0,349.2416066501107,342.7828722240161,348.83676669769454,0.0,134473300
2022-06-17,0.0,345.9466552734375,1.577,349.27508426837926,342.4575241953979,345.61572844834046,0.0,111113900
2022-06-21,0.0,354.6554260253906,0.0,356.03595201089433,351.5728544262298,351.64851628810544,0.0,76811900
2022-06-22,0.0,354.0124206542969,0.0,358.1067313139649,350.0315450667165,350.44759870939254,0.0,90059400
2022-06-23,0.0,357.482666015625,0.0,358.2107454929241,352.5940787916053,356.13997099447135,0.0,79292100
2022-06-24,0.0,368.8484191894531,0.0,368.85788413601364,360.6125017111181,360.6408676942553,0.0,98050300
2022-06-27,0.0,367.43951416015625,0.0,370.05873603154885,366.3521130366236,369.7656112640716,0.0,66009600
2022-06-28,0.0,359.931640625,0.0,371.76074455610546,359.8181767077826,368.99022810339807,0.0,86548900
2022-06-29,0.0,359.6385803222656,0.0,361.4635259830783,357.82309960843037,360.48015261997824,0.0,65676000
2022-06-30,0.0,356.716796875,0.0,359.94119868727216,352.282064871728,355.76176056378404,0.0,112508300
2022-07-01,0.0,360.48956298828125,0.0,360.9245465265662,353.45451079691634,356.0642966004514,0.0,74839700
2022-07-05,0.0,361.17041015625,0.0,361.1893400506747,352.60353638031745,355.42134927768956,0.0,81438000
2022-07-06,0.0,362.3902282714844,0.0,364.8676206487518,358.9388985354465,361.31226305640257,0.0,70426200
2022-07-07,0.0,367.8177795410156,0.0,368.61205598920736,362.4091104215268,364.15842313963157,0.0,64525900
2022-07-08,0.0,367.51519775390625,0.0,369.37797430776754,364.66901900062675,366.191374892305,0.0,72397800
2022-07-11,0.0,363.31683349609375,0.0,365.81312646509326,362.62655612996804,364.84865422697527,0.0,58366900
2022-07-12,0.0,360.1019287109375,0.0,365.1418402247089,358.362080869492,362.7684468745156,0.0,62219200
2022-07-13,0.0,358.2107849121094,0.0,361.1326258025633,354.26776850827935,354.6838222143904,0.0,84224600
2022-07-14,0.0,357.3408508300781,0.0,358.4187870987838,350.84478066367626,353.27487695591316,0.0,89704800
2022-07-15,0.0,364.1678771972656,0.0,364.2813411355363,359.82770841913714,361.7282870982627,0.0,79060400
2022-07-18,0.0,361.16094970703125,0.0,367.91231341217645,359.94115471730987,367.2409659059459,0.0,63203600
2022-07-19,0.0,370.9192199707031,0.0,371.48656848607965,364.413714078224,365.0661316858812,0.0,78506000
2022-07-20,0.0,373.2831115722656,0.0,374.6920322047229,369.74668471412105,371.1083094752707,0.0,71843800
2022-07-21,0.0,377.08441162109375,0.0,377.1316786465858,370.314117204785,372.7064115969495,0.0,64903900
2022-07-22,0.0,373.5856628417969,0.0,378.39861602557465,371.3730300466334,377.20721612451024,0.0,72197300
2022-07-25,0.0,374.0396423339844,0.0,374.8906507241828,371.8080790828495,374.20983824071493,0.0,53631500
2022-07-26,0.0,369.6143798828125,0.0,372.6118247488071,368.7255405509069,372.40379790822186,0.0,52946400
2022-07-27,0.0,379.2118835449219,0.0,380.9517310966384,372.60232120977315,372.8954459743451,0.0,82342100
2022-07-28,0.0,383.968017578125,0.0,384.6582659303824,376.4790826649605,380.0155377784304,0.0,73966600
2022-07-29,0.0,389.56585693359375,0.0,390.54925902982006,384.62997427396704,385.3958846128279,0.0,87003700
2022-08-01,0.0,388.412353515625,0.0,390.90867586229285,386.1713539150999,386.88053246496474,0.0,69997500
2022-08-02,0.0,385.84979248046875,0.0,390.52091664915406,384.67729339338854,386.85209567230385,0.0,63435400
2022-08-03,0.0,391.8920593261719,0.0,393.0550936237523,387.68425525698314,387.96791512064965,0.0,67820600
2022-08-04,0.0,391.62725830078125,0.0,392.4971676933185,389.9914096457841,391.81635523733325,0.0,45656600
2022-08-05,0.0,390.96533203125,0.0,391.6083135328843,387.3059760405287,387.36270800499386,0.0,56814900
2022-08-08,0.0,390.5115051269531,0.0,394.8895051228033,389.4146388910765,392.6485056258635,0.0,53886100
2022-08-09,0.0,388.9607238769531,0.0,390.28451780261275,387.8922237902104,389.7833662144508,0.0,44931800
2022-08-10,0.0,397.1304626464844,0.0,397.2723214201462,394.03845502715103,395.9863295063462,0.0,68665700
2022-08-11,0.0,397.1304626464844,0.0,401.8205168538203,396.3929182209303,399.9671764150068,0.0,59489700
2022-08-12,0.0,403.853515625,0.0,403.9575146188211,398.11389080007996,399.05946211792985,0.0,61694500
2022-08-15,0.0,405.5176696777344,0.0,406.03775117563913,401.593554788117,401.6502867542093,0.0,54048300
2022-08-16,0.0,406.31201171875,0.0,408.23152036285336,403.64549364471077,404.4492350458775,0.0,59289000
2022-08-17,0.0,403.427978515625,0.0,406.12286241940274,401.43283697746534,402.7282650065522,0.0,63563400
2022-08-18,0.0,404.6004943847656,0.0,405.28127797974213,402.3405652552225,403.62652829890396,0.0,49023200
2022-08-19,0.0,399.16339111328125,0.0,402.1135682772978,398.2934530194238,401.8488095281307,0.0,68016900
2022-08-22,0.0,390.8518981933594,0.0,394.52071941279587,389.95359392592934,394.3504946497515,0.0,77695600
2022-08-23,0.0,389.90631103515625,0.0,392.8092217006566,389.3578635500323,390.42636368047374,0.0,49105200
2022-08-24,0.0,391.15447998046875,0.0,392.51607606132626,388.99857863900553,389.6793622511617,0.0,49177800
2022-08-25,0.0,396.67669677734375,0.0,396.7239638082428,391.5516867109482,392.6390881305863,0.0,50942300
2022-08-26,0.0,383.2494201660156,0.0,397.1020310073054,383.19268820854865,396.5630774113692,0.0,103087000
2022-08-29,0.0,380.7153015136719,0.0,383.7505767039351,379.36314174882557,380.30871286100455,0.0,65370800
2022-08-30,0.0,376.535888671875,0.0,382.10531673126604,374.44618445964664,381.8689239380466,0.0,85652400
2022-08-31,0.0,373.6708068847656,0.0,379.40096584880325,373.53844192677496,378.1622699284396,0.0,76029700
2022-09-01,0.0,374.8433532714844,0.0,375.18374505731157,368.8106043103933,371.50548804103204,0.0,78740100
2022-09-02,0.0,370.89080810546875,0.0,379.70353789868255,369.0847637974907,378.49320801532787,0.0,99632100
2022-09-06,0.0,369.4914245605469,0.0,372.6685300550319,367.2787913361997,371.7324237676469,0.0,76637400
2022-09-07,0.0,376.1293029785156,0.0,376.8952133261025,368.9618861280906,369.1793490313916,0.0,70964200
2022-09-08,0.0,378.587890625,0.0,379.0417464394492,372.66860428812726,373.86949846247353,0.0,80821700
2022-09-09,0.0,384.46923828125,0.0,385.32971149707004,380.5545598393792,380.8193186091283,0.0,76706900
2022-09-12,0.0,388.6014099121094,0.0,389.32005328167793,386.2280168884876,386.53060660794216,0.0,69256300
2022-09-13,0.0,371.7040100097656,0.0,381.1597211325959,370.5882430228413,379.95882735181067,0.0,122947100
2022-09-14,0.0,373.1224365234375,0.0,374.6353563576037,369.8318380483669,372.9995076387831,0.0,85023700
2022-09-15,0.0,368.8861999511719,0.0,374.4083318177175,367.6191381157885,371.57161846360935,0.0,87633800
2022-09-16,0.0,366.0720520019531,1.596,366.72717860017747,362.79641901083147,364.7238414484203,0.0,103084800
2022-09-19,0.0,368.9109191894531,0.0,368.9109191894531,362.86289235187127,362.9388650171461,0.0,73278500
2022-09-20,0.0,364.6763000488281,0.0,366.60369324051743,361.93238916833104,365.59727289264487,0.0,77274900
2022-09-21,0.0,358.3149719238281,0.0,369.63246357967904,358.30546809821095,366.5941948401459,0.0,106746600
2022-09-22,0.0,355.30523681640625,0.0,359.1790024904426,354.5646626886457,357.5459378785754,0.0,89472600
2022-09-23,0.0,349.35211181640625,0.0,351.887141405295,344.92764635528243,351.8491550778172,0.0,122346900
2022-09-26,0.0,345.8961486816406,0.0,351.49793062480813,344.6808467381226,347.8900111292315,0.0,92581200
2022-09-27,0.0,345.0130920410156,0.0,351.6782582118454,342.6299498244517,349.4185498276247,0.0,108294100
2022-09-28,0.0,351.8017272949219,0.0,353.4822530130937,344.2725525183402,345.9625820630532,0.0,110802200
2022-09-29,0.0,344.4530029296875,0.0,348.55462907314757,341.51918862235004,348.26980398508965,0.0,112952300
2022-09-30,0.0,339.12646484375,0.0,347.4152207218765,338.9935561579165,343.51294405259347,0.0,153711200
2022-10-03,0.0,348.0799255371094,0.0,349.92187183515944,341.0539594494883,342.82943689733025,0.0,89756500
2022-10-04,0.0,358.86566162109375,0.0,358.8941441243227,348.0418757679158,353.57718804598346,0.0,103602800
2022-10-05,0.0,358.03021240234375,0.0,360.28041756142954,352.20057002554404,354.51724403133267,0.0,88065700
2022-10-06,0.0,354.33685302734375,0.0,359.5778376786651,353.8431175552407,356.6345194279789,0.0,82333500
2022-10-07,0.0,344.4530029296875,0.0,354.4222866629077,342.6965042864364,350.32063154436236,0.0,107789500
2022-10-10,0.0,341.82293701171875,0.0,345.80115762255645,339.5917399082143,345.5637937626023,0.0,76042800
2022-10-11,0.0,339.6581726074219,0.0,344.68079989118917,337.73077926422997,340.13290031732214,0.0,92482800
2022-10-12,0.0,338.537841796875,0.0,341.63307591693376,338.29097410138615,340.0664801784366,0.0,76991800
2022-10-13,0.0,347.4722595214844,0.0,348.9344292266556,330.5149678078465,331.5593747401117,0.0,147254500
2022-10-14,0.0,339.55377197265625,0.0,351.54539946318886,338.91762404448093,349.9218097110879,0.0,123737000
2022-10-17,0.0,348.27923583984375,0.0,349.38060757787383,339.221423235325,345.61126849106756,0.0,93168200
2022-10-18,0.0,352.3714294433594,0.0,356.4730842166548,348.94387997178285,356.16925149824414,0.0,97162900
2022-10-19,0.0,349.8743591308594,0.0,353.0550409179747,347.07345375673924,350.33958306364724,0.0,79746900
2022-10-20,0.0,346.94049072265625,0.0,353.83354599069514,346.18090904052775,349.4280591595853,0.0,88283100
2022-10-21,0.0,355.3717346191406,0.0,355.8559372584329,345.1650872068647,346.6652142635387,0.0,131038400
2022-10-24,0.0,359.72021484375,0.0,360.85006925134127,354.2513416759188,356.8908558861546,0.0,85436900
2022-10-25,0.0,365.46441650390625,0.0,365.77772406360737,359.53031974752065,359.64424976923016,0.0,78846300
2022-10-26,0.0,362.71099853515625,0.0,367.9899690715865,362.0748795431326,362.3312221104294,0.0,104087300
2022-10-27,0.0,360.77410888671875,0.0,365.54036503352893,360.15693963581714,363.70792288491305,0.0,81971800
2022-10-28,0.0,369.3571472167969,0.0,369.8318749398546,360.4892368270884,360.6696356798568,0.0,100302000
2022-10-31,0.0,366.689208984375,0.0,368.7685188952542,365.78724362365824,366.90759418543263,0.0,96631300
2022-11-01,0.0,365.0846252441406,0.0,370.65795347224923,363.9168135013934,370.42058959281826,0.0,85407600
2022-11-02,0.0,355.92236328125,0.0,368.9868796691869,355.8179370887984,364.4959449170633,0.0,126990400
2022-11-03,0.0,352.25750732421875,0.0,355.2862727989772,350.1497148774445,352.69424875731005,0.0,87100100
2022-11-04,0.0,357.32763671875,0.0,359.72025450594066,351.2985875960704,357.9447770911312,0.0,103505200
2022-11-07,0.0,360.74566650390625,0.0,361.33432433939305,356.5490600064299,358.61886625865293,0.0,68286900
2022-11-08,0.0,362.6919860839844,0.0,365.65428248614427,358.62831787010947,361.8469568156974,0.0,84641100
2022-11-09,0.0,355.21978759765625,0.0,361.87547986372505,354.7260521981255,360.7266178571878,0.0,78495500
2022-11-10,0.0,374.7405700683594,0.0,375.07288526749676,366.1480099232559,368.4361720364201,0.0,141455800
2022-11-11,0.0,378.3675231933594,0.0,379.1650623418643,373.7151680311234,375.5951003651524,0.0,93839900
2022-11-14,0.0,375.1488037109375,0.0,379.95304559781977,374.873453538742,376.6109731037082,0.0,71903500
2022-11-15,0.0,378.3485107421875,0.0,381.9754376853018,374.55068876407796,380.8740658346402,0.0,93194500
2022-11-16,0.0,375.4621887207031,0.0,377.67440728463805,374.8355446142679,376.7249517855088,0.0,68508500
2022-11-17,0.0,374.31329345703125,0.0,374.9874276635937,370.42054943643274,370.72435314810673,0.0,74496300
2022-11-18,0.0,376.01287841796875,0.0,377.7029081294727,373.1740156097614,377.6364392872866,0.0,92922500
2022-11-21,0.0,374.6456298828125,0.0,375.81347054023524,372.81318778240984,374.693120041292,0.0,51243200
2022-11-22,0.0,379.6872863769531,0.0,379.84870657702646,375.1773723038927,376.5825770145296,0.0,60429000
2022-11-23,0.0,382.07989501953125,0.0,382.56409762142516,379.1270733477937,379.3549333957438,0.0,68261600
2022-11-25,0.0,381.99444580078125,0.0,382.54514625609033,381.2443967643648,381.5197180169349,0.0,30545400
2022-11-28,0.0,375.8988952636719,0.0,380.5512209827744,375.13931354978837,378.9181565167745,0.0,67881600
2022-11-29,0.0,375.2532958984375,0.0,377.2186467005862,373.4208248199859,376.0318273628986,0.0,52310000
2022-11-30,0.0,387.0740661621094,0.0,387.0740661621094,373.59181353575764,375.50019965825663,0.0,144566700
2022-12-01,0.0,386.7891540527344,0.0,389.2767226198042,384.2920816594287,388.10888202091604,0.0,76398200
2022-12-02,0.0,386.34283447265625,0.0,387.2447995639476,381.8139434172383,381.9183695854099,0.0,85342700
2022-12-05,0.0,379.3929138183594,0.0,384.4630026318405,378.04470325554814,383.5325548004845,0.0,77289800
2022-12-06,0.0,373.9239807128906,0.0,379.7726290359641,371.84470019254604,379.23146151769544,0.0,77972200
2022-12-07,0.0,373.2879333496094,0.0,375.64259345528575,372.15807896997796,373.0790519775326,0.0,65927900
2022-12-08,0.0,376.2122497558594,0.0,377.27563531293924,373.3923656741001,375.16787185342383,0.0,60737900
2022-12-09,0.0,373.4018249511719,0.0,377.5224579807687,373.2783911110442,374.9779244191876,0.0,81447700
2022-12-12,0.0,378.7852478027344,0.0,378.7852478027344,373.52525671285184,374.18985811549396,0.0,75405800
2022-12-13,0.0,381.6526794433594,0.0,389.7420309522311,378.8992639208041,389.4856883640399,0.0,123782500
2022-12-14,0.0,379.2125244140625,0.0,385.00420881267286,376.27871036892407,381.31081297545614,0.0,108111300
2022-12-15,0.0,369.9364013671875,0.0,375.27233736621,368.2843578447377,374.37034292861597,0.0,117705900
2022-12-16,0.0,365.56878662109375,1.781,368.72591299649264,363.44179709016913,367.39057737229774,0.0,119858000
2022-12-19,0.0,362.4689636230469,0.0,366.09348006584634,360.8093339319744,365.759638812042,0.0,79878100
2022-12-20,0.0,362.9649353027344,0.0,364.5768857232749,360.39916944320595,361.7154394063112,0.0,74427200
2022-12-21,0.0,368.39208984375,0.0,369.51758489971746,365.01557556771496,365.5497098013311,0.0,78167400
2022-12-22,0.0,363.1366271972656,0.0,368.37306481720873,357.4614135029072,365.35900443658744,0.0,100120900
2022-12-23,0.0,365.2254638671875,0.0,365.36853035773834,360.57083998702353,362.1160163012456,0.0,59857300
2022-12-27,0.0,363.7851867675781,0.0,365.45436371312377,362.1160098220325,365.11100414194533,0.0,51638200
2022-12-28,0.0,359.2641296386719,0.0,365.6833180737436,359.03522324607314,363.71843147410067,0.0,70911500
2022-12-29,0.0,365.73101806640625,0.0,366.5989936653744,361.57236734542374,362.09698333590643,0.0,66970900
2022-12-30,0.0,364.76763916015625,0.0,364.9107056574417,360.952377322475,363.0603304456531,0.0,84022200
2023-01-03,0.0,363.2320251464844,0.0,368.5829161214832,360.380097012264,366.61805852310664,0.0,74850700
2023-01-04,0.0,366.0362243652344,0.0,368.05830845065526,362.44986897863134,365.4829951067627,0.0,85934100
2023-01-05,0.0,361.85845947265625,0.0,364.20483700123856,361.26709863365966,364.0903838205467,0.0,76970500
2023-01-06,0.0,370.15667724609375,0.0,371.27265410068173,361.8871138136949,364.93930570815047,0.0,104189600
2023-01-09,0.0,369.9468688964844,0.0,375.5171770773959,369.7656707294841,372.3409551357516,0.0,73978100
2023-01-10,0.0,372.5411376953125,0.0,372.60791174699995,368.43019640506935,369.36494580430167,0.0,65358100
2023-01-11,0.0,377.2530822753906,0.0,377.3294038131555,373.3043013861297,374.1150503530879,0.0,68881100
2023-01-12,0.0,378.6265869140625,0.0,380.0859234423217,374.2962855684355,378.35000138117096,0.0,90157700
2023-01-13,0.0,380.0954284667969,0.0,380.66772351572655,375.1737376190185,375.4408047607676,0.0,63903900
2023-01-17,0.0,379.3990478515625,0.0,381.7454541162333,378.72184723442365,380.0762775768302,0.0,62677300
2023-01-18,0.0,373.4092102050781,0.0,381.6406423942581,373.20891710602956,380.58192119114887,0.0,99632300
2023-01-19,0.0,370.69085693359375,0.0,373.0181398927505,369.3745869323046,371.3775761257745,0.0,86958900
2023-01-20,0.0,377.5964050292969,0.0,377.74901897003355,370.44279029051245,372.0833537682657,0.0,91806400
2023-01-23,0.0,382.1270446777344,0.0,384.05374118740224,377.4438078609924,378.3976232018816,0.0,84178800
2023-01-24,0.0,381.71697998046875,0.0,382.6230872530172,379.2752145956185,380.4579365172411,0.0,59524900
2023-01-25,0.0,381.8600158691406,0.0,382.19385709358215,375.38360090426846,377.66323376967637,0.0,84800300
2023-01-26,0.0,386.05682373046875,0.0,386.2189851730942,381.55481340491326,384.51164727734886,0.0,72287400
2023-01-27,0.0,386.9438171386719,0.0,389.3092897646847,384.80727999784443,385.01712054618537,0.0,68346200
2023-01-30,0.0,382.08892822265625,0.0,386.41925852273624,381.79324776134285,384.1968522201886,0.0,74202000
2023-01-31,0.0,387.70684814453125,0.0,387.75452726560434,382.2605419006332,382.6039305400102,0.0,86811800
2023-02-01,0.0,391.8273620605469,0.0,394.5648367609675,383.7676392435468,386.49553736704746,0.0,101459200
2023-02-02,0.0,397.5312194824219,0.0,398.9905560204561,393.8113448862697,395.699880930703,0.0,101654500
2023-02-03,0.0,393.30572509765625,0.0,397.71234690587056,392.1039085651864,392.5808161913244,0.0,94736800
2023-02-06,0.0,390.902099609375,0.0,392.2946908625446,389.25201782015887,390.86396795639956,0.0,60295300
2023-02-07,0.0,396.0146484375,0.0,397.25459690875016,388.746579192855,389.98652766410515,0.0,90990700
2023-02-08,0.0,391.684326171875,0.0,395.3851349400619,390.9975778529523,394.0497990721952,0.0,76227500
2023-02-09,0.0,388.2886962890625,0.0,395.42324575045114,387.067813777245,395.2706317979571,0.0,78694900
2023-02-10,0.0,389.19482421875,0.0,389.57634453776467,386.30476486771545,387.1154846300712,0.0,70769700
2023-02-13,0.0,393.7635803222656,0.0,393.8971284439127,389.38557133439986,389.84341318387385,0.0,64913500
2023-02-14,0.0,393.5824279785156,0.0,395.88109763709383,389.6431654454688,392.2470630392104,0.0,88389300
2023-02-15,0.0,394.8605041503906,0.0,394.9367965737248,390.55878744301873,391.3981496403728,0.0,61555700
2023-02-16,0.0,389.4237060546875,0.0,393.8398755116949,389.2901870501047,389.9101611679617,0.0,76431500
2023-02-17,0.0,388.4508361816406,0.0,388.689290011422,385.3890680493917,387.3062461554366,0.0,89257800
2023-02-21,0.0,380.65814208984375,0.0,385.4939926151098,380.40062243945897,384.4447899703579,0.0,82655900
2023-02-22,0.0,380.133544921875,0.0,382.60392297212803,378.6837270858335,381.06826525497337,0.0,83742300
2023-02-23,0.0,382.1556701660156,0.0,383.62455398812614,377.94934088551855,383.01409817857655,0.0,96242400
2023-02-24,0.0,378.0733642578125,0.0,378.90317902341906,375.45991929796907,377.1577095966057,0.0,108194400
2023-02-27,0.0,379.361083984375,0.0,382.7566651462307,378.4263342299673,381.4022342047944,0.0,80444700
2023-02-28,0.0,377.9589538574219,0.0,380.83946629909735,377.85401901216034,378.88415609227326,0.0,96438600
2023-03-01,0.0,376.5090637207031,0.0,378.36901530523187,375.21188881048784,377.1481328157973,0.0,99706800
2023-03-02,0.0,379.4372863769531,0.0,380.2766485518157,374.2103677204858,374.54420891841545,0.0,85127800
2023-03-03,0.0,385.5226745605469,0.0,385.7706758956866,380.60098327540186,381.24957080469574,0.0,90120000
2023-03-06,0.0,385.7897033691406,0.0,388.63208364699216,385.35095644978605,386.34290347544555,0.0,72795900
2023-03-07,0.0,379.87603759765625,0.0,385.9804792628776,379.2656108960152,385.74202541995913,0.0,108310600
2023-03-08,0.0,380.49603271484375,0.0,381.2495258844479,378.2736266459541,379.9905117430244,0.0,74746600
2023-03-09,0.0,373.4759826660156,0.0,382.93784492488635,372.4935538973947,381.2781862155012,0.0,111945300
2023-03-10,0.0,368.08685302734375,0.0,375.0020137102081,366.5702902464224,372.93222177410377,0.0,189253000
2023-03-13,0.0,367.5622863769531,0.0,372.3600057541109,363.0698240200609,364.17625337042944,0.0,157790000
2023-03-14,0.0,373.6381530761719,0.0,375.27871688636895,369.17427445242896,372.46494954234544,0.0,149752400
2023-03-15,0.0,371.3012390136719,0.0,371.501532087288,365.9884805177744,368.0678201070447,0.0,172996900
2023-03-16,0.0,377.8157653808594,0.0,378.159154025879,368.44932123547807,368.9548421813165,0.0,143254200
2023-03-17,0.0,373.3981018066406,1.506,377.620484528316,372.01936339877824,376.4906939277479,0.0,140553400
2023-03-20,0.0,376.98858642578125,0.0,377.4003145707897,373.47474047713115,374.17366441642594,0.0,93055800
2023-03-21,0.0,381.93865966796875,0.0,382.4173875215719,378.7503158002034,380.33969578047333,0.0,91524200
2023-03-22,0.0,375.42791748046875,0.0,385.36631171212144,375.3896402926609,381.7662983699507,0.0,111746600
2023-03-23,0.0,376.44281005859375,0.0,382.3024333278602,373.7427784049594,378.2811083450335,0.0,119351300
2023-03-24,0.0,378.9130859375,0.0,378.99925344252387,372.833236516388,375.16943071668686,0.0,107682400
2023-03-27,0.0,379.62158203125,0.0,381.94822147173227,378.7311552876925,381.18223941875726,0.0,74010400
2023-03-28,0.0,378.7695007324219,0.0,379.6216211563462,376.94075674270374,378.9322518472337,0.0,62871700
2023-03-29,0.0,384.2748107910156,0.0,384.51417469094537,381.7183914833068,382.9152109829554,0.0,77497900
2023-03-30,0.0,386.52490234375,0.0,387.14724274445774,384.6674358301581,386.89829489648224,0.0,69840000
2023-03-31,0.0,391.9728088378906,0.0,392.2696177717363,387.33869746852054,387.44403279107553,0.0,112062600
2023-04-03,0.0,393.4664001464844,0.0,393.86851514556844,391.06317718146,391.4557374933837,0.0,67391100
2023-04-04,0.0,391.283447265625,0.0,394.3951783979073,389.91426336080593,394.1079241464662,0.0,66601500
2023-04-05,0.0,390.25897216796875,0.0,391.31217934389673,388.6121470981262,390.55578111492605,0.0,65200200
2023-04-06,0.0,391.78131103515625,0.0,392.05898137720516,388.4206320852357,389.4642553207361,0.0,63743300
2023-04-10,0.0,392.18341064453125,0.0,392.26002346239954,388.69828713147245,389.31104357827485,0.0,63681000
2023-04-11,0.0,392.2886962890625,0.0,393.68657323624444,391.52274352274435,392.8057304769011,0.0,59297900
2023-04-12,0.0,390.6897888183594,0.0,394.6345308679278,390.1057548634186,394.34727662483084,0.0,86420400
2023-04-13,0.0,395.8791809082031,0.0,396.2334348165877,390.6323135315357,391.7716880699347,0.0,85814800
2023-04-14,0.0,394.9121398925781,0.0,397.4302528676945,392.6142522306835,395.2472552060106,0.0,78161500
2023-04-17,0.0,396.3291931152344,0.0,396.348331709265,393.600438675659,394.82598073584927,0.0,66436400
2023-04-18,0.0,396.5877380371094,0.0,398.0335055698033,395.2185833271868,397.89944773956887,0.0,63560000
2023-04-19,0.0,396.520751953125,0.0,397.4207335073526,394.62497898407065,394.6824239935058,0.0,55227300
2023-04-20,0.0,394.3568115234375,0.0,396.0993877029547,392.81529283564134,393.7153034242172,0.0,75840400
2023-04-21,0.0,394.6632385253906,0.0,395.122798546293,392.719604685716,394.6536546185458,0.0,73457400
2023-04-24,0.0,395.0749206542969,0.0,395.4962034683657,393.1312868972539,394.46213502684145,0.0,64332100
2023-04-25,0.0,388.8035888671875,0.0,393.667480074213,388.74614386404556,393.11213941820307,0.0,97766700
2023-04-26,0.0,387.1567687988281,0.0,390.48872511908525,386.6014573550663,389.4163794213185,0.0,80447000
2023-04-27,0.0,394.8642883300781,0.0,395.1323747434497,389.4355019352683,389.6844497545518,0.0,92968400
2023-04-28,0.0,398.2344970703125,0.0,398.24408097637763,393.9259469095326,393.9833919074716,0.0,89433100
2023-05-01,0.0,397.8323974609375,0.0,399.85261481140054,397.6025882410736,397.7940910544224,0.0,62122300
2023-05-02,0.0,393.3611145019531,0.0,397.1717988833843,390.46960867294274,397.1239085646286,0.0,103998500
2023-05-03,0.0,390.6610107421875,0.0,396.2621316646499,390.4216468499389,393.85890883632186,0.0,91531800
2023-05-04,0.0,387.8940124511719,0.0,389.94295234971383,386.56313507144216,389.6174209347764,0.0,94901900
2023-05-05,0.0,395.0749206542969,0.0,396.11854378303155,391.25468204681897,391.51318454758655,0.0,87891800
2023-05-08,0.0,395.1802673339844,0.0,395.6589951973901,393.7823901542241,395.4004926700738,0.0,50046800
2023-05-09,0.0,393.4472351074219,0.0,394.55788714476665,393.21745510632536,393.6387379211536,0.0,49220100
2023-05-10,0.0,395.28558349609375,0.0,396.9036859335044,391.4748993691881,396.2717616781344,0.0,96142900
2023-05-11,0.0,394.5962219238281,0.0,394.88344694585095,392.5281141075764,394.42388691061444,0.0,70157100
2023-05-12,0.0,394.0792236328125,0.0,396.042025526545,391.6664455699177,395.83138408475986,0.0,70481500
2023-05-15,0.0,395.43878173828125,0.0,395.84089676313823,392.77705610324665,394.68238356588824,0.0,54289400
2023-05-16,0.0,392.796142578125,0.0,395.2568103742265,392.7865586723953,394.3376320009185,0.0,57705500
2023-05-17,0.0,397.5643005371094,0.0,398.1674730228259,393.1695828258179,394.80682372550075,0.0,87287000
2023-05-18,0.0,401.39410400390625,0.0,401.81538678686417,397.0281089980014,397.24830507598523,0.0,97177200
2023-05-19,0.0,400.81005859375,0.0,402.8207211975793,399.594100500681,402.2941323052739,0.0,103793300
2023-05-22,0.0,400.9728698730469,0.0,402.5048047952054,399.59413136502695,400.8292573658007,0.0,60745400
2023-05-23,0.0,396.47283935546875,0.0,400.90586405626465,396.08027900023137,399.33562263531513,0.0,86383500
2023-05-24,0.0,393.60040283203125,0.0,395.256811470501,392.44188978529047,394.87383509017286,0.0,89213700
2023-05-25,0.0,397.0090026855469,0.0,398.4547701518932,394.8643112540631,397.0951701927873,0.0,90961600
2023-05-26,0.0,402.15045166015625,0.0,402.8685432906365,397.58339940922235,397.6599829933487,0.0,93830000
2023-05-30,0.0,402.3036804199219,0.0,404.60156797851874,400.9249420409186,404.074979094816,0.0,72216000
2023-05-31,0.0,400.0728759765625,0.0,401.38458562978974,398.5122184875182,400.4845749210063,0.0,110811800
2023-06-01,0.0,403.87396240234375,0.0,404.9271694953685,399.0579614953215,400.3026421930234,0.0,88865000
2023-06-02,0.0,409.7144470214844,0.0,410.4995384716648,405.9133468070171,406.4399357427851,0.0,91426200
2023-06-05,0.0,408.9293518066406,0.0,411.3421297490295,408.2303985985282,410.05914256559197,0.0,65460200
2023-06-06,0.0,409.8197326660156,0.0,410.34632157550055,407.8665149969257,408.51760703277364,0.0,64022200
2023-06-07,0.0,408.4026794433594,0.0,411.3420751836078,407.9813966367141,410.21228457452565,0.0,85373300
2023-06-08,0.0,410.8729248046875,0.0,411.32293010381545,407.7037491177831,408.46970190729934,0.0,61952800
2023-06-09,0.0,411.6101989746094,0.0,413.6112778783288,410.6240207738437,411.66764397898567,0.0,85742800
2023-06-12,0.0,415.34423828125,0.0,415.4208510939883,411.86869890795646,412.58679062643665,0.0,76104300
2023-06-13,0.0,418.0826416015625,0.0,418.7241206070974,416.13900754994665,416.7996543712614,0.0,95899700
2023-06-14,0.0,418.5804748535156,0.0,420.3804962400345,415.14321240552647,418.4177237476961,0.0,100612100
2023-06-15,0.0,423.7699279785156,0.0,425.0146087869259,417.6709394226892,417.7666616239276,0.0,110303100
2023-06-16,0.0,422.32647705078125,1.638,426.3146724181942,421.85559038647375,425.7476786538035,0.0,114165800
2023-06-20,0.0,420.1353454589844,0.0,421.2789524290957,418.0691749032241,420.3948375467811,0.0,76160400
2023-06-21,0.0,417.9826354980469,0.0,419.9526987151209,417.39640282400495,419.15507151836675,0.0,76982300
2023-06-22,0.0,419.491455078125,0.0,419.59715234538584,416.69490598831976,417.0312661321085,0.0,70637200
2023-06-23,0.0,416.3200988769531,0.0,418.0979773634387,415.60895921346514,416.051016626355,0.0,92074500
2023-06-26,0.0,414.6190490722656,0.0,417.665440905074,414.378796055203,415.75303627413876,0.0,72823600
2023-06-27,0.0,419.1647033691406,0.0,419.77973592551575,415.0419528273242,415.493629733563,0.0,72813700
2023-06-28,0.0,419.3761291503906,0.0,420.3851802319676,417.47331443133595,418.0883469905335,0.0,75636000
2023-06-29,0.0,421.0290222167969,0.0,421.1924071877769,418.55924326128763,418.962851943863,0.0,67882300
2023-06-30,0.0,425.9974670410156,0.0,426.97768888145606,423.9120577597363,424.22920819454237,0.0,104964000
2023-07-03,0.0,426.4876708984375,0.0,426.76634335863787,425.3728930743293,425.65159486229857,0.0,32793400
2023-07-05,0.0,425.8533630371094,0.0,426.5837417319984,424.6713074116075,424.6809269189928,0.0,58418400
2023-07-06,0.0,422.5185852050781,0.0,422.9414328771002,420.01994786888264,422.28795168497953,0.0,80658300
2023-07-07,0.0,421.4518737792969,0.0,425.38243934770526,421.21162073773354,421.5287711761449,0.0,86134200
2023-07-10,0.0,422.5185852050781,0.0,422.6915603451521,420.5292831109417,421.09627673302543,0.0,62443500
2023-07-11,0.0,425.20947265625,0.0,425.6995982894802,422.3072262142427,423.27785797330125,0.0,64463800
2023-07-12,0.0,428.63067626953125,0.0,430.03377528061355,427.5639667416878,428.98627543991233,0.0,91924500
2023-07-13,0.0,432.0326232910156,0.0,432.82066029903234,430.0049017154937,430.43733958982216,0.0,72425200
2023-07-14,0.0,431.76348876953125,0.0,433.7623809113476,431.0042810450833,432.9167149502684,0.0,69815800
2023-07-17,0.0,433.2627868652344,0.0,434.3102867651178,431.5713958126242,431.6194640248455,0.0,52680200
2023-07-18,0.0,436.4821472167969,0.0,437.12600898753516,432.5035425061128,432.93600974084484,0.0,80668200
2023-07-19,0.0,437.45281982421875,0.0,438.63484620812557,436.4052905869127,437.27022513718515,0.0,65891700
2023-07-20,0.0,434.55047607421875,0.0,437.35664451536627,433.8393364531686,436.4629102357604,0.0,70591600
2023-07-21,0.0,434.55047607421875,0.0,436.4629102357604,434.54088589539646,436.2610765640321,0.0,71275600
2023-07-24,0.0,436.4917907714844,0.0,437.29903757006053,434.6658439711447,435.6941341528586,0.0,54023400
2023-07-25,0.0,437.6833801269531,0.0,438.9326842027925,436.17458399836414,436.22265220298175,0.0,55191200
2023-07-26,0.0,437.75067138671875,0.0,439.17295065598853,435.7037107326863,436.7512104988631,0.0,71052900
2023-07-27,0.0,434.8484191894531,0.0,441.5274659900454,433.94506533743083,441.1238279449385,0.0,92194400
2023-07-28,0.0,439.1056823730469,0.0,439.93213874075076,434.84837627989594,438.10622153007387,0.0,80011800
2023-07-31,0.0,439.94183349609375,0.0,440.2974033582614,438.26965213423165,439.5766441259426,0.0,62040400
2023-08-01,0.0,438.6828308105469,0.0,439.42279959796593,437.7314088521361,438.4809971458083,0.0,55291500
2023-08-02,0.0,432.58038330078125,0.0,435.8381990846735,431.83079503236485,435.578736374447,0.0,93933400
2023-08-03,0.0,431.3406677246094,0.0,433.2146530519303,429.9279787635821,430.5718697752152,0.0,64276100
2023-08-04,0.0,429.389892578125,0.0,435.2424538180626,428.8709377374494,433.14745409560885,0.0,100128900
2023-08-07,0.0,433.13775634765625,0.0,433.2915218033315,430.5238022567014,431.2157321433589,0.0,58357500
2023-08-08,0.0,431.2542419433594,0.0,433.1282275391779,427.90990879603123,430.610350839472,0.0,71361300
2023-08-09,0.0,428.3711853027344,0.0,431.6866891018031,427.61197745800644,431.5233041246725,0.0,78789600
2023-08-10,0.0,428.5249328613281,0.0,434.08920144153984,427.36211636743525,430.7160393980688,0.0,93005500
2023-08-11,0.0,428.2751159667969,0.0,429.284196455691,426.0647994577727,426.660622377887,0.0,68690900
2023-08-14,0.0,430.63916015625,0.0,430.63916015625,427.0546034425639,427.3621343832933,0.0,47867400
2023-08-15,0.0,425.6227111816406,0.0,429.22650696420783,425.0556881700834,428.87090781167177,0.0,75707500
2023-08-16,0.0,422.4993896484375,0.0,426.86236363092155,422.3936630630157,425.20942158349953,0.0,80107200
2023-08-17,0.0,419.280029296875,0.0,424.2196168527754,418.76107448676936,423.96015411160533,0.0,95711300
2023-08-18,0.0,419.4818420410156,0.0,420.510132174717,416.1279187140494,416.4738690425287,0.0,98852000
2023-08-21,0.0,422.2110900878906,0.0,422.9510589127824,418.3478316599045,420.4908700639508,0.0,68719000
2023-08-22,0.0,421.0675048828125,0.0,423.9793707816351,420.5101306907519,423.9793707816351,0.0,64994200
2023-08-23,0.0,425.75726318359375,0.0,426.3723251113796,421.98049201554073,422.1246379899384,0.0,68441000
2023-08-24,0.0,419.8565979003906,0.0,427.86181593129874,419.8277393822269,427.3524806823666,0.0,88517300
2023-08-25,0.0,422.8165283203125,0.0,424.09466161039535,418.0402966316632,421.576814401286,0.0,102325100
2023-08-28,0.0,425.4977722167969,0.0,426.1128047760357,422.8165399597136,424.99802710166506,0.0,61595400
2023-08-29,0.0,431.64825439453125,0.0,431.92695615148733,425.2094607575032,425.3920554264297,0.0,83081900
2023-08-30,0.0,433.4261474609375,0.0,434.0604190699575,431.2830795696017,431.9846290752829,0.0,69053900
2023-08-31,0.0,432.7918395996094,0.0,435.17513102782067,432.6092449398333,434.0411436980902,0.0,66084600
2023-09-01,0.0,433.59906005859375,0.0,435.9823806702833,432.1479223748874,435.5018746110706,0.0,58944100
2023-09-05,0.0,431.7250671386719,0.0,433.4741162022499,431.65781858065884,433.15699511293656,0.0,55166200
2023-09-06,0.0,428.8228759765625,0.0,431.0236021823755,426.5068329962555,430.91787558724553,0.0,70758500
2023-09-07,0.0,427.5063171386719,0.0,428.17900813567496,425.4881854921281,425.8341358343982,0.0,70355400
2023-09-08,0.0,428.1501770019531,0.0,429.67818299559536,427.1987842372508,427.5543540855631,0.0,61659700
2023-09-11,0.0,430.9659729003906,0.0,431.27347454388655,429.0631580094359,430.7641392036296,0.0,60180100
2023-09-12,0.0,428.6018371582031,0.0,431.04281644605425,428.02525327961035,429.5244300194834,0.0,67565400
2023-09-13,0.0,429.1015319824219,0.0,430.2547289321733,427.72726235885176,428.82283025526624,0.0,60199300
2023-09-14,0.0,432.8014831542969,0.0,433.4934131798962,430.26442594561126,431.56179840958094,0.0,83430800
2023-09-15,0.0,427.5869140625,1.583,431.5506216241027,427.15295081713646,431.2227284727568,0.0,111848900
2023-09-18,0.0,427.83770751953125,0.0,429.1300027993312,426.8057902109989,427.2783378211123,0.0,55752200
2023-09-19,0.0,426.9504699707031,0.0,427.5098397023098,424.27908659551923,426.9215390832902,0.0,66514600
2023-09-20,0.0,423.0253601074219,0.0,428.6188806317765,422.8228144717151,428.2041947836062,0.0,82562600
2023-09-21,0.0,416.0334167480469,0.0,420.45036521142913,415.8791088874586,420.1899872517448,0.0,104095800
2023-09-22,0.0,415.09796142578125,0.0,418.64695406116914,414.68324615845955,417.055696495469,0.0,100829700
2023-09-25,0.0,416.8435363769531,0.0,416.88209127104136,413.45847553843805,413.89246826227424,0.0,70874500
2023-09-26,0.0,410.71954345703125,0.0,414.5192898301892,409.8901424025337,413.8152657492611,0.0,96168400
2023-09-27,0.0,410.88348388671875,0.0,412.44583993852024,407.257352172029,411.8864702649676,0.0,104705800
2023-09-28,0.0,413.2655029296875,0.0,414.93392885769236,409.7454417843653,410.33374226373326,0.0,92258300
2023-09-29,0.0,412.2626647949219,0.0,416.47709771775186,410.7485462710252,416.3035123845104,0.0,115111300
2023-10-02,0.0,412.0986022949219,0.0,413.34268907348576,409.350050801858,411.4331625829839,0.0,83798600
2023-10-03,0.0,406.582275390625,0.0,412.15651831824437,405.22246490596143,409.928751834983,0.0,103760600
2023-10-04,0.0,409.5429992675781,0.0,410.28557828924926,405.58894477181923,407.0452013606301,0.0,87453000
2023-10-05,0.0,409.38861083984375,0.0,410.227635792642,406.1771654289247,409.2535804454479,0.0,70142700
2023-10-06,0.0,414.249267578125,0.0,415.7826633161712,405.62751083875975,406.9487369471333,0.0,113273300
2023-10-09,0.0,416.9013977050781,0.0,417.47039142005065,411.8093557252524,412.3590425619845,0.0,80374400
2023-10-10,0.0,419.0713195800781,0.0,421.6559102852364,417.13286183560047,417.528270249864,0.0,78607300
2023-10-11,0.0,420.7879638671875,0.0,421.0386884193442,417.7597269120865,420.1321774519797,0.0,62451700
2023-10-12,0.0,418.22259521484375,0.0,421.7715876841516,415.8791053042313,421.39548619007036,0.0,81154200
2023-10-13,0.0,416.1394348144531,0.0,420.91323616360404,414.5771083892652,419.717357751377,0.0,95143100
2023-10-16,0.0,420.517822265625,0.0,421.57867026595625,418.13574834128576,418.3768488217606,0.0,75433200
2023-10-17,0.0,420.4985656738281,0.0,422.54312271495667,417.0556727686725,417.40284337508905,0.0,75324700
2023-10-18,0.0,414.8954162597656,0.0,419.6884958400442,413.8152906244154,418.7337471858001,0.0,93559800
2023-10-19,0.0,411.24993896484375,0.0,417.41248188933355,410.57487522165394,415.60905485320427,0.0,121323000
2023-10-20,0.0,406.19647216796875,0.0,411.35602864539834,406.0903726459754,410.81596589128515,0.0,123919900
2023-10-23,0.0,405.492431640625,0.0,409.34041539624207,402.92711894728416,404.67268410500066,0.0,92035100
2023-10-24,0.0,408.5495910644531,0.0,409.69723170651935,405.7624553819463,407.6044665853365,0.0,78564200
2023-10-25,0.0,402.6860046386719,0.0,406.9004656959786,402.17487280502843,406.8715348160067,0.0,94223200
2023-10-26,0.0,397.864013671875,0.0,402.47385382688697,396.9478494758642,401.6252048310319,0.0,115156800
2023-10-27,0.0,396.0605773925781,0.0,399.84104590641886,394.64290537878924,399.4456375835296,0.0,107367700
2023-10-30,0.0,400.79583740234375,0.0,401.84703208667196,397.5458072598068,398.8381024524088,0.0,86562700
2023-10-31,0.0,403.3129577636719,0.0,403.63119749728736,399.4649734881191,401.36484674476185,0.0,79665200
2023-11-01,0.0,407.61419677734375,0.0,408.42429101289605,403.74693492260894,404.27737373849845,0.0,98068100
2023-11-02,0.0,415.42584228515625,0.0,415.5801501470598,411.3753418460295,411.3946192920617,0.0,94938900
2023-11-03,0.0,419.2159423828125,0.0,420.75899159658866,417.59575395239466,417.72113093175125,0.0,100167800
2023-11-06,0.0,420.1803283691406,0.0,420.62394506807493,418.24187084518337,419.96815874248256,0.0,67831700
2023-11-07,0.0,421.37615966796875,0.0,422.0126685210308,419.04232330462156,420.18031060348386,0.0,64256100
2023-11-08,0.0,421.684814453125,0.0,422.4949086781329,419.38953276666115,421.97412330805065,0.0,61746000
2023-11-09,0.0,418.39617919921875,0.0,422.86136537152765,417.9718399454001,422.822781049031,0.0,83174400
2023-11-10,0.0,424.9252014160156,0.0,425.2338171560556,418.3865562589062,420.4600443494357,0.0,89462200
2023-11-13,0.0,424.5201110839844,0.0,425.61951403994044,422.81313016998365,423.5942934214088,0.0,52236100
2023-11-14,0.0,432.7561340332031,0.0,434.0387757848984,430.2100985439841,430.43192160638574,0.0,97176900
2023-11-15,0.0,433.6722717285156,0.0,435.31176685348777,432.82359328411655,434.08695751300667,0.0,77327600
2023-11-16,0.0,434.20269775390625,0.0,434.52093744562825,432.1677943482507,433.2286423726769,0.0,66665800
2023-11-17,0.0,434.7427673339844,0.0,435.35034527714225,433.2961643954989,434.2123285978125,0.0,83133200
2023-11-20,0.0,438.0893249511719,0.0,438.9283501028601,434.48244093914565,434.49209437852244,0.0,69936200
2023-11-21,0.0,437.1344909667969,0.0,437.9638920043512,435.87112668099957,437.0476983171483,0.0,49244600
2023-11-22,0.0,438.822265625,0.0,440.133867882905,437.7325158930703,438.7837107286047,0.0,59394900
2023-11-24,0.0,439.09222412109375,0.0,439.2851162959046,438.54253734218906,438.87043049439643,0.0,29737400
2023-11-27,0.0,438.3014221191406,0.0,439.2754481049459,437.91563778247536,438.46535397413186,0.0,50506000
2023-11-28,0.0,438.73541259765625,0.0,440.02770779834395,437.3563247451927,437.91566497815336,0.0,62115000
2023-11-29,0.0,438.42681884765625,0.0,442.0047717825631,438.0314398912728,440.87640839051414,0.0,63146000
2023-11-30,0.0,440.1531066894531,0.0,440.5003067450598,437.2020386572685,439.2658732507552,0.0,79752700
2023-12-01,0.0,442.7569274902344,0.0,443.2873367739081,438.95718156980473,439.5454526141989,0.0,89183400
2023-12-04,0.0,440.4327697753906,0.0,442.7762596678929,438.1664190963143,439.3815750840775,0.0,72430900
2023-12-05,0.0,440.34600830078125,0.0,441.3007569694989,438.6775820590756,439.05371300809566,0.0,69793500
2023-12-06,0.0,438.57147216796875,0.0,442.50621946104377,438.1374794863498,442.47728857768345,0.0,69124700
2023-12-07,0.0,441.9179382324219,0.0,442.56407108973934,440.04699600140833,440.6449205313009,0.0,66995400
2023-12-08,0.0,443.81781005859375,0.0,444.3482193835821,440.9342280791031,441.17532857795476,0.0,83194400
2023-12-11,0.0,445.5440368652344,0.0,445.71765157982594,443.11375460427496,443.32592420547695,0.0,65002200
2023-12-12,0.0,447.5789489746094,0.0,447.6753950554409,444.20354216398823,445.19687499100826,0.0,68327600
2023-12-13,0.0,453.7510986328125,0.0,454.0018525473876,447.59820973831967,447.9550337360085,0.0,93278000
2023-12-14,0.0,455.2073669433594,0.0,456.8661394494857,452.545608183684,455.6799144737148,0.0,119026000
2023-12-15,0.0,454.4578857421875,1.906,455.7844980857444,452.6180987398149,454.61281921772417,0.0,141553700
2023-12-18,0.0,457.0142517089844,0.0,457.9922563619539,455.00017559306576,456.05563220988086,0.0,70375300
2023-12-19,0.0,459.7933044433594,0.0,459.87078595804843,457.47905393883144,457.5565059029809,0.0,55761800
2023-12-20,0.0,453.4218444824219,0.0,460.8197337409229,452.9957847839671,458.9412058569742,0.0,102921000
2023-12-21,0.0,457.7211608886719,0.0,457.99228710614074,453.98346065798535,456.39454843299563,0.0,86667500
2023-12-22,0.0,458.64105224609375,0.0,460.31624293413637,456.75286124971245,458.8443895271257,0.0,67160400
2023-12-26,0.0,460.57769775390625,0.0,461.478221018987,458.97029593582954,459.04777746109835,0.0,55387000
2023-12-27,0.0,461.41033935546875,0.0,461.55558023868156,459.8416787156989,460.3742384709911,0.0,68000300
2023-12-28,0.0,461.5847473144531,0.0,462.4174816264002,461.1683801584796,461.76872899742625,0.0,77158100
2023-12-29,0.0,460.2484130859375,0.0,461.9139110481109,458.3020963459827,461.39101424995863,0.0,122283100
2024-01-02,0.0,457.6727294921875,0.0,458.66042679258095,455.58117171261154,457.19826599724024,0.0,123623700
2024-01-03,0.0,453.93499755859375,0.0,456.258940483322,453.33464883768056,455.5230138961187,0.0,103585900
2024-01-04,0.0,452.47283935546875,0.0,456.0362204956158,452.25011695275793,453.4605069773082,0.0,84232200
2024-01-05,0.0,453.0926513671875,0.0,455.53278743928377,451.6498461147491,452.6762546685268,0.0,86118900
2024-01-08,0.0,459.5609130859375,0.0,459.70615398593577,453.46052933115607,453.58641462800097,0.0,74879100
2024-01-09,0.0,458.86376953125,0.0,459.8804854755376,456.4139409568945,456.9174526401683,0.0,65931400
2024-01-10,0.0,461.45880126953125,0.0,462.32061320272817,458.854039417125,459.134858193739,0.0,67310600
2024-01-11,0.0,461.2554626464844,0.0,462.9693643803347,457.2950698074294,462.4561601628175,0.0,77940700
2024-01-12,0.0,461.5750427246094,0.0,463.4342151118614,460.171007794378,462.69828839912003,0.0,58026400
2024-01-16,0.0,459.8804626464844,0.0,461.507219896807,458.0697237314841,460.2000221906259,0.0,85014900
2024-01-17,0.0,457.32415771484375,0.0,457.8083137942025,454.9808292885089,456.8690498182248,0.0,68843900
2024-01-18,0.0,461.3909912109375,0.0,461.94293616195193,457.4499836944988,458.9895962811143,0.0,91856200
2024-01-19,0.0,467.1428527832031,0.0,467.4236715984988,461.4395092276407,462.5143215974117,0.0,110834500
2024-01-22,0.0,468.1304931640625,0.0,469.8443949304159,467.4817110595385,468.67274557207963,0.0,75844900
2024-01-23,0.0,469.4957580566406,0.0,469.73783606484966,467.58821172047016,468.67271646916043,0.0,49945300
2024-01-24,0.0,470.00909423828125,0.0,473.2819648001181,469.51524553773123,472.35239332015146,0.0,81765000
2024-01-25,0.0,472.5653381347656,0.0,472.8364643322263,470.0090096373567,472.12958588323926,0.0,72525000
2024-01-26,0.0,471.9650573730469,0.0,473.62086297641906,471.1226304792355,472.1393464785506,0.0,76641600
2024-01-29,0.0,475.70263671875,0.0,475.8479071625746,471.7325810664014,472.2748334350306,0.0,61322800
2024-01-30,0.0,475.33477783203125,0.0,476.0416268075263,474.5794659669119,475.0152182659358,0.0,58618400
2024-01-31,0.0,467.5785827636719,0.0,473.5821004537836,467.5591976080332,473.1366851322255,0.0,126011100
2024-02-01,0.0,473.69830322265625,0.0,473.72735140437555,468.4693941088524,469.27310972065493,0.0,91891600
2024-02-02,0.0,478.68511962890625,0.0,480.33123256171854,473.7951255169084,474.1340406811921,0.0,99228200
2024-02-05,0.0,476.9421081542969,0.0,478.7141358274664,474.69564656369516,478.0556906983339,0.0,75757100
2024-02-06,0.0,478.32684326171875,0.0,478.6560658444282,476.45797836644056,477.88139839933996,0.0,55918600
2024-02-07,0.0,482.31622314453125,0.0,482.73259022106475,479.66302811496723,480.56358075211114,0.0,70556500
2024-02-08,0.0,482.52935791015625,0.0,482.90698431385846,481.50294930962457,482.3163280373736,0.0,52343600
2024-02-09,0.0,485.31805419921875,0.0,485.7537769299286,482.693907035265,483.0328221928446,0.0,63979400
2024-02-12,0.0,485.1050109863281,0.0,487.5451468627196,484.38843993132826,485.2889926510743,0.0,56502300
2024-02-13,0.0,478.42364501953125,0.0,481.3382739920692,475.1701304413372,478.8593972990049,0.0,113099200
2024-02-14,0.0,482.7713928222656,0.0,483.25554889436194,478.73351817874396,481.0477983876243,0.0,68387800
2024-02-15,0.0,486.1024475097656,0.0,486.2864292033648,482.9941438761452,483.46863697831697,0.0,61683000
2024-02-16,0.0,483.6816101074219,0.0,486.9351247377766,482.9456834193714,485.802216073848,0.0,75532900
2024-02-20,0.0,481.01873779296875,0.0,482.6164468795506,478.78193916164605,481.9483091532552,0.0,71736700
2024-02-21,0.0,481.4544677734375,0.0,481.6094012609107,477.92013439516916,479.7212103303219,0.0,59293400
2024-02-22,0.0,491.41839599609375,0.0,492.3770155291545,487.0803471035888,488.0389961871901,0.0,76402500
2024-02-23,0.0,491.75726318359375,0.0,493.9650133978183,491.03102917167075,493.132249697867,0.0,61321800
2024-02-26,0.0,489.95623779296875,0.0,492.62878868752523,489.83035248988597,492.19303641539864,0.0,50386700
2024-02-27,0.0,490.866455078125,0.0,491.089177503547,488.75554175218684,490.6437622032437,0.0,48854500
2024-02-28,0.0,490.21771240234375,0.0,490.798676044666,488.9588888927158,489.3171596556616,0.0,56506600
2024-02-29,0.0,491.98004150390625,0.0,493.58744327560555,489.33656815361434,491.9703784764342,0.0,83924800
2024-03-01,0.0,496.59881591796875,0.0,497.02487558805785,492.4447784604082,492.8514825275074,0.0,76844800
2024-03-04,0.0,496.0662536621094,0.0,497.9060702059494,495.77577186599717,495.80484959614716,0.0,49799300
2024-03-05,0.0,491.1085510253906,0.0,494.5170287187888,488.910493074669,494.0715838516931,0.0,72855600
2024-03-06,0.0,493.5970764160156,0.0,495.84356750478094,492.3092343684573,494.3717142498123,0.0,68382400
2024-03-07,0.0,498.49676513671875,0.0,499.54255878511856,493.65520448812254,496.8797004283906,0.0,58652100
2024-03-08,0.0,495.5047302246094,0.0,501.79873010183235,494.93342956107733,499.1262380204942,0.0,86532500
2024-03-11,0.0,495.07861328125,0.0,495.6596064560232,492.38670680365675,494.3039754152461,0.0,62557200
2024-03-12,0.0,500.404296875,0.0,500.9852604266135,494.67184736073796,497.1798014108618,0.0,73114400
2024-03-13,0.0,499.6199645996094,0.0,500.89814366049285,498.18688160759467,500.72385457506516,0.0,55104100
2024-03-14,0.0,498.63232421875,0.0,500.7432374898184,495.60150263891603,500.5882744583001,0.0,110171800
2024-03-15,0.0,495.2084045410156,1.595,497.0247990949515,493.5474544938414,495.57751113868864,0.0,107646300
2024-03-18,0.0,498.1515197753906,0.0,500.69637526560086,497.74358168127196,499.25883960128044,0.0,88893300
2024-03-19,0.0,500.9198303222656,0.0,501.2014919888328,496.46144212802193,497.4619309272195,0.0,60755300
2024-03-20,0.0,505.55291748046875,0.0,505.68891659025934,500.3078219091941,500.97803548207236,0.0,69594600
2024-03-21,0.0,507.2236633300781,0.0,509.07885971572495,506.941942394898,508.37953729329536,0.0,60256100
2024-03-22,0.0,506.2621154785156,0.0,507.6219289738799,506.02894869657956,507.1362685930967,0.0,79070800
2024-03-25,0.0,504.8633728027344,0.0,506.00952410002293,504.70792829326916,504.8924815953154,0.0,48512100
2024-03-26,0.0,503.9308776855469,0.0,506.62145492992863,503.5326622935472,506.28145712240774,0.0,65463700
2024-03-27,0.0,508.1658020019531,0.0,508.20469276971767,504.59134916532923,506.7477118115157,0.0,82999800
2024-03-28,0.0,508.0687255859375,0.0,509.5645381212143,507.78706392547616,508.2047247122474,0.0,96294900
2024-04-01,0.0,507.1847839355469,0.0,509.341146689148,506.0289099464076,508.8069321681379,0.0,62477500
2024-04-02,0.0,503.96002197265625,0.0,504.0959618045382,501.6676602284869,503.37719402358005,0.0,74230300
2024-04-03,0.0,504.5136413574219,0.0,506.00951312621123,502.8235528830779,502.87210705946654,0.0,59155800
2024-04-04,0.0,498.35552978515625,0.0,508.8457817223291,498.0544227328248,508.50584318362684,0.0,96858100
2024-04-05,0.0,503.5617980957031,0.0,505.51416224528475,499.26857707601863,499.70568326072845,0.0,74546500
2024-04-08,0.0,503.84344482421875,0.0,505.26159438808656,503.03729132856745,504.26116489557916,0.0,48401800
2024-04-09,0.0,504.42626953125,0.0,505.81525100842816,499.5987748577626,505.57242083511636,0.0,68049200
2024-04-10,0.0,499.37530517578125,0.0,501.3567777106599,497.4035553317358,498.7536458094545,0.0,82652800
2024-04-11,0.0,503.14422607421875,0.0,504.58176203474807,497.3940229473787,500.89075447261536,0.0,70099000
2024-04-12,0.0,496.1991882324219,0.0,501.0266533234711,494.47993161292834,499.61822644383983,0.0,92561100
2024-04-15,0.0,489.98272705078125,0.0,500.5215326754904,489.13765316276323,500.3564247602264,0.0,92101400
2024-04-16,0.0,489.089111328125,0.0,491.97393499543114,487.80696088879887,490.45867707344763,0.0,73484000
2024-04-17,0.0,486.1946105957031,0.0,491.7020125291738,484.80562897726037,491.5368749518904,0.0,75910300
2024-04-18,0.0,485.19415283203125,0.0,489.671957110868,484.26169316872057,487.5836233301547,0.0,74548100
2024-04-19,0.0,480.95916748046875,0.0,486.10715539894034,479.6964327690104,485.11641894359934,0.0,102212600
2024-04-22,0.0,485.3883972167969,0.0,487.972113920127,481.2214229780645,483.55258680560587,0.0,67961000
2024-04-23,0.0,491.1483459472656,0.0,491.575729461392,485.2038675228729,487.3893392755089,0.0,64633600
2024-04-24,0.0,490.9151611328125,0.0,492.8189412598712,488.70055129127593,492.032173924217,0.0,55928100
2024-04-25,0.0,489.05023193359375,0.0,489.8078608662871,483.2223079459974,484.8638422405587,0.0,69122400
2024-04-26,0.0,493.6834411621094,0.0,495.25697586630093,491.19686267902955,491.8282151706386,0.0,64306100
2024-04-29,0.0,495.43182373046875,0.0,496.1020373711397,492.70241499072074,495.4609621651781,0.0,46415400
2024-04-30,0.0,487.5836181640625,0.0,494.9462166692865,487.5836181640625,493.9748958846082,0.0,77483600
2024-05-01,0.0,486.00030517578125,0.0,493.6154557030375,485.5340605810027,487.00076428433056,0.0,80242800
2024-05-02,0.0,490.5461120605469,0.0,491.38146331084295,485.22326373492274,489.6913450667022,0.0,62550200
2024-05-03,0.0,496.6265869140625,0.0,497.8504308833997,493.9748706361785,496.5003104757314,0.0,72756700
2024-05-06,0.0,501.75518798828125,0.0,501.79401947741314,498.57895003144245,499.01605624422,0.0,47264700
2024-05-07,0.0,502.30877685546875,0.0,503.69775827546636,501.6385632333307,502.71671493011996,0.0,52561300
2024-05-08,0.0,502.35736083984375,0.0,502.8915753738944,500.3661652394486,500.48271898197925,0.0,42047200
2024-05-09,0.0,505.251953125,0.0,505.2908439014655,501.89122090506714,502.54198927894174,0.0,43643700
2024-05-10,0.0,505.90264892578125,0.0,507.6510141541504,504.68849817209366,506.84480145398453,0.0,52233200
2024-05-13,0.0,505.9705810546875,0.0,507.68011477392025,504.8341525672422,507.57328373764415,0.0,36716400
2024-05-14,0.0,508.2922058105469,0.0,508.80703433479175,505.63079607881036,506.1650107070888,0.0,57535900
2024-05-15,0.0,514.5863037109375,0.0,514.8776880610556,510.11819296519036,510.7495751277046,0.0,59504900
2024-05-16,0.0,513.527587890625,0.0,516.2764423102767,513.3818660590745,514.683461995483,0.0,50244800
2024-05-17,0.0,514.2656860351562,0.0,514.3336855890079,512.1967684847502,513.6440266439718,0.0,59187600
2024-05-20,0.0,514.858154296875,0.0,516.3151350820737,513.9936648026625,514.3822167259287,0.0,37764200
2024-05-21,0.0,516.1209106445312,0.0,516.2763551432357,513.8966077662355,514.1006064390205,0.0,33437000
2024-05-22,0.0,514.6348876953125,0.0,516.1404229953789,512.468802117107,515.4313778215733,0.0,48390000
2024-05-23,0.0,510.8758239746094,0.0,517.7818994806975,509.6713365846429,517.6750684388743,0.0,57211200
2024-05-24,0.0,514.2560424804688,0.0,515.0622552748287,511.7694638177849,512.7116164560648,0.0,41291100
2024-05-28,0.0,514.6154174804688,0.0,515.2953538271266,511.992839734623,515.0622463447778,0.0,36269600
2024-05-29,0.0,511.0118408203125,0.0,512.1871603116153,510.3027956190019,510.6039026906956,0.0,45190300
2024-05-30,0.0,507.6219482421875,0.0,510.1376951954115,506.37868844824237,509.4772041666412,0.0,46377600
2024-05-31,0.0,512.2453002929688,0.0,512.3715767039372,503.49369288115616,508.57373953818643,0.0,90785800
2024-06-03,0.0,512.6630859375,0.0,514.1297897725609,507.61220612199116,513.848128094292,0.0,46835700
2024-06-04,0.0,513.2361450195312,0.0,513.974358217118,509.90452222280885,511.36150323340104,0.0,34632700
2024-06-05,0.0,519.3361206054688,0.0,519.3555659942656,513.5664721813766,515.5480047275573,0.0,47610400
2024-06-06,0.0,519.3262939453125,0.0,520.0645071551455,517.4030979505338,519.637123680227,0.0,30808500
2024-06-07,0.0,518.6949462890625,0.0,521.4923544849469,517.2670741151577,518.3549484930342,0.0,43224500
2024-06-10,0.0,520.297607421875,0.0,520.6181598447974,517.2962597313128,517.8887511155715,0.0,35686100
2024-06-11,0.0,521.5505981445312,0.0,521.6088750080388,516.7911035808329,518.7531901267605,0.0,36383400
2024-06-12,0.0,525.8341674804688,0.0,528.5150221365492,524.8045698950608,526.0964430443454,0.0,63251300
2024-06-13,0.0,526.8929443359375,0.0,527.7477113251548,524.1149812633378,527.5728807070939,0.0,44760900
2024-06-14,0.0,527.2135009765625,0.0,527.2426097707814,524.3674790309985,525.3679678522572,0.0,40089900
2024-06-17,0.0,531.4096069335938,0.0,532.7986479029511,526.0770650167459,526.5336166388124,0.0,55839500
2024-06-18,0.0,532.7597045898438,0.0,532.8859810291509,531.0501705974204,531.4678314025467,0.0,41376400
2024-06-20,0.0,531.3123779296875,0.0,534.3428935144076,529.5445672911499,533.6824026084769,0.0,70328200
2024-06-21,0.0,530.60009765625,1.759,531.7109897848462,529.148170327666,530.4929219620788,0.0,64338600
2024-06-24,0.0,528.8753051757812,0.0,532.9777790963483,528.7583754205319,530.4247136467889,0.0,45528700
2024-06-25,0.0,530.911865234375,0.0,531.2724085077483,528.582905567804,530.0932975881465,0.0,37936200
2024-06-26,0.0,531.5745239257812,0.0,532.2858564645144,529.1578965249615,529.8010101320955,0.0,38550600
2024-06-27,0.0,532.4125366210938,0.0,532.9874907686532,530.6974877125363,531.4380824208646,0.0,35041500
2024-06-28,0.0,530.3173217773438,0.0,536.2225700524101,529.0798056539521,533.1822188863767,0.0,76144500
2024-07-01,0.0,531.4089965820312,0.0,531.9351805545184,528.6610279959765,531.6915669508893,0.0,40297800
2024-07-02,0.0,534.9852294921875,0.0,534.9852294921875,529.7621680864318,529.8108789121317,0.0,40434800
2024-07-03,0.0,537.37255859375,0.0,537.7331019058091,534.6343445482383,534.6733013066347,0.0,32789900
2024-07-05,0.0,540.4712524414062,0.0,540.8707524649171,537.041154874647,537.6745738489498,0.0,41488400
2024-07-08,0.0,541.094970703125,0.0,542.0401627530802,540.0327894282602,541.2508572097279,0.0,36110500
2024-07-09,0.0,541.6211547851562,0.0,542.9463982576794,541.3288304126829,542.0499170234392,0.0,27289700
2024-07-10,0.0,546.9806518554688,0.0,547.3216870432971,542.546897033872,542.83922140572,0.0,38701200
2024-07-11,0.0,542.2643432617188,0.0,547.9649369537367,541.6309836132551,547.097658299037,0.0,53054200
2024-07-12,0.0,545.6845703125,0.0,549.2705544498172,542.917153831161,543.3848727911708,0.0,53084400
2024-07-15,0.0,547.185302734375,0.0,550.4107438001307,545.3338159394242,547.6725298408394,0.0,40584300
2024-07-16,0.0,550.4302978515625,0.0,550.72262227623,547.7407941926679,548.4911431126284,0.0,36475300
2024-07-17,0.0,542.7125244140625,0.0,546.191333044454,542.3909378748594,544.5249949514538,0.0,57119000
2024-07-18,0.0,538.5418701171875,0.0,545.2266716040288,536.3688561297039,544.2424632762184,0.0,56270400
2024-07-19,0.0,534.9656372070312,0.0,539.9256355832753,533.9132099479913,538.3080081974957,0.0,65509100
2024-07-22,0.0,540.4811401367188,0.0,541.0852970880696,536.9438660153718,538.8732666357521,0.0,43346700
2024-07-23,0.0,539.63330078125,0.0,542.5176472841652,539.1460736583557,540.3738360482369,0.0,34439600
2024-07-24,0.0,527.4039306640625,0.0,535.1411009025868,526.4879411580819,534.8390224206132,0.0,74515300
2024-07-25,0.0,524.6558837890625,0.0,533.4747422855404,523.7204457786454,527.520781647899,0.0,61158300
2024-07-26,0.0,530.531982421875,0.0,533.2117321557627,527.6573299030541,528.4271869821433,0.0,53763800
2024-07-29,0.0,530.8436889648438,0.0,533.0751677112492,528.8557642968128,532.0715107948711,0.0,39515800
2024-07-30,0.0,528.1541748046875,0.0,533.3577863863941,524.7630932312389,532.305359200303,0.0,46853600
2024-07-31,0.0,536.7391357421875,0.0,539.3604200179711,533.5916675899294,534.9558678357408,0.0,65663400
2024-08-01,0.0,529.1383666992188,0.0,540.6953788447428,525.6498041283504,538.4541461560029,0.0,76428700
2024-08-02,0.0,519.2866821289062,0.0,523.2721666167066,515.0964813658185,522.063852889589,0.0,82789100
2024-08-05,0.0,504.1631774902344,0.0,510.2048061292907,497.23479185731094,498.5698192467497,0.0,146267400
2024-08-06,0.0,508.8113708496094,0.0,516.2172002386701,504.64067761587216,505.95616721920055,0.0,84826300
2024-08-07,0.0,505.4103698730469,0.0,518.0101145360155,504.81596710801136,514.9697628304073,0.0,70698300
2024-08-08,0.0,517.09423828125,0.0,517.7178438799879,508.50929760994603,510.52636582888704,0.0,63276600
2024-08-09,0.0,519.3743896484375,0.0,520.8555792219031,515.05756422153,516.2756321007693,0.0,45619600
2024-08-12,0.0,519.6472778320312,0.0,522.044397411093,517.3865366569688,520.5632672781688,0.0,42542100
2024-08-13,0.0,528.1931762695312,0.0,528.4270952564345,522.5803695792055,522.8239831490899,0.0,52333100
2024-08-14,0.0,529.8595581054688,0.0,531.0386692920978,526.3222840215557,528.9825253913183,0.0,42446900
2024-08-15,0.0,538.9413452148438,0.0,539.2239154972127,534.8583800886926,535.4625368826945,0.0,60846800
2024-08-16,0.0,540.1497192382812,0.0,540.8416031495808,537.1776457463574,537.3335322529779,0.0,44430700
2024-08-19,0.0,545.3143310546875,0.0,545.3143310546875,539.7112190916396,540.5589895349276,0.0,39121800
2024-08-20,0.0,544.4276123046875,0.0,546.5129587158026,543.0926147134523,544.8661286211883,0.0,33732300
2024-08-21,0.0,546.298583984375,0.0,547.7505114259203,540.55903368272,545.4703215908407,0.0,41514600
2024-08-22,0.0,542.0109252929688,0.0,548.79314842079,540.8026115148097,548.1889915317105,0.0,56121500
2024-08-23,0.0,547.77001953125,0.0,548.7055171032431,543.053634385247,545.236462053231,0.0,50639400
2024-08-26,0.0,546.4642333984375,0.0,549.5045262116546,544.7686923459864,548.7931935686311,0.0,35788600
2024-08-27,0.0,547.2145385742188,0.0,547.7017657101911,544.057316249273,545.197411094177,0.0,32693900
2024-08-28,0.0,544.0377807617188,0.0,547.3022380940843,540.8610504788411,546.8734758569603,0.0,41066000
2024-08-29,0.0,544.0864868164062,0.0,549.2803444323956,542.9463920388357,545.9964384879656,0.0,38715200
2024-08-30,0.0,549.2803344726562,0.0,549.7870696872616,542.9074254374239,546.4446989296116,0.0,62700100
2024-09-03,0.0,537.9767456054688,0.0,546.4837125964749,535.4723909219692,546.1523719656589,0.0,60600100
2024-09-04,0.0,536.8756713867188,0.0,540.2667537157464,535.4237438257495,536.144830576085,0.0,47224900
2024-09-05,0.0,535.5697631835938,0.0,539.652728695669,533.1238736044508,536.8170931187602,0.0,44264300
2024-09-06,0.0,526.5562133789062,0.0,537.5090723186329,525.6597319023402,535.8915040363953,0.0,68493800
2024-09-09,0.0,532.4515380859375,0.0,533.718376233379,528.8168426461983,530.7365485093424,0.0,40445800
2024-09-10,0.0,534.770751953125,0.0,535.1216007015946,529.4989803786028,534.3517437427556,0.0,36394600
2024-09-11,0.0,540.2569580078125,0.0,541.1729474655668,526.1663863296421,534.683107736862,0.0,75248600
2024-09-12,0.0,544.8077392578125,0.0,545.1098177442108,538.6199181027828,540.8319486336209,0.0,51819600
2024-09-13,0.0,547.6530151367188,0.0,548.646977454259,545.1584147606665,545.4117823691347,0.0,39310500
2024-09-16,0.0,548.4619140625,0.0,548.7249762940762,545.5970158864217,547.3899785889079,0.0,36656100
2024-09-17,0.0,548.6859741210938,0.0,552.1063181322738,546.4641898322706,550.6640853659264,0.0,49321000
2024-09-18,0.0,547.05859375,0.0,554.1623432239503,546.5031477370794,549.3387831967661,0.0,59044900
2024-09-19,0.0,556.3938598632812,0.0,558.2453466994866,553.5679782684008,556.4231220387844,0.0,75315500
2024-09-20,0.0,555.43212890625,1.746,556.4682163688195,552.4215869805491,555.0314034219361,0.0,77503100
2024-09-23,0.0,556.820068359375,0.0,557.4652143001452,555.2854753286341,556.4975550473902,0.0,44116900
2024-09-24,0.0,558.4132690429688,0.0,558.471913246618,554.7967173955426,557.6117584874984,0.0,46805700
2024-09-25,0.0,557.181640625,0.0,558.9899461465259,556.0771251545262,558.2568638249757,0.0,38428600
2024-09-26,0.0,559.3906860351562,0.0,561.7463573647025,557.0448583405533,561.4237844305269,0.0,48336000
2024-09-27,0.0,558.5794067382812,0.0,561.2673753932927,557.5531033653197,560.4561405350975,0.0,42100900
2024-09-30,0.0,560.8177490234375,0.0,561.423758958094,555.2658795088603,557.5530628987858,0.0,63557400
2024-10-01,0.0,555.7938232421875,0.0,561.1111173600859,553.2329264823798,560.4660310099997,0.0,72668800
2024-10-02,0.0,556.0283203125,0.0,557.0448994143397,552.519332659213,554.9042964358707,0.0,38097800
2024-10-03,0.0,555.0117797851562,0.0,556.9470981426042,552.7343205282026,554.562134456547,0.0,40846500
2024-10-04,0.0,560.055419921875,0.0,560.4268531332793,555.2854920412735,559.4396258955153,0.0,42939100
2024-10-07,0.0,554.9922485351562,0.0,559.0584457401652,553.8486566717974,558.413299806086,0.0,49964700
2024-10-08,0.0,560.2410888671875,0.0,560.8373745453375,556.683241044493,557.553120131347,0.0,37398700
2024-10-09,0.0,564.1215209960938,0.0,564.6786707180951,559.6350309496581,560.2312569183572,0.0,37912200
2024-10-10,0.0,563.1343994140625,0.0,564.5517040960426,561.5313781232933,562.7825341526946,0.0,44138100
2024-10-11,0.0,566.5065307617188,0.0,567.2396131412746,562.9192713637127,563.0561277259117,0.0,42268000
2024-10-14,0.0,571.1395874023438,0.0,572.0681703246292,567.6305402513053,568.1094778484854,0.0,36217200
2024-10-15,0.0,566.7020263671875,0.0,571.7065305951428,565.4899467305453,571.4035256005812,0.0,54203600
2024-10-16,0.0,569.1651611328125,0.0,569.6832346627543,565.9005342666823,566.7020448464575,0.0,30725400
2024-10-17,0.0,569.2140502929688,0.0,572.8990304200946,569.0283336899422,572.6937458614649,0.0,34393700
2024-10-18,0.0,571.4035034179688,0.0,572.1854459872815,569.4388331888846,570.8952139016382,0.0,37416800
2024-10-21,0.0,570.4652709960938,0.0,571.6577232551329,567.503588989503,570.6802798985141,0.0,36439000
2024-10-22,0.0,570.1621704101562,0.0,571.3155462187071,567.288485036852,567.9433552717076,0.0,34183800
2024-10-23,0.0,564.9522705078125,0.0,568.588389493283,561.4627918358219,568.1485282112296,0.0,49314600
2024-10-24,0.0,566.1741333007812,0.0,566.9756438040564,563.5643769207462,566.8974316514852,0.0,34979900
2024-10-25,0.0,565.9786376953125,0.0,571.27642231265,565.0403304898274,568.39295320261,0.0,47268200
2024-10-28,0.0,567.7283935546875,0.0,569.5659916825215,567.4253885260767,569.4389192842264,0.0,30174700
2024-10-29,0.0,568.6470947265625,0.0,569.7613345267463,565.3824085036434,566.7703610094676,0.0,42899700
2024-10-30,0.0,566.9268188476562,0.0,570.1621533327376,566.2230287475197,568.1779150746601,0.0,41435800
2024-10-31,0.0,555.8133544921875,0.0,562.6456733933426,555.617853906816,562.5772452055423,0.0,60182500
2024-11-01,0.0,558.1591796875,0.0,562.5674583510357,557.7486702212007,558.4328924373011,0.0,45667500
2024-11-04,0.0,556.9568481445312,0.0,559.5861724591027,555.0801741045641,558.2959404133777,0.0,38217000
2024-11-05,0.0,563.6915283203125,0.0,563.7306045728799,557.6509362573997,557.8659451341218,0.0,39478300
2024-11-06,0.0,577.7080688476562,0.0,578.5780077061257,572.1855499757824,575.9096065772254,0.0,68182000
2024-11-07,0.0,582.1748657226562,0.0,583.1914447197324,579.6237535704865,579.7019657221982,0.0,47233200
2024-11-08,0.0,584.69677734375,0.0,586.1140819812399,582.722322897382,582.722322897382,0.0,46444900
2024-11-11,0.0,585.25390625,0.0,586.6320749270757,583.5335966542183,586.2802096893201,0.0,37586800
2024-11-12,0.0,583.4358520507812,0.0,585.7718958867575,580.9628921945897,585.175669871058,0.0,43006100
2024-11-13,0.0,583.7192993164062,0.0,585.7132619411553,581.5396200997641,583.8952319310844,0.0,47388600
2024-11-14,0.0,579.9658813476562,0.0,584.3252993650702,579.2817188550297,583.846361756873,0.0,38904100
2024-11-15,0.0,572.5374755859375,0.0,576.8871106782811,570.6900932288963,576.4178972752543,0.0,75988800
2024-11-18,0.0,574.88330078125,0.0,576.1930413945956,572.1366874944769,572.9967827127789,0.0,37001700
2024-11-19,0.0,576.9846801757812,0.0,577.7079785622685,570.8561521859538,571.5208063697094,0.0,49412000
2024-11-20,0.0,577.1802368164062,0.0,577.463673880748,571.4426497345274,577.0629483995475,0.0,50032600
2024-11-21,0.0,580.2787475585938,0.0,581.6960522761343,574.1990788649406,580.0148784351488,0.0,46750300
2024-11-22,0.0,582.0772705078125,0.0,582.7028485393122,579.7705186323628,580.2689646034843,0.0,38226400
2024-11-25,0.0,584.0516967773438,0.0,587.3065398623395,581.7742372889147,585.9967993093868,0.0,42441400
2024-11-26,0.0,587.1012573242188,0.0,587.7659115133398,584.5794372696156,585.2929516850081,0.0,45621300
2024-11-27,0.0,585.3223266601562,0.0,587.2967213513849,583.807301635719,586.9155638447446,0.0,34000200
2024-11-29,0.0,588.9583740234375,0.0,589.7403166328984,585.8598958585202,586.1335489255529,0.0,30177400
2024-12-02,0.0,590.0140991210938,0.0,590.6885373789082,588.8802314936704,589.3689531396692,0.0,31746000
2024-12-03,0.0,590.2876586914062,0.0,590.5320194756874,588.7531254655074,589.7794288278096,0.0,26906600
2024-12-04,0.0,593.9530639648438,0.0,594.1974247464545,591.3042312735546,591.9688854405287,0.0,42787600
2024-12-05,0.0,592.9756469726562,0.0,594.7546007001943,592.6237817496434,593.9530901421784,0.0,28762200
2024-12-06,0.0,594.0997924804688,0.0,595.3313805479372,593.3276337729875,593.738143242676,0.0,31241500
2024-12-09,0.0,591.0404052734375,0.0,594.1486677967985,590.4539631589937,593.9825191407734,0.0,34742700
2024-12-10,0.0,589.2028198242188,0.0,592.135149776554,588.5479495058842,591.7148563090614,0.0,37234500
2024-12-11,0.0,593.7576904296875,0.0,594.7057817338718,591.841880207483,592.1155929499696,0.0,28677700
2024-12-12,0.0,590.6983032226562,0.0,593.4644247000379,590.6983032226562,592.8975505621333,0.0,31543800
2024-12-13,0.0,590.5809326171875,0.0,593.4350498406591,589.2124883774769,592.7215354493896,0.0,35904700
2024-12-16,0.0,593.1027221679688,0.0,594.0704410234347,591.5584049068509,592.3305635374098,0.0,43695200
2024-12-17,0.0,590.6591186523438,0.0,591.5192734247074,589.2907339933267,590.5613981975558,0.0,55773500
2024-12-18,0.0,573.055419921875,0.0,592.7312963771194,572.674202761188,590.3561165933274,0.0,108248700
2024-12-19,0.0,572.8794555664062,0.0,579.6238377441589,572.6350947579137,578.020816522432,0.0,85919500
2024-12-20,0.0,579.7603149414062,1.966,584.27166262691,569.7175591199479,570.561034960996,0.0,125716700
2024-12-23,0.0,583.2320556640625,0.0,583.8302883719545,576.3374745859168,579.5052825841503,0.0,57635800
2024-12-24,0.0,589.7147216796875,0.0,589.7539893082886,583.997031715741,584.5756905048978,0.0,33160100
2024-12-26,0.0,589.75390625,0.0,590.8718961830699,586.5567076471659,587.9493315050056,0.0,41219100
2024-12-27,0.0,583.5458984375,0.0,586.2625477535164,579.3777835694219,586.0271215733671,0.0,64969300
2024-12-30,0.0,576.88671875,0.0,580.338917958557,573.150128529516,576.5631199685903,0.0,56578800
2024-12-31,0.0,574.7880249023438,0.0,579.2601650774656,573.1599745686183,578.5441892688881,0.0,57052700
2025-01-02,0.0,573.3756103515625,0.0,579.7405563329766,569.3153623930992,578.0340909223933,0.0,50204000
2025-01-03,0.0,580.544921875,0.0,581.1823624210723,575.1312564616488,576.2100986967752,0.0,37888500
2025-01-06,0.0,583.8890991210938,0.0,588.1455060566466,582.1629997160619,584.7815995417147,0.0,47679400
2025-01-07,0.0,577.2889404296875,0.0,586.2332216831945,575.4746081038332,585.9095629934586,0.0,60393100
2025-01-08,0.0,578.1322631835938,0.0,579.2012884483527,573.92494033326,577.3575056942733,0.0,47304700
2025-01-10,0.0,569.3056030273438,0.0,574.6604259424307,567.4029789022777,574.5917674597674,0.0,73105000
2025-01-13,0.0,570.1883544921875,0.0,570.5414039943755,564.2646890570356,564.6766400021115,0.0,47910100
2025-01-14,0.0,570.9728393554688,0.0,573.7286961683375,567.2067990118115,573.1010128011978,0.0,48420600
2025-01-15,0.0,581.35888671875,0.0,582.4965105633459,577.847846118657,578.956079102548,0.0,56900200
2025-01-16,0.0,580.2408447265625,0.0,582.8985926554029,579.5445027973688,582.7220679112103,0.0,43319700
2025-01-17,0.0,586.0664672851562,0.0,587.8121409710091,584.1343920679883,585.4584175885924,0.0,58070600
2025-01-21,0.0,591.4310302734375,0.0,591.4408471810177,587.1354148968001,589.0968809186732,0.0,42532900
2025-01-22,0.0,594.7557983398438,0.0,596.109214840216,593.6965898049438,594.2457979602253,0.0,48196000
2025-01-23,0.0,598.001953125,0.0,598.001953125,593.8534716457165,594.1280457618639,0.0,41152100
2025-01-24,0.0,596.2561645507812,0.0,599.0120815203885,595.1087237951253,598.0607394613536,0.0,34604700
2025-01-27,0.0,587.8218383789062,0.0,588.1356800712656,583.1829911938827,583.3496990163546,0.0,70361100
2025-01-28,0.0,592.8727416992188,0.0,593.7063408187366,585.742793521421,589.0478589949998,0.0,44433300
2025-01-29,0.0,590.21484375,0.0,592.4901511824414,587.6747192887742,592.0880171861997,0.0,37177400
2025-01-30,0.0,593.3826904296875,0.0,594.9126315608507,589.1459165604987,592.3235418567856,0.0,39281300
2025-01-31,0.0,590.2246704101562,0.0,598.2078504382997,589.4694869358445,595.7952259985301,0.0,66566900
2025-02-03,0.0,586.2527465820312,0.0,588.7241528776601,579.1129820721995,581.2509726905776,0.0,65857200
2025-02-04,0.0,590.1854858398438,0.0,590.695426254437,585.7721876960313,586.3115788306599,0.0,33457800
2025-02-05,0.0,592.5784301757812,0.0,592.7255640609287,587.0471418694162,589.0674493379312,0.0,30653100
2025-02-06,0.0,594.6380004882812,0.0,594.7655005585997,591.0190935628144,594.3143418590737,0.0,35771500
2025-02-07,0.0,589.1949462890625,0.0,596.4131263461926,588.4887874469584,595.1970270806008,0.0,50788500
2025-02-10,0.0,593.1962890625,0.0,593.8337894109928,591.1269569453736,592.3921407355843,0.0,26048700
2025-02-11,0.0,593.6474609375,0.0,594.1868520894046,590.8229452462591,590.940628411795,0.0,30056700
2025-02-12,0.0,591.7349853515625,0.0,592.9020598913557,586.9784547529548,587.6551628450902,0.0,45076100
2025-02-13,0.0,597.9822998046875,0.0,598.1882752794738,591.5781445820884,592.8334516677448,0.0,40921300
2025-02-14,0.0,597.952880859375,0.0,599.2180047928703,597.3350143232245,598.1882471856823,0.0,26910400
2025-02-18,0.0,599.7083740234375,0.0,599.7083740234375,596.6583089558027,599.1101412981178,0.0,26749000
2025-02-19,0.0,601.1205444335938,0.0,601.4147523000511,597.815479705502,598.3254799134808,0.0,31011100
2025-02-20,0.0,598.6197509765625,0.0,599.8946917719264,595.3245028060013,599.7573748000233,0.0,36554000
2025-02-21,0.0,588.380859375,0.0,598.5412371785455,587.919883815814,598.4039202154535,0.0,76519800
2025-02-24,0.0,585.7034912109375,0.0,591.4113636230724,584.9973324269623,590.4208138598086,0.0,50737200
2025-02-25,0.0,582.7906494140625,0.0,586.3703480772401,578.2008270937978,585.6446153828091,0.0,58266500
2025-02-26,0.0,583.0849609375,0.0,588.0278934374002,580.4566037497201,584.4481941378576,0.0,43321600
2025-02-27,0.0,573.7777709960938,0.0,586.4979078319449,573.3855137517263,585.3504072406853,0.0,74196700
2025-02-28,0.0,582.73193359375,0.0,583.2615078706541,571.2181376161361,574.2780198233005,0.0,88744100
2025-03-03,0.0,572.5224609375,0.0,585.8310134980443,568.727029424783,584.6933298193593,0.0,74249200
2025-03-04,0.0,565.7456665039062,0.0,574.1113483546197,561.224501400552,568.5407916793482,0.0,109648200
2025-03-05,0.0,571.826171875,0.0,573.611113090913,562.0384758390375,565.5789075488999,0.0,71230500
2025-03-06,0.0,561.6756591796875,0.0,568.9918895864693,559.1355341853182,564.392249084706,0.0,80094900
2025-03-07,0.0,564.8236694335938,0.0,566.2653779091431,554.7319495414885,559.9004310284239,0.0,81158800
2025-03-10,0.0,549.779296875,0.0,558.5666258451241,544.8854490052353,556.6542444695278,0.0,99326600
2025-03-11,0.0,545.2090454101562,0.0,553.1530182295099,541.3842228164132,548.6220367842027,0.0,88102100
2025-03-12,0.0,548.1021728515625,0.0,552.2604706321457,543.0219837811946,551.3385793423611,0.0,69588200
2025-03-13,0.0,540.7957763671875,0.0,548.337615563181,539.0893105175023,547.7295658893665,0.0,74079400
2025-03-14,0.0,551.9662475585938,0.0,552.966614210826,540.8643446212099,545.3953255555126,0.0,62660300
2025-03-17,0.0,556.2227783203125,0.0,558.7334525568257,551.5152117500542,551.9467366903547,0.0,49008700
2025-03-18,0.0,550.2108154296875,0.0,554.1337472059147,548.2885573100283,553.9179548314441,0.0,66041400
2025-03-19,0.0,556.203125,0.0,559.9495323368723,550.8090933649922,551.9859849662871,0.0,66556000
2025-03-20,0.0,554.5946655273438,0.0,559.5768056668136,551.7603329396793,552.4763086964069,0.0,62958200
2025-03-21,0.0,554.777587890625,1.696,555.6727731535583,548.9247213465745,550.1543252489805,0.0,83763000
2025-03-24,0.0,564.712890625,0.0,565.7654388953832,560.8961948547495,561.4863807824129,0.0,58766800
2025-03-25,0.0,566.0703735351562,0.0,567.0048245728844,564.3292350043083,565.9129505962637,0.0,38355700
2025-03-26,0.0,559.3124389648438,0.0,566.926137079624,557.9352585138073,565.8047238585734,0.0,51848300
2025-03-27,0.0,557.8271484375,0.0,561.5848258877031,555.7220517439531,557.925492752828,0.0,42164200
2025-03-28,0.0,546.5933227539062,0.0,557.0302460332103,546.0129833491962,556.3023301483869,0.0,71662700
2025-03-31,0.0,550.2625732421875,0.0,551.5610423029548,537.9468400615768,540.8585640195936,0.0,95328200
2025-04-01,0.0,551.8167114257812,0.0,553.7545984642982,544.6456828297712,548.3541875419536,0.0,54609600
2025-04-02,0.0,555.308837890625,0.0,558.1614830372098,545.7572527723408,545.9933271249679,0.0,76014500
2025-04-03,0.0,527.9428100585938,0.0,539.02887941269,527.9428100585938,536.2155597389653,0.0,125986000
2025-04-04,0.0,497.0354309082031,0.0,517.2894637749819,496.8190194100305,515.1253487932553,0.0,217965100
2025-04-07,0.0,496.150146484375,0.0,514.6335325434056,473.93856260259804,481.20799599577117,0.0,256611400
2025-04-08,0.0,488.3790283203125,0.0,516.413968489066,481.1784603514281,513.344881818952,0.0,165816600
2025-04-09,0.0,539.6683349609375,0.0,539.6683349609375,485.0050459934576,485.38869689536773,0.0,241867300
2025-04-10,0.0,516.0205688476562,0.0,524.7950065034121,501.0095530572283,523.4866909882965,0.0,162331200
2025-04-11,0.0,525.227783203125,0.0,527.6771446389012,511.58410272380377,514.47613358467,0.0,97866300
2025-04-14,0.0,530.3232421875,0.0,535.3990807406135,525.149059337469,535.172792794898,0.0,68034000
2025-04-15,0.0,528.837890625,0.0,534.3661851955569,528.0509561027874,530.8642755383438,0.0,56892900
2025-04-16,0.0,517.0828247070312,0.0,529.1133096787019,511.80045133694625,523.0046160988867,0.0,83484800
2025-04-17,0.0,517.8206176757812,0.0,522.5029590498531,515.3614098145464,519.0305887702018,0.0,79868100
2025-04-21,0.0,505.4951171875,0.0,513.1875268574667,500.16354114488826,512.6562995153043,0.0,69368100
2025-04-22,0.0,518.64697265625,0.0,520.6635112296127,510.71848838241135,511.6529994400941,0.0,75948100
2025-04-23,0.0,526.6837158203125,0.0,536.5303956362238,525.1688650945055,531.6119789480975,0.0,90590700
2025-04-24,0.0,537.769775390625,0.0,538.4976913582739,526.7131857388315,527.9624225863133,0.0,64150400
2025-04-25,0.0,541.6553955078125,0.0,542.0586792500782,534.8187844540605,537.7305086834277,0.0,61119600
2025-04-28,0.0,541.8619384765625,0.0,544.5178954762085,536.1271078892217,542.3931659000511,0.0,47613800
2025-04-29,0.0,545.2752685546875,0.0,546.3868353532918,539.5993973829874,539.9535089190233,0.0,47775100
2025-04-30,0.0,545.49169921875,0.0,547.4394329210733,532.6841838633078,538.6354556420874,0.0,93101500
2025-05-01,0.0,549.3574829101562,0.0,554.8661444027258,548.7574506167018,551.2265048528457,0.0,63186100
2025-05-02,0.0,557.5123291015625,0.0,559.1058911654948,553.2037916578166,555.5154232826195,0.0,60717300
2025-05-05,0.0,554.3153076171875,0.0,557.4040871519024,552.5348434974896,553.390643044351,0.0,38659200
2025-05-06,0.0,549.6821899414062,0.0,554.1579367361115,547.8722463773032,548.8263903141681,0.0,48264700
2025-05-07,0.0,551.993896484375,0.0,554.6203140304898,546.9672292946763,551.0102132045591,0.0,55588000
2025-05-08,0.0,555.8399658203125,0.0,561.0043020556944,552.5348050390884,556.0170215722441,0.0,65130800
2025-05-09,0.0,555.1318359375,0.0,558.2402486138279,553.5775995797053,557.2368724786456,0.0,37603400
2025-05-12,0.0,573.4774780273438,0.0,573.487324465949,567.6245507869492,571.9822603015932,0.0,78993600
2025-05-13,0.0,577.2647705078125,0.0,579.4682116321595,573.3300370602593,573.8906837419801,0.0,67947200
2025-05-14,0.0,578.00244140625,0.0,579.3697154326957,575.9858428026291,578.2188228927168,0.0,66283500
2025-05-15,0.0,580.8255004882812,0.0,581.3271283980055,575.5529138450648,576.0054296506413,0.0,71268100
2025-05-16,0.0,584.5045166015625,0.0,584.799609527031,579.6648125061226,581.6026394160758,0.0,76052100
2025-05-19,0.0,585.1438598632812,0.0,585.8226035943907,578.5039990308309,578.5039990308309,0.0,68168500
2025-05-20,0.0,583.176513671875,0.0,584.3569454237166,579.9795435318993,583.4126480536456,0.0,60614500
2025-05-21,0.0,573.3494873046875,0.0,582.9109177576073,572.3264785482603,578.8384555269332,0.0,95197700
2025-05-22,0.0,573.5758056640625,0.0,577.0481757894836,571.9231652201731,573.1527690961759,0.0,70860400
2025-05-23,0.0,569.6607666015625,0.0,572.3167232636762,566.2080289447406,566.5818333658885,0.0,76029000
2025-05-27,0.0,581.5042724609375,0.0,581.6616353353045,568.9917925553825,576.5071456404713,0.0,72588500
2025-05-28,0.0,578.1400756835938,0.0,583.0978771602481,577.412159762467,581.9075989404909,0.0,68445500
2025-05-29,0.0,580.4223022460938,0.0,583.5209285665185,576.5072620387259,583.383198499108,0.0,69973300
2025-05-30,0.0,579.77294921875,0.0,581.4845480662418,573.7232746336874,579.3204334156932,0.0,90601200
2025-06-02,0.0,583.0388793945312,0.0,583.1175308206884,575.51367904973,578.1696356443219,0.0,61630500
2025-06-03,0.0,586.3636474609375,0.0,587.3374840604879,582.1927809545153,582.6748360752176,0.0,63606200
2025-06-04,0.0,586.206298828125,0.0,588.1933580255613,585.77347583579,587.2195213026215,0.0,57314200
2025-06-05,0.0,583.373291015625,0.0,589.2262178754949,581.405924678812,587.8785767379185,0.0,92278700
2025-06-06,0.0,589.364013671875,0.0,591.0264408134955,587.1211869788787,588.8918048716712,0.0,66588700
2025-06-09,0.0,589.8951416015625,0.0,591.4395314497265,588.7245561772476,589.9344673159251,0.0,53016400
2025-06-10,0.0,593.2396850585938,0.0,593.6232758793388,589.3147986704665,590.426305457828,0.0,66247000
2025-06-11,0.0,591.5477294921875,0.0,595.1873694307895,589.491865174911,594.3315698285918,0.0,73658200
2025-06-12,0.0,593.8987426757812,0.0,593.8987426757812,589.7377818775473,590.2197770479303,0.0,64129000
2025-06-13,0.0,587.2589111328125,0.0,592.0297509680191,585.7636933525403,588.7344360351562,0.0,89506000
2025-06-16,0.0,592.84619140625,0.0,594.5873299052357,590.4263090889528,590.6034249017806,0.0,79984100
2025-06-17,0.0,587.7802734375,0.0,591.9313878788944,587.0228181324287,590.4165373080118,0.0,82209400
2025-06-18,0.0,587.691650390625,0.0,591.4099413940326,586.7374465360585,588.6753335186196,0.0,76605000
2025-06-20,0.0,586.3114624023438,1.761,591.421997724495,584.9104595060545,590.3564623402502,0.0,94051400
2025-06-23,0.0,592.1027221679688,0.0,592.4874469643536,583.9534693671619,587.0611954614843,0.0,87426000
2025-06-24,0.0,598.6438598632812,0.0,599.699459496435,595.3189919942236,596.2266992885851,0.0,67735300
2025-06-25,0.0,598.9793090820312,0.0,600.4493204937829,597.4204779573378,599.7586945360007,0.0,62114800
2025-06-26,0.0,603.6655883789062,0.0,604.0996909412141,600.2125189749694,600.8242007377552,0.0,78548400
2025-06-27,0.0,606.664794921875,0.0,608.1249909093486,602.6395460052738,604.6620460106875,0.0,86258400
2025-06-30,0.0,609.5654296875,0.0,610.9170549934429,606.793110456443,609.1017606660369,0.0,92502500
2025-07-01,0.0,609.3681030273438,0.0,610.5322734636828,607.2666588703396,608.0953617899536,0.0,70030100
2025-07-02,0.0,612.130615234375,0.0,612.1700572103479,608.3420779544849,608.9636353224103,0.0,66510400
2025-07-03,0.0,616.9549560546875,0.0,617.882354174148,614.0839419945853,614.1036930875782,0.0,51065800
2025-07-07,0.0,612.357421875,0.0,615.6625385416997,609.5851029977032,615.0014790783108,0.0,74814500
2025-07-08,0.0,612.0220336914062,0.0,613.7682592313246,611.2130216520668,613.0184402574613,0.0,59024600
2025-07-09,0.0,615.6921997070312,0.0,616.3433235071365,612.5844128464531,614.4195185348103,0.0,66113300
2025-07-10,0.0,617.4285888671875,0.0,618.4644977127873,614.6562696587606,615.8303157415752,0.0,57529000
2025-07-11,0.0,615.2579345703125,0.0,616.4812978948729,613.1959929007123,614.3897295883519,0.0,63670200
2025-07-14,0.0,616.43212890625,0.0,616.7774117864018,613.4624793566222,614.8042291186631,0.0,51898500
2025-07-15,0.0,613.7979125976562,0.0,619.4411858079188,613.7189684346675,619.1057784945341,0.0,74317300
2025-07-16,0.0,615.8499755859375,0.0,616.3531467698953,609.7627242916457,615.3764310442137,0.0,88987500
2025-07-17,0.0,619.6187133789062,0.0,619.9739319743786,615.8104858123922,616.0275671883336,0.0,68885700
2025-07-18,0.0,619.1649780273438,0.0,621.0295897988693,618.0600006009754,620.861886140426,0.0,65621600
2025-07-21,0.0,620.3389892578125,0.0,623.0718060276608,619.9147622533486,620.3389892578125,0.0,63375000
2025-07-22,0.0,620.4277954101562,0.0,621.2861250306559,617.7936134788556,620.6645676893623,0.0,60046300
2025-07-23,0.0,625.7060546875,0.0,625.7060546875,621.2860849659141,623.0816882564411,0.0,70511000
2025-07-24,0.0,625.9132080078125,0.0,627.6200518287297,625.488980993582,626.0907872079496,0.0,71307100
2025-07-25,0.0,628.5572509765625,0.0,629.0308557161836,626.3276053702117,626.5742531786653,0.0,56865400
2025-07-28,0.0,628.3994140625,0.0,629.4846403177779,627.0181622678288,628.9321516432593,0.0,54917100
2025-07-29,0.0,626.741943359375,0.0,630.1061928990167,625.8342963044605,629.7904764849706,0.0,60556300
2025-07-30,0.0,625.95263671875,0.0,629.129431287321,623.0717472322541,627.3930212452535,0.0,80418900
2025-07-31,0.0,623.6046142578125,0.0,631.2703873241156,622.3121821287813,630.8856625012866,0.0,103385200
2025-08-01,0.0,613.3834838867188,0.0,617.9415908673775,610.9860743719428,617.9020886786027,0.0,140103600
2025-08-04,0.0,622.7066650390625,0.0,622.7559825489172,617.191654712368,617.2804141867587,0.0,73218000
2025-08-05,0.0,619.5496215820312,0.0,624.1274190145356,618.6320990296246,623.3184070376644,0.0,68051400
2025-08-06,0.0,624.2952880859375,0.0,624.946411865637,619.7076143339553,620.6152614930611,0.0,64357500
2025-08-07,0.0,623.7722778320312,0.0,628.4388348760696,620.6743670535704,627.7087670325432,0.0,74205800
2025-08-08,0.0,628.6361694335938,0.0,629.0998986072367,625.2422933193634,625.5580097272857,0.0,64051600
2025-08-11,0.0,627.3931274414062,0.0,630.3825280073482,626.1500127592028,628.912516593768,0.0,58742300
2025-08-12,0.0,634.0723266601562,0.0,634.2301547632397,628.2514142554742,629.7313011159781,0.0,64730800
2025-08-13,0.0,636.242919921875,0.0,637.5254766532149,634.0625313268665,636.2626108017824,0.0,60092800
2025-08-14,0.0,636.302001953125,0.0,636.9630011917295,633.7270133914775,634.1709312549185,0.0,59327500
2025-08-15,0.0,634.8123168945312,0.0,637.4268079608856,633.9046697471923,637.328112699525,0.0,68592500
2025-08-18,0.0,634.674072265625,0.0,635.3646981112688,633.5690949992928,634.2399697526556,0.0,43804900
2025-08-19,0.0,631.23095703125,0.0,635.4732874420525,629.9187737835771,634.4965717210093,0.0,69750700
2025-08-20,0.0,629.5536499023438,0.0,631.0828541065845,624.4628661799295,630.8263909955051,0.0,88890300
2025-08-21,0.0,627.0281372070312,0.0,629.4156714771482,625.3114778468331,627.7483898591755,0.0,54805800
2025-08-22,0.0,636.6572265625,0.0,637.831272612948,628.7053031285401,629.2084743239826,0.0,84083200
2025-08-25,0.0,633.8552856445312,0.0,636.6374803454853,633.736899505491,635.404241216521,0.0,51274300
2025-08-26,0.0,636.5092163085938,0.0,636.8545593934813,632.9673872646679,633.5889446007113,0.0,51581600
2025-08-27,0.0,637.95947265625,0.0,638.6895405097797,635.7790844255956,635.9270971923372,0.0,48341100
2025-08-28,0.0,640.2188110351562,0.0,640.7712997557803,636.6868575289449,638.5613448732837,0.0,61519500
2025-08-29,0.0,636.400634765625,0.0,639.1532627231435,634.5162720889837,638.7881685836082,0.0,74522200
2025-09-02,0.0,631.6847534179688,0.0,631.9017745733,626.406454480519,628.9518765829083,0.0,81983500
2025-09-03,0.0,635.1082763671875,0.0,635.5720055927542,631.8722882029587,634.0526164459553,0.0,70820900
2025-09-04,0.0,640.4161376953125,0.0,640.4457643382553,634.8813749728572,635.7791465574808,0.0,65219200
2025-09-05,0.0,638.561279296875,0.0,643.4646688785257,634.7037341963564,642.7444163544111,0.0,85178900
2025-09-08,0.0,640.1300048828125,0.0,641.1264716601992,638.5514227841185,639.922799046398,0.0,63133100
2025-09-09,0.0,641.6099243164062,0.0,642.1327863823664,638.54157966928,640.268114410177,0.0,66133900
2025-09-10,0.0,643.4647216796875,0.0,645.7733115580726,641.9058905935132,644.855788891868,0.0,78034500
2025-09-11,0.0,648.8119506835938,0.0,649.5025765403432,644.8261440671411,645.4081991313436,0.0,69934400
2025-09-12,0.0,648.5949096679688,0.0,650.2721267910674,648.0917987261137,648.7823644090812,0.0,72780100
2025-09-15,0.0,652.0480346679688,0.0,652.1762963553084,650.4991393056443,650.7951046545995,0.0,63772400
2025-09-16,0.0,651.1502075195312,0.0,652.9063688014267,650.3708221309846,652.6004677140577,0.0,61169000
2025-09-17,0.0,650.3411865234375,0.0,652.8471065185831,645.5266166017295,651.1600740883537,0.0,101952200
2025-09-18,0.0,653.3799438476562,0.0,655.9746837040749,651.4166368558095,653.0149098952402,0.0,90459200
2025-09-19,0.0,656.6160278320312,1.831,657.4569312262267,653.3215535907623,655.2606553211801,0.0,97945600
2025-09-22,0.0,659.7224731445312,0.0,660.1676217378205,655.1022751701781,655.131983947701,0.0,69452200
2025-09-23,0.0,656.1312255859375,0.0,660.2171487108257,654.9143129749383,659.6037107504653,0.0,81708900
2025-09-24,0.0,654.0436401367188,0.0,657.5161853625601,652.6289106713185,657.4172768788721,0.0,68082200
2025-09-25,0.0,651.0263061523438,0.0,652.3717757310584,647.4251431178142,650.91749472694,0.0,89622100
2025-09-26,0.0,654.7560424804688,0.0,655.3001599546333,650.8580938277397,652.4707007820219,0.0,69179200
2025-09-29,0.0,656.5962524414062,0.0,658.1792111877495,654.7956708332731,657.2689872647139,0.0,73499000
2025-09-30,0.0,659.0695190429688,0.0,659.5345338964465,654.5482897020846,655.8542079251938,0.0,86288000
2025-10-01,0.0,661.3153076171875,0.0,662.2254710850941,655.9828233173913,656.0916347397471,0.0,72545400
2025-10-02,0.0,662.0770263671875,0.0,663.4126533220159,659.6631277666079,663.2939389771905,0.0,56896000
2025-10-03,0.0,662.0671997070312,0.0,665.5001336306916,661.0283585893458,662.838842966907,0.0,70494400
2025-10-06,0.0,664.4415283203125,0.0,665.3319462864663,662.314512664693,664.451431246289,0.0,54623300
2025-10-07,0.0,661.9781494140625,0.0,665.8068381763353,660.5436138980969,665.3616291701808,0.0,72020100
2025-10-08,0.0,665.925537109375,0.0,666.0245059882836,662.2749199573431,663.0960778489103,0.0,60702200
2025-10-09,0.0,663.996337890625,0.0,666.7466945063586,662.0671995495462,666.3410972158545,0.0,66501900
2025-10-10,0.0,646.0499877929688,0.0,666.7565834688588,645.8719162752307,664.9560020556908,0.0,159422600
2025-10-13,0.0,655.9630126953125,0.0,658.030731623523,652.7279561413051,653.5985682812151,0.0,79560500
2025-10-14,0.0,655.1616821289062,0.0,658.7232938317348,646.1983862715207,650.1556923521978,0.0,88779600
2025-10-15,0.0,658.0703125,0.0,663.076302337462,651.8969246006144,659.70272543157,0.0,81702600
2025-10-16,0.0,653.5887451171875,0.0,661.5726180936518,650.0963932050812,659.7027763115389,0.0,110563300
2025-10-17,0.0,657.2986450195312,0.0,658.6540174880462,651.1153544209424,652.4608239631079,0.0,96500900
2025-10-20,0.0,664.1348876953125,0.0,665.0352086527322,660.1479331778372,660.197387427611,0.0,60493400
2025-10-21,0.0,664.1249389648438,0.0,665.8068060270512,662.8289237149189,664.2733620876278,0.0,56249000
2025-10-22,0.0,660.6722412109375,0.0,664.8274246920023,656.2202718491607,664.8274246920023,0.0,80564000
2025-10-23,0.0,664.5899658203125,0.0,665.5298380529869,660.6722112216523,660.988802941274,0.0,65604500
2025-10-24,0.0,670.0213623046875,0.0,671.2283116328227,668.4384640813665,669.2398161192735,0.0,74356500
2025-10-27,0.0,677.9260864257812,0.0,678.2228723013301,674.8393925526769,675.4428672302427,0.0,63339800
2025-10-28,0.0,679.7265625,0.0,681.5567921017911,677.5203840529186,679.7166595750679,0.0,61738100
2025-10-29,0.0,680.0531616210938,0.0,682.338503435176,675.5813864900747,681.3689223981395,0.0,85657100
2025-10-30,0.0,672.5738525390625,0.0,678.6186229721906,672.5738525390625,676.600418646911,0.0,76335800
2025-10-31,0.0,674.780029296875,0.0,677.7678146457715,671.9901213244605,677.7282029402567,0.0,87164100
2025-11-03,0.0,676.04638671875,0.0,678.4800912258883,672.6826525168186,678.3514739521635,0.0,57315000
2025-11-04,0.0,668.0328369140625,0.0,672.7024895383894,667.3799079726423,668.8935461650569,0.0,78427000
2025-11-05,0.0,670.3478393554688,0.0,673.5927987432043,666.9742023136038,667.7755543304748,0.0,74402400
2025-11-06,0.0,663.1554565429688,0.0,670.150002278421,661.5824008089137,669.2496813312496,0.0,85035300
2025-11-07,0.0,663.808349609375,0.0,663.9172214121945,654.1525740278607,660.781013040124,0.0,100592400
2025-11-10,0.0,674.1666870117188,0.0,674.8987789977223,667.8251303916195,670.0115034227329,0.0,75842900
2025-11-11,0.0,675.7099609375,0.0,676.2738842563608,671.485517700804,672.6925273614432,0.0,58953400
2025-11-12,0.0,676.0859375,0.0,677.6490902522322,673.6818813898049,677.4808612736824,0.0,62312500
2025-11-13,0.0,664.8670043945312,0.0,673.5928719621189,663.3632690735044,673.2367288900627,0.0,103457800
2025-11-14,0.0,664.7581176757812,0.0,668.4482860302248,656.1905771441307,658.2780414721369,0.0,96846700
2025-11-17,0.0,658.5648803710938,0.0,666.5191031831638,655.1022380100518,662.551894702408,0.0,90456100
2025-11-18,0.0,653.0345458984375,0.0,658.0207289023332,648.8595573538132,655.03294403969,0.0,114467500
2025-11-19,0.0,655.5574340820312,0.0,660.2171837101976,651.7188423695233,653.7272041810384,0.0,94703000
2025-11-20,0.0,645.5652465820312,0.0,668.3494043558474,644.9320631333248,665.7276649913678,0.0,165293500
2025-11-21,0.0,651.995849609375,0.0,657.4568906385811,643.9031059831046,648.0582892153691,0.0,123956200
2025-11-24,0.0,661.59228515625,0.0,662.9081062970187,654.5285399004904,655.6167748873626,0.0,80437900
2025-11-25,0.0,667.8151245117188,0.0,668.9924253407057,657.3875856310649,661.4933143363089,0.0,81077100
2025-11-26,0.0,672.4254760742188,0.0,674.4239350690651,669.4970476879164,670.3973686817876,0.0,71879600
2025-11-28,0.0,676.0958251953125,0.0,676.3728052050843,673.2366572287348,673.5928002628821,0.0,49212000
2025-12-01,0.0,673.0090942382812,0.0,675.7000330812516,671.4953958513415,671.5646559458772,0.0,61201200
2025-12-02,0.0,674.2557373046875,0.0,676.5212733146432,672.0792068673397,674.6415287588202,0.0,62953800
2025-12-03,0.0,676.5905151367188,0.0,677.5995871066391,672.4353317565424,673.3059439079583,0.0,57238500
2025-12-04,0.0,677.085205078125,0.0,678.0547257643626,674.0677712084201,677.9854656605314,0.0,61970300
2025-12-05,0.0,678.3712768554688,0.0,681.0424704296607,677.2731389541586,678.1535936302283,0.0,79241000
2025-12-08,0.0,676.3333129882812,0.0,679.3111955598065,674.2953027143022,679.2617413091358,0.0,55231500
2025-12-09,0.0,675.7495727539062,0.0,678.0745263345831,675.3044241214166,675.8584445640498,0.0,58310100
2025-12-10,0.0,680.2312622070312,0.0,681.616283144729,674.0380683519487,675.2747265375898,0.0,85671300
2025-12-11,0.0,681.814208984375,0.0,681.8933720213179,674.8889226526387,677.827254110059,0.0,86173700
2025-12-12,0.0,674.4832763671875,0.0,681.5272765513724,671.9208940415416,680.8248329648462,0.0,113160300
2025-12-15,0.0,673.4641723632812,0.0,678.4405133715769,671.999988545765,678.4207075198718,0.0,90811000
2025-12-16,0.0,671.6240844726562,0.0,673.8105178026394,667.7755898483048,671.9802275249427,0.0,122030600
2025-12-17,0.0,664.2338256835938,0.0,673.1773153631458,664.035948310003,672.6331978735437,0.0,110625200
2025-12-18,0.0,669.2496337890625,0.0,673.4740770479272,667.6964444022054,670.3675775068244,0.0,108650100
2025-12-19,0.0,675.3153686523438,1.993,675.8114935895343,671.2272434527378,671.3463691548195,0.0,103599500
2025-12-22,0.0,679.5224609375,0.0,680.0483218496023,675.3153313921905,678.639344063116,0.0,69556700
2025-12-23,0.0,682.628173828125,0.0,682.8663040830753,678.569845619967,678.6194459960617,0.0,64840000
2025-12-24,0.0,685.0294799804688,0.0,685.4760045408373,682.4694583215327,682.6183200290311,0.0,39445600
2025-12-26,0.0,684.9600219726562,0.0,686.2995351048382,683.9281038851597,685.2874813951044,0.0,41613300
2025-12-29,0.0,682.51904296875,0.0,683.8586166189733,680.7528697076866,682.2114479341877,0.0,62559500
2025-12-30,0.0,681.685546875,0.0,683.2235219572843,681.2588867271484,682.1221392108215,0.0,47160700
2025-12-31,0.0,676.635009765625,0.0,682.0328514439952,676.4266760541103,681.8145855439083,0.0,74144800
2026-01-02,0.0,677.8753051757812,0.0,681.5466416904673,674.5512924418268,680.3956585252009,0.0,89377200
2026-01-05,0.0,682.3900756835938,0.0,684.0868448237256,681.0604947255163,681.2192280630002,0.0,71927200
2026-01-06,0.0,686.4483642578125,0.0,686.9544213697425,682.4496288665487,682.5984300063299,0.0,69273800
2026-01-07,0.0,684.2356567382812,0.0,688.5817158514149,683.9776620917838,686.8254142672773,0.0,75588300
2026-01-08,0.0,684.1661987304688,0.0,685.2675815209567,682.1618346683338,683.4815439165204,0.0,64019200
2026-01-09,0.0,688.6908569335938,0.0,689.9212370510019,683.8387406584166,685.2775150455628,0.0,80125500
2026-01-12,0.0,689.7723999023438,0.0,690.6952455853734,685.2775394384523,685.3271398200249,0.0,63976000
2026-01-13,0.0,688.3931884765625,0.0,690.6952153647912,685.9919002674054,690.0998291255927,0.0,78309700
2026-01-14,0.0,685.0095825195312,0.0,686.3590277621203,680.7230559588451,685.6446369497345,0.0,94676700
2026-01-15,0.0,686.8750610351562,0.0,690.0602050162862,685.8927433241695,689.1870202593807,0.0,77862000
2026-01-16,0.0,686.2994995117188,0.0,688.869453251486,684.7515921796883,688.2839991969948,0.0,79289200
2026-01-20,0.0,672.32861328125,0.0,679.4628915199756,671.3264313278333,676.2082832182709,0.0,111623300
2026-01-21,0.0,680.0880737304688,0.0,683.402154325963,672.8743979165272,674.3826370735425,0.0,127844500
2026-01-22,0.0,683.6403198242188,0.0,685.7736813437502,681.5962874434288,684.5035723961656,0.0,77112200
2026-01-23,0.0,683.8883056640625,0.0,685.6049389887335,681.8343413244536,682.8167194920136,0.0,63059600
2026-01-26,0.0,687.3612670898438,0.0,688.7504412014587,684.5730472396109,685.1386369609629,0.0,60473800
2026-01-27,0.0,690.0997924804688,0.0,691.1317710154308,688.1946898528689,688.799947686109,0.0,55506100
2026-01-28,0.0,690.0303344726562,0.0,692.4316225777728,688.5618241580821,691.6477064811113,0.0,61172200
2026-01-29,0.0,688.6610717773438,0.0,691.657685737667,679.5224893166136,690.9928952881424,0.0,97486200
2026-01-30,0.0,686.607177734375,0.0,688.8298685233847,681.7947896393288,686.4285800085149,0.0,101835100
2026-02-02,0.0,690.0204467773438,0.0,691.5286859406688,684.0768798206813,684.2356737126761,0.0,79286500
2026-02-03,0.0,684.18603515625,0.0,691.5584439188771,678.7286612443456,690.8142565672537,0.0,107904600
2026-02-04,0.0,680.8719482421875,0.0,686.0911923060062,676.4762885369656,684.9996810996682,0.0,105204600
2026-02-05,0.0,672.3683471679688,0.0,678.3913111024622,670.5525129616972,675.6626239798336,0.0,113610800
2026-02-06,0.0,685.267578125,0.0,686.9444827733389,675.5732778299765,676.1785962582386,0.0,89127600
2026-02-09,0.0,688.57177734375,0.0,690.4768800480663,683.0052703670985,684.0768565720822,0.0,73885200
2026-02-10,0.0,686.7559204101562,0.0,691.1416475283962,686.2994637039938,689.5640042757049,0.0,65185700
2026-02-11,0.0,686.5972290039062,0.0,691.7370759669038,683.8387453470867,690.9928885783248,0.0,76353900
2026-02-12,0.0,675.9901123046875,0.0,689.9609473653614,675.097063165144,688.8595645054852,0.0,118829000
2026-02-13,0.0,676.46630859375,0.0,680.96122930703,672.2691112734435,676.4067760275798,0.0,96267500
2026-02-17,0.0,677.5578002929688,0.0,679.6316291710169,670.5426469985775,674.8688419019007,0.0,81354700
2026-02-18,0.0,680.9711303710938,0.0,683.8090109802145,677.53798463666,678.7187643851827,0.0,73570300
2026-02-19,0.0,679.1751708984375,0.0,680.8620077880265,676.2678860499572,678.5401770095443,0.0,58649400
2026-02-20,0.0,684.0868530273438,0.0,684.71197532004,676.4465165538227,677.0319706522042,0.0,100034000
2026-02-23,0.0,677.1013793945312,0.0,684.6523861034582,675.0970153480879,682.4992209190492,0.0,90558100
2026-02-24,0.0,682.0228881835938,0.0,683.0151380016027,674.7298762460771,676.6151751251432,0.0,73798700
2026-02-25,0.0,687.7780151367188,0.0,688.3038760705598,684.7516046120257,684.8310015582731,0.0,56369500
2026-02-26,0.0,683.957763671875,0.0,687.926762805978,679.0461151309984,687.9069589925494,0.0,71671000
2026-02-27,0.0,680.6734619140625,0.0,681.5367144347911,676.35719931042,677.795973699009,0.0,83308900
2026-03-02,0.0,681.0604248046875,0.0,683.2830546740443,672.765230984366,673.4399535831263,0.0,87477200
2026-03-03,0.0,675.057373046875,0.0,677.3196712649806,664.4700232973693,669.8281968363514,0.0,105003100
2026-03-04,0.0,679.8201904296875,0.0,681.7650220692323,674.3528836974749,676.3473157204403,0.0,79182200
2026-03-05,0.0,676.0297241210938,0.0,680.2170498641997,670.3738880206191,676.7937758642711,0.0,106606500
2026-03-06,0.0,667.1688842773438,0.0,670.869956423512,664.569194806431,668.1908700160953,0.0,100687000
2026-03-09,0.0,673.0133056640625,0.0,674.650481531912,657.2563736570586,661.2253729422058,0.0,102667700
2026-03-10,0.0,671.9317626953125,0.0,678.0638596518006,669.5305349566006,672.4675558251363,0.0,81505300
2026-03-11,0.0,671.08837890625,0.0,674.8093159596237,668.1215614523004,672.3286912573745,0.0,68441700
2026-03-12,0.0,660.89794921875,0.0,666.4446526664856,660.7094193200438,665.9583993556241,0.0,108882200
2026-03-13,0.0,657.1571655273438,0.0,667.1293254881115,656.2343803863124,664.0831110227487,0.0,97200200
2026-03-16,0.0,663.844970703125,0.0,666.8613885560293,661.9497395049242,663.1999840519829,0.0,82023100
2026-03-17,0.0,665.5912475585938,0.0,669.2129836950214,664.5097291491037,667.1788836379297,0.0,87128000
2026-03-18,0.0,656.3037719726562,0.0,664.5295009374192,656.0656417127632,663.1800557566115,0.0,82062600
2026-03-19,0.0,654.6864013671875,0.0,657.8417484417536,650.0922799802194,651.8783174953539,0.0,111272500
2026-03-20,0.0,645.301025390625,1.797,653.380093364961,641.4703940766159,653.2010079047443,0.0,163617500
2026-03-23,0.0,652.07666015625,0.0,659.2801583045331,650.6439158314106,654.7531040433624,0.0,134802700
2026-03-24,0.0,649.8877563476562,0.0,653.7183875512989,646.604401549905,648.0371459178807,0.0,96457500
2026-03-25,0.0,653.5093994140625,0.0,657.5588924447279,650.9423865337293,655.3500504609481,0.0,90653800
2026-03-26,0.0,641.8385620117188,0.0,651.5493174066021,641.5699034672713,648.773401781548,0.0,96494400
2026-03-27,0.0,630.8939819335938,0.0,639.4207325687934,629.9188801961861,639.2615657472361,0.0,103649400
2026-03-30,0.0,628.78466796875,0.0,637.1423539459004,626.108284608157,636.8836547011163,0.0,99275900
2026-03-31,0.0,647.0620727539062,0.0,648.255975728372,634.7643255692599,635.719508676349,0.0,152534100
2026-04-01,0.0,651.9373779296875,0.0,655.2008748639518,649.7086779392242,650.6041659517412,0.0,97841500
2026-04-02,0.0,652.5244140625,0.0,654.8824636102106,641.858414876014,643.161809607987,0.0,68358700
2026-04-06,0.0,655.6088256835938,0.0,656.3948220300638,652.2160396308291,652.5542919409455,0.0,39105800
2026-04-07,0.0,655.8972778320312,0.0,656.285326673986,647.7784337275787,653.3402849463747,0.0,69980400
2026-04-08,0.0,672.6027221679688,0.0,673.6673363432215,668.0756676404139,672.980811715349,0.0,93606100
2026-04-09,0.0,676.4829711914062,0.0,677.7266707213284,670.3739652533407,671.438579338256,0.0,57134400
2026-04-10,0.0,676.0353393554688,0.0,678.5923930707559,675.0304203424645,677.885949822129,0.0,42253500
2026-04-13,0.0,682.641845703125,0.0,682.8408497944083,673.1698703787699,673.9956432299357,0.0,54185800
2026-04-14,0.0,690.959716796875,0.0,691.0791070995066,684.193942434314,684.2238203737314,0.0,63480500
2026-04-15,0.0,696.412109375,0.0,696.7504224001667,690.7010502942645,691.7557051691649,0.0,58240400
2026-04-16,0.0,698.1234130859375,0.0,699.2378238459212,695.0092450197437,697.5264615426626,0.0,49972400
2026-04-17,0.0,706.5607299804688,0.0,708.7993894133457,702.2028014262665,702.5808909886877,0.0,70661900
2026-04-20,0.0,705.1477661132812,0.0,706.3317705126415,702.5808139687996,705.20752199003,0.0,43546800
2026-04-21,0.0,700.53125,0.0,707.6949720613851,699.098505587723,706.7000123508461,0.0,58941400
2026-04-22,0.0,707.6253051757812,0.0,707.8640857857167,704.6503246823615,705.5756906371417,0.0,42518500
2026-04-23,0.0,704.8792114257812,0.0,708.7694771316526,698.7403270820959,705.9239069650033,0.0,56174000
2026-04-24,0.0,710.341552734375,0.0,710.8688498134599,705.4364085481575,707.1676287635845,0.0,45182000
2026-04-27,0.0,711.5653076171875,0.0,712.023010938504,708.7097781525541,709.5753882284523,0.0,33135900
2026-04-28,0.0,708.1028442382812,0.0,709.2868486650957,705.6751402340362,708.2321938525355,0.0,43117400
2026-04-29,0.0,707.993408203125,0.0,708.6102783309316,704.7995658491443,707.4163145996059,0.0,41859200
2026-04-30,0.0,715.0377197265625,0.0,716.1620290590424,706.8691393587039,711.0280636665188,0.0,67240900
2026-05-01,0.0,717.0177001953125,0.0,721.216400793299,716.8385540170647,717.6146516977453,0.0,43049800
2026-05-04,0.0,714.3909912109375,0.0,718.4802608161392,711.3861936216806,716.4406056700121,0.0,51950600
2026-05-05,0.0,720.1220092773438,0.0,721.3855668152729,717.8534719876392,718.1320898558575,0.0,36933200
2026-05-06,0.0,730.1312866210938,0.0,730.8874657022126,724.1515691652952,724.489821452625,0.0,53288900
2026-05-07,0.0,727.8926391601562,0.0,732.4196936796947,726.0718458933673,731.3451201928577,0.0,51724600
2026-05-08,0.0,733.9021606445312,0.0,734.359863963193,730.8675457398152,731.2257166531052,0.0,47227100
2026-05-11,0.0,735.5736694335938,0.0,737.0561496205491,732.7380586745534,732.7380586745534,0.0,44024000
2026-05-12,0.0,734.4593505859375,0.0,735.1160580011854,728.1413807257971,733.1758744234386,0.0,54185300
2026-05-13,0.0,738.5685424804688,0.0,740.1604537310201,731.7629913201908,734.7478704606156,0.0,44200200
2026-05-14,0.0,744.3989868164062,0.0,745.7521781705404,739.8122371427646,739.9018102364839,0.0,45307600
2026-05-15,0.0,735.4443969726562,0.0,739.712813256131,734.2405345152865,738.0511867146383,0.0,60410800
2026-05-18,0.0,734.927001953125,0.0,737.682999009625,729.6935042484962,736.1010471042457,0.0,47843900
2026-05-19,0.0,730.0317993164062,0.0,733.9320852676053,727.8429364442825,731.0765556379026,0.0,54255900
2026-05-20,0.0,737.5138549804688,0.0,738.1307251173267,730.1909663879147,732.0018002736176,0.0,45768000
2026-05-21,0.0,738.9764404296875,0.0,741.1156280791548,733.3151780259534,734.9170485709385,0.0,43332200
2026-05-22,0.0,741.8817749023438,0.0,745.1651298094138,740.7275876279662,742.4787264390759,0.0,41762000
2026-05-26,0.0,746.8068237304688,0.0,748.3390397979183,744.5979816306177,746.2297301040182,0.0,41123600
2026-05-27,0.0,746.677490234375,0.0,747.5928361692701,744.4487294597059,747.0953563113346,0.0,42106300
2026-05-28,0.0,750.7965698242188,0.0,751.3438462445121,745.4536410614309,746.4685193943138,0.0,41562600
2026-05-29,0.0,752.6671142578125,0.0,754.2590862562773,750.8861582097875,752.0900813404212,0.0,55075700
2026-06-01,0.0,754.7167358398438,0.0,756.4480167905853,750.8861651495049,751.5527711685265,0.0,43634900
2026-06-02,0.0,755.7415771484375,0.0,756.5674107365072,752.9357833937803,753.2144012702464,0.0,31581900
2026-06-03,0.0,750.4384155273438,0.0,754.9754294579049,749.7718095132926,754.3287420712209,0.0,51402500
2026-06-04,0.0,753.2740478515625,0.0,754.4878695071194,747.6823186029123,748.3091480570178,0.0,49923000
2026-06-05,0.0,733.83251953125,0.0,749.0255736853693,731.82274221843,748.5181345185488,0.0,93989400
2026-06-08,0.0,735.4940795898438,0.0,741.5832888174093,734.4693026781229,739.6132273185567,0.0,49319100
2026-06-09,0.0,733.3350219726562,0.0,743.1354112835509,718.9479438267383,739.881873688386,0.0,87683500
2026-06-10,0.0,721.7736206054688,0.0,734.6583610930755,721.6741489247238,729.69352181897,0.0,60341300
2026-06-11,0.0,734.04150390625,0.0,736.2702039965386,720.7587550057447,725.0868662900759,0.0,86330500
2026-06-12,0.0,738.0113525390625,0.0,740.6877965432628,731.3252525489901,736.9766163198905,0.0,57079500
2026-06-15,0.0,751.0254516601562,0.0,752.8661028247,747.9709180763429,748.0604304424444,0.0,60176400
2026-06-16,0.0,746.5481567382812,0.0,751.6323864215939,746.100412710964,750.7468576807364,0.0,67093100
2026-06-17,0.0,737.225341796875,0.0,748.3589429763433,735.4940609532621,747.5032315039188,0.0,85945200
2026-06-18,0.0,744.8902587890625,1.904,746.3765582049119,742.0173878962117,745.907751654771,0.0,80875700
2026-06-22,0.0,742.546142578125,0.0,748.321778689857,741.2892538871644,745.8479411927095,0.0,46628100
2026-06-23,0.0,731.7628784179688,0.0,737.7978798883457,730.4860198600484,731.9922892059834,0.0,66846800
2026-06-24,0.0,731.4237060546875,0.0,738.1171068570358,729.0296875445486,733.3489180103626,0.0,57439500
2026-06-25,0.0,732.4810791015625,0.0,737.5385276888334,727.7927091295785,737.0796452204372,0.0,53934400
2026-06-26,0.0,727.1842651367188,0.0,734.7056273477464,714.8050317832251,727.144386135875,0.0,71034000
2026-06-29,0.0,739.1644897460938,0.0,739.7231001504891,730.27658724538,734.7055914816465,0.0,58035200
2026-06-30,0.0,744.9202270507812,0.0,746.1671307285668,739.0547872797607,739.4537599262709,0.0,55626000
2026-07-01,0.0,743.9127197265625,0.0,747.5835968507926,740.541087308444,743.1545925484338,0.0,47100900
2026-07-02,0.0,742.9351806640625,0.0,749.4489739445169,738.1969465958291,745.5486859530862,0.0,57447800
2026-07-06,0.0,749.4190673828125,0.0,750.5462122974698,745.5585975722108,746.885320136641,0.0,50673300
2026-07-07,0.0,745.85791015625,0.0,749.0998597580657,743.364102770238,748.3616416292718,0.0,43721500
2026-07-08,0.0,743.5536499023438,0.0,744.3017921335774,737.6782249675691,741.3191472958572,0.0,43767400
2026-07-09,0.0,749.8480224609375,0.0,750.1073272936331,743.7431866839036,745.4987759890873,0.0,41441700
2026-07-10,0.0,753.0799560546875,0.0,753.5487626123848,746.2468873823584,750.187115173852,0.0,42191300
2026-07-13,0.0,747.3142700195312,0.0,752.0425191788765,746.1471851864706,750.6060836597362,0.0,44013600
2026-07-14,0.0,749.9677124023438,0.0,751.4739818301254,746.8055207475287,749.0499474324819,0.0,35143100
2026-07-15,0.0,752.9403076171875,0.0,753.7084197839658,748.3417413555546,752.3717122204262,0.0,43844800
2026-07-16,0.0,748.8604125976562,0.0,752.7009125511715,746.0274814662645,750.8953984161742,0.0,46409800
2026-07-17,0.0,741.4487915039062,0.0,745.438883195828,738.9649691671198,740.241827732839,0.0,62651000
2026-07-20,0.0,740.2518310546875,0.0,746.8753371556621,739.6732506975046,745.2094908804986,0.0,50422300
2026-07-21,0.0,746.426513671875,0.0,747.1845799829406,742.3366329839115,744.4413918284653,0.0,34324300
2026-07-22,0.0,745.55859375,0.0,748.1621748950539,744.5211918106933,744.7705725456777,0.0,32836200
2026-07-23,0.0,736.3515014648438,0.0,740.7206569606348,733.3888874570794,737.5385562389782,0.0,55437300
2026-07-24,0.0,737.099609375,0.0,741.8777222786117,735.4636571620507,736.6806667930385,0.0,44782000
2026-07-27,0.0,737.25927734375,0.0,743.6833276942111,734.0472217265344,743.0648074406847,0.0,41461200
2026-07-28,0.0,739.0248413085938,0.0,740.9500533043114,734.156924420905,737.3589950224286,0.0,47322200
2026-07-29,0.0,727.6531372070312,0.0,740.8403618199718,727.2939826612791,738.1370526174048,0.0,70697200
2026-07-30,0.0,739.852783203125,0.0,740.6109103701467,732.7703947650456,734.2267392747757,0.0,66811300
2026-07-31,0.0,745.1796264648438,0.0,747.0449895804718,735.8527500027326,742.835410914187,0.0,62445900
2026-08-03,0.0,755.793212890625,0.0,756.7009928898597,746.9451890027125,747.5836183167282,0.0,59927500
2026-08-04,0.0,769.4193725585938,0.0,771.494176400126,758.6361522059436,758.7458651152236,0.0,69154800
2026-08-05,0.0,767.8831787109375,0.0,774.9256883846499,767.6039039413469,773.928165423025,0.0,44689100
2026-08-06,0.0,766.65625,0.0,769.9081846177485,765.5589990885744,768.3021872511085,0.0,38416900
2026-08-07,0.0,771.3446044921875,0.0,772.0029428489042,767.703621378493,769.1101628301597,0.0,43586300
2026-08-10,0.0,771.1151733398438,0.0,773.1301282404592,769.7086319253093,770.6861849056471,0.0,39249500
2026-08-11,0.0,768.6513061523438,0.0,772.6912620504304,767.2946895097219,772.6115040483734,0.0,36740600
2026-08-12,0.0,770.5764770507812,0.0,772.9805414027246,769.369513273419,772.7910096110111,0.0,33179100
2026-08-13,0.0,775.9531860351562,0.0,777.4394855444215,772.1925048911166,772.9506321027081,0.0,35634500
2026-08-14,0.0,774.4169921875,0.0,776.8708596736758,773.509212209858,776.6114939657781,0.0,31367900
2026-08-17,0.0,770.7560424804688,0.0,774.8559080861019,770.5964655970525,774.2573577843602,0.0,34356600
2026-08-18,0.0,765.5490112304688,0.0,767.5939211307613,765.0202948350139,766.7959149360092,0.0,43920900
2026-08-19,0.0,767.1549682617188,0.0,770.5564946026684,766.1973243479778,768.4517358705159,0.0,40306000
2026-08-20,0.0,760.7109985351562,0.0,766.2472997692572,760.1523881029335,764.0627220124634,0.0,45520300
2026-08-21,0.0,763.8232421875,0.0,765.9479709365374,762.2770937955632,764.1524418077088,0.0,39188700
2026-08-24,0.0,761.5787963867188,0.0,763.3244615010249,760.1922857963137,762.8856098637509,0.0,32430900
2026-08-25,0.0,764.0127563476562,0.0,764.8806573052586,761.159855395616,764.262137078792,0.0,27422300
2026-08-26,0.0,764.182373046875,0.0,765.449185749943,762.0376744224566,762.8356805789958,0.0,28751600
2026-08-27,0.0,769.18994140625,0.0,770.4468300957561,765.2596984507333,766.5964060257239,0.0,34557100
2026-08-28,0.0,767.4442749023438,0.0,773.3795487683207,766.4068729286823,769.8483393622295,0.0,36744300
2026-08-31,0.0,765.1499633789062,0.0,766.097622354185,762.8257178677422,765.4292990280279,0.0,38810800
2026-09-01,0.0,759.89306640625,0.0,762.7758614763637,757.5987149009983,760.1224772031874,0.0,41126300
2026-09-02,0.0,763.2646484375,0.0,764.5315220914426,759.8431519587122,760.5614001563074,0.0,29566200
2026-09-03,0.0,771.2548217773438,0.0,772.112737807933,765.5490195828438,765.99791709853,0.0,43531600
2026-09-04,0.0,768.2822265625,0.0,770.9555808433835,767.0951717806925,770.0977256925568,0.0,34054200
2026-09-08,0.0,764.0626831054688,0.0,767.7934091111229,763.2447069992287,767.1649647963771,0.0,44746100
2026-09-09,0.0,760.5115356445312,0.0,762.5763546117217,759.055130192088,762.1873669257697,0.0,32812400
2026-09-10,0.0,755.9528198242188,0.0,758.2271404471661,754.7657651010062,756.1523365872063,0.0,42740400
2026-09-11,0.0,762.3967895507812,0.0,764.4816392943262,761.7084962835214,762.8257171109622,0.0,45512700
2026-09-14,0.0,758.9952392578125,0.0,761.6287143614769,756.0525344863368,757.119891309806,0.0,43992400
2026-09-15,0.0,755.513916015625,0.0,758.4665449596201,754.2769973083872,758.2371341657202,0.0,46195000
2026-09-16,0.0,752.1821899414062,0.0,759.7833101686804,747.7432005092232,757.6187023523285,0.0,59217700
2026-09-17,0.0,760.7109985351562,0.0,761.6786274833105,758.0775841455181,761.2596848801362,0.0,49652800
2026-09-18,0.0,761.6900024414062,1.889,762.0,757.969970703125,761.3099975585938,0.0,65395100
2026-09-21,0.0,773.5,0.0,774.8900146484375,766.030029296875,766.25,0.0,50484700
2026-09-22,0.0,773.3800048828125,0.0,775.1400146484375,772.5700073242188,774.030029296875,0.0,34802300
2026-09-23,0.0,767.8099975585938,0.0,773.0499877929688,766.5,772.7899780273438,0.0,54931700
2026-09-24,0.0,767.1799926757812,0.0,768.9500122070312,763.25,764.0700073242188,0.0,43983700
2026-09-25,0.0,771.3499755859375,0.0,772.280029296875,766.2899780273438,768.780029296875,0.0,36666700
2026-09-28,0.0,765.6099853515625,0.0,769.5399780273438,763.719970703125,768.3499755859375,0.0,42694500
2026-09-29,0.0,764.2999877929688,0.0,766.9500122070312,762.3499755859375,766.8300170898438,0.0,31163891
