Date,Capital Gains,Close,Dividends,High,Low,Open,Stock Splits,Volume
2020-01-02,0.0,112.0018081665039,0.0,112.42689700020229,111.72387074485223,111.82196337046344,0.0,11034100
2020-01-03,0.0,113.72667694091797,0.0,113.75938279933446,112.71301985535042,113.03183336994509,0.0,12366000
2020-01-06,0.0,113.08087921142578,0.0,114.20899432310696,112.93372779642685,114.19264139396705,0.0,11369800
2020-01-07,0.0,112.52505493164062,0.0,113.1953881920362,112.51688469930792,112.99102012098444,0.0,8381200
2020-01-08,0.0,111.7811279296875,0.0,113.06455250818924,111.43779117989149,112.75390915062631,0.0,10621700
2020-01-09,0.0,112.17350006103516,0.0,112.35334488485408,111.10261382060636,111.17618330117816,0.0,7411500
2020-01-10,0.0,113.1707992553711,0.0,113.19532241175538,112.50864908573531,112.5413424697044,0.0,8776000
2020-01-13,0.0,112.82748413085938,0.0,112.88470068213526,112.31247280121494,112.71303855467531,0.0,5966900
2020-01-14,0.0,113.4078598022461,0.0,113.4814417445167,112.9255544318722,112.95824781561373,0.0,13920300
2020-01-15,0.0,114.15997314453125,0.0,114.24989557397959,113.64497420644925,114.05371025418997,0.0,6290500
2020-01-16,0.0,113.80017852783203,0.0,114.06176284230044,113.41596604133852,113.84104211155234,0.0,6798600
2020-01-17,0.0,112.82748413085938,0.0,112.92557677512221,112.28794964014922,112.46779447038594,0.0,9693100
2020-01-21,0.0,114.01284790039062,0.0,114.15998690797232,113.44061985929109,113.47331325865287,0.0,6794900
2020-01-22,0.0,114.4133529663086,0.0,114.56049189570012,114.11087993317742,114.21715525349073,0.0,6317000
2020-01-23,0.0,115.21453094482422,0.0,115.57422069949322,115.08373240246539,115.1409614423607,0.0,9747400
2020-01-24,0.0,116.14640045166016,0.0,116.53061321411117,115.5087734147479,115.60686604392507,0.0,8585000
2020-01-27,0.0,117.95304870605469,0.0,117.95304870605469,117.30725120870575,117.67511117421513,0.0,10935200
2020-01-28,0.0,117.02931213378906,0.0,117.78955522090871,116.75137460561423,117.6587566875436,0.0,10612900
2020-01-29,0.0,118.17377471923828,0.0,118.28822032391837,117.2500271769834,117.25820988179758,0.0,9566800
2020-01-30,0.0,118.19012451171875,0.0,119.08116615828858,117.95305060384987,118.45170911247212,0.0,14711800
2020-01-31,0.0,119.26919555664062,0.0,119.34277753865477,118.60704503396916,118.67244431040588,0.0,14538100
2020-02-03,0.0,119.17253112792969,0.242,119.3526747553303,118.00979384747963,118.68942435188083,0.0,15309000
2020-02-04,0.0,117.5676498413086,0.0,118.0261927862948,117.14185460909647,117.90337324544427,0.0,11388300
2020-02-05,0.0,116.28205108642578,0.0,116.8470458209161,116.19197928100914,116.51951879814014,0.0,10782600
2020-02-06,0.0,116.80608367919922,0.0,116.994423557683,116.27384922625689,116.42123261531054,0.0,6683100
2020-02-07,0.0,118.26356506347656,0.0,118.51741276034218,117.80502244030544,118.09161782696209,0.0,11374800
2020-02-10,0.0,118.59117889404297,0.0,118.9350860773534,118.46834686791672,118.81226654558441,0.0,6699300
2020-02-11,0.0,117.99349975585938,0.0,118.50117075245839,117.86248385532932,118.39471877148223,0.0,7784100
2020-02-12,0.0,117.39570617675781,0.0,117.54310214046018,117.08455913224819,117.39570617675781,0.0,5595500
2020-02-13,0.0,117.84603118896484,0.0,118.07530262655308,117.31379660049704,117.4529962237216,0.0,7883400
2020-02-14,0.0,118.36189270019531,0.0,118.79587165088347,118.28000469297443,118.5338400232612,0.0,7137400
2020-02-18,0.0,119.17253112792969,0.0,119.59014248888393,118.66486044763131,119.00876760148081,0.0,6909200
2020-02-19,0.0,119.16437530517578,0.0,119.23806703522763,118.71401613092706,118.8286518757941,0.0,5707700
2020-02-20,0.0,120.0978012084961,0.0,120.31888881907959,119.54918657763365,119.61469448056043,0.0,9332900
2020-02-21,0.0,121.2196273803711,0.0,121.90745430122142,120.90028407561708,121.02311611243529,0.0,13860300
2020-02-24,0.0,123.02922821044922,0.0,123.61060310583235,122.82452067598923,123.50415118971914,0.0,15929300
2020-02-25,0.0,123.68438720703125,0.0,124.26575004231353,122.93924822636149,122.99657237612024,0.0,20802900
2020-02-26,0.0,123.02922821044922,0.0,124.23290951262241,122.48061351741921,122.78357667022597,0.0,22589500
2020-02-27,0.0,124.36392211914062,0.0,125.34651576028217,123.50414799775827,125.03535631775088,0.0,30687900
2020-02-28,0.0,127.17243957519531,0.0,127.72105397861479,126.23079041151331,126.46824552861887,0.0,44935200
2020-03-02,0.0,126.23690032958984,0.229,128.33619974184754,126.08928669223435,127.35215470645318,0.0,28152400
2020-03-03,0.0,128.1967315673828,0.0,130.96025970888672,124.94117489334995,126.13022924868868,0.0,38608000
2020-03-04,0.0,126.83543395996094,0.0,129.03314504434377,126.44181873320672,128.26230636204835,0.0,23463700
2020-03-05,0.0,129.9926300048828,0.0,130.23864429113314,128.59035733222038,128.85277590763576,0.0,17786200
2020-03-06,0.0,136.75794982910156,0.0,138.85724831630918,134.57664241140995,137.1925696324935,0.0,76288300
2020-03-09,0.0,140.46450805664062,0.0,147.36104068233473,139.68547332477954,146.86902467354065,0.0,41552800
2020-03-10,0.0,133.2645721435547,0.0,141.80937950715784,132.8709568126617,139.1114559181369,0.0,37728300
2020-03-11,0.0,128.36077880859375,0.0,136.9711933489438,127.62274828168752,135.6591251757667,0.0,29519300
2020-03-12,0.0,129.15621948242188,0.0,136.42176985350096,127.64734982614597,134.08465230536189,0.0,24361800
2020-03-13,0.0,126.23690032958984,0.0,129.73026458472384,124.80183100340304,127.1061403194017,0.0,19812900
2020-03-16,0.0,134.41265869140625,0.0,136.24953890687982,129.41041343432266,131.5179206613784,0.0,30496700
2020-03-17,0.0,125.44966125488281,0.0,135.82317026077004,125.22825956019325,134.07648181468082,0.0,18570900
2020-03-18,0.0,118.37264251708984,0.0,126.40081935466523,113.9936244565185,125.33476608130063,0.0,47061000
2020-03-19,0.0,121.59542846679688,0.0,125.83503021821821,119.11071034664864,120.50477467774856,0.0,21175300
2020-03-20,0.0,130.73892211914062,0.0,130.73892211914062,124.73623807899818,125.71208731475012,0.0,20863100
2020-03-23,0.0,136.1265411376953,0.0,136.69237032881097,128.39357555993686,129.15620619992174,0.0,19971800
2020-03-24,0.0,133.5926513671875,0.0,135.67554640077384,131.54255241125918,132.23138265737646,0.0,11948600
2020-03-25,0.0,133.2892303466797,0.0,136.68419377153077,132.53479542035845,134.1502744245153,0.0,10750600
2020-03-26,0.0,133.9451904296875,0.0,135.86407901858618,133.0677550545467,134.48641926639357,0.0,10576200
2020-03-27,0.0,137.52061462402344,0.0,137.9716388285508,134.97029140876043,135.73293461147202,0.0,12550000
2020-03-30,0.0,136.3889923095703,0.0,139.49693688864934,136.0773732573989,138.0126672143572,0.0,13473200
2020-03-31,0.0,135.28195190429688,0.0,136.8810268355791,134.94573262025952,135.88057738876398,0.0,11464800
2020-04-01,0.0,137.1773223876953,0.238,138.75408431029584,136.65173925712523,138.35988756420056,0.0,11334700
2020-04-02,0.0,138.04776000976562,0.0,138.96752688386317,137.35792232330863,138.6472500237125,0.0,5771200
2020-04-03,0.0,138.376220703125,0.0,139.8790618738143,138.08057961166347,138.41728440238833,0.0,6570800
2020-04-06,0.0,138.01492309570312,0.0,138.1873856738598,136.7584511991856,137.1444275366398,0.0,9434800
2020-04-07,0.0,136.56951904296875,0.0,136.66806188807442,134.44255243023403,135.46908216968677,0.0,13811400
2020-04-08,0.0,135.5758819580078,0.0,136.47923346901086,134.78751384920983,135.59230994844927,0.0,10147100
2020-04-09,0.0,135.82217407226562,0.0,136.15065850806366,134.50000354222988,134.91061535241641,0.0,14259100
2020-04-13,0.0,134.5822296142578,0.0,136.08507144537458,134.5822296142578,135.29669067806077,0.0,8750300
2020-04-14,0.0,134.54934692382812,0.0,135.28845609603397,134.25370576112272,134.54934692382812,0.0,9019100
2020-04-15,0.0,138.1134033203125,0.0,138.45832832013966,136.93085165429898,136.98012307402288,0.0,10027800
2020-04-16,0.0,139.68197631835938,0.0,139.8708668459447,138.80327322257426,139.000358947522,0.0,8265400
2020-04-17,0.0,137.80963134765625,0.0,140.29793967751576,137.36617579211827,139.46030001362325,0.0,8612100
2020-04-20,0.0,138.9182586669922,0.0,139.02500926892634,137.9327923460734,138.32697636826407,0.0,6462600
2020-04-21,0.0,140.66744995117188,0.0,141.37370307485858,140.24863023269668,141.19303279687708,0.0,7850700
2020-04-22,0.0,139.23031616210938,0.0,139.92836159810554,138.54871124620132,139.58344901012947,0.0,6230200
2020-04-23,0.0,139.9694366455078,0.0,140.37182843197147,139.28781914349327,139.5013328969049,0.0,5968600
2020-04-24,0.0,140.2979278564453,0.0,140.2979278564453,139.2549822299059,139.28782568163194,0.0,6211800
2020-04-27,0.0,137.68641662597656,0.0,139.40277175087274,137.5057463464208,139.32886459947727,0.0,9039500
2020-04-28,0.0,139.2714385986328,0.0,139.4849649556718,138.33524331337807,138.4173707631453,0.0,9905400
2020-04-29,0.0,138.54872131347656,0.0,139.8216086243729,137.9328032478615,139.22211854915543,0.0,8619600
2020-04-30,0.0,136.93087768554688,0.0,138.97571717810277,136.90624197100155,138.57332548660756,0.0,11606100
2020-05-01,0.0,138.10342407226562,0.216,138.2349933131285,136.86177229784718,137.73339656108044,0.0,10209400
2020-05-04,0.0,137.45384216308594,0.0,137.88142343998197,136.89467907825488,137.78275276794986,0.0,8300900
2020-05-05,0.0,136.57403564453125,0.0,136.72205425260137,135.89976489950456,136.14645421486156,0.0,7831800
2020-05-06,0.0,134.3703155517578,0.0,134.5594386029321,133.25200145183655,134.222296933387,0.0,14721500
2020-05-07,0.0,136.61524963378906,0.0,136.80437280610087,134.31283530071727,134.49374009063249,0.0,9164800
2020-05-08,0.0,134.8390350341797,0.0,136.0066846734017,134.59234566315698,135.25841072906107,0.0,8129800
2020-05-11,0.0,133.7864990234375,0.0,135.03638257554297,133.29313285215468,134.57590246348886,0.0,8713500
2020-05-12,0.0,135.15968322753906,0.0,135.6201632109677,134.14005256341525,134.16472023773187,0.0,10057300
2020-05-13,0.0,136.10536193847656,0.0,136.7385158213266,135.5379801743277,135.7517709279618,0.0,13305600
2020-05-14,0.0,137.4374237060547,0.0,138.2679313253182,137.36342068542626,137.58544229444965,0.0,10080000
2020-05-15,0.0,137.0838165283203,0.0,138.54749007072843,136.7713426662999,138.39125313971823,0.0,7225600
2020-05-18,0.0,134.07427978515625,0.0,135.72707684637803,133.55623348436959,135.62017521678342,0.0,10073100
2020-05-19,0.0,134.57583618164062,0.0,134.60872222467216,133.60552852587625,133.63842711604363,0.0,8639100
2020-05-20,0.0,134.978759765625,0.0,135.43102131027297,133.93446157278134,134.17291990697566,0.0,10927300
2020-05-21,0.0,135.31591796875,0.0,135.97375188302107,135.09389635641662,135.56260725499394,0.0,8920000
2020-05-22,0.0,136.12998962402344,0.0,136.23687869586482,135.35703571139086,135.4474880319572,0.0,4956700
2020-05-26,0.0,134.3044891357422,0.0,134.6827351204877,134.01668291275763,134.61696302959552,0.0,8098900
2020-05-27,0.0,134.05787658691406,0.0,134.7814954721455,133.69606714429833,133.8605225599026,0.0,8047400
2020-05-28,0.0,133.56446838378906,0.0,133.67960095121967,132.93131454576778,133.17800388842832,0.0,10272600
2020-05-29,0.0,134.51834106445312,0.0,134.9294858290346,133.49871007846227,133.79473481084662,0.0,14632700
2020-06-01,0.0,133.6126251220703,0.21,133.7443635339781,133.1103834195301,133.4644288311239,0.0,13341400
2020-06-02,0.0,133.12681579589844,0.0,133.45614916823268,132.76454154837307,133.11034535830288,0.0,11517100
2020-06-03,0.0,131.3566131591797,0.0,132.0070635239458,130.8626131052343,131.8835540880124,0.0,12255700
2020-06-04,0.0,129.45469665527344,0.0,130.9202516274935,129.42176834092342,130.8461534977581,0.0,14038600
2020-06-05,0.0,128.53256225585938,0.0,128.57373207417925,126.10369373416269,127.29754308585109,0.0,17778500
2020-06-08,0.0,129.02659606933594,0.0,129.14186404154083,127.65983828228741,127.67630872496431,0.0,10346700
2020-06-09,0.0,130.4921112060547,0.0,131.4389540745332,130.33567345695968,130.95318295290554,0.0,9095300
2020-06-10,0.0,132.4270477294922,0.0,132.47644650925128,130.95326302584047,131.10970087059127,0.0,13135500
2020-06-11,0.0,134.92999267578125,0.0,135.2181563364384,133.90080982357586,134.4112804980242,0.0,17086400
2020-06-12,0.0,133.62908935546875,0.0,134.74884067812403,133.42325280765172,133.71965793903888,0.0,9716100
2020-06-15,0.0,133.70321655273438,0.0,135.20994191777555,133.49737996018672,134.93823610802042,0.0,7759800
2020-06-16,0.0,131.6529998779297,0.0,132.74805139503508,130.66498734440376,131.24956844122732,0.0,13698900
2020-06-17,0.0,132.19647216796875,0.0,132.36938040866985,131.19198873579435,131.95770728280385,0.0,7113900
2020-06-18,0.0,133.5961456298828,0.0,133.77728279316904,133.0609756422516,133.4150084665966,0.0,7691400
2020-06-19,0.0,133.70321655273438,0.0,133.7937851559861,132.48466744256737,132.55876560070007,0.0,8565500
2020-06-22,0.0,133.7196502685547,0.0,134.5512253512586,133.43971559476506,134.36185925584388,0.0,9319700
2020-06-23,0.0,132.80572509765625,0.0,133.43146359512048,132.65751627049167,132.95392136155667,0.0,9088600
2020-06-24,0.0,134.23019409179688,0.0,134.2795928772681,132.9869452587737,132.99517420192822,0.0,11436500
2020-06-25,0.0,134.61712646484375,0.0,135.31697587850033,134.53478680561307,135.20170789353824,0.0,10968000
2020-06-26,0.0,136.0579071044922,0.0,136.1155473466416,135.1769209797135,135.2345612218629,0.0,12119300
2020-06-29,0.0,135.62985229492188,0.0,136.07446639730364,135.34168858578568,135.72866240837857,0.0,7274400
2020-06-30,0.0,134.97119140625,0.0,136.0909431959998,134.6006879782803,136.04154441403998,0.0,14841700
2020-07-01,0.0,134.708984375,0.192,134.8243874823551,133.66210524385318,134.20615385481094,0.0,13181000
2020-07-02,0.0,134.84915161132812,0.0,134.97280591645307,133.7363383331957,134.11551468171538,0.0,7599800
2020-07-06,0.0,134.29678344726562,0.0,134.37921960107232,133.3323408220846,133.810442842583,0.0,7972700
2020-07-07,0.0,136.18453979492188,0.0,136.29169176154826,134.52766524864197,134.70901482662285,0.0,12791900
2020-07-08,0.0,135.64048767089844,0.0,135.9454789635171,135.0469822628852,135.450899508838,0.0,7253900
2020-07-09,0.0,137.80018615722656,0.0,138.0309924282891,135.68171161683145,135.7311683066308,0.0,13373100
2020-07-10,0.0,137.10780334472656,0.0,138.65751378134158,136.967671827501,138.44318463193636,0.0,8478000
2020-07-13,0.0,137.56121826171875,0.0,137.62716474434728,136.20109564126585,136.4236634478864,0.0,8054000
2020-07-14,0.0,137.75894165039062,0.0,138.59974294980765,137.64353853698015,138.4266319906939,0.0,11344600
2020-07-15,0.0,137.115966796875,0.0,137.61879729631266,136.69557247557265,136.76975748909751,0.0,7840300
2020-07-16,0.0,137.7672119140625,0.0,138.29477087392962,137.69301430530163,137.98976700635177,0.0,9107400
2020-07-17,0.0,137.47872924804688,0.0,137.98979856975689,137.22319458719187,137.88264658236645,0.0,8549900
2020-07-20,0.0,137.81663513183594,0.0,138.17108302251216,137.49515416527126,138.0804082587121,0.0,6907200
2020-07-21,0.0,137.8990936279297,0.0,138.25355418630056,137.72599522104917,137.90734479454164,0.0,8454400
2020-07-22,0.0,138.31121826171875,0.0,138.86351802421783,138.22879466017795,138.69864566514613,0.0,6592100
2020-07-23,0.0,139.9268798828125,0.0,140.0340444048831,138.88000073534093,139.2426998149686,0.0,10471800
2020-07-24,0.0,139.91867065429688,0.0,140.06704072091523,139.20151093164688,139.3169140650161,0.0,7520700
2020-07-27,0.0,139.39942932128906,0.0,140.38036280023329,139.30051588744774,140.33914467679762,0.0,6146400
2020-07-28,0.0,140.36378479003906,0.0,140.4132414758668,139.66311486615254,139.75378964950258,0.0,8520700
2020-07-29,0.0,140.12474060058594,0.0,140.45446022630207,139.29217779195687,140.17419728664362,0.0,6733700
2020-07-30,0.0,141.04795837402344,0.0,141.17160008282025,140.7512056949143,140.99850169050472,0.0,9376100
2020-07-31,0.0,140.95726013183594,0.0,141.3364489390229,140.08349199379026,140.25659035729265,0.0,8886000
2020-08-03,0.0,140.24758911132812,0.19,140.28060530473738,139.43886866063806,139.66168389419136,0.0,9066200
2020-08-04,0.0,141.58450317382812,0.0,141.59275092823987,140.88305369709317,140.9738293635884,0.0,9878900
2020-08-05,0.0,140.3466339111328,0.0,140.75098786587074,140.033043013998,140.3383735662677,0.0,6954100
2020-08-06,0.0,141.13064575195312,0.0,142.14567374261543,140.80054664670172,141.42772865068275,0.0,9481800
2020-08-07,0.0,140.18978881835938,0.0,141.5266546462239,139.94221780786992,141.3451034113306,0.0,8176900
2020-08-10,0.0,139.5626678466797,0.0,140.4951802679094,139.52141648700663,140.4704244153095,0.0,6408500
2020-08-11,0.0,137.90394592285156,0.0,138.21753680681059,136.8889183142323,137.9534576220054,0.0,19234200
2020-08-12,0.0,136.6496124267578,0.0,137.04573125454303,136.1544827800116,136.74038808412647,0.0,11744800
2020-08-13,0.0,135.18898010253906,0.0,136.6413781719295,134.65257385891817,136.41856288328722,0.0,12744700
2020-08-14,0.0,134.6607666015625,0.0,135.46123917079385,134.6442710995066,135.18066453200805,0.0,6398100
2020-08-17,0.0,134.99913024902344,0.0,135.71708762229625,134.86709066405513,135.31272111532624,0.0,6901500
2020-08-18,0.0,135.96456909179688,0.0,136.0553446810475,135.4116678088998,135.63448290832963,0.0,8140600
2020-08-19,0.0,135.11473083496094,0.0,136.66616527176583,134.75988843488008,136.4681057930266,0.0,12497700
2020-08-20,0.0,136.33599853515625,0.0,136.69908847793843,136.10492298322296,136.48453361284166,0.0,10319900
2020-08-21,0.0,137.1529998779297,0.0,137.2602836324659,136.17097576422435,136.7981576006022,0.0,6836000
2020-08-24,0.0,136.93020629882812,0.0,137.78845128704407,136.8724468316937,137.25205761340308,0.0,6490600
2020-08-25,0.0,135.8821258544922,0.0,136.23696806017387,135.1971846984221,135.62630703793332,0.0,10518300
2020-08-26,0.0,135.36228942871094,0.0,135.6098606060794,134.74336778128637,135.37879753173368,0.0,8276600
2020-08-27,0.0,133.0598602294922,0.0,136.01418004487857,132.99384043232286,135.96465575301,0.0,19860100
2020-08-28,0.0,132.96087646484375,0.0,133.7283458904094,132.56477011822577,133.49728280554942,0.0,8415400
2020-08-31,0.0,133.8438262939453,0.0,134.71856657983736,133.3239282556556,133.35694445058863,0.0,11388100
2020-09-01,0.0,135.3747100830078,0.183,135.54820939888333,133.16059256920806,133.63976734910662,0.0,10587000
2020-09-02,0.0,136.66348266601562,0.0,136.77914464384332,135.068998785519,135.08551292077286,0.0,15167700
2020-09-03,0.0,137.05178833007812,0.0,138.16711023871684,136.6800185626022,136.93612634450315,0.0,16416600
2020-09-04,0.0,134.44940185546875,0.0,136.06866982819935,134.2098081840813,135.82908876302423,0.0,13780300
2020-09-08,0.0,135.2755889892578,0.0,136.5313444685762,135.2755889892578,135.7960617789723,0.0,13790400
2020-09-09,0.0,134.9120635986328,0.0,135.69691385156963,134.46592969909324,135.4408060159368,0.0,9558900
2020-09-10,0.0,135.59776306152344,0.0,135.7795194284927,133.79672613597674,134.2180761713201,0.0,8847700
2020-09-11,0.0,135.8869171142578,0.0,135.96128116274426,135.55645785556584,135.7464712990031,0.0,5458200
2020-09-14,0.0,135.87875366210938,0.0,136.38271257286826,135.6804704065543,136.14311872996151,0.0,4274900
2020-09-15,0.0,135.54820251464844,0.0,135.8786617775541,135.31686590315908,135.63081102726844,0.0,6928500
2020-09-16,0.0,135.14334106445312,0.0,136.22560934219456,134.6476397037702,136.13473117960967,0.0,8815200
2020-09-17,0.0,135.55648803710938,0.0,136.28351369555858,135.32516398327834,136.2339334501244,0.0,7813900
2020-09-18,0.0,135.13511657714844,0.0,135.68864275317554,134.94509053288797,135.63080545112783,0.0,7246300
2020-09-21,0.0,135.8207550048828,0.0,136.64691534580354,135.60595785447774,136.22557811016827,0.0,11086900
2020-09-22,0.0,135.7134552001953,0.0,136.2174138557739,135.38298327493848,135.85390104109888,0.0,10524100
2020-09-23,0.0,135.89515686035156,0.0,135.9281977364588,135.0607266156775,135.7381843348699,0.0,6224800
2020-09-24,0.0,136.41558837890625,0.0,136.41558837890625,136.00250821777223,136.28341230805998,0.0,8278100
2020-09-25,0.0,136.41558837890625,0.0,136.66343899682786,136.076872227493,136.40733131391775,0.0,5140300
2020-09-28,0.0,136.02735900878906,0.0,136.2338991910716,135.7960350131296,136.20911537769467,0.0,4470100
2020-09-29,0.0,136.1843719482422,0.0,136.51484390161932,135.95304788398622,136.15133105601248,0.0,10297600
2020-09-30,0.0,134.8790283203125,0.0,135.49039194415167,134.2924611219861,135.49039194415167,0.0,12971000
2020-10-01,0.0,135.10145568847656,0.169,135.4157260890941,134.05941913487098,134.39848640897122,0.0,11523900
2020-10-02,0.0,134.59698486328125,0.0,135.35783880871767,134.12557922770625,135.30821981955714,0.0,8828800
2020-10-05,0.0,131.9671630859375,0.0,133.10843843475905,131.92580969505428,133.10843843475905,0.0,14726000
2020-10-06,0.0,132.67840576171875,0.0,133.48889196274826,131.2311251989611,131.76869412241354,0.0,22419400
2020-10-07,0.0,131.710693359375,0.0,132.67003589300344,131.37989168122215,131.9588009276272,0.0,9429200
2020-10-08,0.0,132.42193603515625,0.0,132.52945226549,132.0415153450576,132.29788855344492,0.0,8431500
2020-10-09,0.0,132.39710998535156,0.0,132.54597956406803,131.33852954284848,131.9257169945104,0.0,8441500
2020-10-12,0.0,132.81893920898438,0.0,132.88508946599268,132.4136963239581,132.67833520982632,0.0,3962000
2020-10-13,0.0,133.76995849609375,0.0,133.83612135000286,133.2985528942192,133.3233750062999,0.0,7914300
2020-10-14,0.0,134.0759735107422,0.0,134.596998187054,133.95192602556136,134.24965260927152,0.0,6954800
2020-10-15,0.0,133.84437561035156,0.0,134.96085316895187,133.67897479925932,134.83679309617796,0.0,9458800
2020-10-16,0.0,133.47222900390625,0.0,134.2413611216822,133.23239970566786,133.69552705348943,0.0,8416300
2020-10-19,0.0,132.96778869628906,0.0,133.13318956801237,132.364069835824,132.73622495202088,0.0,9286600
2020-10-20,0.0,131.70245361328125,0.0,132.33098197298554,131.4543459962767,132.20693447412208,0.0,11189000
2020-10-21,0.0,131.24754333496094,0.0,131.8016429909406,130.97462631886236,131.32197180682246,0.0,10453700
2020-10-22,0.0,129.8830108642578,0.0,131.18969912277885,129.81684799580748,130.90850377704575,0.0,12664900
2020-10-23,0.0,130.67691040039062,0.0,130.84232384362747,129.6348738520781,129.68449283733958,0.0,8783800
2020-10-26,0.0,131.8926544189453,0.0,132.33925062101906,131.50395545832717,131.6693689371851,0.0,7227300
2020-10-27,0.0,132.77757263183594,0.0,132.90162012549038,132.24000404768677,132.51292115300365,0.0,6062300
2020-10-28,0.0,132.90162658691406,0.0,133.53016757006066,132.48811809559245,133.46400469713586,0.0,11765800
2020-10-29,0.0,131.6115264892578,0.0,133.00918768026645,131.05742643837118,132.92648090640435,0.0,11932400
2020-10-30,0.0,130.3130340576172,0.0,131.7851228484221,130.3130340576172,131.52047143380486,0.0,13095400
2020-11-02,0.0,131.28916931152344,0.169,131.79419183950841,131.0821930727235,131.38851386364277,0.0,10810500
2020-11-03,0.0,130.52748107910156,0.0,130.7924040608069,130.01417148415464,130.684785021126,0.0,16228700
2020-11-04,0.0,133.35890197753906,0.0,134.2613151457056,132.91182632698872,133.82252662786962,0.0,21570800
2020-11-05,0.0,133.59068298339844,0.0,133.90529076500434,132.94491842428624,133.8224952542171,0.0,18537500
2020-11-06,0.0,131.97634887695312,0.0,132.39857591047215,131.5872324874473,132.15020186547267,0.0,12408400
2020-11-09,0.0,129.20277404785156,0.0,129.27728242085888,128.01887667844608,129.12826567484424,0.0,23245000
2020-11-10,0.0,128.4577178955078,0.0,128.99585098791363,128.143110014075,128.29213945421566,0.0,12561000
2020-11-11,0.0,128.9213104248047,0.0,129.10345045463876,128.30038195023087,128.34177970843356,0.0,5888200
2020-11-12,0.0,131.1153106689453,0.0,131.14014680829285,129.74099797134664,129.93141258395366,0.0,15999700
2020-11-13,0.0,130.94140625,0.0,131.22289080723584,130.73443008153433,131.10698465820798,0.0,7344600
2020-11-16,0.0,130.62680053710938,0.0,131.04075288071354,130.48605825622272,130.58540277618437,0.0,6310400
2020-11-17,0.0,131.47950744628906,0.0,131.7692790652103,131.29736745145053,131.44639682578193,0.0,7444600
2020-11-18,0.0,131.86041259765625,0.0,132.10878658600416,131.0987416307949,132.0011549100607,0.0,10333300
2020-11-19,0.0,132.539306640625,0.0,133.06089082613488,132.33233039340078,132.4399620844622,0.0,10637200
2020-11-20,0.0,133.71487426757812,0.0,133.7397103962283,132.78762511044508,132.9035312550867,0.0,7246800
2020-11-23,0.0,133.10226440429688,0.0,133.2844044793675,132.69658648567128,133.14366217278115,0.0,11300000
2020-11-24,0.0,131.77761840820312,0.0,132.48134261026559,131.64515059534943,132.45650647445876,0.0,10891700
2020-11-25,0.0,131.37196350097656,0.0,132.39029577889556,131.3222912206543,131.84387542969438,0.0,9145800
2020-11-27,0.0,132.64695739746094,0.0,132.68835517942154,132.11709863372172,132.14193477633222,0.0,4708200
2020-11-30,0.0,132.48135375976562,0.0,132.90358073684175,132.26609038755555,132.48962826145564,0.0,13071600
2020-12-01,0.0,130.5279541015625,0.163,131.55560730853014,129.8483739213811,131.39814299138055,0.0,13662800
2020-12-02,0.0,129.4920196533203,0.0,130.05556285291314,128.85387943967135,130.01413552318812,0.0,12114300
2020-12-03,0.0,130.5362548828125,0.0,130.7931777039549,129.7655243565051,130.06387451249333,0.0,9626500
2020-12-04,0.0,128.621826171875,0.0,129.11078498570487,128.26547021641736,129.02791768350068,0.0,12734500
2020-12-07,0.0,129.78207397460938,0.0,130.01412263917638,129.43398833205507,129.5748867636957,0.0,9316100
2020-12-08,0.0,130.39535522460938,0.0,131.00035105590266,130.279330878802,130.5859765857756,0.0,7397200
2020-12-09,0.0,129.96446228027344,0.0,130.37883690152816,129.29316477144448,129.74069644399714,0.0,7750100
2020-12-10,0.0,131.1164093017578,0.0,131.1826981058964,129.97273142188442,130.31252161021035,0.0,10025100
2020-12-11,0.0,131.58047485351562,0.0,132.09429515792525,131.20754035367943,131.48101638004198,0.0,8135900
2020-12-14,0.0,131.21583557128906,0.0,131.51418572822178,130.20476074200073,130.51968942034824,0.0,7535900
2020-12-15,0.0,130.77659606933594,0.0,131.26555494937728,130.37050450272008,130.7600175483683,0.0,6847500
2020-12-16,0.0,130.42848205566406,0.0,130.85113936484936,129.60801624238425,129.76548052787552,0.0,9954200
2020-12-17,0.0,130.0833740234375,0.164,131.46053520363958,129.77640848010887,131.18676128283593,0.0,9422700
2020-12-18,0.0,129.69345092773438,0.0,130.56454743942183,129.56900133526784,130.34883987603766,0.0,6505000
2020-12-21,0.0,130.20782470703125,0.0,130.53137343688525,129.7930179939417,130.41522806357602,0.0,8988200
2020-12-22,0.0,130.8798370361328,0.0,130.93791606442974,130.31570586415717,130.71391684783993,0.0,7370800
2020-12-23,0.0,129.97560119628906,0.0,129.99219701788857,128.9717755203191,129.93411797174176,0.0,9266600
2020-12-24,0.0,130.4898681640625,0.0,130.6060135177281,130.12484895175223,130.16631948893024,0.0,3117100
2020-12-28,0.0,130.5479736328125,0.0,130.62263580554014,129.50266523793513,129.73495599235233,0.0,7791100
2020-12-29,0.0,130.38201904296875,0.0,130.48986015546484,129.7183259232296,129.74321330756666,0.0,9030900
2020-12-30,0.0,130.66415405273438,0.0,130.68904145031811,129.98386476171157,130.1000228289692,0.0,9097300
2020-12-31,0.0,130.85494995117188,0.0,131.1453197755473,130.62265915523113,130.63096339294978,0.0,7742100
2021-01-04,0.0,130.69728088378906,0.0,131.22823291856804,129.867667538266,129.9755213240304,0.0,13152900
2021-01-05,0.0,129.7266845703125,0.0,130.2078620144318,129.13766595794053,130.2078620144318,0.0,10458100
2021-01-06,0.0,127.06359100341797,0.0,127.63602627313514,126.34181873952004,127.611138883921,0.0,22827300
2021-01-07,0.0,125.94365692138672,0.0,126.24231836721216,125.48736684319496,125.92706110247954,0.0,14651900
2021-01-08,0.0,125.53715515136719,0.0,126.06810742989128,124.98960705382336,125.66988372682258,0.0,13622500
2021-01-11,0.0,125.3297119140625,0.0,125.4458572925103,124.84853458652252,125.27163289539018,0.0,8370700
2021-01-12,0.0,125.23023986816406,0.0,125.40446439074242,124.3840299821802,125.09749858038111,0.0,12186300
2021-01-13,0.0,126.64051818847656,0.0,126.9889670601514,125.74454658928303,125.81920877939922,0.0,12533300
2021-01-14,0.0,125.45418548583984,0.0,126.63223542790021,125.09744501005297,126.5824606310231,0.0,14835500
2021-01-15,0.0,125.95195007324219,0.0,126.39993587309557,125.66158023298006,126.258903072051,0.0,11624700
2021-01-19,0.0,126.3583984375,0.0,126.39988163386519,125.69470527233965,125.78596324078536,0.0,9575600
2021-01-20,0.0,126.48284149169922,0.0,126.49942464227313,125.92698947513408,126.09292225202171,0.0,5368900
2021-01-21,0.0,125.5951919555664,0.0,125.89385333309143,125.35460960148413,125.63667516389724,0.0,8162700
2021-01-22,0.0,126.00166320800781,0.0,126.1095043213879,125.62003554688917,125.97677582346675,0.0,9507200
2021-01-25,0.0,127.4867172241211,0.0,127.50331304020028,126.63221625007249,126.73176582875043,0.0,8712600
2021-01-26,0.0,127.24613189697266,0.0,127.42864789290364,126.86450408941744,127.0138411128602,0.0,7690300
2021-01-27,0.0,127.5697021484375,0.0,128.17531660473148,127.37059030330367,127.8185887901297,0.0,7895200
2021-01-28,0.0,126.86448669433594,0.0,127.31248504433842,126.23398503232484,127.26269760408525,0.0,10667800
2021-01-29,0.0,126.10124969482422,0.0,126.50776485959604,125.52052278721959,125.62007235455262,0.0,14965900
2021-02-01,0.0,126.2474136352539,0.176,126.54642117449073,125.82382490198927,125.96502114641082,0.0,8165500
2021-02-02,0.0,125.43344116210938,0.0,125.49157482236971,125.01815365842275,125.20088117393037,0.0,9177500
2021-02-03,0.0,124.32051849365234,0.0,125.07634514143695,124.23746855866237,124.94345003716334,0.0,9633100
2021-02-04,0.0,123.9882583618164,0.0,124.16268472107153,123.5895858352533,123.88859339856842,0.0,8262600
2021-02-05,0.0,122.95002746582031,0.0,124.22912017984541,122.94172627754686,123.83874888030513,0.0,10258900
2021-02-08,0.0,123.48994445800781,0.0,123.97167971110723,122.9583767086524,123.17433442386152,0.0,11574800
2021-02-09,0.0,123.58126068115234,0.0,124.31217080771174,123.47329453868876,123.93841455611022,0.0,5218300
2021-02-10,0.0,124.40351104736328,0.0,124.40351104736328,123.871943603183,123.98822358554845,0.0,8079800
2021-02-11,0.0,123.72250366210938,0.0,124.41187001615287,123.54807727076656,124.32050622517778,0.0,11962700
2021-02-12,0.0,122.18592834472656,0.0,122.99158736964256,122.11948080236955,122.67596471184001,0.0,14088400
2021-02-16,0.0,120.325439453125,0.0,120.9816010362227,120.15102573761934,120.61614587706549,0.0,17789100
2021-02-17,0.0,121.08956146240234,0.0,121.57961049724561,120.41679753022194,121.2224565455318,0.0,11199100
2021-02-18,0.0,120.59957122802734,0.0,120.93180906292521,119.86867333840706,120.1095346793277,0.0,10755300
2021-02-19,0.0,118.9964828491211,0.0,119.86858912687626,118.64764287273275,119.65263151751542,0.0,12741700
2021-02-22,0.0,118.09115600585938,0.0,119.38686374589834,117.70909857526951,118.7971498766362,0.0,13203900
2021-02-23,0.0,117.75065612792969,0.0,118.35697250867207,117.22738966761132,117.54301231651097,0.0,12658500
2021-02-24,0.0,116.97820281982422,0.0,117.26059533335673,115.58284263043683,115.74065393904947,0.0,17363100
2021-02-25,0.0,115.0678482055664,0.0,116.21404569418938,113.46484463246834,115.88182078301331,0.0,52621700
2021-02-26,0.0,118.87191009521484,0.0,119.02142021081502,116.01472958310445,116.92006611848622,0.0,45423300
2021-03-01,0.0,117.30195617675781,0.172,117.59301247426792,116.49532748930831,116.96933128431168,0.0,22048000
2021-03-02,0.0,117.3102035522461,0.0,117.36009598469698,116.66156386393043,116.75303755302973,0.0,12482200
2021-03-03,0.0,116.03789520263672,0.0,116.54515613357553,115.3892681353798,115.90485293180866,0.0,19763700
2021-03-04,0.0,115.28948974609375,0.0,116.37053914861353,114.72402516900898,116.11275308030606,0.0,22366600
2021-03-05,0.0,115.5140609741211,0.0,115.87163205510271,114.74901366448218,114.89869104103502,0.0,20598000
2021-03-08,0.0,114.61593627929688,0.0,115.50571456240947,114.61593627929688,115.4475109347176,0.0,15236600
2021-03-09,0.0,116.20420837402344,0.0,116.27073584705002,115.56389254885828,115.81336740050348,0.0,14463400
2021-03-10,0.0,116.43706512451172,0.0,116.54516118119,115.82169542610508,116.25411771927786,0.0,12387600
2021-03-11,0.0,115.59717559814453,0.0,115.90486681528787,115.13981973890436,115.73023057372971,0.0,14150700
2021-03-12,0.0,113.14408111572266,0.0,113.47671869563881,112.80313235461843,113.42681354203171,0.0,20402700
2021-03-15,0.0,113.80931854248047,0.0,114.00057717832854,113.43511245014346,113.50163995148702,0.0,11366500
2021-03-16,0.0,113.35192108154297,0.0,114.0254944142583,112.88624137936053,113.94234457533727,0.0,15567900
2021-03-17,0.0,112.50375366210938,0.0,112.70333619016358,111.55575885929561,112.38733369295066,0.0,27107500
2021-03-18,0.0,111.36444091796875,0.0,111.8218093707738,110.75739516541927,110.85718003191556,0.0,21615100
2021-03-19,0.0,112.05471801757812,0.0,112.12124553238127,111.26472439863313,111.49756435603112,0.0,18685000
2021-03-22,0.0,113.31036376953125,0.0,113.43510758751182,112.57026279594237,112.83637278990925,0.0,17047500
2021-03-23,0.0,114.3332290649414,0.0,114.37479765578877,113.21890913831609,113.58480409731321,0.0,16768400
2021-03-24,0.0,114.94857788085938,0.0,114.99015915747746,113.88416318132178,113.97563691435192,0.0,13863000
2021-03-25,0.0,114.04214477539062,0.0,115.30614177167679,114.00056350593493,115.08161306767354,0.0,20782000
2021-03-26,0.0,113.64299011230469,0.0,114.12530491243183,113.27709525091018,113.44340763641085,0.0,8433300
2021-03-29,0.0,112.67839050292969,0.0,113.8010216093007,112.2376568540759,113.78438655967649,0.0,13968100
2021-03-30,0.0,113.268798828125,0.0,113.51826109446237,112.27089900748224,112.51206278337278,0.0,15020800
2021-03-31,0.0,112.63678741455078,0.0,113.58478203837949,112.24594630141922,113.37688836921686,0.0,19271300
2021-04-01,0.0,114.50623321533203,0.185,114.59783205211417,113.4986587169064,113.70683673630418,0.0,14885900
2021-04-05,0.0,114.0066146850586,0.0,114.05657537720438,113.19888294556011,113.70683782600578,0.0,8243000
2021-04-06,0.0,114.78097534179688,0.0,114.89755446917667,114.08982312012677,114.21473749628704,0.0,9282400
2021-04-07,0.0,113.98164367675781,0.0,114.99755352087598,113.98164367675781,114.456282997205,0.0,11052700
2021-04-08,0.0,114.92261505126953,0.0,114.9725884603322,114.38135716180814,114.40633751324908,0.0,7847900
2021-04-09,0.0,114.50623321533203,0.0,115.07248403530652,114.1564956674851,114.49791066878018,0.0,8717800
2021-04-12,0.0,114.45623779296875,0.0,114.52285626370264,114.16479627795388,114.4645730431693,0.0,7659000
2021-04-13,0.0,115.31394958496094,0.0,115.33892992746655,114.24807928413381,114.33135556327004,0.0,13232800
2021-04-14,0.0,114.94754791259766,0.0,115.11410046163446,114.5561849996527,114.93922536761605,0.0,7293200
2021-04-15,0.0,116.87113189697266,0.0,117.39573180606466,116.13001874034684,116.15499908334283,0.0,23896700
2021-04-16,0.0,115.96346282958984,0.0,116.3548384667919,115.68866635839417,115.8302385728512,0.0,15238400
2021-04-19,0.0,115.63037872314453,0.0,116.00509654916206,115.37224005869192,115.53045735785336,0.0,13886800
2021-04-20,0.0,116.16334533691406,0.0,116.37984592245732,115.27233723428861,115.28899503507782,0.0,11476500
2021-04-21,0.0,116.3965072631836,0.0,116.50476391233715,115.80528873206683,116.19665176617231,0.0,11902200
2021-04-22,0.0,116.9044418334961,0.0,116.9044418334961,115.91351248099299,116.57968464879298,0.0,14156400
2021-04-23,0.0,116.62965393066406,0.0,116.9710689389152,116.15501464397923,116.89612789988783,0.0,12302200
2021-04-26,0.0,116.46308898925781,0.0,117.00434665176587,116.45476644432748,116.70456985399244,0.0,9103500
2021-04-27,0.0,115.44719696044922,0.0,116.42980377693051,115.35559812760924,116.2382708588795,0.0,14137300
2021-04-28,0.0,115.52212524414062,0.0,115.65536220559791,114.88094619120739,115.45550676341198,0.0,15263700
2021-04-29,0.0,115.18071746826172,0.0,115.21402035393821,114.18978826256209,114.45624946650022,0.0,17178200
2021-04-30,0.0,115.44719696044922,0.0,115.52213799472445,114.89760396340938,115.3389403290445,0.0,15692000
2021-05-03,0.0,115.51641082763672,0.203,116.45874653088221,115.31626231266341,115.66651267026023,0.0,16447700
2021-05-04,0.0,116.3002700805664,0.0,116.88402047650013,116.0500877037936,116.32528704576326,0.0,18639700
2021-05-05,0.0,116.49209594726562,0.0,116.62552827336339,115.84996401212625,115.9416971457176,0.0,11127900
2021-05-06,0.0,116.68390655517578,0.0,116.9090720333749,116.08347376318349,116.12517295911785,0.0,21907600
2021-05-07,0.0,116.10851287841797,0.0,117.25100998582236,115.84166087820213,116.83404339657665,0.0,18346900
2021-05-10,0.0,114.93264770507812,0.0,116.125165740865,114.82423234734942,115.87498330561802,0.0,15146200
2021-05-11,0.0,114.28217315673828,0.0,114.6491057141063,114.05702040774155,114.44062246331154,0.0,15158600
2021-05-12,0.0,113.08132934570312,0.0,114.08204648442083,112.88118082803607,113.97363111341674,0.0,20859400
2021-05-13,0.0,113.25646209716797,0.0,113.72346263769899,113.10636023405887,113.35653000590737,0.0,13073900
2021-05-14,0.0,114.3155517578125,0.0,114.3155517578125,113.59836877728146,113.85688600430846,0.0,17566700
2021-05-17,0.0,114.07369995117188,0.0,114.39059859222421,113.8902463811409,114.10706440012945,0.0,6113800
2021-05-18,0.0,113.78180694580078,0.0,113.89022229477101,113.47325584464703,113.74844250389938,0.0,11423100
2021-05-19,0.0,113.50660705566406,0.0,114.49898923850351,113.09797535543424,113.86519209326492,0.0,14296000
2021-05-20,0.0,114.44058990478516,0.0,114.65742056780002,113.97358959183646,114.04864048681661,0.0,13310500
2021-05-21,0.0,114.80754089355469,0.0,114.83255786258708,114.29884131521891,114.7992061454793,0.0,10171600
2021-05-24,0.0,115.23290252685547,0.0,115.56648349691405,114.99106745777429,115.07446588149216,0.0,6868700
2021-05-25,0.0,116.3002700805664,0.0,116.33362179256079,115.59975688064168,115.60810435224349,0.0,12346900
2021-05-26,0.0,116.10016632080078,0.0,116.67558219141284,115.81663212290209,116.40871749352526,0.0,9793700
2021-05-27,0.0,115.63314056396484,0.0,115.65815753332564,115.07440704022974,115.49970824416967,0.0,10695200
2021-05-28,0.0,115.44966125488281,0.0,116.1668439867027,115.36626288323669,115.56641134030443,0.0,10258000
2021-06-01,0.0,115.42381286621094,0.199,115.46555934896138,114.622079056002,115.0981112933725,0.0,11778500
2021-06-02,0.0,115.69104766845703,0.0,115.90817780018983,115.51567676212997,115.70775390724462,0.0,7347900
2021-06-03,0.0,115.25678253173828,0.0,115.67434932805473,115.12317084169379,115.67434932805473,0.0,10994000
2021-06-04,0.0,116.83515930175781,0.0,116.83515930175781,115.68268385792862,115.68268385792862,0.0,15773700
2021-06-07,0.0,116.47611999511719,0.0,116.67655670822101,116.35085501388438,116.57633198010342,0.0,7799800
2021-06-08,0.0,117.29452514648438,0.0,117.46990882975852,117.09410121488983,117.46990882975852,0.0,11230900
2021-06-09,0.0,118.33007049560547,0.0,118.71422477868046,117.96260970788073,118.38852321558375,0.0,12768300
2021-06-10,0.0,119.03993225097656,0.0,119.05663849028232,117.48658331683875,117.61186099694169,0.0,19698300
2021-06-11,0.0,118.84786987304688,0.0,118.92302884457501,118.45535603089535,118.84786987304688,0.0,8646700
2021-06-14,0.0,117.93757629394531,0.0,118.67249799135803,117.76219261865243,118.67249799135803,0.0,9401300
2021-06-15,0.0,117.79562377929688,0.0,117.82902352396239,117.31959140168341,117.58684033152895,0.0,18207300
2021-06-16,0.0,117.69535064697266,0.0,118.31335398568706,117.09406628840945,118.08786438677267,0.0,19676300
2021-06-17,0.0,119.45748138427734,0.0,121.03588307263307,118.2882996681342,118.47203004397454,0.0,35225800
2021-06-18,0.0,121.70399475097656,0.0,121.9628840829604,120.35942937956438,120.49305379062868,0.0,26616900
2021-06-21,0.0,119.66627502441406,0.0,120.66844543077664,119.44079815179595,120.58492698253774,0.0,16485000
2021-06-22,0.0,119.95862579345703,0.0,119.99202554050412,118.68921877243656,118.73097801359386,0.0,14530200
2021-06-23,0.0,119.64958190917969,0.0,119.84165904898776,119.18190918105942,119.51595748882357,0.0,12040900
2021-06-24,0.0,119.8416519165039,0.0,120.17570020438687,119.69968075699737,119.77483971030223,0.0,8788400
2021-06-25,0.0,118.59730529785156,0.0,119.75814036830168,118.06282036058948,119.6412221864983,0.0,15562200
2021-06-28,0.0,119.81664276123047,0.0,120.09223843395375,119.17358619154278,119.19029243498571,0.0,11460700
2021-06-29,0.0,120.01704406738281,0.0,120.02539081507831,119.45749339362743,119.50761210917923,0.0,11217900
2021-06-30,0.0,120.55149841308594,0.0,121.03586451900735,120.31766210570215,120.46797998482472,0.0,15708900
2021-07-01,0.0,120.55818176269531,0.188,120.67525238819483,120.02299993759163,120.39929746528715,0.0,10810000
2021-07-02,0.0,121.28562927246094,0.0,121.28562927246094,120.50794896273844,120.60829151631948,0.0,9650200
2021-07-06,0.0,122.70723724365234,0.0,122.91629277154206,121.854287117136,121.854287117136,0.0,20037200
2021-07-07,0.0,123.79439544677734,0.0,124.22923479734811,123.10869950909365,123.40138254038543,0.0,20964400
2021-07-08,0.0,124.27942657470703,0.0,124.96513538502298,123.9031288723433,124.49685266565946,0.0,17487800
2021-07-09,0.0,122.53166961669922,0.0,122.91633754241138,122.49822633433973,122.81598217585,0.0,14483600
2021-07-12,0.0,122.37285614013672,0.0,123.11709401084697,122.23069977828744,123.00002331522116,0.0,10610400
2021-07-13,0.0,121.43624877929688,0.0,123.30939202436169,120.9512381329923,122.77421006287808,0.0,23340200
2021-07-14,0.0,122.81600189208984,0.0,122.85781557155785,121.92960803023954,122.09684998836805,0.0,16038600
2021-07-15,0.0,124.1706771850586,0.0,124.26266216568244,122.94978678402776,123.71910991299897,0.0,18462400
2021-07-16,0.0,123.93655395507812,0.0,124.04525421364086,123.19231637071515,123.209031635267,0.0,12787900
2021-07-19,0.0,126.654296875,0.0,127.06403783538185,125.95186010338871,126.22781512799565,0.0,40203900
2021-07-20,0.0,125.4333267211914,0.0,127.69949443823891,125.23262880493189,127.54896781110982,0.0,25674800
2021-07-21,0.0,123.84459686279297,0.0,124.17908086560294,122.64879167124106,123.91148345555753,0.0,19988900
2021-07-22,0.0,125.01519775390625,0.0,125.27442455050041,123.81103594802994,123.85284960290487,0.0,18136900
2021-07-23,0.0,124.1790771484375,0.0,124.3128758494551,123.66898076558604,123.71079445462235,0.0,12639300
2021-07-26,0.0,123.81111145019531,0.0,124.6473340186929,123.66059751254275,124.59716270614206,0.0,10737700
2021-07-27,0.0,125.13237762451172,0.0,125.17419131590745,124.58883791560862,124.87315060150418,0.0,13036500
2021-07-28,0.0,125.14073181152344,0.0,125.15745983957034,123.9867530712232,124.32123707368044,0.0,14346700
2021-07-29,0.0,124.44662475585938,0.0,124.78110861482048,124.20411311233245,124.41316871411847,0.0,11532000
2021-07-30,0.0,125.03207397460938,0.0,125.19931603261351,124.64740575742385,124.70594749558842,0.0,14342100
2021-08-02,0.0,126.14718627929688,0.182,126.61603951616136,124.89969173633827,125.12575053814527,0.0,21232700
2021-08-03,0.0,126.21421813964844,0.0,126.61609068002466,125.91281054054184,126.21421813964844,0.0,13361900
2021-08-04,0.0,126.47374725341797,0.0,127.11005921264795,125.35184628097059,126.84213569817294,0.0,18267900
2021-08-05,0.0,125.82907104492188,0.0,126.35653749444879,125.58627653142499,126.22257573341074,0.0,15345400
2021-08-06,0.0,123.72760772705078,0.0,124.54810121705428,123.65225902165504,124.1797255100204,0.0,21144300
2021-08-09,0.0,123.28386688232422,0.0,124.38065170154216,123.26711846763388,124.03737946452513,0.0,12942400
2021-08-10,0.0,122.71453857421875,0.0,123.55178038660927,122.70615797990529,123.48479950858248,0.0,13716900
2021-08-11,0.0,122.63919067382812,0.0,123.26712210261145,121.99452360515818,122.58059038362977,0.0,17227600
2021-08-12,0.0,122.43821716308594,0.0,122.60566292936755,121.7600407304118,122.31262325690491,0.0,14709400
2021-08-13,0.0,124.37223052978516,0.0,124.38059834589215,122.91542568378667,122.93217409129241,0.0,18653800
2021-08-16,0.0,124.67366790771484,0.0,125.60300673028547,124.5899386253844,124.90809456788628,0.0,19170900
2021-08-17,0.0,124.6233901977539,0.0,125.14247578889743,124.47268009934083,124.6485064182744,0.0,14126900
2021-08-18,0.0,125.04206848144531,0.0,125.14253340978551,124.28854319300557,124.50623423813744,0.0,13144000
2021-08-19,0.0,125.96302795410156,0.0,125.97140854840407,125.42719370588534,125.84581461153228,0.0,15474300
2021-08-20,0.0,126.04669189453125,0.0,126.26437005350249,125.67830364451103,126.08017592849238,0.0,12388400
2021-08-23,0.0,125.96302795410156,0.0,126.0048925997255,125.51929081613952,125.7537175012781,0.0,10615000
2021-08-24,0.0,124.98338317871094,0.0,125.64481097541399,124.98338317871092,125.38525543507298,0.0,13835900
2021-08-25,0.0,123.94528198242188,0.0,125.05881521305768,123.56015787275669,124.92486622182038,0.0,16743800
2021-08-26,0.0,124.28850555419922,0.0,124.38898322740742,123.50149645307802,123.88663318724302,0.0,16657400
2021-08-27,0.0,125.13408660888672,0.0,125.15920282511895,124.18799987984602,124.38894238499186,0.0,15384700
2021-08-30,0.0,125.46070098876953,0.0,125.50255286258533,124.69042721592164,124.74067246003567,0.0,10596300
2021-08-31,0.0,124.60664367675781,0.0,125.6615632804423,124.33035247156393,125.30992341254746,0.0,15262400
2021-09-01,0.0,124.81539154052734,0.189,125.23454457985903,124.48007422567625,125.13395194371083,0.0,10807100
2021-09-02,0.0,125.36031341552734,0.0,125.36870466477372,124.69805709352606,125.10883176890565,0.0,9765900
2021-09-03,0.0,124.22026062011719,0.0,124.49690332145961,124.01907523117218,124.2957179325146,0.0,12928000
2021-09-07,0.0,123.17233276367188,0.0,123.6669431791302,122.94599928315569,123.44897536473007,0.0,15547800
2021-09-08,0.0,124.0106201171875,0.0,124.22858789835512,123.55794043363466,123.7842866711793,0.0,14533700
2021-09-09,0.0,125.51119232177734,0.0,125.65370282607124,123.94356398300835,124.21181528769797,0.0,20324600
2021-09-10,0.0,124.40467071533203,0.0,125.05017025646895,124.20348535609851,124.82382393579007,0.0,14894600
2021-09-13,0.0,125.15914154052734,0.0,125.3184217948537,124.86572919923775,124.94117370132712,0.0,15036100
2021-09-14,0.0,126.67642211914062,0.0,127.06204851334425,125.39381494274502,125.51955572806435,0.0,19918400
2021-09-15,0.0,126.23222351074219,0.0,126.7938874607067,125.68731648474439,126.7603608212283,0.0,11940300
2021-09-16,0.0,125.65373229980469,0.0,126.12318178677923,125.32679335055178,125.46930388827339,0.0,13328900
2021-09-17,0.0,125.05010223388672,0.0,125.2093824176649,124.65609739765677,125.0584806887835,0.0,13782900
2021-09-20,0.0,126.60108184814453,0.0,126.89448151921982,125.93881238961674,126.2238463901648,0.0,14660400
2021-09-21,0.0,126.4920425415039,0.0,126.55073012496945,125.91360912295299,126.34115354094604,0.0,10035800
2021-09-22,0.0,127.24651336669922,0.0,127.24651336669922,126.11480748576804,126.4082070290289,0.0,22277800
2021-09-23,0.0,124.37110137939453,0.0,126.1231581693176,124.35433167470308,126.0980100080488,0.0,23853300
2021-09-24,0.0,123.15556335449219,0.0,123.9435732063757,123.01305283959324,123.93518195803411,0.0,20203900
2021-09-27,0.0,122.702880859375,0.0,123.12203398143781,122.29211898633785,122.44300797034215,0.0,13464300
2021-09-28,0.0,120.79157257080078,0.0,121.61312209667933,120.41433722891924,120.9927707225235,0.0,26613500
2021-09-29,0.0,121.00115966796875,0.0,121.9149107020886,120.45626554820171,121.3867862943037,0.0,23569400
2021-09-30,0.0,120.98436737060547,0.0,121.14363481746629,120.42269091155327,120.79993896735759,0.0,22567600
2021-10-01,0.0,122.00250244140625,0.183,122.04446071851405,121.03721872016605,121.58281720811318,0.0,26151800
2021-10-04,0.0,121.69195556640625,0.0,122.09486270767424,120.95331808964146,121.43175270919978,0.0,28027600
2021-10-05,0.0,120.51687622070312,0.0,121.45696753693463,120.41615581047364,121.37303813100459,0.0,22659200
2021-10-06,0.0,121.19668579101562,0.0,121.47367954680107,120.89451194904746,121.06238345952416,0.0,18696500
2021-10-07,0.0,119.92927551269531,0.0,120.31537881661664,119.68585086616413,120.18947834963771,0.0,14856000
2021-10-08,0.0,119.0898666381836,0.0,119.48437171830076,118.79608189927939,119.40881865461623,0.0,17257800
2021-10-11,0.0,118.7877426147461,0.0,119.1066947649161,118.72898051921624,118.85489380630298,0.0,7213400
2021-10-12,0.0,120.8189926147461,0.0,120.87774189008866,119.59350604125513,119.71941930175062,0.0,17968700
2021-10-13,0.0,121.9941177368164,0.0,122.15360019719373,121.35620070308586,121.38138079601083,0.0,23584600
2021-10-14,0.0,122.44737243652344,0.0,122.51452361334596,121.66675121276674,122.01928528525198,0.0,12946400
2021-10-15,0.0,121.73390197753906,0.0,121.82623324438535,121.26385654914978,121.70872188728802,0.0,11811500
2021-10-18,0.0,122.3046646118164,0.0,122.54807638839947,121.30581180296822,121.70870600217755,0.0,12115900
2021-10-19,0.0,120.61756896972656,0.0,121.48211978001866,120.57559787249497,121.42337049011896,0.0,12156300
2021-10-20,0.0,119.8033676147461,0.0,120.600767159551,119.61870504970334,120.23984393282711,0.0,12782500
2021-10-21,0.0,119.6606674194336,0.0,120.15589298604456,119.3836735920634,120.02999252259383,0.0,13660000
2021-10-22,0.0,120.97846984863281,0.0,121.20509065376302,120.20625055374661,120.40769126941792,0.0,13740000
2021-10-25,0.0,120.79386138916016,0.0,121.12121550642958,120.5588385771607,120.59240777553947,0.0,8137900
2021-10-26,0.0,121.79267883300781,0.0,121.79267883300781,120.65113430797813,121.38977172456518,0.0,13671000
2021-10-27,0.0,124.00860595703125,0.0,124.37791822944648,122.48933454845948,122.88383971977676,0.0,22092300
2021-10-28,0.0,123.58892059326172,0.0,124.50383139076753,123.25316469891708,124.0505641353467,0.0,17497600
2021-10-29,0.0,123.96660614013672,0.0,124.2268088933044,122.81667288603123,122.94257331247533,0.0,19087300
2021-11-01,0.0,123.07403564453125,0.188,123.34296977598497,122.45210542789346,122.53615455752713,0.0,18035500
2021-11-02,0.0,123.62041473388672,0.0,124.02383548773861,123.12455781773065,123.12455781773065,0.0,9836700
2021-11-03,0.0,122.34293365478516,0.0,124.36838557826779,122.30930885221096,124.23392484028516,0.0,20639400
2021-11-04,0.0,123.62877655029297,0.0,123.84728641743264,122.57822614733026,122.5950257204245,0.0,15922400
2021-11-05,0.0,125.477783203125,0.0,125.71310554343046,124.49446924739735,124.82224056597323,0.0,21513000
2021-11-08,0.0,125.24246215820312,0.0,125.46097209814518,124.81382924355887,125.19203777391694,0.0,12083800
2021-11-09,0.0,126.87291717529297,0.0,127.55367200169174,126.60397003078174,126.73844360303735,0.0,23430200
2021-11-10,0.0,124.55323791503906,0.0,126.84763612260426,123.56992439751113,126.76359979514804,0.0,28170600
2021-11-11,0.0,124.36839294433594,0.0,124.9398992050039,124.29275637022127,124.81382542404066,0.0,5552500
2021-11-12,0.0,123.82210540771484,0.0,124.81381908222129,123.34304814778541,124.38519902657771,0.0,12712000
2021-11-15,0.0,122.26725769042969,0.0,123.51111863326992,122.04874781760195,123.45228165360363,0.0,15232700
2021-11-16,0.0,121.95629119873047,0.0,123.023653959563,121.73778133964159,122.44374810663744,0.0,12998700
2021-11-17,0.0,122.92277526855469,0.0,122.94798744785413,121.40999321419123,121.50244214632228,0.0,14239900
2021-11-18,0.0,123.38506317138672,0.0,123.46069973579301,122.66228385526209,122.69590865551189,0.0,11054600
2021-11-19,0.0,124.68778228759766,0.0,124.88949267150406,124.032239570036,124.032239570036,0.0,14022100
2021-11-22,0.0,123.22537231445312,0.0,124.0826251477783,122.81356470926907,123.88091482696552,0.0,15266000
2021-11-23,0.0,121.4436264038086,0.0,122.79673583379778,121.44362640380858,122.64544990746091,0.0,15318500
2021-11-24,0.0,123.39347076416016,0.0,123.39347076416016,121.68736488373857,121.81343864339118,0.0,13769700
2021-11-26,0.0,126.5114974975586,0.0,126.63755843301077,124.94827777743518,125.08275132465303,0.0,20064800
2021-11-29,0.0,125.49456024169922,0.0,125.76349448736087,124.52804613685052,124.64570727384664,0.0,23234200
2021-11-30,0.0,127.40233612060547,0.0,127.8057566793437,126.27614924835439,126.76360613875426,0.0,31481100
2021-12-01,0.0,128.18829345703125,0.184,128.24720194880507,126.04256319988963,126.63159675887303,0.0,30826500
2021-12-02,0.0,128.34812927246094,0.0,128.73520723515767,126.85873873294263,128.68470875679213,0.0,17754200
2021-12-03,0.0,129.8795928955078,0.0,130.52750903204912,127.35520829376566,127.63287930103533,0.0,34427100
2021-12-06,0.0,128.09571838378906,0.0,129.87962602166255,127.84327729129224,129.6271849291657,0.0,30924200
2021-12-07,0.0,127.06075286865234,0.0,128.3481886089542,126.94294871070609,127.66660649228736,0.0,22115900
2021-12-08,0.0,124.86455535888672,0.0,126.62320799387432,124.83931252410257,126.61479799551033,0.0,33633900
2021-12-09,0.0,125.56294250488281,0.0,126.08464476071903,124.94025609266367,125.66391382157646,0.0,17544900
2021-12-10,0.0,125.26000213623047,0.0,126.42122351108166,125.21792647893959,126.15194957617035,0.0,14298700
2021-12-13,0.0,127.11125183105469,0.0,127.32161733794831,126.4801553103738,126.54747381334275,0.0,17860500
2021-12-14,0.0,126.80824279785156,0.0,127.00177534364357,125.63861185119706,126.53055896796741,0.0,14015500
2021-12-15,0.0,125.58816528320312,0.0,126.88401071940996,125.48719398263012,125.89109202460939,0.0,25383900
2021-12-16,0.0,125.63703918457031,0.168,126.26042727309074,125.29164796576205,125.30849976657551,0.0,18677900
2021-12-17,0.0,127.06073760986328,0.0,127.18709400376977,126.49632429348075,126.64795196616855,0.0,18093500
2021-12-20,0.0,126.10881042480469,0.0,127.22079811219797,126.0245771132556,126.99334374811113,0.0,17147300
2021-12-21,0.0,125.62855529785156,0.0,125.68751728923053,124.35650849888455,124.79456511632591,0.0,16598200
2021-12-22,0.0,126.2098617553711,0.0,126.24355249670874,125.53593124121934,126.1340350925894,0.0,12253900
2021-12-23,0.0,125.11470031738281,0.0,126.02450439459484,124.70191491024922,126.01607207039343,0.0,11642500
2021-12-27,0.0,125.41804504394531,0.0,125.52754963815761,124.94629734966297,125.06423427323355,0.0,7821800
2021-12-28,0.0,124.92096710205078,0.0,126.1761625678316,124.68509334198075,126.02453494528196,0.0,9174600
2021-12-29,0.0,123.55628204345703,0.0,124.09542396806494,123.33726005520168,123.75846508549402,0.0,11771200
2021-12-30,0.0,124.59241485595703,0.0,124.65138971695751,123.3709231130858,124.04485358113168,0.0,10355000
2021-12-31,0.0,124.83670806884766,0.0,125.54432920309802,124.1964684057279,124.51658823728778,0.0,13402300
2022-01-03,0.0,121.55984497070312,0.0,123.78380830917449,121.54299316053212,123.3373317458796,0.0,33860400
2022-01-04,0.0,121.05431365966797,0.0,121.41655664152668,120.24560726313626,120.97849984514744,0.0,21996400
2022-01-05,0.0,120.39720916748047,0.0,121.44180196514353,120.22031030472972,121.42495016968748,0.0,20911700
2022-01-06,0.0,120.70897674560547,0.0,120.83534601410959,119.86656637222674,120.11929205507279,0.0,18996400
2022-01-07,0.0,119.84120178222656,0.0,120.66677256035354,119.25151755081599,120.57410697726385,0.0,18756800
2022-01-10,0.0,120.13605499267578,0.0,120.30453437188874,119.08304280490398,119.32733597663986,0.0,13775800
2022-01-11,0.0,120.93638610839844,0.0,120.99536098257032,120.2119129429229,120.3635534378239,0.0,24388700
2022-01-12,0.0,120.47309112548828,0.0,121.31550141674754,120.46467165007363,121.22283577054259,0.0,14440600
2022-01-13,0.0,121.54296112060547,0.0,121.66089805238336,120.48994821038802,120.7932164426971,0.0,15166000
2022-01-14,0.0,119.7064437866211,0.0,120.85212168683331,119.44528593790056,120.81841809479978,0.0,22997500
2022-01-18,0.0,118.02162170410156,0.0,119.04093039471583,117.95422737555745,118.74609466825842,0.0,21171700
2022-01-19,0.0,118.83878326416016,0.0,119.37792514270862,118.19854344615138,118.38387467197957,0.0,17930500
2022-01-20,0.0,119.57169342041016,0.0,119.61381649686521,118.85563968314885,119.0915134863073,0.0,13959000
2022-01-21,0.0,120.99534606933594,0.0,121.39127977690897,120.18662685590962,120.80158252450262,0.0,28916600
2022-01-24,0.0,120.00129699707031,0.0,121.61872258809473,119.9844451985991,121.55976057467947,0.0,25001600
2022-01-25,0.0,119.80757141113281,0.0,121.0627671500796,119.45376069402859,120.55731592326862,0.0,15599000
2022-01-26,0.0,118.35859680175781,0.0,120.10239155096701,118.35017732983734,119.84123367156495,0.0,23655500
2022-01-27,0.0,120.53203582763672,0.0,120.77632909508583,119.90022826743366,119.96762261635425,0.0,21501800
2022-01-28,0.0,120.57415771484375,0.0,120.85215458109379,119.49587385105076,119.69804404166345,0.0,12826500
2022-01-31,0.0,119.95077514648438,0.0,120.4225227518035,119.5885449688851,119.7738633674106,0.0,13998400
2022-02-01,0.0,119.55256652832031,0.198,120.09245905548643,118.9957987394153,120.02497088058401,0.0,20806100
2022-02-02,0.0,119.95751953125,0.0,121.1132371821726,119.72974848003793,119.74662374695734,0.0,18404600
2022-02-03,0.0,119.02115631103516,0.0,119.35015325994279,118.25349247289776,118.472832353542,0.0,17234100
2022-02-04,0.0,117.26651000976562,0.0,118.21976325872464,117.07248945475915,117.97512976519992,0.0,23609800
2022-02-07,0.0,117.3424072265625,0.0,117.51955245844364,116.87843397535222,117.18212438777569,0.0,12962400
2022-02-08,0.0,116.55786895751953,0.0,116.90374109874814,116.26262261202787,116.59161948801083,0.0,16269200
2022-02-09,0.0,116.7772216796875,0.0,117.57019198444394,116.5747699403003,117.02186802752531,0.0,14349100
2022-02-10,0.0,114.92127990722656,0.0,116.27101752039614,114.59228313392362,116.1276099907053,0.0,30896200
2022-02-11,0.0,116.62533569335938,0.0,116.84466261298448,114.18738163208377,115.46118717461447,0.0,43210300
2022-02-14,0.0,115.17440795898438,0.0,116.19514924765406,114.70200344828213,115.68056300448393,0.0,23157400
2022-02-15,0.0,113.8668441772461,0.0,114.59232616413921,113.83310651667146,114.38987445657804,0.0,18198500
2022-02-16,0.0,114.54170989990234,0.0,114.78635620215286,113.47035578106554,114.68511747926534,0.0,16473700
2022-02-17,0.0,115.39373016357422,0.0,116.0517368442706,114.64294169617504,115.10691498997386,0.0,24508200
2022-02-18,0.0,116.6084976196289,0.0,116.72659874817663,115.70587032402652,116.00956077915745,0.0,17522600
2022-02-22,0.0,116.91217803955078,0.0,116.97966623179342,115.9673690922671,116.15295840292018,0.0,19534000
2022-02-23,0.0,115.30094146728516,0.0,116.28794510334143,115.20815967578443,116.14452463706768,0.0,17757800
2022-02-24,0.0,115.37686920166016,0.0,117.57017763367526,114.93820236643428,117.34241945466512,0.0,28150400
2022-02-25,0.0,115.4611587524414,0.0,115.83233719586264,114.8790846363536,115.45272755947286,0.0,15025400
2022-02-28,0.0,117.99197387695312,0.0,118.13538147121606,116.68443026100935,116.77721205254039,0.0,25817700
2022-03-01,0.0,119.35614776611328,0.185,120.22618799148853,118.25803486455044,118.56212746976627,0.0,35664400
2022-03-02,0.0,115.27627563476562,0.0,118.61283995578192,115.22559566817955,118.1229121302725,0.0,30397400
2022-03-03,0.0,116.45038604736328,0.0,117.1599312192236,115.74084087550297,116.13785105504233,0.0,20649100
2022-03-04,0.0,118.4607925415039,0.0,118.95072033593493,117.67521444193333,118.56215246824631,0.0,25853100
2022-03-07,0.0,117.55695343017578,0.0,118.79866405256666,117.21907842493015,117.51471583224377,0.0,23710900
2022-03-08,0.0,116.37434387207031,0.0,116.77979633720406,115.93509618286623,116.15471358291754,0.0,28331300
2022-03-09,0.0,115.23400115966797,0.0,116.01112380656791,114.98904376984936,115.78306402990648,0.0,18819200
2022-03-10,0.0,113.57841491699219,0.0,114.17814494856941,112.9533320168976,113.89094992248724,0.0,26868900
2022-03-11,0.0,113.9585189819336,0.0,114.414651466386,113.36723135797544,113.46859126805298,0.0,15583800
2022-03-14,0.0,111.29768371582031,0.0,112.25219898060408,111.2639013820594,112.09170389476245,0.0,24385000
2022-03-15,0.0,111.10340881347656,0.0,112.47181892106526,110.8162138581483,112.22686155072087,0.0,17518800
2022-03-16,0.0,112.1930923461914,0.0,112.45494735899459,110.08134174087176,111.35683446640782,0.0,25857700
2022-03-17,0.0,111.35684967041016,0.0,112.63234257009442,110.71488203881955,112.19310766437144,0.0,19330600
2022-03-18,0.0,112.7168197631836,0.0,112.8012820669666,111.98193456365782,111.98193456365782,0.0,55891700
2022-03-21,0.0,110.106689453125,0.0,111.22168714874026,109.59986411659752,110.89225454672851,0.0,26122000
2022-03-22,0.0,108.69603729248047,0.0,109.25354262938679,108.40884226041531,108.93256525376886,0.0,21830900
2022-03-23,0.0,111.0781021118164,0.0,111.16257730708723,108.8480935811814,109.27888614321022,0.0,21266100
2022-03-24,0.0,110.20806884765625,0.0,110.80779894982844,109.47318357996983,109.51540829122527,0.0,17141600
2022-03-25,0.0,108.67914581298828,0.0,109.40558860073384,107.82599668885882,109.38869098545493,0.0,25684500
2022-03-28,0.0,109.60829162597656,0.0,110.28405435340271,109.00010646020323,109.29575668129654,0.0,17657800
2022-03-29,0.0,110.43611907958984,0.0,111.12032424309439,109.59141880087243,110.28406632708695,0.0,19319700
2022-03-30,0.0,111.29768371582031,0.0,111.50885874685382,109.80257377625585,109.8701513328787,0.0,16310200
2022-03-31,0.0,111.56804656982422,0.0,112.06641678476413,111.21327389703103,111.4835713619228,0.0,19901000
2022-04-01,0.0,111.99272918701172,0.202,112.4834074284182,109.73392596269387,109.98771392475884,0.0,23489700
2022-04-04,0.0,111.21436309814453,0.0,111.65427062910506,110.57986767699977,111.61196835259359,0.0,13609900
2022-04-05,0.0,108.70178985595703,0.0,110.63911072387468,108.53258070374406,110.62218722688421,0.0,25196900
2022-04-06,0.0,107.82196807861328,0.0,108.54106837798093,106.93367795995034,106.95905675556584,0.0,22952000
2022-04-07,0.0,107.00981140136719,0.0,107.16209062529282,106.09614251223738,106.68833590837929,0.0,23458800
2022-04-08,0.0,105.85079956054688,0.0,106.45145468465924,105.12324401203361,106.12997274892044,0.0,26859200
2022-04-11,0.0,104.17571258544922,0.0,105.06400896904464,103.68503446014084,104.83558694838399,0.0,30020700
2022-04-12,0.0,104.03189849853516,0.0,105.03863357187386,103.77809767947439,104.94557370184643,0.0,23124200
2022-04-13,0.0,104.243408203125,0.0,105.15708350437018,103.96422856311837,104.09959073563927,0.0,17189500
2022-04-14,0.0,102.15381622314453,0.0,103.99808413653025,101.84079599476856,103.93886479109962,0.0,34274500
2022-04-18,0.0,101.64617919921875,0.0,102.43295386817175,101.25702273831173,102.25529590478519,0.0,18784300
2022-04-19,0.0,100.88484191894531,0.0,101.2824603579587,100.39416357061282,100.80024376168039,0.0,26012300
2022-04-20,0.0,102.91519165039062,0.0,103.18590952550628,101.45161890233139,101.70541973406249,0.0,31423200
2022-04-21,0.0,102.15381622314453,0.0,102.2891784152286,100.81714362122493,102.22149731918657,0.0,23323200
2022-04-22,0.0,101.51085662841797,0.0,102.73755226481713,101.3585773926727,101.57853772306574,0.0,19773400
2022-04-25,0.0,102.5260238647461,0.0,103.37201793850903,102.47525983131298,102.68675834975372,0.0,25418900
2022-04-26,0.0,103.55814361572266,0.0,104.08265584075271,103.00824614530666,103.58352240668566,0.0,26931300
2022-04-27,0.0,102.22991943359375,0.0,103.481993486275,102.17070010738452,103.37201658172141,0.0,14560500
2022-04-28,0.0,102.3822021484375,0.0,102.42450443479606,101.52775276291429,101.84922819420218,0.0,16892500
2022-04-29,0.0,101.05400848388672,0.0,102.33992333168172,100.76637354297854,100.9355698076982,0.0,26153400
2022-05-02,0.0,99.3023681640625,0.203,100.22606860236941,99.0905095535798,99.87862384319187,0.0,29233900
2022-05-03,0.0,99.97183990478516,0.0,101.10739892808277,99.90404359925384,100.87859447867902,0.0,21256700
2022-05-04,0.0,100.52265930175781,0.0,100.8192600145851,99.44641411682802,99.9718257119868,0.0,25575700
2022-05-05,0.0,97.76851654052734,0.0,98.70069315881081,96.6244748406125,98.59899869547718,0.0,48384500
2022-05-06,0.0,96.3278579711914,0.0,97.48884532158048,96.0227810975915,96.72615313758075,0.0,32790500
2022-05-09,0.0,97.17532348632812,0.0,97.20922164598791,95.43808644530066,95.64146893784654,0.0,26773000
2022-05-10,0.0,98.05663299560547,0.0,99.1159259885561,97.86172670553289,98.2091714452068,0.0,33640800
2022-05-11,0.0,99.94642639160156,0.0,99.94642639160156,96.98040565962476,97.23463212883266,0.0,34173600
2022-05-12,0.0,99.75996398925781,0.0,100.751460540321,99.70912000163727,100.01419039277096,0.0,26405700
2022-05-13,0.0,98.28546142578125,0.0,99.27695829225581,98.21766511044646,99.13289597122873,0.0,20782700
2022-05-16,0.0,98.1837387084961,0.0,99.09896930599616,98.17526255516444,98.4803394209978,0.0,11050600
2022-05-17,0.0,96.9973373413086,0.0,97.75155341436287,96.91259519727991,97.2091959340859,0.0,15040800
2022-05-18,0.0,99.0650634765625,0.0,99.14980560707626,97.12443830036965,97.21765658355784,0.0,21337300
2022-05-19,0.0,99.3023681640625,0.0,100.60741798048527,99.02271324652654,100.539621673432,0.0,21937500
2022-05-20,0.0,100.429443359375,0.0,100.86163020870941,99.20065971263095,99.2260817078376,0.0,22780900
2022-05-23,0.0,98.77696990966797,0.0,100.20913638014284,98.76002406330697,99.75152094344531,0.0,15925200
2022-05-24,0.0,100.7260513305664,0.0,101.38704911516841,99.87861694714613,99.91251509833229,0.0,23388200
2022-05-25,0.0,101.12433624267578,0.0,101.37009296472789,100.49723020761432,101.36161681144041,0.0,14410800
2022-05-26,0.0,100.66670989990234,0.0,100.92093628193443,99.82775184799965,100.86161614625263,0.0,14912900
2022-05-27,0.0,100.9124755859375,0.0,101.47177884856798,100.62434456880446,101.14975614980561,0.0,11190400
2022-05-31,0.0,98.77696990966797,0.0,99.3447559766559,98.24308846622715,99.30238166263457,0.0,28393700
2022-06-01,0.0,98.66405487060547,0.207,99.61486590602398,98.21411658035714,99.35169591970842,0.0,15544800
2022-06-02,0.0,98.71498107910156,0.0,99.08002642168023,98.01884885336014,99.0121095028484,0.0,9832000
2022-06-03,0.0,98.50271606445312,0.0,98.52818328215932,97.51794694397987,97.7047086994625,0.0,15330400
2022-06-06,0.0,96.68598175048828,0.0,98.06126980765907,96.61806485156114,97.75565023939889,0.0,20815400
2022-06-07,0.0,97.7302017211914,0.0,98.29050005226769,97.27177228108542,97.297239503828,0.0,14278700
2022-06-08,0.0,96.86425018310547,0.0,97.73865912947136,96.84727419833149,97.35663794139876,0.0,11476100
2022-06-09,0.0,97.18688201904297,0.0,97.38213504998087,96.50772583520143,96.6435531858217,0.0,15527300
2022-06-10,0.0,96.5841064453125,0.0,97.29722093054264,95.9049568864731,97.08498547898434,0.0,21917100
2022-06-13,0.0,93.55337524414062,0.0,94.80132061272694,92.73839196763578,94.64851084357532,0.0,36968300
2022-06-14,0.0,92.3733901977539,0.0,94.21559952446115,92.18662189465705,93.83357168351367,0.0,21865900
2022-06-15,0.0,94.09671783447266,0.0,94.22406041586665,92.56013505587995,93.46001140441543,0.0,25202800
2022-06-16,0.0,94.84382629394531,0.0,94.84382629394531,91.78763558317456,92.06778159461648,0.0,26067300
2022-06-17,0.0,95.14939880371094,0.0,95.78610515575357,94.1985816529723,95.08997313659677,0.0,21614300
2022-06-21,0.0,93.53644561767578,0.0,94.24955390920356,93.22233469293262,93.46003745677521,0.0,17663800
2022-06-22,0.0,96.10871124267578,0.0,96.19360413687006,95.40408791472923,95.66726430671795,0.0,23703800
2022-06-23,0.0,96.89823150634766,0.0,97.77264065915351,96.34641795570026,96.69448725640088,0.0,20669200
2022-06-24,0.0,95.5569076538086,0.0,96.92370476630722,95.50597320737693,96.32095673485027,0.0,18161300
2022-06-27,0.0,94.7419204711914,0.0,95.26826681269442,94.36839041691442,94.41932486138103,0.0,12053000
2022-06-28,0.0,95.18338775634766,0.0,95.23432220822214,94.12221016286904,94.47876427981848,0.0,13706600
2022-06-29,0.0,96.66902923583984,0.0,96.69449645989307,95.22582392932588,95.40410097461204,0.0,12925400
2022-06-30,0.0,97.51798248291016,0.0,98.28202520018694,97.41610709804658,97.50949124827629,0.0,25802100
2022-07-01,0.0,98.5191421508789,0.227,100.02474179985413,98.00876971850109,98.58719353912596,0.0,21858800
2022-07-05,0.0,99.29322052001953,0.0,100.16085307974785,98.81686725158649,99.4293168183303,0.0,16689700
2022-07-06,0.0,97.62598419189453,0.0,99.98221318226184,97.62598419189453,99.85461845347783,0.0,20205400
2022-07-07,0.0,96.76683807373047,0.0,97.96621268009632,96.55418240333533,97.90666935197513,0.0,13088000
2022-07-08,0.0,95.69507598876953,0.0,96.54569888644748,95.31229828070953,96.54569888644748,0.0,15320000
2022-07-11,0.0,97.34529113769531,0.0,97.6430078681586,96.7158254907295,96.79238492984177,0.0,13639900
2022-07-12,0.0,97.92372131347656,0.0,98.8679133551075,97.79612656654889,98.25546376164544,0.0,18547300
2022-07-13,0.0,99.04652404785156,0.0,99.22515406274455,96.50315712263264,96.77535616767011,0.0,20594800
2022-07-14,0.0,98.2384262084961,0.0,98.80834842164839,97.37079380044123,97.8896742321289,0.0,15665000
2022-07-15,0.0,98.79134368896484,0.0,99.3697675240799,98.33200654139661,98.53615422151435,0.0,16022600
2022-07-18,0.0,97.7621078491211,0.0,98.09385032097929,97.12414055866473,98.03430696679291,0.0,15838300
2022-07-19,0.0,97.23469543457031,0.0,97.94922199976367,96.68179577654529,97.74507433388155,0.0,9276800
2022-07-20,0.0,97.48987579345703,0.0,98.28946327072963,97.01352912090485,98.22991993666061,0.0,9117300
2022-07-21,0.0,99.17412567138672,0.0,99.28471080725528,97.83014635551652,97.98325874463313,0.0,14754900
2022-07-22,0.0,100.84134674072266,0.0,101.45378977339428,100.34798390436656,100.62018297102205,0.0,17715300
2022-07-25,0.0,99.85460662841797,0.0,99.98220134209186,99.07203523616528,99.27618288420148,0.0,24868100
2022-07-26,0.0,99.9311752319336,0.0,101.42826677470023,99.86312384642493,101.10503242814008,0.0,13536000
2022-07-27,0.0,99.3697738647461,0.0,100.79031264951026,99.27620482002624,100.38201726322193,0.0,15725600
2022-07-28,0.0,100.16084289550781,0.0,101.15607009540389,99.79507480198991,100.41603235228307,0.0,16637900
2022-07-29,0.0,99.88865661621094,0.0,101.48782547934694,99.80359561631596,100.11832196490124,0.0,16655900
2022-08-01,0.0,102.2943344116211,0.213,102.34546245457229,100.6240844927244,100.76895161544039,0.0,17974600
2022-08-02,0.0,100.12981414794922,0.0,102.84823416147698,99.95085951561316,102.38806232052825,0.0,17896300
2022-08-03,0.0,101.70632934570312,0.0,101.82563243924166,99.13278282597501,99.84860138720619,0.0,16731200
2022-08-04,0.0,101.67223358154297,0.0,101.87675872663692,101.01606662024197,101.39102288471709,0.0,11003000
2022-08-05,0.0,99.25205993652344,0.0,99.79744722178977,98.75780067752294,99.76335970376947,0.0,19492300
2022-08-08,0.0,100.8541488647461,0.0,101.00753946726365,100.18093491489292,100.24910996079633,0.0,17476300
2022-08-09,0.0,100.46216583251953,0.0,100.86268615502544,100.09573303762382,100.32582222360985,0.0,8223200
2022-08-10,0.0,99.80595397949219,0.0,101.33133602191691,99.47360886147247,100.32577716440059,0.0,14665300
2022-08-11,0.0,97.4795913696289,0.0,99.75488057196453,97.22393812152127,99.59297291625974,0.0,20663800
2022-08-12,0.0,98.46807098388672,0.0,98.48511149290358,97.51363994070284,98.0845912649467,0.0,12178400
2022-08-15,0.0,98.38285827636719,0.0,99.49068001201671,98.38285827636719,99.13277077491031,0.0,9031800
2022-08-16,0.0,98.79191589355469,0.0,98.86860795445536,97.35174873568525,98.21244092780229,0.0,11066000
2022-08-17,0.0,97.76078033447266,0.0,98.0846020536481,97.41138809666496,98.05051453033538,0.0,14131300
2022-08-18,0.0,97.90565490722656,0.0,98.5447813896925,97.65000171362787,97.97382995905699,0.0,10738200
2022-08-19,0.0,96.32914733886719,0.0,96.58479403921898,96.0734941369844,96.49106146682836,0.0,16330900
2022-08-22,0.0,96.00531768798828,0.0,96.26096436731301,95.5536628682734,96.1757488075381,0.0,10457200
2022-08-23,0.0,95.47695922851562,0.0,96.70408394525644,95.22130607868473,95.60478580343107,0.0,17813200
2022-08-24,0.0,94.77818298339844,0.0,95.33209381672948,94.4714017988314,95.00826562105883,0.0,13971600
2022-08-25,0.0,96.09905242919922,0.0,96.37174612757339,94.58219332564724,94.8634105306511,0.0,21429700
2022-08-26,0.0,96.82341003417969,0.0,97.13870829219849,95.45141790706245,95.69854761024524,0.0,18764400
2022-08-29,0.0,96.02234649658203,0.0,96.30356366094321,95.5536512226467,96.24391212621778,0.0,14278300
2022-08-30,0.0,96.26097106933594,0.0,96.72966643302581,95.62184457423024,95.97123684562285,0.0,14346600
2022-08-31,0.0,95.34062957763672,0.0,96.58479507025022,95.08498287455592,96.0308906294763,0.0,13623500
2022-09-01,0.0,93.5951156616211,0.236,94.15019749411977,93.03149881966701,93.82569122240525,0.0,22490400
2022-09-02,0.0,94.12457275390625,0.0,94.41491942136606,93.48409526539602,93.66342818034602,0.0,13024400
2022-09-06,0.0,91.79322052001953,0.0,93.05709880835622,91.73344288906752,92.9973211774042,0.0,24648500
2022-09-07,0.0,93.24500274658203,0.0,93.49265487187041,92.40810913301179,92.50204637071687,0.0,17050100
2022-09-08,0.0,92.28852844238281,0.0,93.5267822128751,92.27145191080515,92.94608241013374,0.0,14671400
2022-09-09,0.0,92.49346923828125,0.0,92.91191914161581,91.91276949932343,92.51055228325592,0.0,12529800
2022-09-12,0.0,91.73345184326172,0.0,92.9887887310619,91.30646686184798,92.76675471645011,0.0,14806900
2022-09-13,0.0,91.94697570800781,0.0,92.00675336519205,90.72579798386475,90.99906820460353,0.0,22158900
2022-09-14,0.0,92.2629165649414,0.0,92.40808989652862,91.47726575429705,91.66513367532379,0.0,13077800
2022-09-15,0.0,92.20315551757812,0.0,92.39102998768286,91.87010768976519,92.10067675699145,0.0,10260200
2022-09-16,0.0,91.43455505371094,0.0,92.27144840523579,91.17836148286555,91.40039547658002,0.0,18903800
2022-09-19,0.0,91.6480941772461,0.0,92.07507933582724,91.20403247904335,91.34066434184555,0.0,11084400
2022-09-20,0.0,90.73432922363281,0.0,91.23816848916604,90.0084558928988,90.25610802037751,0.0,20133800
2022-09-21,0.0,92.25439453125,0.0,92.26293605705197,90.49521810200487,91.1186126647698,0.0,23132900
2022-09-22,0.0,89.89738464355469,0.0,90.48662580303159,89.43624675340148,90.34145252223256,0.0,29030600
2022-09-23,0.0,90.26464080810547,0.0,90.88804187437596,89.29111537386669,89.95721103779059,0.0,23042200
2022-09-26,0.0,88.53958892822266,0.0,90.01695954566564,88.14676360292668,89.97425844965134,0.0,25104600
2022-09-27,0.0,86.2082748413086,0.0,87.94183953373559,86.16558024752756,87.71126396927497,0.0,34609500
2022-09-28,0.0,89.09468078613281,0.0,89.19715300384662,87.51483778207,88.06991300208186,0.0,39283100
2022-09-29,0.0,88.633544921875,0.0,89.00929379760586,87.78811646675442,87.87351216161856,0.0,19127100
2022-09-30,0.0,87.48922729492188,0.0,89.54729820225829,87.30135936044896,89.04345249472942,0.0,26485700
2022-10-03,0.0,88.87939453125,0.244,89.60700069902504,88.29730829086421,88.89651183354276,0.0,27192200
2022-10-04,0.0,88.63114166259766,0.0,89.58131184293117,88.42570140304201,89.1533074925405,0.0,13788700
2022-10-05,0.0,87.78368377685547,0.0,88.0319205215628,86.9533543971636,87.93776558474497,0.0,20522100
2022-10-06,0.0,87.2957534790039,0.0,88.03191481248159,86.91054571884818,87.81791267822625,0.0,13965700
2022-10-07,0.0,86.44830322265625,0.0,86.98759279878435,86.00318164204975,86.29422141959495,0.0,14814800
2022-10-10,0.0,85.10436248779297,0.0,86.0374151376968,84.57364140385043,86.02885322416745,0.0,15652600
2022-10-11,0.0,85.48104095458984,0.0,86.37129090762046,84.73631093299323,85.37831754549165,0.0,33246700
2022-10-12,0.0,85.90047454833984,0.0,86.06311829652434,84.90750781989397,84.98454547061611,0.0,21447600
2022-10-13,0.0,85.0787124633789,0.0,85.9261593303499,84.17990062843812,84.19702446137096,0.0,30292500
2022-10-14,0.0,84.37676239013672,0.0,85.7634985902272,84.10283991576628,85.7634985902272,0.0,18728200
2022-10-17,0.0,83.96587371826172,0.0,85.30981338228202,83.83747766320089,84.99308787453607,0.0,18969900
2022-10-18,0.0,84.16276550292969,0.0,84.2826061847656,82.92155564213171,83.84603996903343,0.0,16931500
2022-10-19,0.0,82.63050842285156,0.0,83.39235554802164,82.4507474020524,83.19547722892948,0.0,25431600
2022-10-20,0.0,81.2181167602539,0.0,82.45933350243884,81.09827604457112,82.11692865870405,0.0,25434900
2022-10-21,0.0,79.75434112548828,0.0,80.404909664935,78.97537648620195,79.6259384948196,0.0,46280300
2022-10-24,0.0,79.09518432617188,0.0,80.07959537771602,78.62437705300796,79.4547063179554,0.0,31332600
2022-10-25,0.0,81.39787292480469,0.0,81.51772016408889,80.84147243447413,80.96131314292953,0.0,31213100
2022-10-26,0.0,82.57063293457031,0.0,82.76751789143675,81.97998459480183,81.97998459480183,0.0,24843900
2022-10-27,0.0,83.43517303466797,0.0,83.8032570545508,82.36516210836069,83.01573058018747,0.0,20270000
2022-10-28,0.0,82.86162567138672,0.0,83.57210776517975,82.52778287780913,82.91298409168279,0.0,22244100
2022-10-31,0.0,82.27098846435547,0.0,82.70755468639433,81.3464975932711,82.48499061798644,0.0,23956700
2022-11-01,0.0,83.03986358642578,0.236,83.59764016917221,82.55932083053546,83.5633147513366,0.0,17585100
2022-11-02,0.0,82.6794662475586,0.0,83.77785355991767,82.34480156791496,83.16001560689429,0.0,25010500
2022-11-03,0.0,82.2332534790039,0.0,82.70521332576699,81.59824295899476,81.66689380660199,0.0,29097500
2022-11-04,0.0,80.85164642333984,0.0,82.08733488367645,80.85164642333984,81.60678573415558,0.0,23561400
2022-11-07,0.0,80.04507446289062,0.0,81.40089956873685,80.01074903081653,81.34941469407909,0.0,14522800
2022-11-08,0.0,80.92033386230469,0.0,81.48668696502695,80.46552692537458,80.49127590237073,0.0,20360600
2022-11-09,0.0,81.18631744384766,0.0,81.53814143547612,80.39685266306442,80.50840533418516,0.0,15637500
2022-11-10,0.0,84.30985260009766,0.0,84.46431366063041,82.92828604391642,83.00551984763382,0.0,45380900
2022-11-11,0.0,84.0009765625,0.0,84.41287513219153,83.70063726527997,83.72637969834088,0.0,15943100
2022-11-14,0.0,83.79501342773438,0.0,84.08676967201231,83.31446410347611,84.01812538017913,0.0,13741100
2022-11-15,0.0,85.15084838867188,0.0,85.2109162431472,84.18975617016154,84.3098918791122,0.0,26608200
2022-11-16,0.0,87.01294708251953,0.0,87.05584894617833,85.58847165220065,85.82874303878353,0.0,28507700
2022-11-17,0.0,86.09474182128906,0.0,86.30068773718462,85.62277561100487,85.98318260054774,0.0,24528900
2022-11-18,0.0,85.5026626586914,0.0,86.57530746979192,85.42543537480627,86.32645308798807,0.0,14941300
2022-11-21,0.0,85.86305236816406,0.0,86.51522211446913,85.63994700637534,86.40366943357476,0.0,15534000
2022-11-22,0.0,87.08161163330078,0.0,87.20174734550986,86.26639753256174,86.36937380598607,0.0,18103100
2022-11-23,0.0,88.6004409790039,0.0,88.6004409790039,87.5964472384404,87.6479320824992,0.0,23234600
2022-11-25,0.0,88.30010223388672,0.0,88.32584465603955,87.89678682841804,88.0512479082379,0.0,9486100
2022-11-28,0.0,88.5489730834961,0.0,89.0810006990096,88.11991517580888,88.90938015469636,0.0,14563200
2022-11-29,0.0,87.51065063476562,0.0,88.3516004377978,87.4505827916919,87.65652874695841,0.0,16576400
2022-11-30,0.0,88.15422821044922,0.0,88.15422821044922,86.98719034172915,87.20171926543647,0.0,21581700
2022-12-01,0.0,90.97038269042969,0.244,91.013386686395,88.68235748040429,88.72536803885944,0.0,53156800
2022-12-02,0.0,92.11437225341797,0.0,92.1229756760678,89.98118281046912,90.57469428602208,0.0,24479500
2022-12-05,0.0,90.82417297363281,0.0,91.16823783807212,90.23066780902874,91.03921269359594,0.0,20159700
2022-12-06,0.0,91.99398803710938,0.0,92.37246003791377,91.3402720243453,91.60691917264403,0.0,21754500
2022-12-07,0.0,94.16160583496094,0.0,94.34223843564897,93.06920024092896,93.21543225695552,0.0,30546700
2022-12-08,0.0,93.90353393554688,0.0,94.14437734779028,93.30142540493834,93.49925825249937,0.0,13377300
2022-12-09,0.0,91.46067810058594,0.0,93.04336699241404,91.40906411498966,92.84553416218064,0.0,25872200
2022-12-12,0.0,91.75315856933594,0.0,92.99178962412716,91.40049679331432,92.77674987503104,0.0,16897100
2022-12-13,0.0,92.63909149169922,0.0,93.82611472494311,92.43265523645734,93.79170758865442,0.0,23854700
2022-12-14,0.0,93.03479766845703,0.0,93.1724196916393,91.94239209776573,92.60471818196267,0.0,19517500
2022-12-15,0.0,93.39778137207031,0.261,94.08757559599547,93.25982647430443,93.45813787328638,0.0,20246200
2022-12-16,0.0,92.3544921875,0.0,92.97530580652253,91.66469781561571,91.9147481109646,0.0,20838300
2022-12-19,0.0,90.80245208740234,0.0,91.25943803250892,90.51791801295519,91.25082037275062,0.0,26126800
2022-12-20,0.0,89.1900634765625,0.0,89.50908790820503,88.89689860118825,89.13832462892829,0.0,28869000
2022-12-21,0.0,89.41421508789062,0.0,90.01778656049692,88.77615983135391,89.92293970877827,0.0,15894100
2022-12-22,0.0,89.39698791503906,0.0,89.77637538437936,89.13831344442248,89.3883636784545,0.0,11322500
2022-12-23,0.0,88.08639526367188,0.0,88.64684570643094,87.96567567501664,88.44853429454054,0.0,15408900
2022-12-27,0.0,86.34465026855469,0.0,87.1465331484177,86.23256151829844,86.64643273337101,0.0,26475700
2022-12-28,0.0,85.83592987060547,0.0,86.89648058656371,85.66347805369392,86.78439183934434,0.0,17302900
2022-12-29,0.0,86.81027221679688,0.0,87.07756435392932,86.04287959607802,86.10323609731326,0.0,16593000
2022-12-30,0.0,85.84453582763672,0.0,86.69815740368651,85.68071484685369,86.11183446282755,0.0,20810200
2023-01-03,0.0,87.48282623291016,0.0,88.24159468846777,86.94823532977006,88.12088167459193,0.0,25313200
2023-01-04,0.0,88.68134307861328,0.0,89.22455824616581,88.12951025133525,89.00037410434467,0.0,21678200
2023-01-05,0.0,89.0521011352539,0.0,89.06072537283806,87.75874178899433,87.83634677052014,0.0,14771100
2023-01-06,0.0,90.69035339355469,0.0,90.79382450464182,88.500264213285,88.55199647964582,0.0,27473700
2023-01-09,0.0,91.1732177734375,0.0,91.3370454102617,89.90572444896196,90.02644405076732,0.0,21472200
2023-01-10,0.0,89.66429901123047,0.0,90.37995949674227,89.24180342632381,90.12990920981527,0.0,20545200
2023-01-11,0.0,91.12149047851562,0.0,91.15598085543492,90.27649268990979,90.50930108952333,0.0,18794000
2023-01-12,0.0,92.91490173339844,0.0,92.95800974809698,90.1557322365228,91.24215551372097,0.0,32029600
2023-01-13,0.0,92.0440444946289,0.0,92.94939838329861,91.72501358812275,92.34582693139755,0.0,17750800
2023-01-17,0.0,91.4491195678711,0.0,91.96646853227719,91.09560479244995,91.11284668802632,0.0,13911700
2023-01-18,0.0,93.66507720947266,0.0,93.78579021667369,92.36310026346645,93.51849806906647,0.0,35497200
2023-01-19,0.0,93.0787582397461,0.0,93.44090385594014,92.63902079882574,93.20809548993212,0.0,17194700
2023-01-20,0.0,91.56983184814453,0.0,92.46656171343038,91.49223345111623,92.22513570707753,0.0,22754100
2023-01-23,0.0,91.13872528076172,0.0,91.5698450911312,90.9576557498105,91.02663649827751,0.0,12961500
2023-01-24,0.0,92.44932556152344,0.0,92.64763697404851,90.87142560693277,91.50086337262762,0.0,16417200
2023-01-25,0.0,92.6734848022461,0.0,93.04424797215717,91.94920035430553,92.57863795098764,0.0,11906500
2023-01-26,0.0,92.24239349365234,0.0,92.82009243551607,91.81989136151381,92.38034840619675,0.0,15549400
2023-01-27,0.0,92.00955963134766,0.0,92.2251194674004,91.49221734049391,91.56119806683819,0.0,11845500
2023-01-30,0.0,91.67328643798828,0.0,92.39757090490902,91.56119769191093,91.79399941941439,0.0,11459700
2023-01-31,0.0,92.40621948242188,0.0,92.50106636790304,91.28531191148329,92.2423984261632,0.0,13705300
2023-02-01,0.0,93.51704406738281,0.275,93.87146833204065,91.9955965089779,92.97243803351317,0.0,25305800
2023-02-02,0.0,93.63805389404297,0.0,94.5284442326538,93.43922572941007,94.15672717334856,0.0,19548400
2023-02-03,0.0,92.2376480102539,0.0,92.592078887013,91.70168837555066,92.29815979466522,0.0,20619500
2023-02-06,0.0,91.55470275878906,0.0,91.9004805043436,91.35587461933625,91.41638638433706,0.0,15182400
2023-02-07,0.0,90.81993865966797,0.0,91.83135934599929,90.76807329970377,91.05334597008671,0.0,18290300
2023-02-08,0.0,91.25215148925781,0.0,91.26944433638984,90.24073757656338,90.80263639315655,0.0,13530700
2023-02-09,0.0,90.3876724243164,0.0,92.16845932630476,90.2407162348927,92.03878938463616,0.0,20469900
2023-02-10,0.0,89.37628173828125,0.0,90.28396496812908,89.1428810594772,90.24938586843794,0.0,16598300
2023-02-13,0.0,90.12837219238281,0.0,90.26668201101285,89.54054062380357,89.65291776364606,0.0,13134300
2023-02-14,0.0,89.92089080810547,0.0,90.62110605915016,89.16017037463385,90.07649346441661,0.0,15440300
2023-02-15,0.0,89.08235168457031,0.0,89.86035819040535,88.60689740185992,89.51458045238427,0.0,15246900
2023-02-16,0.0,87.82025146484375,0.0,88.36486401752713,87.59549721941718,88.23519404806495,0.0,19267300
2023-02-17,0.0,88.503173828125,0.0,88.503173828125,87.2842919436936,87.39666906642346,0.0,19560900
2023-02-21,0.0,86.78290557861328,0.0,87.48311418578254,86.6878147066164,87.318871712115,0.0,22728000
2023-02-22,0.0,87.57821655273438,0.0,87.90671473376337,87.26701122085929,87.30159032387759,0.0,15165400
2023-02-23,0.0,88.43403625488281,0.0,88.6847232149464,87.71653469252242,87.77704647517392,0.0,15829100
2023-02-24,0.0,87.2843017578125,0.0,88.00180328703362,86.9298709077312,87.69059796340252,0.0,21403600
2023-02-27,0.0,87.52635955810547,0.0,87.91536296246987,87.23244704730395,87.56093866442744,0.0,14209200
2023-02-28,0.0,87.92400360107422,0.0,87.93265002590819,86.68782866140688,86.93852221927393,0.0,14955700
2023-03-01,0.0,86.97940826416016,0.25,87.55135269786881,86.6241041400141,87.3693700775279,0.0,19000000
2023-03-02,0.0,86.20816802978516,0.0,86.35548638743147,85.68820999555409,85.8441960835152,0.0,23763600
2023-03-03,0.0,88.29663848876953,0.0,88.30530621879355,87.15274275260937,87.46471491806585,0.0,30877300
2023-03-06,0.0,87.61199951171875,0.0,88.6865662167115,87.51667435280812,88.58257994265502,0.0,16631900
2023-03-07,0.0,88.14930725097656,0.0,88.71259061246596,87.42137010080292,87.92399258407283,0.0,23096500
2023-03-08,0.0,88.23597717285156,0.0,89.23255455146409,87.8893407005245,88.73859972714878,0.0,20252400
2023-03-09,0.0,88.45264434814453,0.0,88.84260633638421,87.81137102534552,88.00202145925552,0.0,21550400
2023-03-10,0.0,91.50302124023438,0.0,91.58968532709409,90.12514953151369,90.15114611295496,0.0,43921500
2023-03-13,0.0,91.71099090576172,0.0,94.54473017823081,91.02638573212549,93.76479981513002,0.0,51502500
2023-03-14,0.0,90.20314025878906,0.0,91.52035769952829,89.90850351718838,91.11306028839894,0.0,38417800
2023-03-15,0.0,91.94497680664062,0.0,93.34018388398623,91.29503586793457,92.53425685552908,0.0,45164100
2023-03-16,0.0,91.22569274902344,0.0,93.61747687456224,91.02638126196025,93.05419349489918,0.0,43089300
2023-03-17,0.0,92.59493255615234,0.0,93.3575342776006,92.25696374288948,92.42161758939166,0.0,38129000
2023-03-20,0.0,91.78030395507812,0.0,92.69021704811693,91.61565018091616,92.62088844725514,0.0,24242800
2023-03-21,0.0,90.99171447753906,0.0,91.35567974867963,90.59308490273654,91.06104308486294,0.0,18934900
2023-03-22,0.0,92.20496368408203,0.0,92.2482891167631,90.50645201290804,90.69710242902154,0.0,26388500
2023-03-23,0.0,92.20496368408203,0.0,92.33495320520865,90.83575306975936,91.30371137889021,0.0,25475100
2023-03-24,0.0,92.59493255615234,0.0,93.0975552159174,92.0836487761288,92.8029118385736,0.0,23652700
2023-03-27,0.0,90.41976928710938,0.0,91.65032900705083,90.41110816928341,91.03505245285027,0.0,22224500
2023-03-28,0.0,90.58441162109375,0.0,90.71440109897269,90.14245004092115,90.333100393605,0.0,17794300
2023-03-29,0.0,90.4024429321289,0.0,90.5150969708351,89.77849863136117,89.86515609279213,0.0,16804400
2023-03-30,0.0,90.81838989257812,0.0,91.03503680872308,90.35909287665793,90.52374664862062,0.0,14315800
2023-03-31,0.0,92.17894744873047,0.0,92.34359463628094,91.06104838385497,91.29502418276367,0.0,25396700
2023-04-03,0.0,92.61245727539062,0.269,93.04684967032988,91.83054963883956,91.98693116614977,0.0,18234800
2023-04-04,0.0,93.07292175292969,0.0,93.65501265969394,91.87400100543074,91.90006349128684,0.0,18052400
2023-04-05,0.0,94.04594421386719,0.0,94.15020076454215,93.31616824404627,93.62892463946862,0.0,23047700
2023-04-06,0.0,94.28921508789062,0.0,94.58460537226057,94.16758574382716,94.1936482277976,0.0,16447300
2023-04-10,0.0,92.76885986328125,0.0,93.62027206710442,92.57772610558808,93.51601548246177,0.0,19134400
2023-04-11,0.0,92.9599609375,0.0,93.03814837726476,92.53425829941145,93.00340282290338,0.0,13971200
2023-04-12,0.0,92.86442565917969,0.0,93.10768439220568,91.98695097650446,93.00343443708218,0.0,20563000
2023-04-13,0.0,92.13463592529297,0.0,93.29880444184194,91.986937463393,93.00342077464678,0.0,22079400
2023-04-14,0.0,91.29190826416016,0.0,91.70023818019364,91.02258046924118,91.56122943077713,0.0,19801900
2023-04-17,0.0,90.20596313476562,0.0,90.86623507213703,90.10170653124689,90.71854318838064,0.0,19528800
2023-04-18,0.0,90.52738952636719,0.0,90.86621512805398,90.17988084752147,90.1885639246804,0.0,15922600
2023-04-19,0.0,90.44050598144531,0.0,90.56213533612822,89.90186359022182,90.27544135912007,0.0,16093900
2023-04-20,0.0,91.21372985839844,0.0,91.46567828878057,91.0052233267489,91.0747277133998,0.0,16450100
2023-04-21,0.0,90.70111083984375,0.0,91.62202036711176,90.58816460312579,91.48301828200539,0.0,15244700
2023-04-24,0.0,91.57860565185547,0.0,91.64810339584334,91.08339197051811,91.18764852895256,0.0,17034300
2023-04-25,0.0,92.92524719238281,0.0,93.07293905856373,92.33447309935528,92.37791500272795,0.0,21899900
2023-04-26,0.0,91.93482208251953,0.0,93.16849510648454,91.80450301586338,92.77754453481916,0.0,19610400
2023-04-27,0.0,91.02257537841797,0.0,91.45696775359632,90.88357326507774,91.39615308620341,0.0,20247600
2023-04-28,0.0,92.4908447265625,0.0,92.75148286216506,91.96957508366052,92.27364848966141,0.0,26954100
2023-05-01,0.0,89.82393646240234,0.268,91.81847638495968,89.57135210766452,91.68782838836658,0.0,32487300
2023-05-02,0.0,92.06230926513672,0.0,92.06230926513672,90.48584228482076,90.58165033119657,0.0,30057800
2023-05-03,0.0,92.57620239257812,0.0,92.84620330026829,91.69651322732054,92.32361811166135,0.0,23656200
2023-05-04,0.0,91.66167449951172,0.0,92.71555652608883,91.58328971048353,91.64425787251588,0.0,25110500
2023-05-05,0.0,91.35681915283203,0.0,91.3655307874594,90.67745784256124,90.88649055840682,0.0,15096500
2023-05-08,0.0,90.07649993896484,0.0,90.4684438378983,89.98940350976794,90.16359636816175,0.0,20587000
2023-05-09,0.0,89.75423431396484,0.0,90.26810785095853,89.71068278081613,90.14617153217931,0.0,19182500
2023-05-10,0.0,90.62519836425781,0.0,90.79067954659067,90.26809445153374,90.2942227095321,0.0,22886800
2023-05-11,0.0,91.5832748413086,0.0,91.90553222614548,91.2087542939069,91.71392278017527,0.0,19147200
2023-05-12,0.0,90.81680297851562,0.0,91.67036368293942,90.7993863557856,91.49617087552052,0.0,14198500
2023-05-15,0.0,89.87615966796875,0.0,90.12003227577503,89.81519151601718,90.05035248925032,0.0,20085300
2023-05-16,0.0,89.60614776611328,0.0,89.62357103440588,88.93549812750507,89.1880823575089,0.0,29251700
2023-05-17,0.0,89.34486389160156,0.0,89.85003238182841,89.14453616443221,89.78035259454948,0.0,21340900
2023-05-18,0.0,88.68292999267578,0.0,89.06616222430797,88.6219618326462,89.01389905497473,0.0,25536600
2023-05-19,0.0,88.05581665039062,0.0,88.71776135634377,87.90775208242347,88.19517622849884,0.0,29038000
2023-05-22,0.0,87.74227142333984,0.0,88.58712066090881,87.68130326418698,88.18647180861413,0.0,20131100
2023-05-23,0.0,87.99484252929688,0.0,88.18645861368697,87.34160950252881,87.47225743688843,0.0,21749500
2023-05-24,0.0,87.55936431884766,0.0,88.28227721642142,87.55936431884766,88.21259742375703,0.0,18473400
2023-05-25,0.0,87.34162139892578,0.0,87.79453341372412,87.12387702701182,87.70743034893384,0.0,22492800
2023-05-26,0.0,88.04710388183594,0.0,88.11678366999287,87.09774168706153,87.20226136929692,0.0,17030300
2023-05-30,0.0,88.92680358886719,0.0,89.0487399102373,88.1864740248255,88.31712198201666,0.0,23125200
2023-05-31,0.0,89.70197296142578,0.0,89.86746081670444,88.72648239144078,88.83099544106425,0.0,23787000
2023-06-01,0.0,90.05390930175781,0.273,90.49928360198804,89.62599125420692,90.19363261280301,0.0,21040400
2023-06-02,0.0,89.06708526611328,0.0,90.0102426069203,89.02342464605431,89.94911240868421,0.0,19136500
2023-06-05,0.0,88.90116119384766,0.0,89.46006774785013,88.38591525840343,88.50817565067325,0.0,14433200
2023-06-06,0.0,89.42510986328125,0.0,89.48624004205836,88.54308300147761,88.93606177037469,0.0,14332100
2023-06-07,0.0,88.09770965576172,0.0,89.45131515275908,88.01038177333713,89.22425732830287,0.0,25251100
2023-06-08,0.0,89.12823486328125,0.0,89.19809986581215,88.02789105553968,88.08902126708088,0.0,23845100
2023-06-09,0.0,89.00595092773438,0.0,89.31160190469737,88.4994397872291,88.72649765412656,0.0,22147400
2023-06-12,0.0,89.26792907714844,0.0,89.33779405166759,88.30730899692753,89.28539198943288,0.0,19010300
2023-06-13,0.0,88.38593292236328,0.0,89.3640229186851,88.17634458839896,89.17189750309572,0.0,25910800
2023-06-14,0.0,89.09327697753906,0.0,89.32906962822541,88.6042354245473,88.75269351560674,0.0,29094200
2023-06-15,0.0,89.94911193847656,0.0,90.49928371972536,89.59979366637128,89.97530964291337,0.0,25732000
2023-06-16,0.0,89.59978485107422,0.0,89.80064500314793,89.10200852767292,89.46006155359395,0.0,16759100
2023-06-20,0.0,90.2198257446289,0.0,90.52548338101425,90.04516994900145,90.04516994900145,0.0,17162900
2023-06-21,0.0,90.43814086914062,0.0,90.51674063414653,89.3727232864872,89.78317169908557,0.0,19720100
2023-06-22,0.0,89.34654235839844,0.0,90.16743933769904,89.25047966240827,89.77446042696997,0.0,23630700
2023-06-23,0.0,90.2373046875,0.0,90.77874170775559,89.93165368208278,90.67395088457953,0.0,22901900
2023-06-26,0.0,90.33335876464844,0.0,90.64774452956371,90.08883798364579,90.49055164710607,0.0,12894900
2023-06-27,0.0,90.09756469726562,0.0,90.77873162300705,89.7395183200363,90.46434586302001,0.0,18105700
2023-06-28,0.0,90.48182678222656,0.0,90.68268030463994,89.8006597710989,90.30717096598082,0.0,23826800
2023-06-29,0.0,88.84876251220703,0.0,89.37273659373054,88.59550692922076,89.22427849212573,0.0,41091600
2023-06-30,0.0,89.89671325683594,0.0,90.0015040707682,88.9622907440206,89.12821175364392,0.0,32024900
2023-07-03,0.0,89.38707733154297,0.278,90.4203529647523,89.36956044853599,90.0525719096732,0.0,16011800
2023-07-05,0.0,88.53770446777344,0.0,89.31703888040843,88.21370888245653,89.22071604911785,0.0,28170300
2023-07-06,0.0,87.28550720214844,0.0,87.8984645504652,87.1016199976534,87.74084599222175,0.0,41375700
2023-07-07,0.0,86.7601089477539,0.0,87.21544771007888,86.68129633306799,86.84767332350098,0.0,28996500
2023-07-10,0.0,86.87393951416016,0.0,87.15414951707568,86.55870242578851,86.56746086733591,0.0,24665200
2023-07-11,0.0,87.32054138183594,0.0,87.53945569268862,86.94400849993994,87.18919145917741,0.0,20485500
2023-07-12,0.0,88.29251861572266,0.0,88.54646000982952,87.36431742467207,87.65328590907653,0.0,31928000
2023-07-13,0.0,89.22071075439453,0.0,89.29076493312758,88.46764503484978,88.71282797968125,0.0,32441500
2023-07-14,0.0,88.6953353881836,0.0,89.2645140121303,88.65154984759711,89.0718683227266,0.0,18569000
2023-07-17,0.0,88.73907470703125,0.0,88.87042458952735,88.3713003806282,88.64275858598215,0.0,18822000
2023-07-18,0.0,89.14190673828125,0.0,89.37833124569151,88.94050264025935,89.14190673828125,0.0,15407400
2023-07-19,0.0,90.14889526367188,0.0,90.17517058833964,89.08059921952025,89.31702369566253,0.0,27192500
2023-07-20,0.0,89.0543212890625,0.0,89.58847263587542,88.68654692327654,89.50966670637838,0.0,56951200
2023-07-21,0.0,89.08061218261719,0.0,89.62351538488599,88.99304111578144,89.45714505551382,0.0,20657500
2023-07-24,0.0,88.7566146850586,0.0,89.44838467754164,88.70407739068129,89.30827631822312,0.0,17546700
2023-07-25,0.0,88.59022521972656,0.0,88.87919365963141,88.26623637565143,88.2925050191458,0.0,17160600
2023-07-26,0.0,88.67780303955078,0.0,89.04558414644588,88.38008279382095,89.03682570370843,0.0,19310700
2023-07-27,0.0,86.9527587890625,0.0,88.380077556912,86.61125303061547,88.18743191250928,0.0,44794400
2023-07-28,0.0,87.39933776855469,0.0,87.44312329823045,86.82140752509098,87.04032181200208,0.0,27434000
2023-07-31,0.0,87.60950469970703,0.0,87.85468764445947,87.232971840056,87.25924048688887,0.0,28663800
2023-08-01,0.0,86.17384338378906,0.275,86.85873734205992,85.96310832720111,86.78849009014839,0.0,34943400
2023-08-02,0.0,85.25186157226562,0.0,85.3835734870066,84.65478006384627,85.20796206678281,0.0,38121300
2023-08-03,0.0,83.28500366210938,0.0,83.69769795854772,83.01280389175545,83.58355118046492,0.0,59394800
2023-08-04,0.0,84.76013946533203,0.0,84.89185137265918,83.53083949552178,83.5484046560432,0.0,42071800
2023-08-07,0.0,83.92599487304688,0.0,84.47039439208399,83.85574761280098,84.39137124866794,0.0,35862900
2023-08-08,0.0,84.90067291259766,0.0,85.49776136054946,84.68115519936757,85.04994334979837,0.0,24010500
2023-08-09,0.0,85.33970642089844,0.0,85.4275121643871,85.03237626996493,85.06749990719015,0.0,20151100
2023-08-10,0.0,83.93476867675781,0.0,85.48895745024343,83.93476867675781,85.20797511536854,0.0,37253200
2023-08-11,0.0,83.74159240722656,0.0,84.18062769083532,83.59231531944803,83.68012773548722,0.0,26753500
2023-08-14,0.0,83.55720520019531,0.0,84.23331664441733,83.3289049583559,83.60110471264503,0.0,19072000
2023-08-15,0.0,83.04792785644531,0.0,83.59232739933715,83.03036269104042,83.24110448101251,0.0,24125000
2023-08-16,0.0,82.39813232421875,0.0,83.23230331688232,82.29276815190278,82.78448548710067,0.0,23076700
2023-08-17,0.0,82.04692840576172,0.0,82.19619881706456,81.6781336201665,82.09961050406912,0.0,32244900
2023-08-18,0.0,82.33670043945312,0.0,82.70549528683246,81.924012768328,82.03815956683296,0.0,24181700
2023-08-21,0.0,81.23908996582031,0.0,81.44983173580401,80.9844553839308,81.36202601455103,0.0,29254100
2023-08-22,0.0,81.86250305175781,0.0,81.90640255050737,81.18638511939145,81.34443805300934,0.0,21308700
2023-08-23,0.0,83.89087677001953,0.0,83.89965935291576,82.74060627908473,82.8020709610626,0.0,38294700
2023-08-24,0.0,83.33767700195312,0.0,83.89964160376529,83.3201118398766,83.53084689076954,0.0,22300800
2023-08-25,0.0,83.60989379882812,0.0,83.86453510777542,82.98646440070796,83.11817634659765,0.0,23865200
2023-08-28,0.0,83.69770812988281,0.0,83.99625568451924,83.32013741908142,83.98747310078473,0.0,16037300
2023-08-29,0.0,84.5669937133789,0.0,84.7426118868646,83.36404104595651,83.39038209719227,0.0,28478100
2023-08-30,0.0,84.4791488647461,0.0,84.64598437753028,84.1893840370089,84.43524936606015,0.0,17550100
2023-08-31,0.0,84.85672760009766,0.0,85.21673969954293,84.67233360982539,84.76892189508408,0.0,26959700
2023-09-01,0.0,83.53482055664062,0.289,84.38910499749136,83.33226228423315,84.37149386394196,0.0,32469700
2023-09-05,0.0,82.36347198486328,0.0,83.04161813113737,82.33705192811725,83.03280920580826,0.0,29435900
2023-09-06,0.0,82.5660400390625,0.0,82.88309417035182,82.31063494889935,82.8654763190349,0.0,23636300
2023-09-07,0.0,82.79499816894531,0.0,82.8478382672437,82.50436418982542,82.78618924614912,0.0,18091500
2023-09-08,0.0,83.11207580566406,0.0,83.57884805786077,82.9359308959022,83.1208780117212,0.0,17052100
2023-09-11,0.0,82.51319885253906,0.0,82.76860393938695,82.38990077188718,82.52200105884174,0.0,17061500
2023-09-12,0.0,82.98880004882812,0.0,82.99760225725268,82.41634069680764,82.68935698131644,0.0,20034300
2023-09-13,0.0,82.97115325927734,0.0,83.25297837317397,82.62767911169212,82.71574819992716,0.0,23332300
2023-09-14,0.0,82.37227630615234,0.0,82.97115552947386,82.25778716023828,82.73336831280896,0.0,27800600
2023-09-15,0.0,81.87028503417969,0.0,82.32825511189755,81.87028503417969,82.31063726008593,0.0,25642900
2023-09-18,0.0,82.33705139160156,0.0,82.37228037344714,81.74698106398091,81.77340112055478,0.0,17963400
2023-09-19,0.0,81.72935485839844,0.0,82.2841961018378,81.72935485839844,81.97595096659371,0.0,24941800
2023-09-20,0.0,81.9847640991211,0.0,82.4339251956275,81.94073291349711,82.16090899933974,0.0,29451200
2023-09-21,0.0,79.87989044189453,0.0,80.4699675264325,79.87108823530205,80.39950955824264,0.0,59958700
2023-09-22,0.0,80.52278137207031,0.0,80.68130838915657,79.85344433112394,79.97674237560886,0.0,29524500
2023-09-25,0.0,78.54119873046875,0.0,79.2986048598117,78.51477868025161,78.96393969166188,0.0,45587900
2023-09-26,0.0,78.26818084716797,0.0,78.92870896488127,78.12726495682085,78.76137302490393,0.0,38104100
2023-09-27,0.0,77.86307525634766,0.0,78.92872671966487,77.58124341225617,78.85826875864198,0.0,47111200
2023-09-28,0.0,78.10086822509766,0.0,78.14490613378902,76.7093536290449,77.16732369016576,0.0,60238000
2023-09-29,0.0,78.10968780517578,0.0,78.81424740565215,77.61648869367568,78.62049133176737,0.0,49010100
2023-10-02,0.0,76.80211639404297,0.28,77.68561019508314,76.60774667933049,77.5884253377269,0.0,44704300
2023-10-03,0.0,75.14997100830078,0.0,76.55472947848828,74.99977869893816,76.25433811924111,0.0,71362600
2023-10-04,0.0,76.21015930175781,0.0,76.25432993714276,75.42385054238106,75.77724258754543,0.0,56281600
2023-10-05,0.0,75.83026885986328,0.0,76.14832714356702,75.66240289331901,76.07764602707235,0.0,35758800
2023-10-06,0.0,74.91141510009766,0.0,75.70656060272601,74.26646187559895,74.39015042706109,0.0,62787900
2023-10-09,0.0,76.6695785522461,0.0,76.68725220009581,75.05278354060253,75.5387077486446,0.0,29424900
2023-10-10,0.0,76.56355285644531,0.0,77.01412970540179,75.5563640268725,75.8479185106825,0.0,54743900
2023-10-11,0.0,78.16267395019531,0.0,78.16267395019531,77.39403214982703,77.61490553309739,0.0,58517700
2023-10-12,0.0,76.04228973388672,0.0,77.91529849029224,75.91860117587626,77.79160993228179,0.0,66986700
2023-10-13,0.0,77.40287780761719,0.0,77.59724748556465,77.01413845172227,77.39404098393189,0.0,44183800
2023-10-16,0.0,76.15713500976562,0.0,76.30733402362851,75.89209101101757,76.14830492817157,0.0,38309800
2023-10-17,0.0,75.31784057617188,0.0,75.65356576740142,74.65522027784779,74.99978229373454,0.0,52949100
2023-10-18,0.0,74.65519714355469,0.0,74.84956678264835,74.08092504819254,74.54917550208901,0.0,63724600
2023-10-19,0.0,73.12674713134766,0.0,74.71703797754856,73.10024340733095,74.1074253630849,0.0,87696900
2023-10-20,0.0,73.54202270507812,0.0,73.80707354373953,73.12677953675258,73.32114925303456,0.0,52188800
2023-10-23,0.0,74.42548370361328,0.0,74.97325204979201,72.81752595120719,73.16208784525708,0.0,70890400
2023-10-24,0.0,75.4061508178711,0.0,75.4061508178711,74.29294738712653,74.60217543048587,0.0,46267700
2023-10-25,0.0,73.7275390625,0.0,74.32831498695515,73.44482137690471,74.2311301506079,0.0,60737200
2023-10-26,0.0,74.85841369628906,0.0,74.93792488271717,73.68336562191924,73.75404672575826,0.0,49704100
2023-10-27,0.0,74.54035186767578,0.0,75.07044663981168,73.98374662749046,74.38132276198294,0.0,32362300
2023-10-30,0.0,74.20460510253906,0.0,74.65518860156256,73.54198508536543,74.04557602879662,0.0,45026900
2023-10-31,0.0,73.84237670898438,0.0,74.89372922472046,73.81587298664506,74.54033727283708,0.0,37269200
2023-11-01,0.0,75.44345092773438,0.286,75.46118525646307,74.48600008632437,74.50373441505306,0.0,72308500
2023-11-02,0.0,77.16329956054688,0.0,77.40265883938574,76.43634779784313,76.84414934631954,0.0,69739400
2023-11-03,0.0,77.6863784790039,0.0,78.9452522819231,77.64205617584669,78.73248087757098,0.0,77692300
2023-11-06,0.0,76.9328384399414,0.0,77.30517828473349,76.77326325450672,77.1899321700121,0.0,41341900
2023-11-07,0.0,78.06757354736328,0.0,78.45764763216718,77.65090473198912,77.66863906147925,0.0,37834200
2023-11-08,0.0,79.39736938476562,0.0,79.45056561305483,78.41332370723264,78.43992520320994,0.0,53893400
2023-11-09,0.0,77.57112121582031,0.0,78.92750659603625,76.89735872629099,78.84772240363061,0.0,88975100
2023-11-10,0.0,78.0055160522461,0.0,78.3955901327033,77.81047901201748,78.21828742176723,0.0,36516400
2023-11-13,0.0,77.82823181152344,0.0,77.96121225811689,77.03922306237988,77.32291152540154,0.0,25661500
2023-11-14,0.0,79.5924301147461,0.0,79.92044769271453,79.15803357588754,79.78746722793448,0.0,65666800
2023-11-15,0.0,78.4753646850586,0.0,79.02501384331548,78.28919483234192,78.90976777172821,0.0,56205300
2023-11-16,0.0,79.45055389404297,0.0,79.75196983400606,79.12253646202632,79.16686551845119,0.0,49473900
2023-11-17,0.0,79.82290649414062,0.0,80.16865154629679,79.46829427653635,79.92929218852156,0.0,44091400
2023-11-20,0.0,80.31047058105469,0.0,80.37253395868369,79.44167798553974,79.45054514858155,0.0,40477800
2023-11-21,0.0,80.27501678466797,0.0,80.49664851873534,79.6899057601715,80.23068773238899,0.0,27721000
2023-11-22,0.0,80.55874633789062,0.0,80.95768095779336,80.12434304709221,80.78037818531818,0.0,31197500
2023-11-24,0.0,79.61015319824219,0.0,80.01795493923781,79.6012860315322,79.8761073265438,0.0,20199600
2023-11-27,0.0,80.93994903564453,0.0,80.97540417730013,79.97363071569117,80.05342169358343,0.0,39804400
2023-11-28,0.0,81.0995101928711,0.0,81.14383249410372,80.48780426833594,80.59418996589248,0.0,44989300
2023-11-29,0.0,82.1189956665039,0.0,82.1810522875378,81.36544905004527,81.65800459077556,0.0,61647800
2023-11-30,0.0,81.1704330444336,0.0,81.81760091453178,80.815827554498,81.5339124643836,0.0,60520900
2023-12-01,0.0,82.69920349121094,0.289,82.7614566274576,81.04504097370462,81.2051214362079,0.0,64172200
2023-12-04,0.0,82.3701400756836,0.0,82.55689945260897,81.89878722715939,82.25452228157612,0.0,33766300
2023-12-05,0.0,84.13992309570312,0.0,84.14881833899447,83.2150145607976,83.26837245038053,0.0,73588600
2023-12-06,0.0,85.2604751586914,0.0,85.42055559165607,84.37114092779476,84.55790030207324,0.0,61606100
2023-12-07,0.0,84.7713623046875,0.0,85.44725840885239,84.54013344022096,84.64685602037866,0.0,47970200
2023-12-08,0.0,84.07766723632812,0.0,84.23774768496837,83.51738905862845,83.9709446755405,0.0,44809200
2023-12-11,0.0,83.89981079101562,0.0,83.98874966623941,83.17945204027116,83.60633557206123,0.0,33909700
2023-12-12,0.0,84.14881896972656,0.0,84.21996056134284,83.50849714960151,83.73083073797366,0.0,36996900
2023-12-13,0.0,86.12313079833984,0.0,86.24764384325623,84.50454263541407,84.63794413811699,0.0,70828500
2023-12-14,0.0,88.36344146728516,0.311,88.36344146728516,86.91807579128384,87.13220857754176,0.0,87798600
2023-12-15,0.0,88.46160125732422,0.0,88.64003847382254,87.95304770266617,88.05119021382329,0.0,59941300
2023-12-18,0.0,87.75676727294922,0.0,87.88167469242354,87.45341582069452,87.88167469242354,0.0,34746000
2023-12-19,0.0,88.2296142578125,0.0,88.55973054668651,88.02441217017005,88.20284936002804,0.0,30018400
2023-12-20,0.0,88.82737731933594,0.0,88.94336760722386,87.95302564802118,88.42589027941779,0.0,51229400
2023-12-21,0.0,88.26531219482422,0.0,89.07721034175493,88.10471598454934,88.9879917375896,0.0,65231200
2023-12-22,0.0,87.86383056640625,0.0,88.66680486104447,87.6496977346887,88.66680486104447,0.0,29244200
2023-12-26,0.0,88.1136474609375,0.0,88.21178997603826,87.86383262502422,87.91736243073599,0.0,24019700
2023-12-27,0.0,89.67499542236328,0.0,89.69283642164027,88.77387180264348,89.02368663418316,0.0,45082800
2023-12-28,0.0,89.02368927001953,0.0,89.72852788384331,88.8274042374428,89.30026901213556,0.0,36213000
2023-12-29,0.0,88.220703125,0.0,89.05937301399223,88.14933232289232,88.44375304807721,0.0,41616200
2024-01-02,0.0,87.712158203125,0.0,88.01550966796897,87.43557844951702,87.64078739399477,0.0,47797400
2024-01-03,0.0,88.07795715332031,0.0,88.19394066603319,86.67720386987673,86.88240599290289,0.0,58159500
2024-01-04,0.0,86.73966979980469,0.0,87.11439210008668,86.60583846200552,86.91810704557385,0.0,52604500
2024-01-05,0.0,85.90988159179688,0.0,87.15003822116617,85.83850400567488,86.09724265016116,0.0,45894800
2024-01-08,0.0,86.75749206542969,0.0,86.88239947188198,85.73146110647751,85.85637531987292,0.0,39485800
2024-01-09,0.0,86.2043228149414,0.0,86.6950284823848,86.17755111065844,86.22216381085437,0.0,34374000
2024-01-10,0.0,85.80282592773438,0.0,86.58796585924266,85.75822003604367,86.47197556557414,0.0,48227800
2024-01-11,0.0,86.28461456298828,0.0,86.39168095564006,85.39241504504989,85.80282600646849,0.0,78858900
2024-01-12,0.0,86.1150894165039,0.0,86.78423901564055,85.89203955012503,86.34706318348162,0.0,38883900
2024-01-16,0.0,84.59838104248047,0.0,85.46381589952354,84.32180129486859,85.3121435738618,0.0,61716700
2024-01-17,0.0,84.46452331542969,0.0,84.75895077811444,84.00950648067162,84.40206962397612,0.0,55506800
2024-01-18,0.0,83.67940521240234,0.0,84.38424374618295,83.42959040183567,84.27717733867877,0.0,77339100
2024-01-19,0.0,83.9470443725586,0.0,84.01842196340594,83.20652399007801,83.6080110264463,0.0,47030900
2024-01-22,0.0,84.44670867919922,0.0,84.83035484843059,84.21473483556203,84.5983810047934,0.0,35756400
2024-01-23,0.0,83.77754974365234,0.0,83.85784444601505,83.35821481279847,83.7686258410754,0.0,35786700
2024-01-24,0.0,83.28681945800781,0.0,84.34853900928843,83.06376958971805,84.32177411420435,0.0,54574900
2024-01-25,0.0,83.8310775756836,0.0,84.06305138863121,83.48312025973371,83.86676637820962,0.0,57019400
2024-01-26,0.0,83.67048645019531,0.0,83.92922517901829,83.41174772137235,83.80431776606147,0.0,29276900
2024-01-29,0.0,84.634033203125,0.0,84.91061283097763,83.9738075719892,84.14332082441128,0.0,38243600
2024-01-30,0.0,85.40135192871094,0.0,85.50841153069557,84.52699327315858,85.18722591779853,0.0,40151400
2024-01-31,0.0,86.24000549316406,0.0,86.46305536442888,85.65115056569283,85.84743554151657,0.0,80646700
2024-02-01,0.0,87.93168640136719,0.31,88.31656682491565,86.99186687561607,87.19772917841928,0.0,84291200
2024-02-02,0.0,85.9894027709961,0.0,86.48169416365889,85.64927851805732,86.16841409804925,0.0,63823300
2024-02-05,0.0,84.25296783447266,0.0,84.89741956568184,84.15450955171322,84.70050300016295,0.0,53827400
2024-02-06,0.0,85.07643127441406,0.0,85.16593693499229,84.32456870209982,84.35141971738888,0.0,33411500
2024-02-07,0.0,84.66470336914062,0.0,85.23755469083726,84.60204871613638,84.6468049663587,0.0,40120200
2024-02-08,0.0,84.17240905761719,0.0,84.40512924002451,83.83228481320975,84.15450382805435,0.0,50087700
2024-02-09,0.0,84.0023422241211,0.0,84.14555674303587,83.83228351896494,83.92178917886461,0.0,27951300
2024-02-12,0.0,84.10078430175781,0.0,84.26189719008627,83.68905288243903,84.04708228192926,0.0,27890300
2024-02-13,0.0,82.65972900390625,0.0,83.29522800645336,82.64183060516052,83.11621670362221,0.0,49768500
2024-02-14,0.0,83.08041381835938,0.0,83.28628296441067,82.55232569010653,82.61498032954066,0.0,44191600
2024-02-15,0.0,83.51004791259766,0.0,83.88597573751282,83.24152413546206,83.74276123534895,0.0,49598500
2024-02-16,0.0,83.02669525146484,0.0,83.10724827375584,82.65076066091366,82.77607674365883,0.0,33116800
2024-02-20,0.0,83.09830474853516,0.0,83.41158474639228,82.9909007070691,83.05355534087194,0.0,24469300
2024-02-21,0.0,82.507568359375,0.0,83.15201997294982,82.35540806973746,83.08936533434355,0.0,36343100
2024-02-22,0.0,82.91035461425781,0.0,83.02671811695858,82.58812877866873,82.64183763716295,0.0,45190700
2024-02-23,0.0,84.02023315429688,0.0,84.13658980947972,83.0177521790345,83.0177521790345,0.0,38406700
2024-02-26,0.0,83.76960754394531,0.0,84.16344057394038,83.4115849663239,84.13658956350307,0.0,27855000
2024-02-27,0.0,83.17888641357422,0.0,83.66222521340605,83.10727914792994,83.45635603188992,0.0,30242000
2024-02-28,0.0,83.70693969726562,0.0,83.77854693302424,83.15200069224096,83.31311355827692,0.0,34574200
2024-02-29,0.0,84.2977066040039,0.0,84.40511747988273,83.93967717991778,83.97548080521072,0.0,51038600
2024-03-01,0.0,84.82296752929688,0.295,84.85888365415212,83.51205979843208,83.8981495777505,0.0,45832800
2024-03-04,0.0,84.48176574707031,0.0,84.54462410178837,84.11363746413727,84.13159210098515,0.0,23864200
2024-03-05,0.0,85.6849365234375,0.0,85.9094071727339,85.27191135076818,85.5053627441206,0.0,37721900
2024-03-06,0.0,86.18777465820312,0.0,86.34939384859956,85.66700780052807,85.7388332238022,0.0,40571600
2024-03-07,0.0,86.10694122314453,0.0,86.55588251539211,85.7298321817287,86.51996638997625,0.0,39075000
2024-03-08,0.0,85.9543228149414,0.0,86.2416450347793,85.7298521166211,86.01717433645901,0.0,25023200
2024-03-11,0.0,85.90941619873047,0.0,86.20571913100467,85.63107475645542,86.16082225630811,0.0,17787900
2024-03-12,0.0,85.19109344482422,0.0,85.48739632889001,85.02050041939557,85.334757940238,0.0,29566000
2024-03-13,0.0,84.778076171875,0.0,85.06539833909473,84.58952164185276,84.84990842625514,0.0,38270100
2024-03-14,0.0,83.47616577148438,0.0,84.17651326580754,83.37739811456164,84.15855862377713,0.0,58365600
2024-03-15,0.0,83.44920349121094,0.0,83.67367412091589,83.31451974332796,83.55694500927733,0.0,34997700
2024-03-18,0.0,83.19779968261719,0.0,83.49409571543694,83.05413518766201,83.26065118658504,0.0,29519500
2024-03-19,0.0,83.43124389648438,0.0,83.74550141513716,83.22473474864117,83.36839239275382,0.0,26953100
2024-03-20,0.0,83.40430450439453,0.0,84.21240012084459,82.86557637686109,83.59285900651625,0.0,43460100
2024-03-21,0.0,83.58390045166016,0.0,83.88918414349294,83.26066896957488,83.7455196178536,0.0,34276600
2024-03-22,0.0,84.38304138183594,0.0,84.58955062104998,84.20346068436376,84.57159597645435,0.0,30262300
2024-03-25,0.0,83.96101379394531,0.0,84.17650372539794,83.77245924763659,84.1405875951056,0.0,24011800
2024-03-26,0.0,84.1944808959961,0.0,84.28427467090663,83.75452017020808,83.96103626207778,0.0,34423000
2024-03-27,0.0,85.02947998046875,0.0,85.02947998046875,84.34709413266782,84.39198415275173,0.0,50157800
2024-03-28,0.0,84.9576644897461,0.0,85.31681209351947,84.68829693661462,84.84093535324845,0.0,34540400
2024-04-01,0.0,83.37396240234375,0.312,84.0496022698734,83.29288204429884,84.04059181387638,0.0,48945400
2024-04-02,0.0,82.91452026367188,0.0,83.05865318593051,82.28391896901965,82.49111820641086,0.0,43086300
2024-04-03,0.0,82.89647674560547,0.0,82.92350810456058,82.02265524898887,82.21183352390351,0.0,45494400
2024-04-04,0.0,83.49107360839844,0.0,83.56314351283736,82.91452811881578,83.44602819988302,0.0,47957400
2024-04-05,0.0,82.32896423339844,0.0,83.04063900693137,82.31995377797142,82.59922291249934,0.0,42495900
2024-04-08,0.0,82.31995391845703,0.0,82.50913224496503,82.09474064314317,82.18483145163968,0.0,37879800
2024-04-09,0.0,83.08568572998047,0.0,83.20279416053583,82.73434669238675,82.7613780590969,0.0,32522000
2024-04-10,0.0,81.27494812011719,0.0,82.24787088226473,81.12180477967601,82.157780095688,0.0,74368900
2024-04-11,0.0,80.90563201904297,0.0,81.47317399214874,80.63538015500873,81.41911812096974,0.0,65751200
2024-04-12,0.0,81.3380126953125,0.0,81.9325720611723,81.32900224149209,81.65330984940196,0.0,47900100
2024-04-15,0.0,80.07682037353516,0.0,80.41013844845027,79.74350229862003,80.37410350470572,0.0,55993100
2024-04-16,0.0,79.54531860351562,0.0,79.79755633101276,79.08588167245293,79.32010536496995,0.0,45103200
2024-04-17,0.0,80.42816162109375,0.0,80.518245554208,79.68946237281527,80.05881543343628,0.0,57947000
2024-04-18,0.0,80.02276611328125,0.0,80.41913672238735,79.80655646508268,80.3921122346031,0.0,43839500
2024-04-19,0.0,80.31104278564453,0.0,80.52724557168781,80.09483999960125,80.52724557168781,0.0,44826800
2024-04-22,0.0,80.1759033203125,0.0,80.28400813613422,79.86060619870138,79.88763068441637,0.0,24969000
2024-04-23,0.0,80.20295715332031,0.0,80.66239419747431,79.7705514777342,79.93270532432007,0.0,27222700
2024-04-24,0.0,79.6353988647461,0.0,79.84259118582766,78.82462986864755,79.77953175685123,0.0,48986800
2024-04-25,0.0,79.07689666748047,0.0,79.18500153103987,78.68051904072745,78.78862390428685,0.0,49282600
2024-04-26,0.0,79.49127197265625,0.0,79.82459007863116,79.32011456512396,79.5002824276727,0.0,31589800
2024-04-29,0.0,80.15792083740234,0.0,80.19394891722835,79.70749423696799,79.86964808804294,0.0,39228600
2024-04-30,0.0,79.47327423095703,0.0,79.9327113095127,79.36516936748369,79.65344213044779,0.0,41054700
2024-05-01,0.0,80.0590591430664,0.308,80.64666655090302,79.7697764511067,80.0952203416918,0.0,59679500
2024-05-02,0.0,80.402587890625,0.0,80.46586826459541,79.57993613196622,79.74265807889634,0.0,58925400
2024-05-03,0.0,81.21620178222656,0.0,81.46933020960392,80.70091669632183,81.29756621528753,0.0,50066100
2024-05-06,0.0,81.53260803222656,0.0,81.58684638786795,81.06251929318717,81.24332530706548,0.0,23868200
2024-05-07,0.0,82.0298080444336,0.0,82.48181272801088,81.91228930963938,82.1744528537595,0.0,30525800
2024-05-08,0.0,81.53260803222656,0.0,81.77668752965702,81.50548885440587,81.64108474350934,0.0,31171700
2024-05-09,0.0,81.93036651611328,0.0,82.05692727583454,81.19812113529109,81.24332436249617,0.0,39606700
2024-05-10,0.0,81.46932983398438,0.0,81.70436731275592,81.32468501900706,81.6139677519173,0.0,21913800
2024-05-13,0.0,81.67725372314453,0.0,81.91229811504387,81.6410925169258,81.8580597542382,0.0,23157500
2024-05-14,0.0,82.1382827758789,0.0,82.19252112499326,81.74051649025787,81.94844165693524,0.0,25746400
2024-05-15,0.0,83.25923156738281,0.0,83.40387632499306,82.83434621320478,83.05131334962014,0.0,65142900
2024-05-16,0.0,83.17789459228516,0.0,83.54853480531241,83.11461421947351,83.5214156308279,0.0,37902400
2024-05-17,0.0,82.61738586425781,0.0,82.98803288236127,82.57218265330415,82.84338812494285,0.0,24755000
2024-05-20,0.0,82.37333679199219,0.0,82.55413590830413,82.27389520890736,82.33717558932096,0.0,17922800
2024-05-21,0.0,82.79821014404297,0.0,82.96093209720206,82.65357223959252,82.92477779387227,0.0,15334400
2024-05-22,0.0,82.89764404296875,0.0,82.96996643701746,82.49988466978701,82.50891979626076,0.0,38073700
2024-05-23,0.0,82.36430358886719,0.0,82.9880723319286,82.10214001420434,82.9880723319286,0.0,51294700
2024-05-24,0.0,82.60834503173828,0.0,82.68970943321773,82.17442454732041,82.23770490534142,0.0,19164400
2024-05-28,0.0,81.42408752441406,0.0,82.59025992153141,81.3879263380258,82.5631407560005,0.0,45973700
2024-05-29,0.0,80.43878936767578,0.0,80.81847180161635,80.16758368797711,80.76422652744846,0.0,45508400
2024-05-30,0.0,81.21620178222656,0.0,81.33372741919858,80.8546035372049,80.99924145580468,0.0,29548600
2024-05-31,0.0,81.76766204833984,0.0,81.95751012558412,81.58686289492556,81.79478812869303,0.0,41308800
2024-06-03,0.0,83.0902099609375,0.308,83.15370657051211,82.19218450535051,82.21939634936658,0.0,42272100
2024-06-04,0.0,84.0607681274414,0.0,84.17869529400521,83.44394122435071,83.63443096963644,0.0,42581500
2024-06-05,0.0,84.67760467529297,0.0,84.67760467529297,83.8067913459692,84.36012173032219,0.0,43153900
2024-06-06,0.0,84.55062103271484,0.0,84.75018374080528,84.23313805193912,84.28756172846927,0.0,22891900
2024-06-07,0.0,82.99948120117188,0.0,83.29882525333555,82.9087727697734,83.29882525333555,0.0,35240500
2024-06-10,0.0,82.44615173339844,0.0,82.60035676063339,82.22845011138382,82.54593308528217,0.0,20586500
2024-06-11,0.0,83.29884338378906,0.0,83.33512814836797,82.47338056099416,82.57316193343335,0.0,30329200
2024-06-12,0.0,83.92471313476562,0.0,84.87716890764429,83.89750129907354,84.37826218459179,0.0,42554600
2024-06-13,0.0,85.15837097167969,0.0,85.25815232082208,84.3147694238638,84.55968979743496,0.0,33093800
2024-06-14,0.0,85.875,0.0,86.02920506010919,85.48494742874007,85.64822541021194,0.0,28776700
2024-06-17,0.0,85.02230834960938,0.0,85.0948709382805,84.61411005036399,84.83181165759595,0.0,31040200
2024-06-18,0.0,85.80241394042969,0.0,85.81148686004445,85.02231586880748,85.1674479795942,0.0,26881000
2024-06-20,0.0,85.23092651367188,0.0,85.26721126383163,84.66852326710841,84.73202677034432,0.0,30246300
2024-06-21,0.0,85.23092651367188,0.0,85.70262134514019,84.89529776515052,85.48491284418168,0.0,22596400
2024-06-24,0.0,85.57562255859375,0.0,85.57562255859375,85.03136513915078,85.31257022700636,0.0,56939100
2024-06-25,0.0,85.72077178955078,0.0,85.76612946350329,85.30350748750334,85.33071932363109,0.0,22890200
2024-06-26,0.0,84.49618530273438,0.0,84.78645640383762,84.45990055002035,84.61410555859824,0.0,38489100
2024-06-27,0.0,84.83180236816406,0.0,85.0041532036796,84.74109395180115,84.83180236816406,0.0,23140800
2024-06-28,0.0,83.25347137451172,0.0,85.05859484792855,83.25347137451172,85.02231701020229,0.0,55119600
2024-07-01,0.0,81.81658935546875,0.291,82.88126798783756,81.73468726079855,82.28067576899123,0.0,49735400
2024-07-02,0.0,82.45358276367188,0.0,82.63557663645952,81.97129275242551,82.51728131340967,0.0,34204700
2024-07-03,0.0,83.53648376464844,0.0,83.61837894296166,82.89038940349337,82.96318974596477,0.0,35563300
2024-07-05,0.0,84.2280502319336,0.0,84.38275266603019,83.62746487689195,83.96415424744114,0.0,34895500
2024-07-08,0.0,84.41004943847656,0.0,84.49194459970643,83.91865764323336,84.20985200975288,0.0,16095700
2024-07-09,0.0,84.03694152832031,0.0,84.3372376305271,83.6001535093108,84.1461420043829,0.0,30289800
2024-07-10,0.0,84.30087280273438,0.0,84.33727297667738,83.95508156421073,84.1279737121609,0.0,23572500
2024-07-11,0.0,85.11984252929688,0.0,85.66583114523806,85.05614397314744,85.24723964159575,0.0,49761800
2024-07-12,0.0,85.48382568359375,0.0,85.48382568359375,84.93783019893307,85.11072923191702,0.0,27796500
2024-07-15,0.0,84.50106048583984,0.0,84.90145541014316,84.42826014639878,84.62845760855045,0.0,37918900
2024-07-16,0.0,85.69313049316406,0.0,85.7295306603169,84.98334459023901,85.11074170396289,0.0,36383700
2024-07-17,0.0,85.7113265991211,0.0,85.90242225309933,85.25633496318585,85.46562722784807,0.0,29036800
2024-07-18,0.0,85.0561294555664,0.0,85.6658165235942,84.97422735871241,85.24722509139808,0.0,34553100
2024-07-19,0.0,84.55565643310547,0.0,84.77405744926929,84.46465948101509,84.66485694118738,0.0,32164700
2024-07-22,0.0,84.3099594116211,0.0,85.10164048890525,83.99146662520666,84.99244692934718,0.0,36160400
2024-07-23,0.0,84.191650390625,0.0,84.65574380945249,84.16435200292129,84.45554637612999,0.0,23498000
2024-07-24,0.0,83.28168487548828,0.0,84.49196456780196,83.23618986714912,84.25536691952024,0.0,50757100
2024-07-25,0.0,83.96414184570312,0.0,84.50103551212747,83.68204929201771,83.74574783454733,0.0,44999100
2024-07-26,0.0,84.61934661865234,0.0,84.7649472816841,84.36455240096849,84.5829464528944,0.0,34423800
2024-07-29,0.0,85.07432556152344,0.0,85.25632636311138,84.82863315765559,85.23812281164224,0.0,25801300
2024-07-30,0.0,85.40192413330078,0.0,85.58392494356562,84.9014375259698,85.31092719947888,0.0,28169800
2024-07-31,0.0,86.27550506591797,0.0,86.30280345112887,85.75681491904831,86.0207108804551,0.0,47445300
2024-08-01,0.0,87.01962280273438,0.315,87.56743841646545,86.84615435976677,86.86441162953419,0.0,77254200
2024-08-02,0.0,89.73129272460938,0.0,89.81346786131218,88.46219989118693,88.56263229950947,0.0,91912900
2024-08-05,0.0,90.20604705810547,0.0,91.24688547321125,89.38433068676822,91.01863131260447,0.0,90686300
2024-08-06,0.0,88.18827056884766,0.0,89.84996747774923,88.18827056884766,89.61258120993988,0.0,61316900
2024-08-07,0.0,87.56744384765625,0.0,88.06046678536913,87.19310361944,87.60395838945584,0.0,51337100
2024-08-08,0.0,87.02877044677734,0.0,87.10181347040798,86.59051927075973,86.84616985346692,0.0,37815800
2024-08-09,0.0,87.8869857788086,0.0,88.14262932948421,87.73176765238611,88.11523994416386,0.0,32141800
2024-08-12,0.0,88.20655059814453,0.0,88.39828328371618,87.5400452919301,87.67699920041417,0.0,24261400
2024-08-13,0.0,88.81825256347656,0.0,88.89129556229769,88.54435176654296,88.83651679606372,0.0,30366900
2024-08-14,0.0,89.37521362304688,0.0,89.62173205885027,89.02826974816529,89.06479125590523,0.0,31334100
2024-08-15,0.0,88.65392303466797,0.0,88.65392303466797,87.84133870273492,88.02394622808016,0.0,38723700
2024-08-16,0.0,88.96434020996094,0.0,89.0556404772976,88.57174279122576,88.96434020996094,0.0,28541000
2024-08-19,0.0,89.37521362304688,0.0,89.62173205885027,88.93696946169806,88.94609461430903,0.0,25322100
2024-08-20,0.0,90.08736419677734,0.0,90.2608396143803,89.58520914619992,89.76780971627075,0.0,25239300
2024-08-21,0.0,90.14215850830078,0.0,90.5712705853303,89.66738583576571,90.08737275946002,0.0,29230000
2024-08-22,0.0,89.24738311767578,0.0,89.74954509287906,88.95521805003878,89.6856342020136,0.0,33453800
2024-08-23,0.0,89.83171081542969,0.0,90.08735437195477,89.4391133634049,89.64911026527305,0.0,32005100
2024-08-26,0.0,89.60343933105469,0.0,90.11472634531043,89.54866056974532,90.10560119560095,0.0,23198700
2024-08-27,0.0,89.4482650756836,0.0,89.54869749000038,88.93697785062797,89.01001390723162,0.0,21507700
2024-08-28,0.0,89.33869934082031,0.0,89.65825385218312,89.22914177450501,89.48478538359527,0.0,18501400
2024-08-29,0.0,89.0465087890625,0.0,89.14694117334498,88.68130075219564,88.9004297537741,0.0,24988200
2024-08-30,0.0,88.09700012207031,0.0,89.46652549370185,88.07874284871905,89.18349247927654,0.0,42896200
2024-09-03,0.0,89.53783416748047,0.313,89.82178823391209,89.23555642605909,89.36379419724979,0.0,48947900
2024-09-04,0.0,90.69198608398438,0.0,90.710302771547,89.59279614248732,89.6569150316087,0.0,40885200
2024-09-05,0.0,91.20494079589844,0.0,91.30570005255582,90.4813093110113,90.99426044422343,0.0,47450900
2024-09-06,0.0,91.19576263427734,0.0,92.31326910740971,90.85685154839653,91.1866077859908,0.0,57406400
2024-09-09,0.0,91.58964538574219,0.0,91.6904046327625,90.82938059699956,91.04921577757366,0.0,26961400
2024-09-10,0.0,92.2308349609375,0.0,92.43235344128199,91.43392287642084,91.47972507229328,0.0,31703400
2024-09-11,0.0,92.15755462646484,0.0,92.73462455931619,91.91939578611799,92.04763354897385,0.0,39497100
2024-09-12,0.0,91.72705078125,0.0,92.10260926900742,91.31485891811438,91.92856928800424,0.0,41618700
2024-09-13,0.0,91.97438049316406,0.0,92.15757534172714,91.61713865812568,92.02017571108708,0.0,25722100
2024-09-16,0.0,92.81707000732422,0.0,92.85371036762984,91.97436268559755,92.17587418462719,0.0,30866300
2024-09-17,0.0,92.36823272705078,0.0,93.1010259713059,92.27663531862747,92.94530967814283,0.0,31699400
2024-09-18,0.0,91.22325897216797,0.0,92.2674919207807,91.17746375648994,91.81865268346381,0.0,48897000
2024-09-19,0.0,90.92098236083984,0.0,90.966777573584,90.47214315227788,90.6095427673798,0.0,39979800
2024-09-20,0.0,90.5728988647461,0.0,90.91181697029543,90.42634440588317,90.67365811265442,0.0,37067600
2024-09-23,0.0,90.38056182861328,0.0,90.76527522864062,89.7851680494647,90.22484549837878,0.0,35703900
2024-09-24,0.0,90.36224365234375,0.0,90.58207887896862,89.62945024567975,89.76684988298373,0.0,31005400
2024-09-25,0.0,89.61112976074219,0.0,90.05996203438934,89.57448939311693,90.00500497716924,0.0,36738200
2024-09-26,0.0,89.82179260253906,0.0,89.99583258123445,89.23556076617373,89.83095444047954,0.0,33332300
2024-09-27,0.0,90.2889404296875,0.0,90.46298039282777,89.9591841776502,90.26146190675675,0.0,28317600
2024-09-30,0.0,89.85843658447266,0.0,90.41718991795233,89.6569180722754,90.35307102665638,0.0,34175500
2024-10-01,0.0,90.5072021484375,0.316,91.27912224714362,90.41530873481054,90.79208084500452,0.0,45254200
2024-10-02,0.0,89.74449157714844,0.0,89.808817675725,89.19311700532782,89.46880429123813,0.0,35810800
2024-10-03,0.0,88.8990478515625,0.0,89.60664189926766,88.8990478515625,89.45041537523011,0.0,39677800
2024-10-04,0.0,87.80549621582031,0.0,88.1822613016314,87.66765259476053,87.70441136111099,0.0,56954100
2024-10-07,0.0,87.14384460449219,0.0,87.5481769759398,87.07951852191981,87.2816882131522,0.0,42606600
2024-10-08,0.0,87.2908935546875,0.0,87.32765232653625,86.69357578142834,86.73952599899398,0.0,33709600
2024-10-09,0.0,86.79466247558594,0.0,87.21738485522228,86.59249974269686,86.99683221949401,0.0,35807700
2024-10-10,0.0,86.45464324951172,0.0,86.46382768303785,85.83894967439879,86.27084941371969,0.0,53667400
2024-10-11,0.0,86.10543060302734,0.0,86.44544390992581,85.84812626743599,85.9032679186465,0.0,27406400
2024-10-14,0.0,86.16975402832031,0.0,86.17894547174137,85.44379125145034,85.49892588994246,0.0,28795300
2024-10-15,0.0,87.21736907958984,0.0,87.30007104476479,86.72113625548695,86.8038382206619,0.0,46429100
2024-10-16,0.0,87.58494567871094,0.0,87.86982437187615,87.42872617630877,87.65846321314183,0.0,32281500
2024-10-17,0.0,86.19734954833984,0.0,86.78547587355766,86.07788178754886,86.64763223242437,0.0,43427200
2024-10-18,0.0,86.26167297363281,0.0,86.63843810263802,86.252481528237,86.42708393566448,0.0,25258600
2024-10-21,0.0,84.75459289550781,0.0,85.54488187242487,84.75459289550781,85.4805557808961,0.0,49504700
2024-10-22,0.0,84.8373031616211,0.0,85.24164263992297,84.62594197677633,85.14055777034751,0.0,32096900
2024-10-23,0.0,84.60755920410156,0.0,84.8832464643073,84.23079409357318,84.39619803647471,0.0,33354200
2024-10-24,0.0,85.14974212646484,0.0,85.46218114385253,84.50647419081415,84.75459412675684,0.0,32507400
2024-10-25,0.0,84.67188262939453,0.0,85.4989373729401,84.56160632658245,85.45298716068056,0.0,28667100
2024-10-28,0.0,84.442138671875,0.0,84.80971930678174,84.01023195168587,84.79133641897681,0.0,33156500
2024-10-29,0.0,84.57080841064453,0.0,84.59837573706115,83.6059169309685,83.78051233528002,0.0,46545200
2024-10-30,0.0,84.81892395019531,0.0,85.72868072962724,84.69027175960973,85.31514982187196,0.0,41951100
2024-10-31,0.0,84.9567642211914,0.0,85.40705391858462,84.4237795563278,84.72702715514058,0.0,52173800
2024-11-01,0.0,83.75901794433594,0.311,85.3080622131655,83.72214213515612,85.06833428008085,0.0,80402000
2024-11-04,0.0,85.05912017822266,0.0,85.35417592346978,84.48744659413215,85.08678055517022,0.0,49747600
2024-11-05,0.0,85.51089477539062,0.0,85.65842611709294,84.45975858714708,84.8562402746201,0.0,46986000
2024-11-06,0.0,83.16890716552734,0.0,83.6483771048312,82.56958029342236,82.65256141675385,0.0,98895700
2024-11-07,0.0,84.2108154296875,0.0,84.47821073333688,83.58382124329499,83.67602482238874,0.0,56221400
2024-11-08,0.0,85.28041076660156,0.0,85.38183683917187,84.68107680178173,84.82860819267815,0.0,56756200
2024-11-11,0.0,84.865478515625,0.0,85.10521347310869,84.478219223701,85.05910816158699,0.0,22369200
2024-11-12,0.0,83.59306335449219,0.0,84.69029816249812,83.45475443601035,84.24771806497682,0.0,57908400
2024-11-13,0.0,82.80008697509766,0.0,84.4044518922521,82.72632129197538,84.38600695413015,0.0,49009100
2024-11-14,0.0,83.27955627441406,0.0,83.93421093462119,83.23345096023307,83.50084630617964,0.0,53328300
2024-11-15,0.0,83.0582504272461,0.0,83.58381854929115,82.53268230520102,82.91071907770547,0.0,73722400
2024-11-18,0.0,83.20578002929688,0.0,83.52849608357108,82.44969940156197,82.67099643993491,0.0,36010600
2024-11-19,0.0,83.62992858886719,0.0,83.97108960667845,83.5561699383991,83.74057711659371,0.0,29585100
2024-11-20,0.0,83.362548828125,0.0,83.74980816280303,83.08593099782146,83.12281384417417,0.0,27755400
2024-11-21,0.0,83.29800415039062,0.0,83.76825167953089,82.98451048741985,83.39943022598331,0.0,28365700
2024-11-22,0.0,83.34407806396484,0.0,83.6299112412802,83.12278808909753,83.45472656873923,0.0,21547500
2024-11-25,0.0,85.50170135498047,0.0,85.54779963511928,84.8193792759656,85.01300893578872,0.0,56858000
2024-11-26,0.0,85.16976165771484,0.0,85.23430487680133,84.65340887033972,84.97613200045541,0.0,31122200
2024-11-27,0.0,85.75988006591797,0.0,86.10103409393852,85.44637938011428,85.78754044281868,0.0,39442200
2024-11-29,0.0,86.64501953125,0.0,86.66345743171335,86.15633427013287,86.46982782078099,0.0,31905700
2024-12-02,0.0,86.85321044921875,0.325,87.11227929115167,86.0482404968445,86.29805486325223,0.0,39406000
2024-12-03,0.0,86.10376739501953,0.0,87.00126107298486,86.03900017388274,86.90873747980339,0.0,32768900
2024-12-04,0.0,87.02902221679688,0.0,87.14930924771598,85.62264516967355,85.6874123943615,0.0,35851100
2024-12-05,0.0,87.20481872558594,0.0,87.33435317010567,86.65892457498104,86.71443732003299,0.0,23695800
2024-12-06,0.0,87.33434295654297,0.0,87.7599570900614,86.99199793086431,87.63967713681608,0.0,31761500
2024-12-09,0.0,86.52936553955078,0.0,87.01049942951052,86.4831072810792,86.96423411194257,0.0,30509600
2024-12-10,0.0,86.12226867675781,0.0,86.32582479908147,85.96497787645208,86.06674887851688,0.0,28706500
2024-12-11,0.0,85.30805206298828,0.0,86.3165782914894,85.22478294658515,86.11302215037371,0.0,38748400
2024-12-12,0.0,84.27178192138672,0.0,84.89169780243621,84.19776021822011,84.78991972535667,0.0,45368400
2024-12-13,0.0,83.41129302978516,0.0,84.05896523812143,83.34652580895153,84.01270697129605,0.0,39486000
2024-12-16,0.0,83.66110229492188,0.0,83.84615652814419,83.31876431688067,83.78138931129068,0.0,23482300
2024-12-17,0.0,83.86465454101562,0.0,84.18849061029742,83.69810926837116,83.75362200622035,0.0,23839900
2024-12-18,0.0,82.81600189208984,0.351,83.93990591130536,82.79742098363393,83.56836569412943,0.0,61328400
2024-12-19,0.0,81.56202697753906,0.0,82.10075976773118,81.28337721769132,81.80352910530415,0.0,99083300
2024-12-20,0.0,82.02648162841797,0.0,82.58379553383743,82.00790780528963,82.23082911553301,0.0,45542400
2024-12-23,0.0,81.27410888671875,0.0,81.95217028465122,81.2183803368892,81.88715128100344,0.0,32764600
2024-12-24,0.0,81.61778259277344,0.0,81.63635641336482,80.79110938893251,80.84683793724638,0.0,22377600
2024-12-26,0.0,81.57133483886719,0.0,81.70137283852483,80.99544720714086,81.0047376604134,0.0,19981800
2024-12-27,0.0,80.9025650024414,0.0,81.53418118906521,80.86541027540005,81.25553136606445,0.0,27262300
2024-12-30,0.0,81.55274963378906,0.0,81.77567087543302,81.43199501772227,81.58061390317725,0.0,48519600
2024-12-31,0.0,81.1162109375,0.0,81.99861276078947,81.0511919303791,81.85928429223316,0.0,31917300
2025-01-02,0.0,81.33912658691406,0.0,81.84999524063134,81.00474112021544,81.55276450207033,0.0,27841300
2025-01-03,0.0,81.07905578613281,0.0,81.62707211666006,80.9768820488243,81.47846028110057,0.0,21962200
2025-01-06,0.0,80.71680450439453,0.0,81.02332571055815,80.50316657952712,80.85613296960892,0.0,30231500
2025-01-07,0.0,79.8065414428711,0.0,80.59606006364594,79.68579387055433,80.43815775679917,0.0,41757200
2025-01-08,0.0,79.90868377685547,0.0,80.06658602162645,79.26777725961792,79.38853187100368,0.0,44590800
2025-01-10,0.0,79.3792495727539,0.0,79.74149927104287,79.10059977451414,79.21205685919446,0.0,47115800
2025-01-13,0.0,79.35139465332031,0.0,79.56503256836689,78.98914491233943,79.44427793034673,0.0,33258900
2025-01-14,0.0,79.22135162353516,0.0,79.28637062198378,78.84981145245474,79.16562307816187,0.0,33412900
2025-01-15,0.0,80.58675384521484,0.0,80.79110128391835,80.25236841579802,80.5310182159527,0.0,54120700
2025-01-16,0.0,80.8468246459961,0.0,81.18121005398558,80.14089910840289,80.47528451639238,0.0,34651100
2025-01-17,0.0,80.98616027832031,0.0,81.25552671906036,80.84683183151833,81.20908154127996,0.0,29875600
2025-01-21,0.0,81.71066284179688,0.0,81.89642938698773,81.39485121112507,81.63635338910474,0.0,30548600
2025-01-22,0.0,81.28340911865234,0.0,81.71996837560683,81.10692590757523,81.6177946309349,0.0,25278400
2025-01-23,0.0,80.65178680419922,0.0,80.80039863937046,80.37312986926032,80.4753036063019,0.0,31949000
2025-01-24,0.0,81.01402282714844,0.0,81.06975137006818,80.43813523300142,80.54959940537991,0.0,21110400
2025-01-27,0.0,81.97073364257812,0.0,82.13792635726533,81.5991934892133,81.88714082850402,0.0,42864200
2025-01-28,0.0,81.91502380371094,0.0,81.92430717192397,81.42273599987641,81.58992166619852,0.0,25519100
2025-01-29,0.0,81.747802734375,0.0,82.31439980689501,81.39483644140559,82.1379166604103,0.0,25342800
2025-01-30,0.0,82.05433654785156,0.0,82.39801247212426,81.89643426637757,82.11936263773602,0.0,25094900
2025-01-31,0.0,81.51560974121094,0.0,82.35157340762193,81.20908854910361,82.09149031076312,0.0,48790100
2025-02-03,0.0,82.17932891845703,0.312,83.05555554764393,81.8437503415514,82.57083488757192,0.0,70657200
2025-02-04,0.0,82.43099212646484,0.0,82.44963221604388,81.54544207907743,81.61069306033941,0.0,33414000
2025-02-05,0.0,83.79194641113281,0.0,84.06227393742097,83.32586594066848,83.38179332134065,0.0,48331200
2025-02-06,0.0,83.7546615600586,0.0,84.03431269521356,83.4750175367274,83.7639851610501,0.0,22509900
2025-02-07,0.0,83.21400451660156,0.0,83.38179377134722,82.90639680942088,83.18604082611455,0.0,31171200
2025-02-10,0.0,82.96232604980469,0.0,83.45637022434431,82.82250048241218,83.2046898924968,0.0,22736100
2025-02-11,0.0,82.43099212646484,0.0,82.66403236123243,82.3843812347819,82.52420679800716,0.0,21513000
2025-02-12,0.0,81.3124008178711,0.0,81.65729580940629,80.9674987145124,81.36832819772577,0.0,48536200
2025-02-13,0.0,82.66402435302734,0.0,82.85977727784942,82.09540566633436,82.11404575410761,0.0,42718100
2025-02-14,0.0,83.1021499633789,0.0,83.59619412808654,83.07418627282166,83.31654299886685,0.0,27460700
2025-02-18,0.0,82.1233901977539,0.0,82.81318740960857,82.06746280841627,82.53354335109572,0.0,29429200
2025-02-19,0.0,82.22592163085938,0.0,82.44963828138319,81.92763039288626,81.98355777756119,0.0,20584300
2025-02-20,0.0,82.53353118896484,0.0,82.7386077354157,82.44963300549693,82.44963300549693,0.0,27913400
2025-02-21,0.0,83.53092956542969,0.0,83.82922073591577,82.79452168258099,82.84113256714733,0.0,46912300
2025-02-24,0.0,83.7733154296875,0.0,83.95042119167955,83.2046966249526,83.26994761343902,0.0,26218000
2025-02-25,0.0,85.21814727783203,0.0,85.2927218562379,84.64021207474461,84.79867771998966,0.0,50125100
2025-02-26,0.0,85.72152709960938,0.0,85.81474177984677,85.0130827285215,85.21815929213832,0.0,32220200
2025-02-27,0.0,85.11558532714844,0.0,85.5630255612606,84.9571197259963,85.11558532714844,0.0,53373600
2025-02-28,0.0,86.15962219238281,0.0,86.2062330766595,85.26474868648533,85.61896722679191,0.0,49388600
2025-03-03,0.0,86.56172943115234,0.29,86.692642138587,85.43961847193889,85.477023121807,0.0,42904200
2025-03-04,0.0,85.4957275390625,0.0,86.76745718193108,85.34610892968598,86.4401753916799,0.0,56722000
2025-03-05,0.0,84.8131103515625,0.0,85.84172051897079,84.72895522925185,85.61729259105894,0.0,50215900
2025-03-06,0.0,84.53257751464844,0.0,84.90661688878116,83.90606566514556,84.60738681631652,0.0,42827500
2025-03-07,0.0,84.26139831542969,0.0,85.24325077106509,84.14918436403468,85.22454487872879,0.0,36903600
2025-03-10,0.0,85.14038848876953,0.0,85.68273807685806,85.00947578120946,85.16844019264562,0.0,41440800
2025-03-11,0.0,84.53257751464844,0.0,85.55182749659723,84.28945085133103,85.06558130417007,0.0,40555700
2025-03-12,0.0,84.02762603759766,0.0,84.51387223354256,83.95281673538837,84.15853874936005,0.0,32734600
2025-03-13,0.0,84.76634216308594,0.0,84.82244556623101,83.57876781233126,83.76579104649302,0.0,38675400
2025-03-14,0.0,84.31749725341797,0.0,84.54192514430858,84.02762014544331,84.16788579369813,0.0,24658000
2025-03-17,0.0,84.7383041381836,0.0,85.26195500993936,84.51387622096706,84.90662150899195,0.0,26700300
2025-03-18,0.0,84.82244873046875,0.0,85.11232583647448,84.27074622107628,84.28944497808655,0.0,23654700
2025-03-19,0.0,85.2619400024414,0.0,85.299344648727,84.51386134514321,84.79439262518174,0.0,31378700
2025-03-20,0.0,85.31805419921875,0.0,86.25314907204643,85.2432520313904,86.21574442102839,0.0,35645800
2025-03-21,0.0,84.8131103515625,0.0,85.50508576131142,84.73830817646696,85.40222474457059,0.0,29192100
2025-03-24,0.0,83.9434585571289,0.0,84.40166015394672,83.8780022053274,84.34554961368309,0.0,27985600
2025-03-25,0.0,83.93411254882812,0.0,84.233342604106,83.70033884519832,83.75644225112315,0.0,22333800
2025-03-26,0.0,83.38239288330078,0.0,83.78448389061666,83.30758359491495,83.58811485925864,0.0,25095600
2025-03-27,0.0,83.13926696777344,0.0,83.25147375746826,82.87743447867183,83.08315643872017,0.0,23674500
2025-03-28,0.0,84.2894515991211,0.0,84.47646772074276,83.98086857765837,84.04632493364673,0.0,39869400
2025-03-31,0.0,85.1216812133789,0.0,85.41155832766427,84.49516938963623,85.30870445985929,0.0,38824300
2025-04-01,0.0,85.85929107666016,0.326,86.25344782532729,85.59652468411355,85.63406376302694,0.0,39800100
2025-04-02,0.0,85.8030014038086,0.0,86.68515201663101,85.08039369490088,86.68515201663101,0.0,43488400
2025-04-03,0.0,86.1971435546875,0.0,87.02298904704193,86.18775699413405,86.8259070746589,0.0,57467400
2025-04-04,0.0,87.13560485839844,0.0,88.29928784879499,87.10745233473658,87.8863722353404,0.0,92794200
2025-04-07,0.0,84.50794219970703,0.0,86.51623690930158,84.27332826484927,86.22531076138058,0.0,124987600
2025-04-08,0.0,82.91254425048828,0.0,84.6486855407887,82.7905476097117,83.7853081756449,0.0,73861900
2025-04-09,0.0,83.40056610107422,0.0,83.43810519071569,80.6039647815033,81.89903115481239,0.0,131353500
2025-04-10,0.0,81.10133361816406,0.0,82.75301752748403,81.03564201062653,82.34009476019199,0.0,78592000
2025-04-11,0.0,81.54241943359375,0.0,81.92718972729702,79.76873864129868,80.58519772023179,0.0,94814100
2025-04-14,0.0,82.12425994873047,0.0,82.3119482239613,81.47672322744127,82.0210292493989,0.0,37596400
2025-04-15,0.0,82.4151840209961,0.0,82.76241522748435,81.68318967853092,81.78642038424772,0.0,22553900
2025-04-16,0.0,82.87501525878906,0.0,83.05332412150081,82.08671595809184,82.39640803758645,0.0,35607300
2025-04-17,0.0,82.14302062988281,0.0,82.77178418730533,81.8614882351413,82.62163500874617,0.0,31758400
2025-04-21,0.0,80.70719146728516,0.0,81.71133879565858,80.68842550332396,81.2702634641569,0.0,39343200
2025-04-22,0.0,81.15764617919922,0.0,81.66440591964732,81.08256801030015,81.47671765724789,0.0,32552100
2025-04-23,0.0,81.94595336914062,0.0,83.57886432087204,81.8051835788528,83.40994200449646,0.0,44082200
2025-04-24,0.0,82.809326171875,0.0,82.91255686818317,82.35887146057442,82.61225134069993,0.0,24190800
2025-04-25,0.0,83.41932678222656,0.0,83.62578818225285,83.14717376945089,83.4287133440047,0.0,22513900
2025-04-28,0.0,83.94485473632812,0.0,84.01993290643037,83.15655542979962,83.20348107607562,0.0,20130500
2025-04-29,0.0,84.64871215820312,0.0,84.65809872116749,83.80410764750275,83.82287361358178,0.0,22129500
2025-04-30,0.0,83.963623046875,0.0,84.50792900914992,83.83223983664975,84.25454198953837,0.0,42630600
2025-05-01,0.0,83.53787231445312,0.328,84.09359491433989,83.17052855170276,84.07475990510305,0.0,29932800
2025-05-02,0.0,82.63365936279297,0.0,82.95390489447892,82.45469439732518,82.61481716316815,0.0,32090400
2025-05-05,0.0,82.17210388183594,0.0,82.33223380462103,81.78592509439495,82.27571440226475,0.0,22862800
2025-05-06,0.0,82.44525909423828,0.0,82.44525909423828,81.60696101019175,81.75766983645252,0.0,21095200
2025-05-07,0.0,82.79376983642578,0.0,83.08575921151707,82.7184154215014,82.8126048470606,0.0,23161600
2025-05-08,0.0,81.87069702148438,0.0,82.94447229300675,81.84244091215893,82.9067950851753,0.0,25483700
2025-05-09,0.0,81.99314880371094,0.0,82.23803987251965,81.87069608311405,81.94605049791329,0.0,17007900
2025-05-12,0.0,81.2302017211914,0.0,81.7388332655382,81.18311059938826,81.36206836014878,0.0,32115000
2025-05-13,0.0,80.9005355834961,0.0,81.27730049102641,80.53319177485709,81.12659165353712,0.0,53912200
2025-05-14,0.0,80.36365509033203,0.0,80.88170778264558,80.2506234521381,80.76867614445166,0.0,42119800
2025-05-15,0.0,81.07007598876953,0.0,81.30555314769894,80.51435334306856,80.65563388947214,0.0,59448000
2025-05-16,0.0,81.28672790527344,0.0,81.84245061775654,81.19253128142783,81.82361560470349,0.0,31778200
2025-05-19,0.0,81.05123901367188,0.0,81.11717232912649,79.90210935615514,79.97746376987253,0.0,49361900
2025-05-20,0.0,80.46726989746094,0.0,80.6273926704181,80.11876105085364,80.46726989746094,0.0,35493100
2025-05-21,0.0,79.09207153320312,0.0,80.11874852586844,78.89427157643804,79.76082582117823,0.0,77053100
2025-05-22,0.0,79.50650787353516,0.0,79.52534288349165,78.46098875923899,78.66820261352952,0.0,61747900
2025-05-23,0.0,79.63838958740234,0.0,79.89270179404592,79.41232630794846,79.84560348094462,0.0,47139200
2025-05-27,0.0,80.74983978271484,0.0,81.03240809419064,80.20353098652419,80.3919098608414,0.0,56773400
2025-05-28,0.0,80.40132904052734,0.0,80.57087289784168,80.03398521404515,80.4484273510787,0.0,34806800
2025-05-29,0.0,81.14542388916016,0.0,81.24903440566563,80.6650485113795,80.78749403716232,0.0,38933200
2025-05-30,0.0,81.26789855957031,0.0,81.44686354975039,80.89113356317812,81.08893356939024,0.0,49042100
2025-06-02,0.0,80.51155090332031,0.32,80.80462726716893,80.16174473041309,80.63445226588225,0.0,46213100
2025-06-03,0.0,80.3697509765625,0.0,81.05990005739949,80.25629855194256,80.77627981526835,0.0,33731300
2025-06-04,0.0,81.67440795898438,0.0,81.92021789873117,80.97480282133772,81.10716035513722,0.0,57441500
2025-06-05,0.0,81.73114776611328,0.0,82.18495027251774,81.5137062917738,81.9485964533989,0.0,37664700
2025-06-06,0.0,80.69117736816406,0.0,81.23951985744581,80.62499859966073,81.10716232043916,0.0,38130100
2025-06-09,0.0,80.77626037597656,0.0,80.96534049189405,80.39809293119751,80.39809293119751,0.0,26560800
2025-06-10,0.0,81.1922378540039,0.0,81.47586524005716,80.85188787591763,81.40023030871708,0.0,24857000
2025-06-11,0.0,81.43804931640625,0.0,81.68385924144384,81.03152056893585,81.12606062842902,0.0,36334800
2025-06-12,0.0,82.41183471679688,0.0,82.44019601647625,81.87294838405386,82.14711963586277,0.0,43017800
2025-06-13,0.0,81.61769104003906,0.0,82.13766504100954,81.09770982612346,81.99585853989176,0.0,49374000
2025-06-16,0.0,80.79517364501953,0.0,81.71222744682363,80.79517364501953,81.38133360414813,0.0,36496600
2025-06-17,0.0,81.77841186523438,0.0,81.92968175401964,81.06935049068032,81.30570428219833,0.0,34521600
2025-06-18,0.0,81.92022705078125,0.0,82.33620482650467,81.63659961069878,82.13766850362511,0.0,38589000
2025-06-20,0.0,81.7689437866211,0.0,82.05257118031855,81.25841880573222,81.43804996927022,0.0,26001900
2025-06-23,0.0,82.03366088867188,0.0,82.66709445535217,82.03366088867188,82.18493075920581,0.0,36851800
2025-06-24,0.0,82.6292953491211,0.0,82.8089193441146,81.71224139082392,81.75005886686098,0.0,32959100
2025-06-25,0.0,82.73326873779297,0.0,82.73326873779297,82.06202495279318,82.35510129489256,0.0,26345300
2025-06-26,0.0,83.14925384521484,0.0,83.14925384521484,82.44019253142525,82.80890383756027,0.0,30467500
2025-06-27,0.0,82.61982727050781,0.0,83.34780095665721,82.47801355904215,82.7900022816776,0.0,74993500
2025-06-30,0.0,83.43287658691406,0.0,83.61250775116403,82.82781154337594,83.06416530141253,0.0,53695200
2025-07-01,0.0,83.63976287841797,0.328,83.80108131089825,83.18427468790256,83.63027142949142,0.0,38960600
2025-07-02,0.0,83.10834503173828,0.0,83.11782923937903,82.65284967012155,82.73825821786045,0.0,39382200
2025-07-03,0.0,82.52948760986328,0.0,82.83314876288703,82.41561196253451,82.71927311555827,0.0,26729100
2025-07-07,0.0,81.74185943603516,0.0,82.14041331962673,81.53309104752931,82.12143766605918,0.0,38314700
2025-07-08,0.0,81.6374740600586,0.0,81.64696550663126,81.0776017897632,81.200961635798,0.0,31407000
2025-07-09,0.0,82.49150848388672,0.0,82.49150848388672,81.77980215528072,81.7892936001538,0.0,29821900
2025-07-10,0.0,82.5484619140625,0.0,82.61488756395437,82.07399091773406,82.39663495996089,0.0,24525500
2025-07-11,0.0,81.40973663330078,0.0,81.86522474784854,81.26739388255972,81.82727343818044,0.0,40764800
2025-07-14,0.0,81.2389144897461,0.0,81.4951256104354,80.96372047724161,81.17248884809686,0.0,24609500
2025-07-15,0.0,80.6695785522461,0.0,81.52362798130837,80.56519433092436,81.50464508296562,0.0,40455000
2025-07-16,0.0,80.7834243774414,0.0,81.28636968482378,79.89142388100903,80.92576711576274,0.0,65987700
2025-07-17,0.0,80.76446533203125,0.0,81.12506073538988,80.6505896699872,80.86884954560814,0.0,31875500
2025-07-18,0.0,80.8878173828125,0.0,81.09658578978349,80.75496607653153,81.06811868698803,0.0,27534900
2025-07-21,0.0,81.60901641845703,0.0,82.09297889181843,81.57105786761954,81.8177848281366,0.0,40019500
2025-07-22,0.0,82.10245513916016,0.0,82.33969062900266,81.71339270054179,81.77032690135115,0.0,35190300
2025-07-23,0.0,81.64697265625,0.0,81.79879961544543,81.40973715012649,81.6564641036538,0.0,31008500
2025-07-24,0.0,81.50462341308594,0.0,81.83675164723554,81.1440280788453,81.18198662558419,0.0,25164800
2025-07-25,0.0,82.01705932617188,0.0,82.02655077355944,81.34331135871717,81.41922845811145,0.0,27196200
2025-07-28,0.0,81.48564147949219,0.0,81.79878679621179,81.4476829356788,81.59950987108043,0.0,26812500
2025-07-29,0.0,82.86162567138672,0.0,82.8806013282608,81.79880789009319,81.82728223518502,0.0,47828300
2025-07-30,0.0,82.43460083007812,0.0,82.52000214187301,82.14042386312651,82.33970083050139,0.0,40670900
2025-07-31,0.0,82.4820327758789,0.0,82.94701954530983,82.40611568211233,82.68130971712678,0.0,49814100
2025-08-01,0.0,83.65465545654297,0.331,83.75943868577261,83.36888169182056,83.40698534495213,0.0,63434500
2025-08-04,0.0,83.8832778930664,0.0,83.96901293745175,83.4927281303959,83.78802238516111,0.0,36425200
2025-08-05,0.0,84.14045715332031,0.0,84.25476083051976,83.6165410743969,83.68322064193917,0.0,28586100
2025-08-06,0.0,83.65465545654297,0.0,83.87374964516732,82.79734142990446,83.67370364934439,0.0,42589300
2025-08-07,0.0,83.51175689697266,0.0,84.06424888883397,83.43554960136537,83.74989924509967,0.0,29213100
2025-08-08,0.0,83.1498031616211,0.0,83.24505867029818,83.0164439959673,83.216482744448,0.0,21596300
2025-08-11,0.0,83.24504852294922,0.0,83.51176682174459,83.14026529591838,83.38793540231204,0.0,20100900
2025-08-12,0.0,82.82591247558594,0.0,82.84496793479398,82.44489050176455,82.77828836262242,0.0,41052300
2025-08-13,0.0,83.51175689697266,0.0,83.64511603052156,83.2831422776785,83.29267000651133,0.0,30817500
2025-08-14,0.0,82.89259338378906,0.0,83.35935766404153,82.76876196705408,83.35935766404153,0.0,33397400
2025-08-15,0.0,82.30200958251953,0.0,82.66398339085065,82.15912269823423,82.54967969744547,0.0,36343600
2025-08-18,0.0,82.06385040283203,0.0,82.43535186542564,81.91143581944628,82.3972482195792,0.0,26777500
2025-08-19,0.0,82.54015350341797,0.0,82.63540900553816,82.34963523164863,82.34963523164863,0.0,28780600
2025-08-20,0.0,82.72115325927734,0.0,82.84499197748437,82.45443489318592,82.4830108227628,0.0,25912500
2025-08-21,0.0,82.31153869628906,0.0,82.56872927830236,82.02576492291523,82.45441831544703,0.0,28643900
2025-08-22,0.0,82.9211654663086,0.0,83.15930780565178,82.606815834169,82.71159904488219,0.0,49871900
2025-08-25,0.0,82.68303680419922,0.0,82.92117918293536,82.5401499234518,82.61635722885424,0.0,27011900
2025-08-26,0.0,82.63541412353516,0.0,82.67351778024896,82.13055339025371,82.40679945078175,0.0,30259300
2025-08-27,0.0,82.54015350341797,0.0,82.54968123388868,81.92098183834331,82.0257650709342,0.0,38142800
2025-08-28,0.0,83.08312225341797,0.0,83.12122590978684,82.54968559931234,82.66398930088964,0.0,32205900
2025-08-29,0.0,82.49250030517578,0.0,82.74017035922027,82.3400929955902,82.6449148822884,0.0,41686400
2025-09-02,0.0,81.87863159179688,0.328,82.07943082365094,81.73520877987133,81.87863159179688,0.0,48760600
2025-09-03,0.0,82.77747344970703,0.0,83.00695729938015,82.1272631296665,82.16551165380535,0.0,52499500
2025-09-04,0.0,83.4085464477539,0.0,83.4181031055043,82.78702082152485,83.20773991245828,0.0,40501600
2025-09-05,0.0,84.68028259277344,0.0,84.72809506646452,84.27868407634162,84.35518111618366,0.0,69668000
2025-09-08,0.0,85.80857849121094,0.0,85.82770639654285,85.215744738773,85.26354991178597,0.0,54538700
2025-09-09,0.0,85.32093048095703,0.0,85.62691132471885,85.09143937676659,85.48348120838952,0.0,37126400
2025-09-10,0.0,85.80857849121094,0.0,86.12412327276182,85.28267781711789,85.48347705215251,0.0,40713600
2025-09-11,0.0,86.3823013305664,0.0,86.51617479744291,85.96158220309462,85.9711461568342,0.0,46694400
2025-09-12,0.0,86.00938415527344,0.0,86.03807601541597,85.56953713682108,85.89464589533914,0.0,32968600
2025-09-15,0.0,86.21019744873047,0.0,86.49705041617908,86.12413645188423,86.20063349460099,0.0,24820100
2025-09-16,0.0,86.39186096191406,0.0,86.53529108019477,86.09544406725041,86.14324924323809,0.0,26794200
2025-09-17,0.0,86.17195129394531,0.0,87.051645423869,85.93290350025998,86.73610058536603,0.0,49121800
2025-09-18,0.0,85.2826919555664,0.0,85.55042431333148,85.00539564354985,85.34962504500768,0.0,55717900
2025-09-19,0.0,85.12013244628906,0.0,85.32093900631017,84.90021256841374,85.16794492156257,0.0,32509200
2025-09-22,0.0,84.81414794921875,0.0,85.01495450066264,84.66116116616527,84.92889350787823,0.0,24758200
2025-09-23,0.0,85.40699005126953,0.0,85.44523857126683,84.86196140783683,85.07232462024231,0.0,26689000
2025-09-24,0.0,85.0818862915039,0.0,85.25400097929469,84.81414665870562,85.17750394135233,0.0,28098000
2025-09-25,0.0,85.0818862915039,0.0,85.12969146884859,84.58466284003761,84.9575767810578,0.0,29882500
2025-09-26,0.0,85.00538635253906,0.0,85.55041496274957,84.80458710616243,85.09144004591812,0.0,30955100
2025-09-29,0.0,85.70339965820312,0.0,85.80858125544174,85.3496136449084,85.37829820867191,0.0,32286200
2025-09-30,0.0,85.45479583740234,0.0,86.09544208311195,85.30180176938643,85.73209211431218,0.0,38584000
2025-10-01,0.0,85.67549133300781,0.31,86.01132167155262,85.48358305344482,85.82901063610586,0.0,39408900
2025-10-02,0.0,85.92496490478516,0.0,86.05929703468225,85.57953733632063,85.69467497877412,0.0,23208300
2025-10-03,0.0,85.76183319091797,0.0,86.08807356261863,85.65628548129875,86.00171301813411,0.0,25884500
2025-10-06,0.0,85.08059692382812,0.0,85.55076677513364,85.06140975383043,85.11897858437673,0.0,28371000
2025-10-07,0.0,85.5699234008789,0.0,85.76182431456954,85.21489865794558,85.36842524533857,0.0,29103300
2025-10-08,0.0,85.6371078491211,0.0,85.99213266832015,85.52196288384114,85.97293818049741,0.0,22506200
2025-10-09,0.0,85.5699234008789,0.0,85.67547109957394,85.40680689218681,85.56032615902919,0.0,21578700
2025-10-10,0.0,86.95165252685547,0.0,87.04760300480136,86.26079737276144,86.33756068333906,0.0,59389400
2025-10-13,0.0,86.9036865234375,0.0,86.91328376882191,86.22242851221036,86.625424971716,0.0,28035500
2025-10-14,0.0,87.18193054199219,0.0,87.23949936161438,86.76933692007887,86.98043235276269,0.0,29800000
2025-10-15,0.0,86.99004364013672,0.0,87.60413555042027,86.8077325878312,87.27789510527106,0.0,31333900
2025-10-16,0.0,87.64250183105469,0.0,87.79602845478611,86.78853011806763,86.85569618581204,0.0,39631200
2025-10-17,0.0,87.50816345214844,0.0,87.59452400197391,87.2203120340178,87.55614234877946,0.0,40240400
2025-10-20,0.0,87.843994140625,0.0,87.85358406275135,87.5849198321884,87.75763359762905,0.0,28429300
2025-10-21,0.0,88.27578735351562,0.0,88.45809838736592,88.18943411888272,88.26619010948343,0.0,24514300
2025-10-22,0.0,88.3333511352539,0.0,88.44849609541187,88.10306853548987,88.2661850719664,0.0,30496200
2025-10-23,0.0,87.72886657714844,0.0,88.0742941764901,87.59453443524365,87.90158037681927,0.0,28275100
2025-10-24,0.0,87.76722717285156,0.0,87.89196204024324,87.46977854723627,87.88236479796667,0.0,28266000
2025-10-27,0.0,88.064697265625,0.0,88.07429451024105,87.40262647761917,87.62331918047201,0.0,30033600
2025-10-28,0.0,88.29498291015625,0.0,88.44850954704918,88.09348468964899,88.13186634887222,0.0,23564500
2025-10-29,0.0,87.40261840820312,0.0,88.17023685445726,87.33545234319729,88.16063961072726,0.0,39551600
2025-10-30,0.0,86.89408111572266,0.0,87.28748761344285,86.69258290489742,86.73096456227641,0.0,42649200
2025-10-31,0.0,86.63500213623047,0.0,86.99002692763051,86.54864158889463,86.89406913713478,0.0,38247300
2025-11-03,0.0,86.4183349609375,0.325,86.4953755804845,86.11017982974731,86.30278137861484,0.0,40752300
2025-11-04,0.0,86.6109390258789,0.0,86.72649261155844,86.41833747141625,86.45685778230879,0.0,26383800
2025-11-05,0.0,85.6672134399414,0.0,86.23537886615544,85.5901728148618,86.19685855361564,0.0,44643400
2025-11-06,0.0,86.43760681152344,0.0,86.52427200630875,86.21611684651894,86.24500524478071,0.0,33027400
2025-11-07,0.0,86.25463104248047,0.0,86.54352969860588,86.05240492199188,86.05240492199188,0.0,28530100
2025-11-10,0.0,86.2353744506836,0.0,86.35092803538795,86.08129320841375,86.17759031133339,0.0,24093500
2025-11-11,0.0,86.63020324707031,0.0,86.7361322747386,86.45686550606756,86.62057133173718,0.0,18942300
2025-11-12,0.0,86.7842788696289,0.0,86.97687308179434,86.55315699863249,86.62056570759022,0.0,23594900
2025-11-13,0.0,86.07164764404297,0.0,86.61092455946624,86.07164764404297,86.47610716735963,0.0,33825900
2025-11-14,0.0,85.5805435180664,0.0,86.51463349429771,85.5805435180664,86.46648861653209,0.0,38550500
2025-11-17,0.0,85.79240417480469,0.0,85.99463766471509,85.68648249261192,85.78277960633187,0.0,25605800
2025-11-18,0.0,85.76350402832031,0.0,86.13906786328619,85.51313303634163,86.04277076275608,0.0,31967400
2025-11-19,0.0,85.59017181396484,0.0,86.00425598517737,85.56128341664741,85.92722270799699,0.0,25782400
2025-11-20,0.0,85.92721557617188,0.0,86.11017785966278,85.6960937228186,85.6960937228186,0.0,32945000
2025-11-21,0.0,86.18721771240234,0.0,86.35092351349284,85.89831907177401,86.33166703271651,0.0,41938600
2025-11-24,0.0,86.6783447265625,0.0,86.73612151739815,86.45685478336281,86.62056058872903,0.0,30865700
2025-11-25,0.0,86.89983367919922,0.0,87.23687722872381,86.7939046569203,86.96724238910414,0.0,36503300
2025-11-26,0.0,87.2850341796875,0.0,87.2850341796875,86.50501801614598,86.8131731848166,0.0,34099000
2025-11-28,0.0,86.87095642089844,0.0,87.17911161240603,86.62057803186124,87.11170289385747,0.0,40704300
2025-12-01,0.0,85.78950500488281,0.321,86.0021195879438,85.73152189067864,85.86682073931121,0.0,47086600
2025-12-02,0.0,85.82815551757812,0.0,85.97312066390091,85.48990842498068,85.60588201668564,0.0,27605700
2025-12-03,0.0,86.06976318359375,0.0,86.16641153170134,85.76050764005724,85.93446434412364,0.0,23278600
2025-12-04,0.0,85.60588836669922,0.0,85.94413548438692,85.50924738639333,85.92481023761941,0.0,25541500
2025-12-05,0.0,85.20965576171875,0.0,85.57690183095627,85.09368952784129,85.57690183095627,0.0,32808100
2025-12-08,0.0,84.92938995361328,0.0,85.23864552616858,84.620134381058,85.22898658903848,0.0,32255200
2025-12-09,0.0,85.01636505126953,0.0,85.38360370952545,84.89072514650353,85.37393739995102,0.0,25771800
2025-12-10,0.0,85.344970703125,0.0,85.5479190238982,84.91008249764472,85.04538137816019,0.0,46833500
2025-12-11,0.0,85.22898864746094,0.0,85.8474998075096,85.19999708890157,85.71220095207612,0.0,26778700
2025-12-12,0.0,84.40752410888672,0.0,84.56215558968916,84.26256631217797,84.44618197908733,0.0,47030100
2025-12-15,0.0,84.46550750732422,0.0,84.92938716430488,84.45584119727714,84.77476306972272,0.0,28611800
2025-12-16,0.0,84.92938995361328,0.0,84.968047821837,84.24322938241981,84.26256200314889,0.0,41018700
2025-12-17,0.0,84.85208129882812,0.0,85.03569695571677,84.6394667109455,84.68778351613328,0.0,24668300
2025-12-18,0.0,85.25798034667969,0.0,85.41260445032964,85.11301518040904,85.17099829762344,0.0,39048900
2025-12-19,0.0,84.93975067138672,0.342,85.14348875539092,84.80392528205059,84.99795943769405,0.0,37858100
2025-12-22,0.0,84.75541687011719,0.0,84.85243395232065,84.64869585911471,84.81362563905348,0.0,25547100
2025-12-23,0.0,84.89124298095703,0.0,84.96885960814542,84.4352545486364,84.4740628622306,0.0,33624100
2025-12-24,0.0,85.40544128417969,0.0,85.45395352728033,85.03677340317353,85.14349441645172,0.0,25942000
2025-12-26,0.0,85.12407684326172,0.0,85.54125691975594,84.98825146039647,85.4733442283233,0.0,26522700
2025-12-29,0.0,85.44425964355469,0.0,85.44425964355469,85.17260881488406,85.32783468758302,0.0,29399800
2025-12-30,0.0,85.24050903320312,0.0,85.41514274060954,85.05617139707168,85.12408409428923,0.0,25106800
2025-12-31,0.0,84.56138610839844,0.0,85.28902535709743,84.53227432082994,85.06587939731422,0.0,36500000
2026-01-02,0.0,84.43525695800781,0.0,84.80393224670843,84.42555302885012,84.79422831755072,0.0,40731300
2026-01-05,0.0,84.8524398803711,0.0,84.91064865337403,84.51287636797159,84.58078907045149,0.0,30178000
2026-01-06,0.0,84.67781066894531,0.0,84.73601944504816,84.30914275041094,84.55168918674588,0.0,39015200
2026-01-07,0.0,85.172607421875,0.0,85.38604947003388,84.87185220961284,85.22111226795577,0.0,39930900
2026-01-08,0.0,84.74571990966797,0.0,84.93976149195917,84.64870281948713,84.7263194524036,0.0,28204900
2026-01-09,0.0,85.30842590332031,0.0,85.37633860385985,84.52257788251578,84.69721159846446,0.0,57348800
2026-01-12,0.0,85.0561752319336,0.0,85.28902512025971,84.80393228914076,84.89124544581615,0.0,36103100
2026-01-13,0.0,85.20170593261719,0.0,85.28902649262683,84.93005512712817,85.25991470467075,0.0,30451400
2026-01-14,0.0,85.6965103149414,0.0,85.79352741096034,85.2696262101421,85.28903407050387,0.0,39233500
2026-01-15,0.0,85.67709350585938,0.0,86.01666440935344,85.67709350585938,85.99725655101876,0.0,37988900
2026-01-16,0.0,85.18230438232422,0.0,85.68679767148001,85.09498382343561,85.50246002643789,0.0,46382400
2026-01-20,0.0,84.06659698486328,0.0,84.43526490633934,83.95987595986998,84.04718912472093,0.0,66009500
2026-01-21,0.0,84.70690155029297,0.0,84.8718387261678,84.0374785260618,84.21211222845442,0.0,51220100
2026-01-22,0.0,85.07557678222656,0.0,85.14348947747058,84.54197174678883,84.66809320883382,0.0,42419300
2026-01-23,0.0,85.30842590332031,0.0,85.40544298952976,84.89124577088337,85.21140881711086,0.0,35968800
2026-01-26,0.0,85.71591186523438,0.0,85.85173728177705,85.5703825183872,85.76442411482678,0.0,38882400
2026-01-27,0.0,85.18230438232422,0.0,85.61888497097962,85.06587943778247,85.48305956997886,0.0,35180100
2026-01-28,0.0,84.98826599121094,0.0,85.0852830809981,84.6875107922919,84.90095283098134,0.0,38750300
2026-01-29,0.0,85.00767517089844,0.0,85.12409271967975,84.48377399559374,84.5516866996927,0.0,43855000
2026-01-30,0.0,84.53227233886719,0.0,84.94945246108381,84.53227233886719,84.77481874941338,0.0,45832200
2026-02-02,0.0,84.2907485961914,0.332,84.78743048233115,84.2907485961914,84.74847372906197,0.0,38171400
2026-02-03,0.0,84.49527740478516,0.0,84.5147520689329,84.1738897195328,84.23232114221797,0.0,27438200
2026-02-04,0.0,84.28101348876953,0.0,84.51474659461245,84.2030999767414,84.36866061712007,0.0,37872900
2026-02-05,0.0,85.19647979736328,0.0,85.19647979736328,84.48553199370077,84.66083368294348,0.0,50268900
2026-02-06,0.0,85.25491333007812,0.0,85.25491333007812,84.9237846065275,85.16725876816346,0.0,33461800
2026-02-09,0.0,85.23543548583984,0.0,85.29387434011048,84.75822818570866,84.92378884061755,0.0,24708900
2026-02-10,0.0,86.21905517578125,0.0,86.21905517578125,85.91714964119083,85.93662430170869,0.0,37253700
2026-02-11,0.0,85.76133728027344,0.0,86.17037952340007,85.64447443673025,85.74186261643018,0.0,37014000
2026-02-12,0.0,86.90080261230469,0.0,86.94949298736755,86.04376879248906,86.05350983959839,0.0,48454900
2026-02-13,0.0,87.37799835205078,0.0,87.4656454737283,87.18321458681037,87.29034380013236,0.0,56785200
2026-02-17,0.0,87.52409362792969,0.0,87.76756778769669,87.41696440321287,87.58252504859644,0.0,32356700
2026-02-18,0.0,87.1929702758789,0.0,87.51435796981899,87.13453885161421,87.34879731424094,0.0,35415400
2026-02-19,0.0,87.2806167602539,0.0,87.37800493509087,87.03714260804077,87.0663583174677,0.0,28658600
2026-02-20,0.0,87.07609558105469,0.0,87.39747580103035,86.60862195980832,87.35851904673973,0.0,49610800
2026-02-23,0.0,87.3974838256836,0.0,87.65069903670178,87.1929664195603,87.212448513615,0.0,33614600
2026-02-24,0.0,87.55331420898438,0.0,87.69940019901989,87.41696926634911,87.60200458550148,0.0,24933900
2026-02-25,0.0,87.56304931640625,0.0,87.72860995976912,87.36826553282498,87.36826553282498,0.0,23625800
2026-02-26,0.0,87.91365051269531,0.0,87.96234831905711,87.6993994833327,87.70913310041142,0.0,29447100
2026-02-27,0.0,88.44927978515625,0.0,88.48823653676415,88.18633099960374,88.32267591511106,0.0,51272000
2026-03-02,0.0,87.56107330322266,0.301,87.9323819421572,87.31678953827782,87.92261595912261,0.0,55465500
2026-03-03,0.0,87.38519287109375,0.0,87.6197032092642,86.9063987563022,86.94548505515549,0.0,51850400
2026-03-04,0.0,87.11160278320312,0.0,87.39497287998152,87.06274304222589,87.22885423362881,0.0,47069500
2026-03-05,0.0,86.75983428955078,0.0,86.90640605882935,86.4862376295374,86.60348908100036,0.0,45768900
2026-03-06,0.0,86.43737030029297,0.0,86.90639842982112,86.00742846947126,86.30057198229501,0.0,58136900
2026-03-09,0.0,87.18977355957031,0.0,87.27771214554666,86.19309152214043,86.28103756306643,0.0,52478700
2026-03-10,0.0,86.26148223876953,0.0,86.91616094232246,86.25170880074592,86.76959664671278,0.0,48651500
2026-03-11,0.0,85.14755249023438,0.0,85.8022312216805,85.0889267694927,85.74360550093883,0.0,54679900
2026-03-12,0.0,84.98143768310547,0.0,85.25503430815068,84.79577963541811,84.9228119648669,0.0,48977000
2026-03-13,0.0,84.56127166748047,0.0,85.15732466937051,84.49287250931026,84.94235375656439,0.0,43460000
2026-03-16,0.0,85.21595001220703,0.0,85.34297488968994,84.97166624054437,85.18663715239936,0.0,37341500
2026-03-17,0.0,85.45045471191406,0.0,85.567713598363,85.32342984280584,85.36251613828881,0.0,19578100
2026-03-18,0.0,84.97167205810547,0.0,85.4797865127232,84.94235919629091,85.36252761051534,0.0,37596600
2026-03-19,0.0,85.48954772949219,0.0,85.72406552083032,84.98144075815792,85.06937933869784,0.0,60307400
2026-03-20,0.0,83.86751556396484,0.0,84.87396362187798,83.79911639852268,84.82510388015504,0.0,78948500
2026-03-23,0.0,84.41470336914062,0.0,84.73715975155255,83.97499554217849,84.20950588622833,0.0,69686700
2026-03-24,0.0,84.04338836669922,0.0,84.31698498995446,83.60367311793998,83.76001830548519,0.0,51799400
2026-03-25,0.0,84.85440826416016,0.0,84.89349456264283,84.5026464877144,84.76646968378601,0.0,37861000
2026-03-26,0.0,84.14111328125,0.0,84.62968088480855,83.96522864577092,84.36585020411493,0.0,39537000
2026-03-27,0.0,83.68185424804688,0.0,84.13133552566735,83.49619618263529,83.54505592246454,0.0,39928900
2026-03-30,0.0,84.79579162597656,0.0,84.96190282110743,84.51242152283862,84.64921985470522,0.0,36473200
2026-03-31,0.0,84.70784759521484,0.0,85.16710230338947,84.59058869473958,84.9423579412159,0.0,47112200
2026-04-01,0.0,84.62445068359375,0.345,85.06591536723876,84.59502070264885,84.64406817597843,0.0,31157600
2026-04-02,0.0,85.1444091796875,0.0,85.20326914771147,84.51654457164338,84.57540453966735,0.0,33310600
2026-04-06,0.0,85.0070571899414,0.0,85.20326205685026,84.75198487517117,84.8598997973918,0.0,14660300
2026-04-07,0.0,84.99725341796875,0.0,85.03649589232216,84.28109884404472,84.87952599490849,0.0,22747200
2026-04-08,0.0,85.27194213867188,0.0,85.71341435582254,85.08554974385127,85.70360186617832,0.0,22244900
2026-04-09,0.0,85.05610656738281,0.0,85.47795377693777,84.75198677144881,85.04630156313313,0.0,18909100
2026-04-10,0.0,84.85009002685547,0.0,85.03648989570546,84.69312762524717,84.95800495253324,0.0,13247700
2026-04-13,0.0,85.10515594482422,0.0,85.15421090179903,84.61463631401831,84.80103616883994,0.0,12719700
2026-04-14,0.0,85.55643463134766,0.0,85.58586461216267,84.98743005313837,85.0561025032853,0.0,16606900
2026-04-15,0.0,85.18364715576172,0.0,85.419094500163,85.08554471932253,85.37003953957534,0.0,15119600
2026-04-16,0.0,84.64407348632812,0.0,85.320993029472,84.56558854239395,85.2719380683291,0.0,20001000
2026-04-17,0.0,85.41909790039062,0.0,85.55644281381993,85.24251051387633,85.39948040621634,0.0,29604100
2026-04-20,0.0,85.39946746826172,0.0,85.47794491780603,85.06591023994106,85.45832742660377,0.0,14623500
2026-04-21,0.0,84.92857360839844,0.0,85.43871076136675,84.88933113744149,85.32099083323192,0.0,19798700
2026-04-22,0.0,85.09535217285156,0.0,85.5073943933333,85.06592218954637,85.39947946472336,0.0,13676800
2026-04-23,0.0,84.90895080566406,0.0,85.38965794653853,84.60482354594973,85.18364060044948,0.0,21106700
2026-04-24,0.0,85.06592559814453,0.0,85.17384053107862,84.61464837166406,84.82066574779188,0.0,22285700
2026-04-27,0.0,84.64407348632812,0.0,84.97763075568027,84.55578353795434,84.85009085060318,0.0,19250100
2026-04-28,0.0,84.73236846923828,0.0,84.73236846923828,84.31052126371088,84.48710864008831,0.0,14553600
2026-04-29,0.0,84.07505798339844,0.0,84.35956025476871,83.92790808849593,84.35956025476871,0.0,29020800
2026-04-30,0.0,83.99658203125,0.0,84.27127181961022,83.7709397138196,84.2614593315301,0.0,28516200
2026-05-01,0.0,84.29691314697266,0.315,84.68093072017884,84.03105020406083,84.18859972761966,0.0,21281000
2026-05-04,0.0,83.65687561035156,0.0,84.05074187983129,83.45994623179882,84.04089315719138,0.0,27226000
2026-05-05,0.0,84.11967468261719,0.0,84.17875199846208,83.78488569728817,83.84397052550791,0.0,18226500
2026-05-06,0.0,84.75969696044922,0.0,84.84831292426078,84.60214745273,84.73015830584536,0.0,22530700
2026-05-07,0.0,84.33629608154297,0.0,84.96647911780467,84.28705997993293,84.95663039500779,0.0,21178300
2026-05-08,0.0,84.75969696044922,0.0,84.95662633272424,84.67107348426366,84.73999951579731,0.0,30797600
2026-05-11,0.0,84.24767303466797,0.0,84.60215193343616,84.17874699948385,84.56276455442031,0.0,17713700
2026-05-12,0.0,83.68641662597656,0.0,83.89319473300066,83.61749059030187,83.88335352245745,0.0,27680600
2026-05-13,0.0,83.49933624267578,0.0,83.7455017298153,83.29255062258903,83.63718831448395,0.0,26295100
2026-05-14,0.0,83.61749267578125,0.0,84.07043628042236,83.6076514649926,83.95228165196143,0.0,25247200
2026-05-15,0.0,82.37682342529297,0.0,82.68206622984373,82.30788987600774,82.5836015360249,0.0,50796000
2026-05-18,0.0,82.2783432006836,0.0,82.63282207378542,82.04202645607367,82.41619526107054,0.0,26166200
2026-05-19,0.0,81.74663543701172,0.0,81.95342106664303,81.50046993850998,81.68755812133125,0.0,35346600
2026-05-20,0.0,82.62298583984375,0.0,82.711601807269,81.766327259528,81.78601719260884,0.0,44498000
2026-05-21,0.0,82.92823028564453,0.0,82.96761766496546,82.05188175478385,82.33743462057967,0.0,24887000
2026-05-22,0.0,83.38117218017578,0.0,83.38117218017578,82.84945383874013,83.31224614586233,0.0,27987700
2026-05-26,0.0,83.79472351074219,0.0,84.0704276319551,83.59779414198265,84.03104025572841,0.0,22531200
2026-05-27,0.0,83.9916763305664,0.0,84.1689158010334,83.84397551978135,83.94244022284629,0.0,23589600
2026-05-28,0.0,84.42491149902344,0.0,84.53322491195966,83.96211919145492,84.05074267130016,0.0,25417300
2026-05-29,0.0,84.44461059570312,0.0,84.64153997996098,84.23783248852003,84.49383918558036,0.0,33118600
2026-06-01,0.0,84.49008178710938,0.336,84.55927893062525,83.82776519318273,83.95627201916278,0.0,26322400
2026-06-02,0.0,84.66801452636719,0.0,84.83606364698943,84.51973278502646,84.8162962677079,0.0,20319000
2026-06-03,0.0,84.3319091796875,0.0,84.4505360817586,84.1243177575051,84.31214180030366,0.0,15372000
2026-06-04,0.0,84.51973724365234,0.0,84.72732867571125,84.44065263850902,84.62847669024363,0.0,15866500
2026-06-05,0.0,84.08477783203125,0.0,84.37145386369237,83.94638354666697,84.01558068934911,0.0,26461200
2026-06-08,0.0,83.64983367919922,0.0,84.35169261799392,83.64983367919922,84.25284062724826,0.0,22922700
2026-06-09,0.0,84.14409637451172,0.0,84.20340605719086,83.80799057484282,83.99581462589082,0.0,22617700
2026-06-10,0.0,83.9068374633789,0.0,84.32202784268301,83.72890088422646,84.14409126353056,0.0,21258300
2026-06-11,0.0,84.99423217773438,0.0,85.05354185703324,84.06500697846509,84.19351379758682,0.0,35190500
2026-06-12,0.0,84.78663635253906,0.0,84.84595357595461,84.43077072166011,84.65812952866396,0.0,23092600
2026-06-15,0.0,84.73721313476562,0.0,85.12274114377698,84.68778337282149,84.97445939986734,0.0,17632700
2026-06-16,0.0,85.20182800292969,0.0,85.38964451106213,84.94480680947326,84.97446165065612,0.0,26472500
2026-06-17,0.0,85.34022521972656,0.0,85.59723888008408,84.9448097258923,85.34022521972656,0.0,34507500
2026-06-18,0.0,85.75540924072266,0.0,86.18047958244006,85.6565572514235,86.07174013163397,0.0,32350900
2026-06-22,0.0,85.10297393798828,0.0,85.34022776652313,84.98435456564432,85.31057292343714,0.0,28595100
2026-06-23,0.0,85.21170806884766,0.0,85.43907442151294,85.1128560840935,85.13263100619812,0.0,19145500
2026-06-24,0.0,86.37818908691406,0.0,86.46716116232147,86.12117540667897,86.15083025117349,0.0,41837000
2026-06-25,0.0,86.34852600097656,0.0,86.78348379051238,86.28921631764827,86.57589235694023,0.0,28380000
2026-06-26,0.0,86.35841369628906,0.0,86.36830115751162,86.00254051150829,86.01242797273083,0.0,21650800
2026-06-29,0.0,86.44738006591797,0.0,86.53635213497299,86.29910585403175,86.35841553878625,0.0,19457200
2026-06-30,0.0,85.42919158935547,0.0,86.18048028965636,85.38964928492663,86.15082544681559,0.0,31079500
2026-07-01,0.0,84.85173034667969,0.318,85.11962476457738,84.76243725389864,84.81204957418407,0.0,28109800
2026-07-02,0.0,84.84181213378906,0.0,85.1096989762113,84.70290672367722,84.71282313170154,0.0,20816300
2026-07-06,0.0,84.78227996826172,0.0,84.81205190311688,84.51439311278516,84.7624395814691,0.0,17940900
2026-07-07,0.0,83.88932037353516,0.0,84.50447078321558,83.87939639505649,84.45486603037747,0.0,24816400
2026-07-08,0.0,83.7008056640625,0.0,83.79009876427303,83.40314685713825,83.65119333964915,0.0,25806600
2026-07-09,0.0,83.82978820800781,0.0,84.01830595951459,83.60158968018403,83.62143006834253,0.0,18625300
2026-07-10,0.0,83.80994415283203,0.0,83.96868996048829,83.62142640957364,83.84963249719051,0.0,14454100
2026-07-13,0.0,83.31385040283203,0.0,83.62142560643409,83.27416205885474,83.53213250981837,0.0,18742500
2026-07-14,0.0,83.4229965209961,0.0,83.83971280339047,83.38330817460928,83.52221360207407,0.0,23793500
2026-07-15,0.0,83.58174133300781,0.0,83.75041869557056,83.42299551914508,83.42299551914508,0.0,17837800
2026-07-16,0.0,83.55197143554688,0.0,83.56189541381202,83.13525518574025,83.18485993751105,0.0,20817800
2026-07-17,0.0,83.85955047607422,0.0,84.15720927944716,83.82978610969249,83.95877512371707,0.0,22065600
2026-07-20,0.0,83.2344741821289,0.0,83.6809548072691,83.16502147222315,83.65119044156344,0.0,24289000
2026-07-21,0.0,83.00627899169922,0.0,83.11541248040098,82.77807289584766,83.0856481135025,0.0,14287500
2026-07-22,0.0,82.78799438476562,0.0,83.0459572699791,82.72845808298138,82.9566641719693,0.0,15988400
2026-07-23,0.0,82.52009582519531,0.0,82.59947251042036,82.31173770381257,82.34150206832763,0.0,29152800
2026-07-24,0.0,82.59947204589844,0.0,83.00627187805603,82.57963165959242,82.65900077459378,0.0,15106000
2026-07-27,0.0,83.09556579589844,0.0,83.21463082424823,82.867359717339,83.07572540939549,0.0,23816200
2026-07-28,0.0,83.58174133300781,0.0,83.68095841289427,83.19478942260605,83.20471340152808,0.0,25366900
2026-07-29,0.0,82.20259857177734,0.0,83.4924432425544,82.05376917595268,83.44283092068702,0.0,41445200
2026-07-30,0.0,82.15299224853516,0.0,82.25220932059493,81.87517384907947,82.16290865689697,0.0,40407300
2026-07-31,0.0,81.60728454589844,0.0,81.80571868405663,81.25009704139197,81.80571868405663,0.0,50359800
2026-08-03,0.0,81.87625885009766,0.33,82.03564413055058,81.69694565941883,81.92606342512069,0.0,32050800
2026-08-04,0.0,82.50385284423828,0.0,82.52377315458612,82.25480716339956,82.334503605333,0.0,38408600
2026-08-05,0.0,82.68316650390625,0.0,82.83259543330487,82.48393299822213,82.63335432734968,0.0,29465800
2026-08-06,0.0,82.20499420166016,0.0,82.6034688072489,82.08545714017319,82.45403988011925,0.0,27566600
2026-08-07,0.0,82.44408416748047,0.0,82.53373696429415,82.16515422147654,82.48393238837689,0.0,96130000
2026-08-10,0.0,81.74674987792969,0.0,82.13526052266096,81.71686561299202,82.08545594785514,0.0,36743600
2026-08-11,0.0,81.87625885009766,0.0,82.14522483598046,81.80652636484872,81.95594769018868,0.0,23268500
2026-08-12,0.0,81.79656219482422,0.0,82.16515253032638,81.73679366484527,82.13526066506606,0.0,21444600
2026-08-13,0.0,82.27472686767578,0.0,82.68316542937262,82.17511011612832,82.27472686767578,0.0,26921500
2026-08-14,0.0,81.7268295288086,0.0,82.04560768844193,81.50766811900989,81.916106673684,0.0,31374800
2026-08-17,0.0,81.03946685791016,0.0,81.54752219892728,80.99961863505868,81.45786179744361,0.0,31557700
2026-08-18,0.0,81.3482894897461,0.0,81.43794229184535,80.86015445518974,80.94981485756045,0.0,25037100
2026-08-19,0.0,82.70308685302734,0.0,82.74293507423701,82.29465588610266,82.4938893918799,0.0,51309500
2026-08-20,0.0,82.02568054199219,0.0,82.45403941051302,81.83641099562549,82.04560845230715,0.0,39569900
2026-08-21,0.0,81.7367935180664,0.0,81.95594732768596,81.58736459311652,81.85633057780964,0.0,24269100
2026-08-24,0.0,82.24484252929688,0.0,82.56362069412862,82.13526182261056,82.1751100432484,0.0,29038500
2026-08-25,0.0,83.15137481689453,0.0,83.16133877240557,82.6532834451391,82.79274842120893,0.0,35015100
2026-08-26,0.0,82.98202514648438,0.0,82.98202514648438,82.75289977253955,82.95213328010546,0.0,20658800
2026-08-27,0.0,82.81266784667969,0.0,83.0318292639526,82.68316682750529,82.88240033396916,0.0,17361900
2026-08-28,0.0,82.5636215209961,0.0,83.28087429911845,82.46400476853933,82.72301440514374,0.0,35804300
2026-08-31,0.0,82.20499420166016,0.0,82.21495815687439,81.83641146171409,82.1551896261309,0.0,37317400
2026-09-01,0.0,81.87000274658203,0.315,82.3499984741211,81.77999877929688,81.88999938964844,0.0,25623900
2026-09-02,0.0,81.94999694824219,0.0,82.05000305175781,81.75,81.9800033569336,0.0,21454300
2026-09-03,0.0,82.06999969482422,0.0,82.43000030517578,82.05999755859375,82.36000061035156,0.0,18033000
2026-09-04,0.0,82.20999908447266,0.0,82.5,82.18000030517578,82.29000091552734,0.0,16591900
2026-09-08,0.0,82.19999694824219,0.0,82.45999908447266,81.93000030517578,82.44000244140625,0.0,16094300
2026-09-09,0.0,81.7300033569336,0.0,82.30999755859375,81.36000061035156,82.19000244140625,0.0,40675400
2026-09-10,0.0,80.77999877929688,0.0,81.36000061035156,80.66999816894531,81.0,0.0,60481500
2026-09-11,0.0,80.87000274658203,0.0,81.4800033569336,80.80999755859375,81.30000305175781,0.0,32431000
2026-09-14,0.0,80.93000030517578,0.0,81.36000061035156,80.45999908447266,80.81999969482422,0.0,33740100
2026-09-15,0.0,80.70999908447266,0.0,80.8499984741211,80.51000213623047,80.62999725341797,0.0,35033000
2026-09-16,0.0,80.87999725341797,0.0,81.55999755859375,80.86000061035156,80.94000244140625,0.0,56481700
2026-09-17,0.0,81.77999877929688,0.0,81.79000091552734,81.41999816894531,81.54000091552734,0.0,41622600
2026-09-18,0.0,81.25,0.0,81.47000122070312,81.08999633789062,81.47000122070312,0.0,41105000
2026-09-21,0.0,81.80000305175781,0.0,81.81999969482422,81.54000091552734,81.72000122070312,0.0,26972500
2026-09-22,0.0,81.75,0.0,81.94000244140625,81.54000091552734,81.88999938964844,0.0,22769300
2026-09-23,0.0,80.45999908447266,0.0,81.51000213623047,80.2300033569336,81.4800033569336,0.0,53502400
2026-09-24,0.0,79.41999816894531,0.0,80.55000305175781,79.41999816894531,80.3499984741211,0.0,59160600
2026-09-25,0.0,79.31999969482422,0.0,79.45999908447266,78.83000183105469,79.37000274658203,0.0,62513500
