Date,Capital Gains,Close,Dividends,High,Low,Open,Stock Splits,Volume
2020-01-02,0.0,10.799692153930664,0.0,10.799692153930664,10.488208866269806,10.546463228864791,0.0,131072000
2020-01-03,0.0,10.506043434143066,0.0,10.699828897645334,10.371700557480871,10.377645269682747,0.0,145180000
2020-01-06,0.0,10.70577335357666,0.0,10.709339817998119,10.218335989834534,10.256379788722944,0.0,128095200
2020-01-07,0.0,10.692694664001465,0.0,10.792559286151052,10.599962969995243,10.716471695836427,0.0,107699200
2020-01-08,0.0,10.938789367675781,0.0,11.089775406732599,10.643949309825775,10.695070738552511,0.0,159164800
2020-01-09,0.0,11.214608192443848,0.0,11.27761814194998,11.023200096565446,11.202719676750624,0.0,145423200
2020-01-10,0.0,11.123065948486328,0.0,11.350140523623931,11.071944509012752,11.34062934720194,0.0,137604000
2020-01-13,0.0,11.511825561523438,0.0,11.517769365822078,11.212229888175425,11.262163105090496,0.0,116558400
2020-01-14,0.0,11.377481460571289,0.0,11.549868093025704,11.32041622895814,11.482102563587901,0.0,145737600
2020-01-15,0.0,11.38461685180664,0.0,11.547491425220258,11.272862806313318,11.386994192184197,0.0,133003200
2020-01-16,0.0,11.702043533325195,0.0,11.709176460688605,11.47615812745011,11.545112782081494,0.0,121100800
2020-01-17,0.0,11.876806259155273,0.0,11.905338872639403,11.681831737448768,11.854217448836147,0.0,144402400
2020-01-21,0.0,11.87086296081543,0.0,11.949328791023403,11.765053637318402,11.773375688367532,0.0,138882400
2020-01-22,0.0,11.95170783996582,0.0,12.160949176734585,11.910097578770925,12.034929269391279,0.0,136148800
2020-01-23,0.0,12.062273025512695,0.0,12.077728006563788,11.766244695759557,11.927931063046692,0.0,143588800
2020-01-24,0.0,11.749598503112793,0.0,12.27032306264859,11.5926677518119,12.233468395210172,0.0,239374400
2020-01-27,0.0,11.023200035095215,0.0,11.216985470217384,10.721227021586119,10.967323013909493,0.0,198626400
2020-01-28,0.0,11.535602569580078,0.0,11.611690157920163,11.172997854810893,11.252651907130108,0.0,171862400
2020-01-29,0.0,11.577213287353516,0.0,11.765054925353637,11.434549280310884,11.72582200595444,0.0,137877600
2020-01-30,0.0,11.707988739013672,0.0,11.722254594343468,11.252651444336042,11.365593698529555,0.0,200249600
2020-01-31,0.0,11.132575988769531,0.0,11.858975460464597,11.026766656221469,11.850653408703591,0.0,220384000
2020-02-03,0.0,11.643791198730469,0.0,11.729389970097804,11.285941132278122,11.307340825119956,0.0,173688000
2020-02-04,0.0,12.4391450881958,0.0,12.512855346460782,12.009962993773337,12.126472639800474,0.0,140248800
2020-02-05,0.0,12.58299446105957,0.0,12.908745359932318,12.351165269375912,12.906367112971973,0.0,174612000
2020-02-06,0.0,12.889725685119629,0.0,12.903992448733598,12.53187654140008,12.662652033236716,0.0,113132800
2020-02-07,0.0,12.723282814025879,0.0,12.936090593880124,12.61628526931413,12.718528133535399,0.0,154052000
2020-02-10,0.0,13.182186126708984,0.0,13.185753497507706,12.590129559097447,12.599640733822948,0.0,123248800
2020-02-11,0.0,13.19169807434082,0.0,13.537659592207712,13.0870778673372,13.398561148045168,0.0,193770400
2020-02-12,0.0,13.578081130981445,0.0,13.594725234704171,13.327229544400277,13.421150362284585,0.0,121608000
2020-02-13,0.0,13.525771141052246,0.0,13.683891040101416,13.241631335079866,13.2903754316283,0.0,155282400
2020-02-14,0.0,13.61731243133545,0.0,13.670811200223016,13.443737579547294,13.579268640628943,0.0,113969600
2020-02-18,0.0,13.64108943939209,0.0,13.723121731459907,13.385482295803286,13.424715210012721,0.0,130167200
2020-02-19,0.0,14.035795211791992,0.0,14.123772221553464,13.838443315727373,13.887186501157109,0.0,105627200
2020-02-20,0.0,13.636334419250488,0.0,14.026284423402483,13.123931894238579,13.945441251534278,0.0,227657600
2020-02-21,0.0,12.856436729431152,0.0,13.503182129751409,12.68880657513431,13.441360398054897,0.0,207107200
2020-02-24,0.0,11.375107765197754,0.0,11.838767229033566,11.131389061619656,11.44643978108731,0.0,269674400
2020-02-25,0.0,10.454919815063477,0.0,11.759109944123537,10.336032852079487,11.642600321303586,0.0,300793600
2020-02-26,0.0,10.598773956298828,0.0,11.143276517105765,10.361000007338834,10.614228936448399,0.0,335736000
2020-02-27,0.0,9.014007568359375,0.0,10.27302070861636,8.98547495731854,9.784395322744725,0.0,425116000
2020-02-28,0.0,9.154297828674316,0.0,9.205419268414575,8.024871473188524,8.133059064722726,0.0,494222400
2020-03-02,0.0,10.403800010681152,0.0,10.431143508501007,9.031844134582308,9.424170629523811,0.0,363518400
2020-03-03,0.0,9.42417049407959,0.0,10.87815865681265,9.1400306847869,10.5060427363966,0.0,548126400
2020-03-04,0.0,10.567864418029785,0.0,10.598775289252062,9.665512603619586,9.931819205976808,0.0,315827200
2020-03-05,0.0,9.640543937683105,0.0,10.314633745235255,9.402769998280956,9.777264134246462,0.0,386972000
2020-03-06,0.0,9.135272979736328,0.0,9.282693453660016,8.440973613652368,8.646648440235557,0.0,393519200
2020-03-09,0.0,7.279448509216309,0.0,8.221033468612692,7.252104562827778,7.315114506526664,0.0,406964800
2020-03-10,0.0,8.412442207336426,0.0,8.432652774442573,7.252105132212465,8.08193657758424,0.0,456252800
2020-03-11,0.0,7.330570220947266,0.0,7.992771031172919,7.014330913172083,7.820384388238033,0.0,430928000
2020-03-12,0.0,5.321381092071533,0.0,6.836001435838127,5.2785821596891,5.884905583895431,0.0,618225600
2020-03-13,0.0,6.757535934448242,0.0,6.813412959951581,5.3570474607473715,6.210656010031755,0.0,556290400
2020-03-16,0.0,4.428539752960205,0.0,5.777906717757062,4.397629339467246,4.810166828196528,0.0,658290400
2020-03-17,0.0,5.15018367767334,0.0,5.366557934083458,4.250209320726751,4.681769163354763,0.0,762020800
2020-03-18,0.0,4.673447132110596,0.0,4.933809443068775,3.8911706220029467,4.315597084799967,0.0,848999200
2020-03-19,0.0,4.78163480758667,0.0,5.240538654319078,4.279931572565745,4.618759307320053,0.0,804808800
2020-03-20,0.0,4.221676349639893,0.0,5.207249496861144,4.17293270725774,5.110951335835671,0.0,782255200
2020-03-23,0.0,4.234753608703613,0.0,4.517704715220846,3.8364824533741526,4.271608731488922,0.0,820073600
2020-03-24,0.0,5.178716659545898,0.0,5.200116350770626,4.770934309622632,4.901709797313476,0.0,829824000
2020-03-25,0.0,5.05864143371582,0.0,5.687553732082524,4.883877863356007,5.25480515249764,0.0,834874400
2020-03-26,0.0,5.882526874542236,0.0,5.944348149721472,5.191793456278202,5.210815805734374,0.0,649240000
2020-03-27,0.0,5.271447658538818,0.0,5.745806813548703,5.20605992330148,5.424811940953523,0.0,557143200
2020-03-30,0.0,5.8254618644714355,0.0,5.870639042650287,5.349913957167645,5.418868621415251,0.0,416621600
2020-03-31,0.0,5.663774490356445,0.0,6.126244674925345,5.571042810144654,5.779094982376156,0.0,731904000
2020-04-01,0.0,4.961152076721191,0.0,5.435511178815391,4.829187497434922,5.183470533135182,0.0,535589600
2020-04-02,0.0,5.254803657531738,0.0,5.271447759162471,4.847021353507769,4.898142781955165,0.0,467531200
2020-04-03,0.0,5.043184757232666,0.0,5.3475355460482925,4.85772138503998,5.214382274355482,0.0,554484000
2020-04-06,0.0,6.098901271820068,0.0,6.204710599113871,5.511599822399011,5.600765046997309,0.0,518616800
2020-04-07,0.0,6.087013244628906,0.0,6.692147968892275,6.063235758792821,6.645782120946711,0.0,658009600
2020-04-08,0.0,6.47577428817749,0.0,6.538784245783874,6.096524511670594,6.264155144194521,0.0,518180000
2020-04-09,0.0,6.499549388885498,0.0,6.7432680010773405,6.3331079297138295,6.649347201009499,0.0,553297600
2020-04-13,0.0,6.725436210632324,0.0,6.762291336538713,6.309331793729405,6.419896717930749,0.0,426961600
2020-04-14,0.0,7.598066329956055,0.0,7.656321145535299,7.060697164387033,7.139162547431486,0.0,490049600
2020-04-15,0.0,7.346025466918945,0.0,7.53624442409283,7.092796111698025,7.241404813714425,0.0,431688000
2020-04-16,0.0,7.739540100097656,0.0,7.85486058428722,7.365046487619345,7.586176282510886,0.0,562920000
2020-04-17,0.0,7.933330059051514,0.0,8.09620467162724,7.612334608762564,8.045083224379509,0.0,463564800
2020-04-20,0.0,7.6765313148498535,0.0,8.026059283161107,7.663453676101096,7.750241559885079,0.0,386998400
2020-04-21,0.0,6.827678680419922,0.0,7.505334495859498,6.694525401842741,7.449457475185395,0.0,519489600
2020-04-22,0.0,7.431624412536621,0.0,7.568344611603273,7.170073437219594,7.255671748579538,0.0,274185600
2020-04-23,0.0,7.382881164550781,0.0,7.797796464484067,7.337704439369223,7.517223576897004,0.0,424868000
2020-04-24,0.0,7.739540100097656,0.0,7.775206547158392,7.277069946930022,7.435189804778299,0.0,317981600
2020-04-27,0.0,7.890531063079834,0.0,8.035572451216202,7.803743147972603,7.986829249498577,0.0,304741600
2020-04-28,0.0,7.463724136352539,0.0,8.111658693540733,7.443513568315522,8.110469569822191,0.0,386247200
2020-04-29,0.0,8.240056037902832,0.0,8.366076849577325,7.8572398290539045,7.971372124504372,0.0,346104000
2020-04-30,0.0,8.294745445251465,0.0,8.377966888011622,8.078371145332353,8.370833958388339,0.0,380544800
2020-05-01,0.0,7.550511360168457,0.0,8.002281761150016,7.4304357185052465,7.765696941842779,0.0,346245600
2020-05-04,0.0,7.816819190979004,0.0,7.838218884361211,7.379315053970538,7.435192081526063,0.0,200756000
2020-05-05,0.0,8.06648063659668,0.0,8.34824307865888,7.990393049269734,8.05221478087012,0.0,288714400
2020-05-06,0.0,8.225790977478027,0.0,8.456431117063428,8.130681024408187,8.267401241807681,0.0,311880800
2020-05-07,0.0,8.546784400939941,0.0,8.649027270097761,8.389853633145366,8.539651472824248,0.0,289489600
2020-05-08,0.0,8.891555786132812,0.0,8.910577227943607,8.621681880847756,8.74413621071597,0.0,262202400
2020-05-11,0.0,9.112686157226562,0.0,9.261294865247102,8.708470290003582,8.734625567740888,0.0,269384000
2020-05-12,0.0,8.570561408996582,0.0,9.288638831476824,8.563428480900601,9.210173901314198,0.0,339363200
2020-05-13,0.0,8.246003150939941,0.0,8.851137601216385,7.936897103918917,8.630007688316411,0.0,491119200
2020-05-14,0.0,8.519441604614258,0.0,8.523008068964922,7.859618488670395,8.089070401265355,0.0,402999200
2020-05-15,0.0,8.665669441223145,0.0,8.690635591096072,8.118789669777772,8.168721969523627,0.0,357806400
2020-05-18,0.0,9.167374610900879,0.0,9.296960976804915,8.942678303260658,9.035409997583844,0.0,296474400
2020-05-19,0.0,9.09722900390625,0.0,9.459834563782055,9.082963150426181,9.199471853345479,0.0,261430400
2020-05-20,0.0,9.629844665527344,0.0,9.690477274798782,9.417036878272034,9.417036878272034,0.0,285416000
2020-05-21,0.0,9.333818435668945,0.0,9.739222625831664,9.264863759371442,9.658379431181165,0.0,322693600
2020-05-22,0.0,9.418227195739746,0.0,9.45032628293115,9.16024265326886,9.283884320775966,0.0,209664800
2020-05-26,0.0,9.378993034362793,0.0,9.905662350193978,9.318360425410798,9.873563267240336,0.0,245202400
2020-05-27,0.0,9.510956764221191,0.0,9.515712351447563,8.7239247654491,9.286260483229308,0.0,347291200
2020-05-28,0.0,9.450325965881348,0.0,9.892585685014442,9.338572819341172,9.344516624232758,0.0,303992800
2020-05-29,0.0,9.8402738571167,0.0,9.90566205176513,9.31122721690876,9.515712945225044,0.0,358492800
2020-06-01,0.0,9.961541175842285,0.0,10.01503995946728,9.704744837556468,9.755866280435454,0.0,209881600
2020-06-02,0.0,10.160079956054688,0.0,10.170780254601093,9.705931784426983,10.015037713115088,0.0,250714400
2020-06-03,0.0,10.297989845275879,0.0,10.401420930454297,10.130358779311994,10.242112823287917,0.0,215033600
2020-06-04,0.0,10.08874797821045,0.0,10.447786215398748,9.910417529725045,10.251623447693255,0.0,266408800
2020-06-05,0.0,10.686750411987305,0.0,10.762838005573213,10.164836649561002,10.21239162231111,0.0,281394400
2020-06-08,0.0,10.924524307250977,0.0,10.947113123263238,10.450165520243083,10.651083895752723,0.0,218544800
2020-06-09,0.0,11.168242454528809,0.0,11.291885014414689,10.78780359941019,10.80563682664062,0.0,213179200
2020-06-10,0.0,11.571268081665039,0.0,11.795964364418293,11.339437964498545,11.408392619268202,0.0,302911200
2020-06-11,0.0,9.867619514465332,0.0,11.20034247498438,9.846219821405546,11.006557020690982,0.0,383332000
2020-06-12,0.0,10.08161449432373,0.0,10.658216064541877,9.56207815653273,10.49652972760577,0.0,411876800
2020-06-15,0.0,10.43708610534668,0.0,10.54289542493428,9.518089524989369,9.639354729551105,0.0,398184800
2020-06-16,0.0,10.988722801208496,0.0,11.189642073097096,10.498908152577878,11.102854184891866,0.0,383217600
2020-06-17,0.0,11.095719337463379,0.0,11.34894821617138,10.98515443692191,11.19558394077286,0.0,258858400
2020-06-18,0.0,11.181320190429688,0.0,11.218174861864208,10.942357120367134,11.049355577636607,0.0,212785600
2020-06-19,0.0,11.165864944458008,0.0,11.559381465061529,10.932846572490883,11.528470596290028,0.0,289950400
2020-06-22,0.0,11.562947273254395,0.0,11.59742460434412,11.117121123528745,11.164676094239939,0.0,220133600
2020-06-23,0.0,11.864919662475586,0.0,12.200180872938102,11.729388592737692,11.81379823041406,0.0,234898400
2020-06-24,0.0,11.165864944458008,0.0,11.944575026310396,10.919768932127388,11.757922503982686,0.0,392821600
2020-06-25,0.0,11.461892127990723,0.0,11.498746794950335,10.787802382559098,11.16467473112801,0.0,301703200
2020-06-26,0.0,10.638008117675781,0.0,11.44881734201925,10.569053446737579,11.415528223368032,0.0,375940800
2020-06-29,0.0,10.978020668029785,0.0,10.988720965325072,10.25756603206665,10.605904836303255,0.0,259609600
2020-06-30,0.0,11.609312057495117,0.0,11.707988453956336,10.953055517235647,10.975644330338598,0.0,251388800
2020-07-01,0.0,12.024227142333984,0.0,12.182347017881051,11.560567813822887,11.634278056049133,0.0,252137600
2020-07-02,0.0,12.279834747314453,0.0,12.586563335292977,12.214446553624455,12.398721712543132,0.0,228152000
2020-07-06,0.0,13.182186126708984,0.0,13.265407545003807,12.755382365051974,12.756571488651547,0.0,211984000
2020-07-07,0.0,12.923011779785156,0.0,13.5721353590122,12.86832388876193,13.142953374445831,0.0,246099200
2020-07-08,0.0,13.419962882995605,0.0,13.42709671906208,12.898049078079461,13.128690125121162,0.0,239931200
2020-07-09,0.0,13.755221366882324,0.0,13.870541867045228,13.060921932756989,13.720744945526402,0.0,317596000
2020-07-10,0.0,14.046496391296387,0.0,14.082161939863546,13.302263667805402,13.72193454782493,0.0,242789600
2020-07-13,0.0,13.178619384765625,0.0,14.973812306193054,13.04071098229906,14.510153886056264,0.0,374584800
2020-07-14,0.0,13.458005905151367,0.0,13.519827643297553,12.291724910166542,12.79104986824852,0.0,459751200
2020-07-15,0.0,13.524582862854004,0.0,13.817044719708166,13.00504644278369,13.655358357165687,0.0,367544000
2020-07-16,0.0,13.234498023986816,0.0,13.358140586861627,12.719717204421139,13.082322841074939,0.0,299972000
2020-07-17,0.0,13.296317100524902,0.0,13.438981995989797,12.958678571292138,13.334361798277289,0.0,231003200
2020-07-20,0.0,14.428123474121094,0.0,14.531555469732334,13.207153723152102,13.41045125022172,0.0,251621600
2020-07-21,0.0,13.966839790344238,0.0,14.702749420681572,13.838441662010945,14.693238246648999,0.0,294313600
2020-07-22,0.0,14.128525733947754,0.0,14.281890019486974,13.749276952548243,14.04887168932184,0.0,227788800
2020-07-23,0.0,13.021689414978027,0.0,14.176081761430089,12.788671067346415,14.065516845290212,0.0,336648800
2020-07-24,0.0,12.636495590209961,0.0,12.858814540791627,12.008772561550622,12.424876938112668,0.0,357218400
2020-07-27,0.0,13.315340042114258,0.0,13.380728235492434,12.777971360938864,12.909935057240675,0.0,267624000
2020-07-28,0.0,12.814826011657715,0.0,13.280862694785851,12.764893704258748,13.2059642336874,0.0,238702400
2020-07-29,0.0,13.251140594482422,0.0,13.387860781351808,12.976512004196517,13.040711072127417,0.0,194280800
2020-07-30,0.0,13.466327667236328,0.0,13.549549096479643,12.763706095352697,12.946792151245193,0.0,302200000
2020-07-31,0.0,14.19272518157959,0.0,14.206991943536854,13.419959929420681,14.185592254118726,0.0,359815200
2020-08-03,0.0,14.721772193908691,0.0,14.876324694741786,14.511341770779357,14.533930583000208,0.0,217868000
2020-08-04,0.0,14.91318130493164,0.0,14.934580995092547,14.544630984712077,14.661140610484916,0.0,211008000
2020-08-05,0.0,15.032069206237793,0.0,15.106967672943432,14.85017228207008,14.997591875109146,0.0,162381600
2020-08-06,0.0,15.607481956481934,0.0,15.684757764720311,14.88702717714359,14.992836512490785,0.0,192064000
2020-08-07,0.0,15.097456932067871,0.0,15.671682154819976,14.70513045279194,15.52901633138209,0.0,296708000
2020-08-10,0.0,14.894160270690918,0.0,15.17116714362255,14.286647748217282,15.130745099954293,0.0,254311200
2020-08-11,0.0,14.048873901367188,0.0,14.914370951694861,13.956142204122887,14.689674636976548,0.0,310273600
2020-08-12,0.0,15.099835395812988,0.0,15.260332635408046,14.397212917381841,14.397212917381841,0.0,221247200
2020-08-13,0.0,15.205644607543945,0.0,15.595592841682262,15.042769121794475,15.227044299780841,0.0,234281600
2020-08-14,0.0,15.161654472351074,0.0,15.359007269251011,14.90961468753547,15.295997323047109,0.0,199737600
2020-08-17,0.0,15.662169456481934,0.0,15.735878794440675,15.41488435105159,15.439849597876462,0.0,126664800
2020-08-18,0.0,16.122264862060547,0.0,16.216184786409478,15.608672192097977,15.86309027932809,0.0,149313600
2020-08-19,0.0,15.807215690612793,0.0,16.31248542055255,15.727559807392238,16.119887254630367,0.0,205847200
2020-08-20,0.0,16.457523345947266,0.0,16.547878609421247,15.594404546486366,15.663359210795504,0.0,152774400
2020-08-21,0.0,16.801103591918945,0.0,16.883134058458985,16.381431015772357,16.48486388935898,0.0,164280000
2020-08-24,0.0,17.112592697143555,0.0,17.542962996958543,16.696488254847303,17.382466657658544,0.0,251384000
2020-08-25,0.0,17.512048721313477,0.0,17.529881038820022,16.89027045861552,16.980623890766946,0.0,172556800
2020-08-26,0.0,18.63315773010254,0.0,18.671202438259883,17.723672967815464,17.746261786524947,0.0,219663200
2020-08-27,0.0,18.46433448791504,0.0,19.006458765228132,18.020886610544544,18.853095376542644,0.0,302602400
2020-08-28,0.0,18.749666213989258,0.0,18.870929626164372,18.44531402461584,18.699732086539115,0.0,198145600
2020-08-31,0.0,19.183603286743164,0.0,19.56166301478101,18.76274417307166,18.848341130267613,0.0,180398400
2020-09-01,0.0,20.179872512817383,0.0,20.20721600468747,19.37262906776528,19.725723471306555,0.0,193147200
2020-09-02,0.0,20.749343872070312,0.0,20.88487495277397,19.577118210728727,20.862286136978142,0.0,289369600
2020-09-03,0.0,17.56317138671875,0.0,19.901677844505304,16.979437748809758,19.82202379312581,0.0,443024800
2020-09-04,0.0,16.839149475097656,0.0,17.86871101667876,14.725339404483416,17.28378737264398,0.0,561480800
2020-09-08,0.0,14.459033966064453,0.0,15.927287899508633,14.392456644477257,14.854926896349351,0.0,426824800
2020-09-09,0.0,15.701404571533203,0.0,16.073519591341192,14.940526798869998,15.339987130648552,0.0,290352000
2020-09-10,0.0,14.793105125427246,0.0,16.45276705181946,14.4732988985866,16.230449007258308,0.0,465936800
2020-09-11,0.0,14.469730377197266,0.0,15.240118201726666,13.887184148780044,15.098642442915724,0.0,385797600
2020-09-14,0.0,15.215153694152832,0.0,15.551603105016891,14.870381325250289,15.098644073075981,0.0,269032800
2020-09-15,0.0,15.861899375915527,0.0,16.09967331675804,15.56943844455911,15.851199983954702,0.0,300889600
2020-09-16,0.0,15.099835395812988,0.0,16.087786804099604,15.049902175487425,15.99386507518875,0.0,306141600
2020-09-17,0.0,14.404346466064453,0.0,14.737229455071231,13.796833945360198,13.934742366039046,0.0,446844800
2020-09-18,0.0,13.847952842712402,0.0,14.676594152677678,13.167919318659116,14.606451284983503,0.0,463042400
2020-09-21,0.0,14.012016296386719,0.0,14.022715686736356,12.85167938583677,13.2237961277222,0.0,375314400
2020-09-22,0.0,14.777652740478516,0.0,14.876328249630653,13.845578297453185,14.409102357804409,0.0,315066400
2020-09-23,0.0,13.409261703491211,0.0,14.759817780267104,13.280863555824663,14.724151325792302,0.0,405507200
2020-09-24,0.0,13.605423927307129,0.0,14.113070844973368,12.978889143176362,13.040710870019337,0.0,375036000
2020-09-25,0.0,14.558897018432617,0.0,14.689672493076506,13.44017119605487,13.680322456252881,0.0,324478400
2020-09-28,0.0,15.422018051147461,0.0,15.45530625796199,14.928636939197707,15.37089571020794,0.0,273331200
2020-09-29,0.0,15.260332107543945,0.0,15.555171296135255,15.161655701096945,15.39348493837784,0.0,221805600
2020-09-30,0.0,15.562305450439453,0.0,16.111564549045706,15.247255669065876,15.28767680817203,0.0,338768000
2020-10-01,0.0,16.291078567504883,0.0,16.41472201103645,15.904695981092788,16.23639158653856,0.0,278676000
2020-10-02,0.0,14.94765853881836,0.0,15.886865745627599,14.78121660607416,15.231797406145406,0.0,399553600
2020-10-05,0.0,15.890435218811035,0.0,15.942745783675,15.247256179675261,15.273411462107244,0.0,210790400
2020-10-06,0.0,15.036824226379395,0.0,16.064006658132406,14.878704340045317,15.739445740957818,0.0,345648800
2020-10-07,0.0,15.827422142028809,0.0,15.943930859134309,15.381596025783614,15.475515929414646,0.0,225088800
2020-10-08,0.0,16.060440063476562,0.0,16.241148762683476,15.876164900357177,16.22212641243619,0.0,197893600
2020-10-09,0.0,16.774953842163086,0.0,16.809430268661938,16.282761810527127,16.351714663524824,0.0,195271200
2020-10-12,0.0,18.339500427246094,0.0,18.870925243893826,17.459737714560532,17.64282282109953,0.0,294116800
2020-10-13,0.0,18.341880798339844,0.0,18.82337336896477,18.088650982618123,18.689030518134583,0.0,283861600
2020-10-14,0.0,17.888919830322266,0.0,18.6890285101366,17.55365775459544,18.505943402066073,0.0,296589600
2020-10-15,0.0,17.519180297851562,0.0,17.641633706146415,16.87481327326899,17.003211391631428,0.0,249076800
2020-10-16,0.0,17.25050163269043,0.0,18.102921066991073,17.179168718610907,17.841370072151754,0.0,228096800
2020-10-19,0.0,16.39332389831543,0.0,17.774789882042157,16.21142698291865,17.600025894453697,0.0,277555200
2020-10-20,0.0,16.499134063720703,0.0,17.048391301670637,16.238771301085865,16.522911095644666,0.0,274710400
2020-10-21,0.0,16.456331253051758,0.0,17.002021913258464,16.373110751615695,16.535985291145625,0.0,242572800
2020-10-22,0.0,16.464658737182617,0.0,16.763064407975204,15.867845581526069,16.60851096905903,0.0,239163200
2020-10-23,0.0,16.560955047607422,0.0,16.57640911991859,16.036663082008246,16.574032686683747,0.0,191088000
2020-10-26,0.0,15.806022644042969,0.0,16.64179791627873,15.156899882504089,16.14128477752253,0.0,317113600
2020-10-27,0.0,16.179325103759766,0.0,16.311289695012015,15.75489962210261,15.962951791207535,0.0,223860000
2020-10-28,0.0,14.280702590942383,0.0,15.483839005685516,14.24265879834759,15.386350823436072,0.0,369440000
2020-10-29,0.0,15.007102012634277,0.0,15.509994274403367,14.413855403365252,14.497076823206308,0.0,276374400
2020-10-30,0.0,13.963274955749512,0.0,14.82877290215621,13.499616475397621,14.68848623432174,0.0,461622400
2020-11-02,0.0,13.968029975891113,0.0,14.514909861360842,13.506748854710416,14.241470372143782,0.0,302272000
2020-11-03,0.0,14.670652389526367,0.0,15.02850242588239,14.099994566428718,14.264059166762985,0.0,269938400
2020-11-04,0.0,16.6536865234375,0.0,16.958036868128417,15.850011281108603,16.11988338955512,0.0,338375200
2020-11-05,0.0,17.93885612487793,0.0,18.1362089446924,17.5465287327605,17.792625649168542,0.0,300264800
2020-11-06,0.0,17.99948501586914,0.0,18.13858435543232,17.126855164967512,17.81758811222011,0.0,270302400
2020-11-09,0.0,16.900968551635742,0.0,18.82931494637956,16.820124485646886,18.5083187433369,0.0,331731200
2020-11-10,0.0,15.98910903930664,0.0,16.5550103560418,15.496917062504941,16.30415878005886,0.0,337333600
2020-11-11,0.0,17.063844680786133,0.0,17.142310507266785,16.34457823285547,16.414722915717803,0.0,253661600
2020-11-12,0.0,16.814180374145508,0.0,17.466870379077662,16.610884706656904,17.220775337264477,0.0,286687200
2020-11-13,0.0,17.255252838134766,0.0,17.367006867782955,16.72263977958763,17.09356650431694,0.0,209495200
2020-11-16,0.0,17.65233612060547,0.0,17.71534606716303,17.088813065424937,17.208888247453828,0.0,213748800
2020-11-17,0.0,17.489465713500977,0.0,17.756961449291275,17.372956967630127,17.69038502307936,0.0,182704000
2020-11-18,0.0,17.084056854248047,0.0,17.684436402491396,17.084056854248047,17.38840720057063,0.0,154341600
2020-11-19,0.0,17.507295608520508,0.0,17.558417952031,16.877196080649433,16.99013834616946,0.0,159341600
2020-11-20,0.0,17.151819229125977,0.0,17.62736698600367,17.133985099800626,17.482324775030314,0.0,129993600
2020-11-23,0.0,17.155391693115234,0.0,17.564363197339176,16.73453076518215,17.336100411880285,0.0,179060800
2020-11-24,0.0,17.85681915283203,0.0,17.955495536951865,17.0091564506708,17.33609555631679,0.0,156015200
2020-11-25,0.0,18.19327163696289,0.0,18.309780351701203,17.886543057529682,18.03753000710359,0.0,128677600
2020-11-27,0.0,18.690221786499023,0.0,18.91135162840385,18.490490728937612,18.551122431981863,0.0,92927200
2020-11-30,0.0,18.786521911621094,0.0,18.876875367318814,17.902002451369746,18.750855453242295,0.0,184622400
2020-12-01,0.0,19.524805068969727,0.0,19.848177747549677,19.03380315431521,19.23472059429615,0.0,169989600
2020-12-02,0.0,19.603273391723633,0.0,19.668661591310027,18.924427960861543,19.284657166933624,0.0,146129600
2020-12-03,0.0,19.682926177978516,0.0,19.995599485054406,19.539073962241083,19.650826188603325,0.0,157461600
2020-12-04,0.0,19.924266815185547,0.0,19.95398855760837,19.558094730847845,19.68768290650545,0.0,127088000
2020-12-07,0.0,20.26190757751465,0.0,20.332052275955892,19.925459013077187,19.961123656606677,0.0,124028000
2020-12-08,0.0,20.447372436523438,0.0,20.529402929277634,19.807759900703417,20.16917552336039,0.0,133925600
2020-12-09,0.0,19.077789306640625,0.0,20.479465670624663,18.857847720111135,20.429533368541026,0.0,244878400
2020-12-10,0.0,19.311996459960938,0.0,19.52955979628136,18.4583872151265,18.67000584112914,0.0,173346400
2020-12-11,0.0,19.176471710205078,0.0,19.203815209765988,18.53448088043602,18.9803070896903,0.0,169819200
2020-12-14,0.0,19.58544158935547,0.0,19.97895719991211,19.398788161420367,19.405921089914717,0.0,146684800
2020-12-15,0.0,20.19413948059082,0.0,20.211971799300105,19.606837596817382,20.041964314034676,0.0,157417600
2020-12-16,0.0,20.532968521118164,0.0,20.716053649007048,20.08951883558497,20.302327518791756,0.0,137590400
2020-12-17,0.0,20.953824996948242,0.0,21.004945514839246,20.63758527367402,20.882492101117506,0.0,139275200
2020-12-18,0.0,20.725566864013672,0.0,21.151182458251554,20.27379598977834,21.10957129078162,0.0,168756000
2020-12-21,0.0,20.648286819458008,0.0,20.76004085469326,19.57830415471878,20.15966314406867,0.0,203596800
2020-12-22,0.0,20.811166763305664,0.0,21.008519590712595,20.23218592179428,20.840888509093283,0.0,160330400
2020-12-23,0.0,20.497304916381836,0.0,20.89557521597547,20.469959604504663,20.809976444167297,0.0,119434400
2020-12-24,0.0,20.76360511779785,0.0,20.857526824294826,20.53415417476538,20.556742985544926,0.0,77065600
2020-12-28,0.0,21.386581420898438,0.0,21.49001252586616,20.927677548431408,21.299794422638985,0.0,117052800
2020-12-29,0.0,21.449586868286133,0.0,21.803869530261977,21.25817877439295,21.679039663260017,0.0,121142400
2020-12-30,0.0,21.446016311645508,0.0,21.756311316093612,21.312863511415802,21.69092313238408,0.0,104807200
2020-12-31,0.0,21.6136531829834,0.0,21.694495458091176,21.20111522000298,21.431756249919562,0.0,106708000
2021-01-04,0.0,20.668502807617188,0.0,21.921570815546907,19.833915675486455,21.884716140912417,0.0,197472000
2021-01-05,0.0,21.186851501464844,0.0,21.22846085994492,20.48185070028103,20.48185070028103,0.0,118712800
2021-01-06,0.0,20.310649871826172,0.0,21.20230216229693,19.999166585524513,20.198895827835774,0.0,210730400
2021-01-07,0.0,21.777713775634766,0.0,21.95247776250187,20.846830419068233,20.84920685228042,0.0,123695200
2021-01-08,0.0,22.621810913085938,0.0,22.693143815690018,21.803868036595723,22.26871649193078,0.0,152815200
2021-01-11,0.0,21.621971130371094,0.0,22.224728896567722,21.495951241299178,21.971499087802147,0.0,140325600
2021-01-12,0.0,21.52805519104004,0.0,21.87639318195972,20.971663164912634,21.65169685569535,0.0,146031200
2021-01-13,0.0,21.946531295776367,0.0,22.13556110745535,21.45909408402881,21.586303988965152,0.0,108750400
2021-01-14,0.0,21.61246109008789,0.0,22.272284124555952,21.513786503142104,22.05353253906041,0.0,118236000
2021-01-15,0.0,21.086986541748047,0.0,21.77177682055379,20.81473611081427,21.567291036085035,0.0,141692000
2021-01-19,0.0,22.001222610473633,0.0,22.12129961244826,21.35210076329311,21.572040571674876,0.0,120967200
2021-01-20,0.0,23.534866333007812,0.0,23.750051467175574,22.714545118326246,22.7918227404002,0.0,121736000
2021-01-21,0.0,24.119787216186523,0.0,24.28622823587532,23.539618266292337,23.836835668644515,2.0,92168400
2021-01-22,0.0,23.901037216186523,0.0,24.13881117176131,23.748862029744362,23.874883750018906,0.0,81878800
2021-01-25,0.0,24.564428329467773,0.0,24.982911025787878,23.01652108653417,24.671427704712364,0.0,153170400
2021-01-26,0.0,24.59058380126953,0.0,24.86640248013164,24.295744583301182,24.66191671865013,0.0,90968800
2021-01-27,0.0,22.607545852661133,0.0,24.086499997513975,22.11297563953952,24.076988822561123,0.0,188900800
2021-01-28,0.0,22.9404296875,0.0,24.015167058666865,22.671743984154936,22.800142124731394,0.0,90021600
2021-01-29,0.0,21.51140594482422,0.0,22.80727302971227,21.10243452905208,22.564744439513262,0.0,184278400
2021-02-01,0.0,23.092607498168945,0.0,23.308980857045466,21.813382440677955,22.243754539049153,0.0,105659600
2021-02-02,0.0,24.210142135620117,0.0,24.48120427803448,23.72032840705928,23.751238365730682,0.0,92746400
2021-02-03,0.0,23.93195152282715,0.0,24.78318280920129,23.93195152282715,24.71184988935506,0.0,95172000
2021-02-04,0.0,24.778417587280273,0.0,24.799818181325914,23.955720121395302,24.26244866619646,0.0,72808800
2021-02-05,0.0,25.037595748901367,0.0,25.272991433487945,24.62624604861831,25.013816904459965,0.0,86615200
2021-02-08,0.0,25.527414321899414,0.0,25.572591958043002,25.049488120076063,25.432304368262564,0.0,76994800
2021-02-09,0.0,25.515520095825195,0.0,25.81511575847738,25.318169110700865,25.318169110700865,0.0,65768800
2021-02-10,0.0,25.33481216430664,0.0,25.964911607582845,24.600089800571894,25.865046995524473,0.0,123548000
2021-02-11,0.0,25.743785858154297,0.0,25.855539909636732,25.19452859090467,25.71763239149268,0.0,98860000
2021-02-12,0.0,26.181289672851562,0.0,26.226467303670123,25.308659715287483,25.579721872056318,0.0,77471600
2021-02-16,0.0,25.962535858154297,0.0,26.597391812477106,25.698606652142143,26.383394913808992,0.0,88663600
2021-02-17,0.0,25.601119995117188,0.0,25.665319975576185,24.730868307472864,25.25872675093033,0.0,105986800
2021-02-18,0.0,25.256345748901367,0.0,25.432297939506018,24.31951593560744,24.742753217530783,0.0,110202000
2021-02-19,0.0,24.923463821411133,0.0,25.603497421380993,24.695201061249882,25.593986246282046,0.0,93377200
2021-02-22,0.0,22.992740631103516,0.0,24.205389248020676,22.945186565921837,23.90579355797645,0.0,132734800
2021-02-23,0.0,22.788253784179688,0.0,23.149671192750507,20.548423680643204,21.822892157889576,0.0,199274800
2021-02-24,0.0,23.337512969970703,0.0,23.41360055949945,21.613651875708,22.170042033998598,0.0,123042000
2021-02-25,0.0,20.900331497192383,0.0,23.318492240843987,20.555558165918534,22.735946763068362,0.0,237792000
2021-02-26,0.0,21.214189529418945,0.0,22.15101935899499,20.50800069354633,21.49238458171087,0.0,209318400
2021-03-01,0.0,23.064069747924805,0.0,23.137779081049473,21.92037779762837,22.198572842715986,0.0,133707200
2021-03-02,0.0,21.958423614501953,0.0,23.228137433172208,21.898980127828114,23.192470978353654,0.0,151693200
2021-03-03,0.0,20.05385398864746,0.0,21.92275737298228,20.032455203990875,21.725406373999142,0.0,231542400
2021-03-04,0.0,19.062335968017578,0.0,20.60073362049877,18.280059502765507,19.965877648278695,0.0,432037200
2021-03-05,0.0,19.91594123840332,0.0,20.08476048010629,17.840174411356557,19.566413335045723,0.0,336656400
2021-03-08,0.0,18.213478088378906,0.0,20.175112516869017,18.13501227586234,19.80180761334342,0.0,235731600
2021-03-09,0.0,20.358203887939453,0.0,20.72199769894196,19.480817533824418,19.609215669602552,0.0,173429200
2021-03-10,0.0,20.18463134765625,0.0,21.280769449923255,20.04672201528521,21.223704207382994,0.0,203371200
2021-03-11,0.0,21.58511734008789,0.0,21.937023558998536,20.957394302308803,21.16663471021145,0.0,158935600
2021-03-12,0.0,21.047746658325195,0.0,21.083413109237885,20.227427357688573,20.726752228253083,0.0,166590000
2021-03-15,0.0,21.720645904541016,0.0,21.758690600174944,20.7766832094577,21.116699966884443,0.0,126701600
2021-03-16,0.0,22.077306747436523,0.0,22.82391666505923,21.780089365769175,22.193815453110265,0.0,168770400
2021-03-17,0.0,22.355504989624023,0.0,22.762100022479384,21.06914892047475,21.42818807699585,0.0,196370800
2021-03-18,0.0,20.303516387939453,0.0,21.518541354284995,20.198895274885455,21.306922694932087,0.0,228253600
2021-03-19,0.0,20.56268882751465,0.0,20.817106842271144,19.83034473891934,20.27022611586287,0.0,193286400
2021-03-22,0.0,21.658823013305664,0.0,22.082062066092412,20.993057202249133,20.993057202249133,0.0,141101200
2021-03-23,0.0,21.375877380371094,0.0,22.167665028968024,21.202301607509956,21.887091709678625,0.0,187780800
2021-03-24,0.0,20.296382904052734,0.0,21.66596125514424,20.270227626505747,21.65882651339141,0.0,190483600
2021-03-25,0.0,20.187007904052734,0.0,20.491358257532617,19.414242597703794,19.930211613027385,0.0,239874400
2021-03-26,0.0,21.07866096496582,0.0,21.154748556167082,19.86125769167438,20.144209271799973,0.0,215060400
2021-03-29,0.0,21.066770553588867,0.0,21.29027863591353,20.381982264902337,20.981171790744153,0.0,190589200
2021-03-30,0.0,20.76717185974121,0.0,20.874171204752606,20.2012706225093,20.67444018250722,0.0,148349600
2021-03-31,0.0,21.699254989624023,0.0,22.01787126773506,21.045376512474878,21.111952939896792,0.0,161968800
2021-04-01,0.0,22.802522659301758,0.0,22.833432620402338,22.45061640752538,22.50292696790429,0.0,145087200
2021-04-05,0.0,24.172101974487305,0.0,24.343297704205494,23.294715469601474,23.35178071284087,0.0,130539600
2021-04-06,0.0,24.115034103393555,0.0,24.55729380523503,23.946214812873404,24.100768246582962,0.0,120606800
2021-04-07,0.0,24.293363571166992,0.0,24.485961700549282,23.80117157665001,24.02230141848061,0.0,98987200
2021-04-08,0.0,25.051862716674805,0.0,25.09466209887014,24.752267041307455,24.947241601514826,0.0,113619200
2021-04-09,0.0,25.506010055541992,0.0,25.551187685193746,24.566803706757813,24.73324474115182,0.0,129438400
2021-04-12,0.0,25.406147003173828,0.0,25.498878701499084,24.961510863529995,25.275372414955015,0.0,109632000
2021-04-13,0.0,26.276399612426758,0.0,26.392908339499005,25.708120019431714,25.76993994004157,0.0,115022000
2021-04-14,0.0,25.353836059570312,0.0,26.376264787302695,25.1469738806154,26.34297657887153,0.0,161227600
2021-04-15,0.0,26.47374725341797,0.0,26.575990111084042,25.974422386658247,26.005334157113523,0.0,120798000
2021-04-16,0.0,26.58550262451172,0.0,26.628302004622213,26.13135535996199,26.60928146885065,0.0,117488000
2021-04-19,0.0,25.860294342041016,0.0,26.48088447343927,25.382368212488874,26.19079997504515,0.0,159168000
2021-04-20,0.0,25.294391632080078,0.0,25.993447611326328,24.821221989169864,25.69147549917611,0.0,158283600
2021-04-21,0.0,25.934003829956055,0.0,25.972048531501503,24.73324469497834,24.96626395676616,0.0,111057200
2021-04-22,0.0,24.990039825439453,0.0,26.067155444348767,24.71422300835326,25.838892687910533,0.0,174848400
2021-04-23,0.0,25.93162727355957,0.0,26.231222968516953,25.137463124759726,25.137463124759726,0.0,107686000
2021-04-26,0.0,26.44521713256836,0.0,26.504660615849957,25.810361166497977,25.991068049542807,0.0,99976800
2021-04-27,0.0,26.098066329956055,0.0,26.552213580152678,25.8626688397524,26.50465952112,0.0,119312800
2021-04-28,0.0,25.82938575744629,0.0,26.2502467010314,25.67245588026322,26.010094482931986,0.0,118950000
2021-04-29,0.0,26.08855438232422,0.0,26.68536742007729,25.341944430392765,26.597390417995438,0.0,148124400
2021-04-30,0.0,25.59874153137207,0.0,26.1075775836616,25.368100534815667,25.510764526416935,0.0,118440400
2021-05-03,0.0,25.180259704589844,0.0,26.03386724778258,25.068505666551548,25.860293293695502,0.0,134222000
2021-05-04,0.0,23.853479385375977,0.0,24.654778142241923,22.9332936694892,24.597711095780785,0.0,211234000
2021-05-05,0.0,23.575286865234375,0.0,24.4550497307199,23.39695640757613,24.262453416951786,0.0,136429200
2021-05-06,0.0,24.091257095336914,0.0,24.12930179896584,23.01414136732356,23.508711630071694,0.0,169663200
2021-05-07,0.0,24.68093490600586,0.0,25.223059181566235,24.436026231841318,24.721356039132296,0.0,158706800
2021-05-10,0.0,22.8262996673584,0.0,24.409875077535617,22.76923442612997,24.369452126513806,0.0,184214800
2021-05-11,0.0,22.712167739868164,0.0,22.883365280406462,21.399656285860132,21.539942050757638,0.0,228806800
2021-05-12,0.0,20.98354721069336,0.0,22.148639713251427,20.762417405485255,21.642180132316543,0.0,236158000
2021-05-13,0.0,21.425809860229492,0.0,22.03451056560692,20.940750805355158,21.542318582790067,0.0,208602000
2021-05-14,0.0,22.81916618347168,0.0,23.037917781248296,21.975067938608703,22.08444373749701,0.0,144263200
2021-05-17,0.0,22.4339656829834,0.0,22.626563763367592,21.81099926539845,22.47201037533067,0.0,138542400
2021-05-18,0.0,21.963184356689453,0.0,22.892879724741373,21.920384965444633,22.638461625139275,0.0,131684000
2021-05-19,0.0,22.04401969909668,0.0,22.11059610582191,20.764796674540587,20.84088425566528,0.0,191889600
2021-05-20,0.0,23.318490982055664,0.0,23.506332618456852,22.310329951588532,22.367395191105587,0.0,139226400
2021-05-21,0.0,22.933292388916016,0.0,23.760746375687987,22.8524501320501,23.66801469795547,0.0,128133200
2021-05-24,0.0,24.081743240356445,0.0,24.33378302460926,23.35415559807425,23.432621430026163,0.0,92181600
2021-05-25,0.0,24.19825553894043,0.0,24.59533943785685,23.927193364872565,24.431274822052632,0.0,106728800
2021-05-26,0.0,24.443164825439453,0.0,24.547784138601592,24.18636850263239,24.33854369820589,0.0,78034800
2021-05-27,0.0,24.157827377319336,0.0,24.5287558872124,24.11978449742337,24.340914292410655,0.0,83216800
2021-05-28,0.0,24.393230438232422,0.0,24.752269636849576,24.324277584087856,24.438408072529086,0.0,81857200
2021-06-01,0.0,24.15545654296875,0.0,24.79982559275438,23.846351472952694,24.692826218691145,0.0,103863600
2021-06-02,0.0,24.281475067138672,0.0,24.48358255050503,23.90341356449561,24.24105211920846,0.0,83178800
2021-06-03,0.0,23.518220901489258,0.0,23.936701723091247,23.15442525526502,23.656128405798164,0.0,121032000
2021-06-04,0.0,24.723730087280273,0.0,24.82121643967922,23.903409071473305,23.927186097858108,0.0,91175200
2021-06-07,0.0,24.942487716674805,0.0,24.959131820611194,24.445539217880444,24.59295971993937,0.0,62193200
2021-06-08,0.0,24.97102165222168,0.0,25.541679545801454,24.592961908843833,25.341950280787824,0.0,92944400
2021-06-09,0.0,24.99955177307129,0.0,25.470344969950364,24.949619463626284,25.28963626857473,0.0,77803600
2021-06-10,0.0,25.765182495117188,0.0,25.798470699280898,24.96626196704603,25.06850482671201,0.0,117206800
2021-06-11,0.0,25.969669342041016,0.0,25.974424022526104,25.622519616352765,25.77944946935678,0.0,68338800
2021-06-14,0.0,26.69725799560547,0.0,26.718658593765102,25.79847278246767,26.069534932014903,0.0,90823200
2021-06-15,0.0,26.202686309814453,0.0,26.711522373906984,26.026734109893862,26.635434789016635,0.0,90108000
2021-06-16,0.0,25.92211151123047,0.0,26.552212751131147,25.089902805644556,26.302551227897982,0.0,157778000
2021-06-17,0.0,26.88985252380371,0.0,27.12525001757848,25.662940004251123,25.67007293180713,0.0,144323600
2021-06-18,0.0,26.24786376953125,0.0,26.7685892524083,26.07904449832218,26.49039419199636,0.0,142894400
2021-06-21,0.0,26.72817039489746,0.0,26.820902089593982,25.77231810700389,26.304931243171055,0.0,107708400
2021-06-22,0.0,27.47477912902832,0.0,27.593666097454975,26.623547999716394,26.704390267492354,0.0,103578800
2021-06-23,0.0,27.5223331451416,0.0,27.81003939056858,27.327358589807982,27.479533764016118,0.0,93996800
2021-06-24,0.0,28.028793334960938,0.0,28.41160954999437,27.86473053856898,27.995505126181623,0.0,93672400
2021-06-25,0.0,27.94081687927246,0.0,28.235656064128467,27.78388520428816,28.17383433027969,0.0,86993200
2021-06-28,0.0,28.92995834350586,0.0,28.979890659256636,28.233280542479722,28.24041347129106,0.0,88787600
2021-06-29,0.0,29.255706787109375,0.0,29.265217962720364,28.692181877139237,28.903800545787796,0.0,74560000
2021-06-30,0.0,29.127302169799805,0.0,29.317522011639085,28.972748775064247,29.220033843826968,0.0,80546800
2021-07-01,0.0,29.141572952270508,0.0,29.279482270227618,28.687425678815345,29.02744247911861,0.0,83834800
2021-07-02,0.0,30.13071632385254,0.0,30.232959198612747,29.57432431741497,29.63614605459055,0.0,93502000
2021-07-06,0.0,30.534929275512695,0.0,30.615771545248332,29.6028558558307,30.3042882609227,0.0,109599600
2021-07-07,0.0,30.72990608215332,0.0,31.20069747927655,30.221068168850866,31.12460807506058,0.0,115275600
2021-07-08,0.0,30.197290420532227,0.0,30.401776154332392,29.06548595667313,29.41025925857862,0.0,152524400
2021-07-09,0.0,30.708499908447266,0.0,30.863055131277573,29.87153651936667,30.026089928125963,0.0,92875600
2021-07-12,0.0,31.093700408935547,0.0,31.21734025048028,30.687105358686306,31.10083333717303,0.0,87126000
2021-07-13,0.0,31.077054977416992,0.0,31.87835566734863,30.86543630405983,31.00096919897865,0.0,119450000
2021-07-14,0.0,31.245874404907227,0.0,31.88073039093025,31.041388670866137,31.709532863447365,0.0,136042800
2021-07-15,0.0,30.599123001098633,0.0,31.286289409671948,30.068886419257378,31.24586828306666,0.0,137192800
2021-07-16,0.0,29.847761154174805,0.0,31.0794319986844,29.76216239421606,30.82976864645954,0.0,127402800
2021-07-19,0.0,29.132062911987305,0.0,29.24619520365633,28.454407532277806,28.963243628906778,0.0,202286400
2021-07-20,0.0,30.092668533325195,0.0,30.50639648498472,28.901422429055998,29.35081501959035,0.0,121544800
2021-07-21,0.0,30.779834747314453,0.0,30.813122952642313,29.95951540819472,30.033224746553387,0.0,81763200
2021-07-22,0.0,31.42658042907715,0.0,31.433713356847505,30.872566727344786,30.87494678869644,0.0,94957600
2021-07-23,0.0,32.470401763916016,0.0,32.601178128746376,31.45510624004963,31.790368294939753,0.0,103898400
2021-07-26,0.0,32.60594177246094,0.0,32.71056288726724,32.10899147713103,32.342012552160476,0.0,85977600
2021-07-27,0.0,31.540708541870117,0.0,32.53460539850978,30.394640152085792,32.53460539850978,0.0,178782000
2021-07-28,0.0,31.88549041748047,0.0,32.30397129315781,31.21258965567222,31.82842335928423,0.0,143940400
2021-07-29,0.0,32.042415618896484,0.0,32.36578833019937,31.735688825302287,31.73806525862818,0.0,88638400
2021-07-30,0.0,31.562124252319336,0.0,31.707166547491596,30.974822141387698,30.993844498082503,0.0,113118800
2021-08-02,0.0,31.552602767944336,0.0,32.14466121574105,31.39091822176906,31.99010596974606,0.0,109120000
2021-08-03,0.0,32.10186004638672,0.0,32.14703767790041,30.87494920790076,31.72855682729941,0.0,126835600
2021-08-04,0.0,32.261165618896484,0.0,32.51796190295603,31.814153090178586,32.12087986861114,0.0,96856800
2021-08-05,0.0,32.86748504638672,0.0,32.92692852114304,32.289696213263305,32.47040307039149,0.0,77340400
2021-08-06,0.0,32.43950271606445,0.0,32.7961636900904,32.137532370318816,32.5251014949564,0.0,86306000
2021-08-09,0.0,32.61307144165039,0.0,32.760490109705565,32.26116343098532,32.55362796219046,0.0,68421600
2021-08-10,0.0,32.125633239746094,0.0,32.838954972288924,31.795127648793596,32.758112713354805,0.0,106162400
2021-08-11,0.0,31.952064514160156,0.0,32.58692052433241,31.585890599948645,32.45614412639973,0.0,93188000
2021-08-12,0.0,32.28494644165039,0.0,32.38481106465743,31.443228260223908,31.81653147278766,0.0,79490800
2021-08-13,0.0,32.60832214355469,0.0,32.720076199853075,32.24928475451397,32.38005753567166,0.0,73289600
2021-08-16,0.0,32.66539001464844,0.0,32.677275810945275,31.26727787344602,32.322994908383116,0.0,122458400
2021-08-17,0.0,31.807024002075195,0.0,32.182707298468905,31.14125618097422,31.911645126152273,0.0,166395200
2021-08-18,0.0,30.882081985473633,0.0,32.03290704011536,30.794103156271294,31.647714399645483,0.0,130084800
2021-08-19,0.0,31.321958541870117,0.0,31.76659825468353,30.30428641955663,30.373241076414278,0.0,163247600
2021-08-20,0.0,32.289703369140625,0.0,32.40145741670021,31.524070954352332,31.612046155482936,0.0,125082400
2021-08-23,0.0,33.728240966796875,0.0,33.93034667562277,32.575035697066845,32.58216862631111,0.0,96532400
2021-08-24,0.0,34.06111526489258,0.0,34.22517985609534,33.78054377071098,33.9089400957458,0.0,72686800
2021-08-25,0.0,34.099159240722656,0.0,34.33455310298244,33.91369587063949,34.11818158998018,0.0,76127200
2021-08-26,0.0,33.521366119384766,0.0,34.12293384482513,33.39296979937458,33.9232046234128,0.0,107004800
2021-08-27,0.0,34.50100326538086,0.0,34.61989024613249,33.55941678144513,33.69019318590047,0.0,92320000
2021-08-30,0.0,35.64469909667969,0.0,35.789741373203015,34.70311251614181,34.71500194106531,0.0,91270400
2021-08-31,0.0,35.544830322265625,0.0,35.73742664793089,35.1168364718191,35.71840429589519,0.0,91796000
2021-09-01,0.0,35.739803314208984,0.0,36.33661827527112,35.68273988587283,35.863446789175164,0.0,95568000
2021-09-02,0.0,35.68987274169922,0.0,36.222484088512616,35.33321180275409,36.129752389512596,0.0,95038400
2021-09-03,0.0,36.01085662841797,0.0,36.127367146193016,35.34746904013355,35.35697839980372,0.0,93201200
2021-09-07,0.0,36.15828323364258,0.0,36.35087953621096,35.70413415712809,36.034639774309674,0.0,90370800
2021-09-08,0.0,35.787349700927734,0.0,36.105969496050356,35.12158565892087,36.09645650794059,0.0,126846000
2021-09-09,0.0,35.404537200927734,0.0,36.16541668965373,35.3308278621412,35.83966393404489,0.0,110573600
2021-09-10,0.0,34.607994079589844,0.0,36.105970470831146,34.503372976409395,35.90386119167418,0.0,138435600
2021-09-13,0.0,34.52953338623047,0.0,35.37600806961476,33.94460787154373,35.2594975277237,0.0,155549200
2021-09-14,0.0,34.23231506347656,0.0,35.15725556201167,33.95887647868987,34.94088040186639,0.0,119258400
2021-09-15,0.0,34.990806579589844,0.0,35.08591468448659,33.70682539463396,34.3559507276429,0.0,111785200
2021-09-16,0.0,35.05976104736328,0.0,35.22144918700234,34.058734953898586,34.60799208581103,0.0,105230800
2021-09-17,0.0,33.82096481323242,0.0,34.93612148752987,33.516614475748355,34.92898855994369,0.0,154650400
2021-09-20,0.0,31.74045181274414,0.0,32.68441486058982,30.4350712775969,32.19935388034291,0.0,243827200
2021-09-21,0.0,31.78087043762207,0.0,32.515591151198315,31.52645054231615,32.189841965753295,0.0,143401200
2021-09-22,0.0,32.7105598449707,0.0,33.10526179392675,31.76897352743015,32.06619092678559,0.0,175338800
2021-09-23,0.0,33.61885452270508,0.0,33.899429635932364,32.85322220734292,33.02917621489705,0.0,138739200
2021-09-24,0.0,33.713966369628906,0.0,33.82334398169935,32.88413761609613,32.98400223852089,0.0,109550400
2021-09-27,0.0,32.90077590942383,0.0,33.14568275498617,32.19458708192324,32.86273483988928,0.0,156710800
2021-09-28,0.0,30.1568660736084,0.0,31.83554933293784,29.97615739027582,31.657218896695046,0.0,297646000
2021-09-29,0.0,29.957138061523438,0.0,30.97956491060507,29.793075277210033,30.425553011524354,0.0,195061200
2021-09-30,0.0,29.61949920654297,0.0,30.80123414749926,29.502990485561313,30.3827533252591,0.0,234624000
2021-10-01,0.0,30.159244537353516,0.0,30.437439601247068,28.732600951350314,29.781184857816807,0.0,208708000
2021-10-04,0.0,28.304611206054688,0.0,29.838252456862346,27.69353222754142,29.745520761552374,0.0,257236000
2021-10-05,0.0,29.393611907958984,0.0,29.95951317033305,28.46629328034876,28.525736758861328,0.0,162612800
2021-10-06,0.0,29.973783493041992,0.0,30.03560522785107,28.356921724907693,28.59469567440432,0.0,234990800
2021-10-07,0.0,30.784589767456055,0.0,31.466999758065455,30.60863576021166,30.7489251306494,0.0,150815200
2021-10-08,0.0,30.31142234802246,0.0,31.12936345938204,30.19015713196821,31.069919975012276,0.0,157132000
2021-10-11,0.0,29.638521194458008,0.0,30.83690203783034,29.6123659166289,29.926227436507048,0.0,136215200
2021-10-12,0.0,29.336544036865234,0.0,30.10693280283888,29.15345892639016,29.999933456084843,0.0,174403600
2021-10-13,0.0,30.02371597290039,0.0,30.1854023320265,29.388859959565888,29.907207244934472,0.0,140921200
2021-10-14,0.0,31.680999755859375,0.0,31.73093024942577,30.767945106794926,30.93676619356559,0.0,121750000
2021-10-15,0.0,32.26830291748047,0.0,32.30159112387606,31.723798564408273,32.00437369957886,0.0,102858000
2021-10-18,0.0,33.23604965209961,0.0,33.293116718612985,31.7618515678658,31.921159713554385,0.0,100876400
2021-10-19,0.0,33.96601867675781,0.0,34.00881625691917,33.35493773140201,33.535644672322384,0.0,106450800
2021-10-20,0.0,33.8590087890625,0.0,34.29175911650758,33.45003730770611,34.11818515011618,0.0,118709600
2021-10-21,0.0,34.46533203125,0.0,34.52715557793716,33.55703746302875,33.63074680425506,0.0,92100400
2021-10-22,0.0,33.59270477294922,0.0,34.396381918620925,33.13617920520244,34.11343032576526,0.0,140248400
2021-10-25,0.0,34.600860595703125,0.0,34.888564996678554,33.45954509558908,33.999292890236,0.0,118951600
2021-10-26,0.0,34.92423629760742,0.0,35.951417797344085,34.63177174894779,35.26663134023374,0.0,167975600
2021-10-27,0.0,35.200050354003906,0.0,36.07506028695925,35.01458698226324,35.08591988558092,0.0,145068000
2021-10-28,0.0,36.35563278198242,0.0,36.43885510950901,35.52342401928564,35.73979916834095,0.0,130737600
2021-10-29,0.0,36.893009185791016,0.0,36.95007261523369,35.37601013196544,35.47349832812035,0.0,134514400
2021-11-01,0.0,37.25680160522461,0.0,37.313865032437484,36.42221270081002,37.04518293031073,0.0,130045600
2021-11-02,0.0,37.75374984741211,0.0,37.89403561591481,37.083229153191006,37.099871444095726,0.0,120171200
2021-11-03,0.0,38.95212936401367,0.0,39.07101633636902,37.5849291819272,37.8868994794472,0.0,145210400
2021-11-04,0.0,40.40492248535156,0.0,40.74256466124005,39.16849876573979,39.334939792355215,0.0,160879600
2021-11-05,0.0,40.554718017578125,0.0,41.29181859907677,40.11959132144541,41.006490629127676,0.0,170505600
2021-11-08,0.0,40.38827896118164,0.0,40.87333617078493,40.198059095950924,40.54045412773779,0.0,112919600
2021-11-09,0.0,39.556068420410156,0.0,40.847179030036855,39.13045471135407,40.71878271304681,0.0,176237600
2021-11-10,0.0,37.822696685791016,0.0,39.56557621095914,37.2116160104374,38.69056998493745,0.0,193953600
2021-11-11,0.0,38.12943649291992,0.0,38.754783236332166,38.02005886311226,38.69771617363124,0.0,115438000
2021-11-12,0.0,39.33968734741211,0.0,39.48710961875068,37.98437696988941,38.474190577543105,0.0,127640800
2021-11-15,0.0,39.32780456542969,0.0,39.7819536193269,38.54077347776293,39.68684550343333,0.0,139458400
2021-11-16,0.0,40.140995025634766,0.0,40.281280768064136,39.00918884133,39.06387582719971,0.0,103181600
2021-11-17,0.0,40.18855667114258,0.0,40.82341272375238,39.89609208126782,40.23373430509768,0.0,115936000
2021-11-18,0.0,41.41783905029297,0.0,41.58665649906361,40.12910485965094,40.82102419852047,0.0,173683200
2021-11-19,0.0,42.11928176879883,0.0,42.53062972949716,41.68653502111373,41.95046065023638,0.0,129214400
2021-11-22,0.0,40.659339904785156,0.0,43.59822567109882,40.62605170145078,42.630484085073235,0.0,179044800
2021-11-23,0.0,40.10533142089844,0.0,40.937540239876114,38.707219444010335,40.29079481030492,0.0,226025600
2021-11-24,0.0,40.476261138916016,0.0,40.554726982923135,38.59784826236435,39.30641366380971,0.0,198241600
2021-11-26,0.0,38.243560791015625,0.0,40.098198304519066,37.73948118403471,39.65593861766934,0.0,177682400
2021-11-29,0.0,40.618919372558594,0.0,40.935159122964926,39.31116280664805,39.51802495697751,0.0,158932000
2021-11-30,0.0,38.8736686706543,0.0,41.08496374654879,38.21265730714481,40.345486535525055,0.0,302586000
2021-12-01,0.0,36.878746032714844,0.0,40.80676960024348,36.7289472631577,40.15051471653085,0.0,302551200
2021-12-02,0.0,37.57304382324219,0.0,38.167478749317404,36.0584211644654,36.47928210800665,0.0,396432800
2021-12-03,0.0,35.68510818481445,0.0,38.34817520168141,34.46057039419264,38.04382489279043,0.0,480573600
2021-12-06,0.0,36.51970672607422,0.0,36.92154535487872,34.60324892236957,35.806384746840635,0.0,304828000
2021-12-07,0.0,39.812870025634766,0.0,40.01259926915381,38.45755926155201,38.46469218966751,0.0,270578400
2021-12-08,0.0,40.36688232421875,0.0,40.4215693138812,39.344453668886224,39.919866161389095,0.0,205243600
2021-12-09,0.0,38.623992919921875,0.0,40.54282640745161,38.519371823355755,39.9816798579857,0.0,212802000
2021-12-10,0.0,39.820003509521484,0.0,39.90560227624471,38.46706915988005,39.415788522050576,0.0,203075200
2021-12-13,0.0,38.1080207824707,0.0,39.919856587968354,37.99151027508171,39.81999199369557,0.0,179145200
2021-12-14,0.0,36.973854064941406,0.0,37.46366788555608,35.62567602733968,36.64572480998311,0.0,230933600
2021-12-15,0.0,39.42053985595703,0.0,39.53467395924508,35.67322387341664,36.845451282458754,0.0,269061200
2021-12-16,0.0,36.412696838378906,0.0,39.855662077697964,35.89197138916863,39.71061984585466,0.0,296220000
2021-12-17,0.0,35.85630798339844,0.0,37.04279752621689,34.952766358701545,35.387893069156306,0.0,300020800
2021-12-20,0.0,34.78395080566406,0.0,35.01221540229269,33.88278909899292,34.48198049051822,0.0,241866000
2021-12-21,0.0,37.1093864440918,0.0,37.19973808848775,34.646047889798645,35.704141365019,0.0,219124800
2021-12-22,0.0,38.43377685546875,0.0,38.51937561306792,36.81216058357721,36.992867459334505,0.0,177222800
2021-12-23,0.0,39.34683609008789,0.0,39.77720640130488,38.51225074984547,38.559804818882064,0.0,131308400
2021-12-27,0.0,41.22762680053711,0.0,41.26091500982857,39.708251340479215,39.729650126136,0.0,125963200
2021-12-28,0.0,40.7425651550293,0.0,41.60568207070369,40.428701819771476,41.55337151482739,0.0,144825200
2021-12-29,0.0,40.67835998535156,0.0,41.132509013344624,39.93412650384453,40.73304696746398,0.0,115494800
2021-12-30,0.0,40.29793930053711,0.0,41.2918365761417,40.129121780582516,40.60466981358248,0.0,113271600
2021-12-31,0.0,39.5489387512207,0.0,40.516676772874355,39.401520073617306,40.095819523301635,0.0,120497200
2022-01-03,0.0,40.69025802612305,0.0,40.76396737157235,39.261234236459366,39.905603250036464,0.0,153010400
2022-01-04,0.0,39.10905456542969,0.0,40.87096023833303,38.13656007305422,40.856694383190856,0.0,213296400
2022-01-05,0.0,35.511539459228516,0.0,38.92834982265918,35.42831712880992,38.60973361319453,0.0,266490400
2022-01-06,0.0,35.41404724121094,0.0,36.33423112503524,34.33930813679619,34.95989819587681,0.0,308453200
2022-01-07,0.0,34.2560920715332,0.0,35.889597820830105,33.76389829154951,35.40453696854395,0.0,285426800
2022-01-10,0.0,34.38210678100586,0.0,34.46294903481696,31.409933083759217,32.896019932382536,0.0,358434800
2022-01-11,0.0,35.894351959228516,0.0,35.91099424671628,33.53563151951445,34.103911033683964,0.0,308653600
2022-01-12,0.0,36.30331802368164,0.0,37.07608321386285,35.63755399311594,36.61004839246685,0.0,276742400
2022-01-13,0.0,33.668792724609375,0.0,36.87874104516204,33.297862315483556,36.67900817005043,2.0,173531800
2022-01-14,0.0,34.17762756347656,0.0,34.27273568855839,32.81280383688362,32.855601404727715,0.0,178451600
2022-01-18,0.0,31.71428871154785,0.0,33.1551981816995,31.4146912304898,32.57027270336805,0.0,155320000
2022-01-19,0.0,30.61101722717285,0.0,32.674893209718014,30.511152611386045,32.03290432072155,0.0,183284400
2022-01-20,0.0,29.42690086364746,0.0,32.42285189451389,29.246192176406197,31.395666818029465,0.0,172197000
2022-01-21,0.0,26.949296951293945,0.0,29.498233827502236,26.868454684060666,28.827711402639853,0.0,342054600
2022-01-24,0.0,27.339244842529297,0.0,27.462886476961625,22.907137511847523,25.60824926197999,0.0,510169200
2022-01-25,0.0,25.322925567626953,0.0,26.77810278852244,24.609603720651545,25.750919401440704,0.0,347498000
2022-01-26,0.0,25.275367736816406,0.0,27.98598890011787,24.428891370982566,27.101471465502705,0.0,415676200
2022-01-27,0.0,24.51924705505371,0.0,26.744811070646897,24.2719619628688,26.345350816205276,0.0,323528200
2022-01-28,0.0,26.8066349029541,0.0,26.849434286976603,23.82494932024327,24.91871095324691,0.0,334032400
2022-01-31,0.0,29.40312385559082,0.0,29.512499641242297,26.73530017952457,27.130003943912858,0.0,227502200
2022-02-01,0.0,29.964271545410156,0.0,30.125957899465224,28.40447505739981,29.68369821966964,0.0,203691600
2022-02-02,0.0,30.672836303710938,0.0,31.08656423905496,29.65040770129214,31.01523133597604,0.0,201630400
2022-02-03,0.0,26.982587814331055,0.0,29.041709214684886,26.68774681926769,28.209500415279802,0.0,211150000
2022-02-04,0.0,27.91465950012207,0.0,28.727845898216838,26.578369372170016,27.044406053196333,0.0,193068800
2022-02-07,0.0,27.28217887878418,0.0,28.661268330602233,26.973073873425673,28.090610563847484,0.0,153912200
2022-02-08,0.0,28.209497451782227,0.0,28.452027863724425,26.74005456778234,27.011116688844076,0.0,158593200
2022-02-09,0.0,29.959514617919922,0.0,29.99755931676029,28.894286633313712,29.274726365433057,0.0,151075400
2022-02-10,0.0,27.971725463867188,0.0,29.916716317470172,27.486666420589177,28.204744717488733,0.0,254286600
2022-02-11,0.0,25.337188720703125,0.0,28.318873940616893,24.99479550425516,27.952701880549828,0.0,268511200
2022-02-14,0.0,25.40852165222168,0.0,26.140865773186007,24.58582409324399,25.156481873398935,0.0,190125000
2022-02-15,0.0,27.248891830444336,0.0,27.315468240141584,26.321573146917128,26.54983771455213,0.0,163444600
2022-02-16,0.0,27.244140625,0.0,27.486669264698428,26.012471446290814,26.759081531531802,0.0,186181000
2022-02-17,0.0,24.82835578918457,0.0,26.654459824634166,24.714225307384076,26.459485255326296,0.0,157671200
2022-02-18,0.0,23.986635208129883,0.0,25.104173851564894,23.44926739207342,25.009063909602368,0.0,226165400
2022-02-22,0.0,23.244781494140625,0.0,24.490716464593593,22.450615570321222,23.320869084380398,0.0,262876200
2022-02-23,0.0,21.466232299804688,0.0,24.07699111570559,21.385390026112535,23.891527721638834,0.0,260920400
2022-02-24,0.0,23.56815528869629,0.0,23.70606280516618,19.31200109236923,19.383332191080278,0.0,389734800
2022-02-25,0.0,24.685686111450195,0.0,24.733240165602254,22.94518124404987,23.777389890207118,0.0,238372200
2022-02-28,0.0,24.947242736816406,0.0,25.294392490833935,23.739350619064695,23.996146923923018,0.0,243401000
2022-03-01,0.0,23.796417236328125,0.0,25.189772721717347,23.230514077058494,24.690445977874433,0.0,248145000
2022-03-02,0.0,24.93297576904297,0.0,25.2278149499611,23.501575618545672,24.096010475114365,0.0,219495800
2022-03-03,0.0,23.891529083251953,0.0,25.574967396618078,23.47780107313959,25.56070153905262,0.0,223888600
2022-03-04,0.0,22.86909294128418,0.0,23.682279214277184,22.350745785608304,23.382683603253668,0.0,231391000
2022-03-07,0.0,20.315404891967773,0.0,23.083093255566954,20.272605512568976,22.8500740090466,0.0,249752600
2022-03-08,0.0,20.03483772277832,0.0,21.875207972526937,19.3880921533391,20.15847940443151,0.0,355936000
2022-03-09,0.0,22.17955207824707,0.0,22.44585953505108,21.090547034725454,21.58987374299187,0.0,219074200
2022-03-10,0.0,21.466232299804688,0.0,21.694495078200024,20.53891351539961,21.352101817642673,0.0,225574800
2022-03-11,0.0,20.134695053100586,0.0,22.098708085122205,20.01580809643704,22.036886359717283,0.0,197814800
2022-03-14,0.0,18.955339431762695,0.0,20.51038126994151,18.81267542572463,19.882658192117013,0.0,246265200
2022-03-15,0.0,20.71010971069336,0.0,20.871796061671652,19.136047396536803,19.43564125335181,0.0,211407200
2022-03-16,0.0,23.03553581237793,0.0,23.054558160608345,20.776683661039023,21.47573953890346,0.0,326175000
2022-03-17,0.0,23.805927276611328,0.0,23.867747194232795,22.369772476359703,22.631323444806956,0.0,192061600
2022-03-18,0.0,25.284881591796875,0.0,25.3990138887848,23.268559462271195,23.520599274944075,0.0,201569600
2022-03-21,0.0,25.104175567626953,0.0,25.646299915579068,24.143568534875975,25.13746377747865,0.0,221094600
2022-03-22,0.0,26.587881088256836,0.0,26.792366815553024,25.142215141720904,25.23732507763769,0.0,186689200
2022-03-23,0.0,25.46558952331543,0.0,26.75908038374863,25.44181249127802,25.9458939151989,0.0,205499400
2022-03-24,0.0,27.115739822387695,0.0,27.149028028232344,25.399011717808637,25.884070763922168,0.0,171150600
2022-03-25,0.0,27.07294464111328,0.0,27.37254035426095,26.08380404522893,27.12525520528986,0.0,198789400
2022-03-28,0.0,28.304611206054688,0.0,28.34741058958785,26.78761405917263,27.068185578469585,0.0,183407400
2022-03-29,0.0,29.75503158569336,0.0,29.940494974122146,28.599450058021866,29.255706659753255,0.0,204013400
2022-03-30,0.0,28.86099624633789,0.0,29.74076079274547,28.437758981135808,29.33178938149417,0.0,167818800
2022-03-31,0.0,27.667373657226562,0.0,28.927576167094713,27.534220841658687,28.837220915898463,0.0,168098800
2022-04-01,0.0,27.548486709594727,0.0,27.971723999912623,26.820899089793002,27.786260631262852,0.0,176162600
2022-04-04,0.0,29.26997184753418,0.0,29.26997184753418,27.691153020468864,27.762485928575856,0.0,137515000
2022-04-05,0.0,27.334491729736328,0.0,29.084508060779275,27.039652554179334,28.922821710169725,0.0,172097600
2022-04-06,0.0,25.536922454833984,0.0,26.33108657278877,24.918710550988543,26.06953559201623,0.0,296859800
2022-04-07,0.0,25.70336151123047,0.0,26.197931721797296,24.528759528723153,25.313412410533463,0.0,229654000
2022-04-08,0.0,24.65239906311035,0.0,25.484607748169342,24.49071273173605,25.308655562696742,0.0,204182400
2022-04-11,0.0,22.902381896972656,0.0,23.905788041786288,22.80251729469181,23.696547663568676,0.0,185914600
2022-04-12,0.0,22.607545852661133,0.0,24.243429849058234,22.298439015942343,23.853480746346886,0.0,247928200
2022-04-13,0.0,23.962860107421875,0.0,24.176857040566638,22.507684590180297,22.66461446510552,0.0,190084600
2022-04-14,0.0,22.350751876831055,0.0,24.086502482256037,22.269909602498878,23.977124866050485,0.0,167843600
2022-04-18,0.0,22.412572860717773,0.0,22.83105370333343,21.789604463494705,22.0987113217204,0.0,175525400
2022-04-19,0.0,23.853479385375977,0.0,23.977121024566383,22.022620942083645,22.222350162484542,0.0,172372600
2022-04-20,0.0,22.77874183654785,0.0,24.129297749507586,22.559988455536075,24.048453674899296,0.0,215629400
2022-04-21,0.0,21.44245719909668,0.0,24.143569707910846,21.20468322341988,23.606200014941265,0.0,268626400
2022-04-22,0.0,19.739992141723633,0.0,21.670717230733747,19.630616344568036,21.423432109919304,0.0,248824800
2022-04-25,0.0,20.472333908081055,0.0,20.524644460116356,19.169333857706402,19.407107774906116,0.0,332878800
2022-04-26,0.0,18.170686721801758,0.0,20.110923227240434,18.118376157085795,20.077635015888724,0.0,332263200
2022-04-27,0.0,18.089839935302734,0.0,19.126534352506177,17.771221945062827,18.15165984723129,0.0,316698600
2022-04-28,0.0,20.001544952392578,0.0,20.32016116866998,18.203972690496606,18.941073372946104,0.0,344698400
2022-04-29,0.0,17.37176513671875,0.0,19.863637064344623,17.214835264632548,19.2073804192635,0.0,320116800
2022-05-02,0.0,18.189706802368164,0.0,18.203972658573107,16.705997892703177,17.238611021852183,0.0,311905600
2022-05-03,0.0,18.232501983642578,0.0,18.62720569828601,17.737931856363577,18.161169090913,0.0,285565600
2022-05-04,0.0,20.039587020874023,0.0,20.18700751414963,17.371763170693505,18.30383837781203,0.0,438806800
2022-05-05,0.0,17.053144454956055,0.0,19.264440643866468,16.415910328274304,19.259685964041854,0.0,455552600
2022-05-06,0.0,16.458711624145508,0.0,17.371762639004686,15.740633344059384,16.686974377860302,0.0,466794400
2022-05-09,0.0,14.513720512390137,0.0,15.892808180652429,14.27119100150466,15.483838555932046,0.0,420419800
2022-05-10,0.0,15.013046264648438,0.0,15.73112457158813,14.399589977719403,15.559927046382079,0.0,463579600
2022-05-11,0.0,13.6767578125,0.0,15.502860927333117,13.538848485118017,14.670653003304869,0.0,529531800
2022-05-12,0.0,13.567380905151367,0.0,14.214125384298523,12.692372761622586,13.044278072623314,0.0,590993000
2022-05-13,0.0,15.041579246520996,0.0,15.217532363570449,13.971596502207449,14.19510458930018,0.0,395948000
2022-05-16,0.0,14.575539588928223,0.0,15.112909099820065,14.352032454056161,14.803802310546766,0.0,318388000
2022-05-17,0.0,15.674057960510254,0.0,15.731125013228507,14.856115919296528,15.422018160253936,0.0,307981400
2022-05-18,0.0,13.386672019958496,0.0,15.070111872487757,13.167920440677369,14.960735175811637,0.0,328105200
2022-05-19,0.0,13.115610122680664,0.0,13.800399304457201,12.858814746411696,13.096588679677868,0.0,392015600
2022-05-20,0.0,13.00147819519043,0.0,13.71479996490299,11.855407957748428,13.624445620102783,0.0,458111200
2022-05-23,0.0,13.643468856811523,0.0,13.710045269397282,12.820770339548268,13.1488986289299,0.0,341040600
2022-05-24,0.0,12.792238235473633,0.0,13.010990739539787,12.093183154095133,12.911125209608214,0.0,366488600
2022-05-25,0.0,13.305828094482422,0.0,13.60066814881557,12.549706970584635,12.57348490635735,0.0,361283800
2022-05-26,0.0,14.418610572814941,0.0,14.637363054046398,13.16316454725618,13.20120833872658,0.0,337131600
2022-05-27,0.0,15.830989837646484,0.0,15.854766869548769,14.870382873409897,14.884648729737018,0.0,315035800
2022-05-31,0.0,15.71685791015625,0.0,16.16862878308615,15.089134820173902,15.835744886502471,0.0,369158600
2022-06-01,0.0,15.350685119628906,0.0,16.373113796164553,15.00353538189316,16.0307187390789,0.0,398894200
2022-06-02,0.0,16.596620559692383,0.0,16.634663444075287,14.955980127321704,15.17948728852559,0.0,336861400
2022-06-03,0.0,15.284109115600586,0.0,15.992676280149112,15.103401313880342,15.759657012484594,0.0,324723800
2022-06-06,0.0,15.47433090209961,0.0,16.23045222365106,15.217534570839536,15.987921750548272,0.0,300958600
2022-06-07,0.0,15.85001277923584,0.0,15.978409119105406,14.765762306203255,14.941715432755837,0.0,274886600
2022-06-08,0.0,15.526638984680176,0.0,16.14009437027938,15.374463808430786,15.731124717903644,0.0,225706000
2022-06-09,0.0,14.261679649353027,0.0,15.72161228380924,14.233147032849756,15.250819122809865,0.0,275959400
2022-06-10,0.0,12.739928245544434,0.0,13.610180836833232,12.682862100378589,13.438983308371302,0.0,343352200
2022-06-13,0.0,10.9756441116333,0.0,11.879184826285034,10.852001564380986,11.541546295240098,0.0,426731400
2022-06-14,0.0,11.046976089477539,0.0,11.35132732341995,10.70933755894465,11.241950631031706,0.0,393201000
2022-06-15,0.0,11.841140747070312,0.0,12.3261997497808,11.099286388653717,11.441680498607031,0.0,549823000
2022-06-16,0.0,10.395478248596191,0.0,10.994668761260897,10.13868192586744,10.932847021180697,0.0,424284400
2022-06-17,0.0,10.780672073364258,0.0,11.070756613400453,10.295612946199524,10.495343121677019,0.0,441181000
2022-06-21,0.0,11.593856811523438,0.0,11.879185718376473,11.308528811705992,11.327550255077213,0.0,318408200
2022-06-22,0.0,11.551058769226074,0.0,12.102694253158276,11.199152529822364,11.275240120224348,0.0,388973600
2022-06-23,0.0,12.045628547668457,0.0,12.159759937448259,11.493993043548251,11.860165152655735,0.0,365372800
2022-06-24,0.0,13.305828094482422,0.0,13.334361617409682,12.388020635472182,12.416554158399443,0.0,303635000
2022-06-27,0.0,12.991968154907227,0.0,13.553114807867436,12.839792975874413,13.481782806075257,0.0,338262000
2022-06-28,0.0,11.807854652404785,0.0,13.415206200460096,11.774566443595411,13.058545265441381,0.0,373741600
2022-06-29,0.0,11.831629753112793,0.0,12.026605200222342,11.46070302176976,11.784075695171236,0.0,380182200
2022-06-30,0.0,11.4131498336792,0.0,11.836387183093393,10.818714946508408,11.441682454293414,0.0,512407800
2022-07-01,0.0,11.598612785339355,0.0,11.65092334366435,10.985156476862082,11.222930422651151,0.0,417200800
2022-07-05,0.0,12.197802543640137,0.0,12.21206930610867,10.937600884057964,11.132575435950065,0.0,441108000
2022-07-06,0.0,12.430822372436523,0.0,12.706640130507008,12.021851776905878,12.254870149496833,0.0,412245800
2022-07-07,0.0,13.20120906829834,0.0,13.315340449017073,12.540197814830666,12.544952495371142,0.0,275732600
2022-07-08,0.0,13.263029098510742,0.0,13.462759229567354,12.70188249663571,12.835036219685295,0.0,319458400
2022-07-11,0.0,12.41655445098877,0.0,12.968189875417709,12.297667490430197,12.934901671586992,0.0,258448200
2022-07-12,0.0,12.055140495300293,0.0,12.830283240648201,11.845899147124651,12.573487823963488,0.0,319233000
2022-07-13,0.0,11.97905158996582,0.0,12.283401948981487,11.26572975574614,11.337061757760985,0.0,361151000
2022-07-14,0.0,12.102694511413574,0.0,12.212070311570908,11.232441883964677,11.636656876462268,0.0,351647000
2022-07-15,0.0,12.739928245544434,0.0,12.768460864609553,12.273890629957583,12.492643128218448,0.0,308760400
2022-07-18,0.0,12.445087432861328,0.0,13.315339973413732,12.278645501786546,13.129876599749704,0.0,319900400
2022-07-19,0.0,13.534092903137207,0.0,13.610181402197572,12.692373802984285,12.911125403296444,0.0,298643400
2022-07-20,0.0,14.214123725891113,0.0,14.385321227444278,13.524579946813411,13.62920013829842,0.0,377126200
2022-07-21,0.0,14.818073272705078,0.0,14.827584448895099,13.895510044093887,14.271193340278515,0.0,319381800
2022-07-22,0.0,14.042928695678711,0.0,14.994024419968985,13.767110971915953,14.684917583946195,0.0,298800800
2022-07-25,0.0,13.833686828613281,0.0,14.109504541335273,13.510314150173253,14.042928133551335,0.0,220897600
2022-07-26,0.0,12.996723175048828,0.0,13.58640242156678,12.863569445692294,13.548358628469995,0.0,231755600
2022-07-27,0.0,14.618339538574219,0.0,14.860869029987878,13.519824353847445,13.600667517651997,0.0,341919000
2022-07-28,0.0,15.036824226379395,0.0,15.131933257283174,14.038173506158367,14.589808969321298,0.0,324071800
2022-07-29,0.0,15.864275932312012,0.0,16.00218523867819,15.060599843957103,15.279352317874196,0.0,292146400
2022-08-01,0.0,15.840499877929688,0.0,16.368356478985334,15.426771933382637,15.588458278429835,0.0,285283000
2022-08-02,0.0,15.693081855773926,0.0,16.335070842427022,15.31739855172826,15.474330241040274,0.0,325375000
2022-08-03,0.0,16.948524475097656,0.0,17.09594495636912,15.840498967705742,15.954629431727312,0.0,294213800
2022-08-04,0.0,17.19105339050293,0.0,17.248118617550226,16.62515035754182,16.972300027691723,0.0,253567200
2022-08-05,0.0,16.782085418701172,0.0,17.110212808664535,16.239961116122036,16.373113944384638,0.0,283898600
2022-08-08,0.0,16.61088752746582,0.0,17.514429221501,16.377868269001187,16.929503735044538,0.0,267787800
2022-08-09,0.0,16.040225982666016,0.0,16.344576263663637,15.783429752797733,16.30177689201892,0.0,218406000
2022-08-10,0.0,17.357500076293945,0.0,17.424076498663915,16.791598672077757,17.186302525016053,0.0,271554400
2022-08-11,0.0,17.095949172973633,0.0,18.08033328478894,16.96279451334538,17.75220585220766,0.0,273361000
2022-08-12,0.0,18.061309814453125,0.0,18.094598023783707,17.233857448133858,17.405053175803417,0.0,211187000
2022-08-15,0.0,18.49405860900879,0.0,18.584413876233537,17.899623699672834,17.904380194827493,0.0,196308400
2022-08-16,0.0,18.37516975402832,0.0,18.72707598267428,17.84731131809498,18.337126867025923,0.0,220755800
2022-08-17,0.0,17.73793601989746,0.0,18.227751582532743,17.381275100674035,17.83780064190292,0.0,262838400
2022-08-18,0.0,17.85681915283203,0.0,18.05179367418171,17.447847763154442,17.718909858346173,0.0,192140800
2022-08-19,0.0,16.810617446899414,0.0,17.452608196810708,16.67746461613467,17.347987078883403,0.0,224256600
2022-08-22,0.0,15.488593101501465,0.0,16.154360807334925,15.341172617104771,16.11631610914053,0.0,224975400
2022-08-23,0.0,15.436285018920898,0.0,15.859522376677038,15.312643358143792,15.42201916185044,0.0,219509800
2022-08-24,0.0,15.555170059204102,0.0,15.835743369058385,15.265085574464967,15.36019550924239,0.0,187005600
2022-08-25,0.0,16.37311553955078,0.0,16.37787022070715,15.66454831853934,15.8262346889269,0.0,222052600
2022-08-26,0.0,14.380565643310547,0.0,16.520531692035714,14.361544202598413,16.335066522603025,0.0,366276600
2022-08-29,0.0,13.93830680847168,0.0,14.32350120840104,13.771864884592569,13.9573291572741,0.0,248441000
2022-08-30,0.0,13.472270011901855,0.0,14.242657896986072,13.106097964453323,14.166570316611768,0.0,327014800
2022-08-31,0.0,13.224984169006348,0.0,13.981105249571064,13.205962728513793,13.866973885509374,0.0,341030600
2022-09-01,0.0,13.239253044128418,0.0,13.282052425866585,12.373756048153203,12.877836546692556,0.0,397320400
2022-09-02,0.0,12.687617301940918,0.0,13.809910564084504,12.445087779679266,13.619690690677702,0.0,454463000
2022-09-06,0.0,12.39753246307373,0.0,12.849303289171015,12.107447980609019,12.725660737744015,0.0,361083400
2022-09-07,0.0,13.129876136779785,0.0,13.267784538554608,12.41655437764206,12.449842581276137,0.0,331569600
2022-09-08,0.0,13.343873023986816,0.0,13.515070548025246,12.668595009989833,12.854059296709993,0.0,410799800
2022-09-09,0.0,14.190346717834473,0.0,14.275945468729212,13.629200157111596,13.63871133099667,0.0,298735800
2022-09-12,0.0,14.708696365356445,0.0,14.756251335707088,14.35679103601867,14.409100687072323,0.0,273141200
2022-09-13,0.0,12.288156509399414,0.0,13.605424270820038,12.155002784944243,13.429471167326973,0.0,391296600
2022-09-14,0.0,12.56397533416748,0.0,12.682862307084648,12.193047652133101,12.42606601020647,0.0,309291800
2022-09-15,0.0,11.93149471282959,0.0,12.625794085136478,11.722253420927517,12.307177013822029,0.0,393730600
2022-09-16,0.0,11.698476791381836,0.0,11.760297610143805,11.25621716465955,11.513012521024924,0.0,392143600
2022-09-19,0.0,11.97905158996582,0.0,11.998073033886492,11.375105552637942,11.384616728116086,0.0,302692600
2022-09-20,0.0,11.693721771240234,0.0,11.979050664286483,11.4036372908224,11.665189154046274,0.0,322118600
2022-09-21,0.0,11.051732063293457,0.0,12.326200462348968,11.04697647588975,11.798342051999791,0.0,591115200
2022-09-22,0.0,10.642762184143066,0.0,10.989912859449271,10.49534258106194,10.866270289852439,0.0,431084000
2022-09-23,0.0,10.13392448425293,0.0,10.395476347386627,9.72495394782867,10.366942823166957,0.0,561304000
2022-09-26,0.0,9.996016502380371,0.0,10.561917817858198,9.905662152592546,10.062592914310565,0.0,490607800
2022-09-27,0.0,10.00552749633789,0.0,10.628494944357412,9.7487312143392,10.37645424984413,0.0,543921200
2022-09-28,0.0,10.590450286865234,0.0,10.742625445831901,9.83432917209355,10.000771092351652,0.0,512039000
2022-09-29,0.0,9.696420669555664,0.0,10.17196853418573,9.330249503137546,10.133924741296747,0.0,540195600
2022-09-30,0.0,9.18758487701416,0.0,10.029304840519863,9.168563433512961,9.587045167930915,0.0,513197600
2022-10-03,0.0,9.82481861114502,0.0,9.991260541792098,9.206606762496499,9.368293105749599,0.0,447222600
2022-10-04,0.0,10.737872123718262,0.0,10.828226483551848,10.409743801085746,10.414499389186007,0.0,463323600
2022-10-05,0.0,10.737872123718262,0.0,10.93760228875079,9.991262025655331,10.305123583987063,0.0,458399000
2022-10-06,0.0,10.466809272766113,0.0,10.96613419946199,10.424009889673822,10.604717690591336,0.0,475087200
2022-10-07,0.0,9.273183822631836,0.0,9.94370627262852,9.111497468033354,9.929439509445496,0.0,501945200
2022-10-10,0.0,8.983098983764648,0.0,9.325494031037751,8.702525667598337,9.282694650128613,0.0,412999600
2022-10-11,0.0,8.62643814086914,0.0,9.101986014690558,8.436219172747691,8.807146840861208,0.0,529747000
2022-10-12,0.0,8.607417106628418,0.0,8.864212499037267,8.526573927955411,8.66923793406748,0.0,401483800
2022-10-13,0.0,9.182830810546875,0.0,9.330251330520962,7.760942525662243,7.856052480030315,0.0,829507200
2022-10-14,0.0,8.355376243591309,0.0,9.5014465806362,8.303065685681467,9.439625754317344,0.0,670132600
2022-10-17,0.0,9.17807388305664,0.0,9.273183823548305,8.940299938863093,8.945055526591238,0.0,460050800
2022-10-18,0.0,9.40633773803711,0.0,9.986505846389784,9.116253230342956,9.924685018817334,0.0,692553800
2022-10-19,0.0,9.292206764221191,0.0,9.625089762998297,9.040166040846621,9.230385026867207,0.0,519702200
2022-10-20,0.0,9.135272979736328,0.0,9.734463328197597,9.016386027431365,9.192339115938314,0.0,529703000
2022-10-21,0.0,9.782020568847656,0.0,9.839086718340864,8.907012323522965,9.02589930351778,0.0,627458000
2022-10-24,0.0,10.114903450012207,0.0,10.21001248014275,9.41584749802303,9.810552195301957,0.0,549244000
2022-10-25,0.0,10.723604202270508,0.0,10.766403583518837,10.210012534326143,10.214768121913245,0.0,476799600
2022-10-26,0.0,10.01503849029541,0.0,10.699827718232251,9.953217662574636,10.072104637221662,0.0,558931800
2022-10-27,0.0,9.463400840759277,0.0,10.043569725133457,9.401580027147245,9.886638990695532,0.0,513258800
2022-10-28,0.0,10.319388389587402,0.0,10.371698034690121,9.37304739907916,9.392069747869614,0.0,510777200
2022-10-31,0.0,9.962728500366211,0.0,10.162458647281136,9.743976002775769,10.07210429564363,0.0,419122200
2022-11-01,0.0,9.653621673583984,0.0,10.400232612693165,9.610822291500158,10.338410879889592,0.0,430464800
2022-11-02,0.0,8.6549711227417,0.0,9.976993548425686,8.64545994817413,9.644110601880563,0.0,662952600
2022-11-03,0.0,8.155646324157715,0.0,8.536085189338392,8.103336671810046,8.393420274757274,0.0,424463600
2022-11-04,0.0,8.536084175109863,0.0,8.726303131581211,8.012981364537007,8.621682025245322,0.0,764740400
2022-11-07,0.0,8.807147026062012,0.0,8.864212264180647,8.421952587100991,8.635949497634892,0.0,401886800
2022-11-08,0.0,8.997364044189453,0.0,9.330247853384991,8.602659422618666,8.96407584467698,0.0,592112600
2022-11-09,0.0,8.369641304016113,0.0,8.892744055586263,8.336353103767769,8.811900894825099,0.0,431138200
2022-11-10,0.0,10.200501441955566,0.0,10.243300819745574,9.368292729205105,9.582288711119629,0.0,656884800
2022-11-11,0.0,10.780672073364258,0.0,10.856759672876091,10.043573112954979,10.190992723629689,0.0,614268400
2022-11-14,0.0,10.495341300964355,0.0,10.918578613205955,10.376454333971944,10.542896269168436,0.0,428451800
2022-11-15,0.0,10.9185791015625,0.0,11.389372310100978,10.547652328458462,11.246707399107748,0.0,636531400
2022-11-16,0.0,10.476319313049316,0.0,10.73787026401559,10.37645379431102,10.699826472838032,0.0,383358800
2022-11-17,0.0,10.395478248596191,0.0,10.561919301806627,9.94370734321889,9.962729696177632,0.0,426924400
2022-11-18,0.0,10.385963439941406,0.0,10.737868683288557,10.11965694090161,10.72835751013543,0.0,389577000
2022-11-21,0.0,10.072104454040527,0.0,10.36694363786296,9.972238925494748,10.233790809182747,0.0,288222600
2022-11-22,0.0,10.495341300964355,0.0,10.509608063536252,9.905662053526266,10.143435987511088,0.0,292477200
2022-11-23,0.0,10.8092041015625,0.0,10.875781427748223,10.466809922602131,10.485831367915422,0.0,357567000
2022-11-25,0.0,10.585694313049316,0.0,10.699825678104846,10.533383763927235,10.62373810140116,0.0,134753000
2022-11-28,0.0,10.119659423828125,0.0,10.59045172599524,10.015038307545021,10.366943637234513,0.0,262765200
2022-11-29,0.0,9.877128601074219,0.0,10.186234507736485,9.734463708513212,10.138679543549483,0.0,275805400
2022-11-30,0.0,11.20390796661377,0.0,11.246707349017559,9.820063687652906,9.91517362789146,0.0,545469800
2022-12-01,0.0,11.265729904174805,0.0,11.493992676443971,10.942357189942339,11.270485491976533,0.0,411007200
2022-12-02,0.0,11.132575988769531,0.0,11.237196197627275,10.647516925179273,10.676050451533252,0.0,363310000
2022-12-05,0.0,10.571431159973145,0.0,11.032713271575087,10.39547891893725,10.880537159199374,0.0,301980000
2022-12-06,0.0,9.900906562805176,0.0,10.561917815494418,9.74873138869274,10.547651959818618,0.0,339801000
2022-12-07,0.0,9.782020568847656,0.0,10.000773083696666,9.596557170307161,9.777264980803583,0.0,347335800
2022-12-08,0.0,10.129168510437012,0.0,10.224278440136205,9.696420053673158,9.924683703544117,0.0,377840200
2022-12-09,0.0,9.93419361114502,0.0,10.314632409129691,9.87712838102038,10.010281189334858,0.0,354007800
2022-12-12,0.0,10.295612335205078,0.0,10.300367923271812,9.82957558909318,9.943706981587788,0.0,225655000
2022-12-13,0.0,10.618983268737793,0.0,11.522523986548624,10.328898795053298,11.498746957278152,0.0,695385600
2022-12-14,0.0,10.366943359375,0.0,10.932845587170892,10.02454921434927,10.561917916449657,0.0,578911000
2022-12-15,0.0,9.339759826660156,0.0,10.000771979213544,9.201851416755298,9.919928805463947,0.0,428053200
2022-12-16,0.0,9.063941955566406,0.0,9.420602850485203,8.897500023197189,9.263672093002354,0.0,351284200
2022-12-19,0.0,8.688260078430176,0.0,9.097230642830297,8.550350756374645,9.082964786780144,0.0,310533000
2022-12-20,0.0,8.650215148925781,0.0,8.826167335385778,8.402930063432038,8.559860808642396,0.0,345762400
2022-12-21,0.0,9.025897979736328,0.0,9.154296116987805,8.66923709206148,8.75483585022913,0.0,326374600
2022-12-22,0.0,8.384403228759766,0.049,8.723794238198037,7.92550727691785,8.7142336969268,0.0,460900400
2022-12-23,0.0,8.408303260803223,0.0,8.470444952553844,8.045010915875176,8.226656632467522,0.0,330134600
2022-12-27,0.0,8.04979133605957,0.0,8.355721353588917,7.992429001901133,8.346160812605282,0.0,263200600
2022-12-28,0.0,7.724738597869873,0.0,8.221875682637892,7.696057892746542,8.006768114854966,0.0,364869200
2022-12-29,0.0,8.269678115844727,0.0,8.365281699970298,7.9016064139709785,7.96852837581287,0.0,306109800
2022-12-30,0.0,8.269678115844727,0.0,8.269678115844727,7.887265602829138,8.011549897495042,0.0,301941200
2023-01-03,0.0,8.083250999450684,0.0,8.623409624267033,7.872923690830135,8.480004268130797,0.0,359851800
2023-01-04,0.0,8.207533836364746,0.0,8.360498793337715,7.906384191292098,8.28401631485123,0.0,435272800
2023-01-05,0.0,7.820342540740967,0.0,8.054570285977363,7.78210129481958,8.03544920714506,0.0,362504000
2023-01-06,0.0,8.432201385498047,0.0,8.556485646612805,7.696057268732919,7.9589656864898,0.0,466895200
2023-01-09,0.0,8.609066009521484,0.0,9.063180543270105,8.55170370341215,8.642526974859043,0.0,372042800
2023-01-10,0.0,8.83851432800293,0.0,8.83851432800293,8.460882222035988,8.518243622357108,0.0,328723000
2023-01-11,0.0,9.278291702270508,0.0,9.287852242341044,8.852857698307757,8.929340195385482,0.0,302550000
2023-01-12,0.0,9.421696662902832,0.0,9.522080515553927,8.886319154574766,9.330874262579618,0.0,561852600
2023-01-13,0.0,9.608121871948242,0.0,9.641582846381374,9.13010586749055,9.16356684192368,0.0,319566000
2023-01-17,0.0,9.660703659057617,0.0,9.80410901703915,9.469497426825475,9.589001435938469,0.0,279515800
2023-01-18,0.0,9.302191734313965,0.0,9.995315359511187,9.268730757272197,9.837570102211968,0.0,373300200
2023-01-19,0.0,9.010601043701172,0.0,9.230487948039139,8.881536515462926,9.115764226852841,0.0,332741400
2023-01-20,0.0,9.746746063232422,0.0,9.77542768002588,9.06318302928897,9.168347134045302,0.0,322650400
2023-01-23,0.0,10.387287139892578,0.0,10.516351674718845,9.741965377504386,9.823228131460574,0.0,388084200
2023-01-24,0.0,10.32514762878418,0.0,10.454212190683023,10.15306154625239,10.21042387767743,0.0,290013000
2023-01-25,0.0,10.248663902282715,0.0,10.320366124180769,9.55076002684172,9.828009286792556,0.0,436167200
2023-01-26,0.0,10.841401100158691,0.0,10.860521262655999,10.325143948329373,10.621513305110147,0.0,406837800
2023-01-27,0.0,11.152113914489746,0.0,11.386341659172722,10.67409788573023,10.688438694820576,0.0,376822200
2023-01-30,0.0,10.482891082763672,0.0,10.946566277052238,10.444649839025885,10.77926049379573,0.0,347816000
2023-01-31,0.0,10.951345443725586,0.0,10.956125712679349,10.468549220312415,10.487670296127467,0.0,316513800
2023-02-01,0.0,11.65881061553955,0.0,11.926500247315968,10.688438663515493,10.927446677195226,0.0,543277600
2023-02-02,0.0,12.863411903381348,0.0,13.12154100943927,12.308913355267961,12.409296288683866,0.0,535770200
2023-02-03,0.0,12.198968887329102,0.0,12.973354318876245,12.002982394669443,12.050783266640527,0.0,534808400
2023-02-06,0.0,11.888257026672363,0.0,12.165506240013382,11.720951262541407,11.878696488895036,0.0,323632400
2023-02-07,0.0,12.624403953552246,0.0,12.758248777327633,11.730514440291312,11.869138622287903,0.0,519789200
2023-02-08,0.0,11.94561767578125,0.0,12.571818272778101,11.859574664702919,12.45231429333442,0.0,362514400
2023-02-09,0.0,11.625349998474121,0.0,12.47143861184451,11.438924033805245,12.452317532522962,0.0,395196800
2023-02-10,0.0,11.386341094970703,0.0,11.59666839249111,11.099531309577998,11.357660389954384,0.0,367863400
2023-02-13,0.0,11.926499366760254,0.0,11.998201583221622,11.400681593138305,11.539305756731197,0.0,279739800
2023-02-14,0.0,12.184630393981934,0.0,12.304134420103855,11.496286948231523,11.730515641764649,0.0,511474400
2023-02-15,0.0,12.457096099853516,0.0,12.476217176561805,11.878697205574584,11.95995995809857,0.0,275527400
2023-02-16,0.0,11.744853019714355,0.0,12.366274369172597,11.725732853746576,11.869137289606003,0.0,388993000
2023-02-17,0.0,11.491504669189453,0.0,11.582327049506238,11.137772039428333,11.48672439995018,0.0,389804800
2023-02-21,0.0,10.683659553527832,0.0,11.209477423048623,10.654978844061116,11.042171612963374,0.0,300937600
2023-02-22,0.0,10.693218231201172,0.0,10.92266569045239,10.506791372784296,10.731459474409707,0.0,334677400
2023-02-23,0.0,10.960906028747559,0.0,11.104310451004562,10.492450610182065,11.085190286850398,0.0,359540000
2023-02-24,0.0,10.406408309936523,0.0,10.530692576612156,10.205641557882524,10.396847771328442,0.0,345563600
2023-02-27,0.0,10.63107681274414,0.0,10.898765544704494,10.564154857689866,10.745800555012863,0.0,277508800
2023-02-28,0.0,10.57849407196045,0.0,10.860523595380934,10.516352390818076,10.554593635769505,0.0,254631600
2023-03-01,0.0,10.320365905761719,0.0,10.616735326466204,10.21520270998645,10.545033106085647,0.0,308773800
2023-03-02,0.0,10.568934440612793,0.0,10.659756827499276,10.014435933150994,10.043116638918136,0.0,315874600
2023-03-03,0.0,11.214256286621094,0.0,11.24771817655612,10.697998980286116,10.755361308431457,0.0,303353200
2023-03-06,0.0,11.262057304382324,0.0,11.701832084268725,11.233376598143249,11.35766087417019,0.0,303699800
2023-03-07,0.0,10.841401100158691,0.0,11.367218789108165,10.764918626683459,11.262054704272469,0.0,352663000
2023-03-08,0.0,10.989587783813477,0.0,11.061290001812099,10.674097295225007,10.874864052667048,0.0,290985600
2023-03-09,0.0,10.4111909866333,0.0,11.333761293804834,10.320367672341623,11.04695236318834,0.0,393667400
2023-03-10,0.0,9.980975151062012,0.0,10.592836049541189,9.85669177506376,10.430310512628648,0.0,629715200
2023-03-13,0.0,10.19608211517334,0.0,10.588055122803437,9.622462501438457,9.7849880282719,0.0,659081400
2023-03-14,0.0,10.889204978942871,0.0,10.951346658750104,10.47811092074014,10.573714486936227,0.0,434325800
2023-03-15,0.0,11.046950340270996,0.0,11.099531481658905,10.435089516063488,10.59761503324762,0.0,549118800
2023-03-16,0.0,11.921719551086426,0.0,11.96474106494897,10.860523424801249,10.937005913502842,0.0,456714200
2023-03-17,0.0,11.744853019714355,0.0,12.194188316746752,11.520185827069742,11.916939072140202,0.0,403540600
2023-03-20,0.0,11.86913776397705,0.0,11.912159278802944,11.419802448986177,11.67793153794153,0.0,328356000
2023-03-21,0.0,12.371055603027344,0.0,12.428417933116474,11.916940879440226,12.098586586526412,0.0,270290200
2023-03-22,0.0,11.8662109375,0.075,12.962440520880735,11.85178652617085,12.361437138041863,0.0,475836200
2023-03-23,0.0,12.28931713104248,0.0,12.794160531716088,11.962371138314825,12.308549679818649,0.0,392994400
2023-03-24,0.0,12.414326667785645,0.0,12.423942942732126,11.943140200109545,12.231622029094783,0.0,338830200
2023-03-27,0.0,12.159501075744629,0.0,12.625879378125942,12.048915754573917,12.496062425267976,0.0,273591200
2023-03-28,0.0,11.957562446594238,0.0,12.087378466623663,11.678696943067829,12.087378466623663,0.0,236041400
2023-03-29,0.0,12.611454963684082,0.0,12.678767967220084,12.29412524592052,12.385478018324697,0.0,238730600
2023-03-30,0.0,12.952824592590332,0.0,13.02494481193932,12.736463017485024,12.895127866876136,0.0,260300000
2023-03-31,0.0,13.587486267089844,0.0,13.616334176251984,12.938402350061448,12.981674672333908,0.0,254044200
2023-04-03,0.0,13.491325378417969,0.0,13.520174204705494,13.140339578779583,13.308620730556145,0.0,250232600
2023-04-04,0.0,13.356698036193848,0.0,13.66921957736586,13.183608787581164,13.539402640906347,0.0,232180800
2023-04-05,0.0,12.928784370422363,0.0,13.231690586401424,12.697999293429616,13.207649901053193,0.0,258274000
2023-04-06,0.0,13.1884183883667,0.0,13.25092233671711,12.55375896240332,12.7220391760615,0.0,241920600
2023-04-10,0.0,13.15956974029541,0.0,13.164376960078666,12.582606158121411,12.808583087326088,0.0,237057600
2023-04-11,0.0,12.904746055603027,0.0,13.15957184664521,12.83743396316333,13.154763709034022,0.0,208521600
2023-04-12,0.0,12.563376426696777,0.0,13.217268510782201,12.500872467863218,13.145148276110083,0.0,348038600
2023-04-13,0.0,13.284578323364258,0.0,13.33746691432405,12.736463533629609,12.755696081999854,0.0,247523000
2023-04-14,0.0,13.207651138305664,0.0,13.428820878936001,12.837433719845851,13.082642313959553,0.0,285332200
2023-04-17,0.0,13.222073554992676,0.0,13.279770279465579,12.89031945265471,13.14995333719529,0.0,228617800
2023-04-18,0.0,13.231689453125,0.0,13.54901913607576,13.077832748307454,13.496130549897867,0.0,212829800
2023-04-19,0.0,13.202841758728027,0.0,13.337466845449395,12.90474459699565,12.919169008198846,0.0,191850600
2023-04-20,0.0,12.895129203796387,0.0,13.260539392381787,12.726848063163073,12.823008976970234,0.0,273695200
2023-04-21,0.0,12.919169425964355,0.0,13.024945693699804,12.621071337534042,12.83743292728656,0.0,228888000
2023-04-24,0.0,12.842238426208496,0.0,13.063408123540892,12.568181060626104,12.890318874937998,0.0,215290800
2023-04-25,0.0,12.116228103637695,0.0,12.717231463598726,12.101803692857626,12.635494969961691,0.0,276576000
2023-04-26,0.0,12.31816577911377,0.0,12.688383167208654,12.265277187789478,12.510486678849759,0.0,249724600
2023-04-27,0.0,13.31342601776123,0.0,13.380738097236408,12.68838200456921,12.770118494099771,0.0,255631200
2023-04-28,0.0,13.582677841186523,0.0,13.597102253990784,13.140339269499172,13.28938786690927,0.0,261072200
2023-05-01,0.0,13.544214248657227,0.0,13.717303541630008,13.399973782552253,13.52978983522332,0.0,178002600
2023-05-02,0.0,13.183611869812012,0.0,13.568253715479631,12.962442120759258,13.52978953091287,0.0,249312000
2023-05-03,0.0,12.923977851867676,0.0,13.558638268666039,12.899938080567239,13.22207596810896,0.0,340267600
2023-05-04,0.0,12.77973747253418,0.0,13.020138855326064,12.635497009682448,12.875898392474332,0.0,242621600
2023-05-05,0.0,13.563446044921875,0.0,13.68364674046521,12.996099532286497,13.03937185604678,0.0,195603200
2023-05-08,0.0,13.674030303955078,0.0,13.722110761794262,13.375932198998907,13.510557297536929,0.0,151477000
2023-05-09,0.0,13.409586906433105,0.0,13.568251759530774,13.371122727411198,13.457667359475083,0.0,129681400
2023-05-10,0.0,13.842310905456543,0.0,13.952895312212531,13.399972361374171,13.712493949495121,0.0,303102000
2023-05-11,0.0,13.95770263671875,0.0,14.0346309949439,13.698068739915096,13.900005909520704,0.0,194683000
2023-05-12,0.0,13.81346321105957,0.0,14.087520640235452,13.54421391957817,14.029824822018686,0.0,210763400
2023-05-15,0.0,14.025014877319336,0.0,14.063479056860894,13.669220987295331,13.871158159153104,0.0,172935200
2023-05-16,0.0,14.077903747558594,0.0,14.299072555048573,13.924046109279622,13.933662383620508,0.0,159327000
2023-05-17,0.0,14.582747459411621,0.0,14.654867688938078,14.053864247786825,14.20772098199219,0.0,202209200
2023-05-18,0.0,15.366455078125,0.0,15.404920177570727,14.616403063043782,14.616403063043782,0.0,271867600
2023-05-19,0.0,15.260680198669434,0.0,15.50108250685456,15.121247868686442,15.400112528652425,0.0,198058400
2023-05-22,0.0,15.419342994689941,0.0,15.558776222873348,15.227022091211452,15.231830228430717,0.0,166624800
2023-05-23,0.0,14.82314682006836,0.0,15.337605549003092,14.775066367903037,15.174132561876009,0.0,212630000
2023-05-24,0.0,14.582747459411621,0.0,14.76064488149812,14.313498174552233,14.553899551012734,0.0,235945000
2023-05-25,0.0,15.635703086853027,0.0,15.803983288119216,15.231828769697538,15.558774732828965,0.0,261747000
2023-05-26,0.0,16.8184757232666,0.0,16.948292653043463,15.765518627231788,15.775134899894868,0.0,252784400
2023-05-30,0.0,17.054073333740234,0.0,17.631035139527878,16.84732801415682,17.457947698261695,0.0,270612800
2023-05-31,0.0,16.70789337158203,0.0,17.11176770198638,16.539613164795508,16.813670549628814,0.0,210289000
2023-06-01,0.0,17.313705444335938,0.0,17.5156435440241,16.544421812468773,16.703087593232105,0.0,216759200
2023-06-02,0.0,17.703157424926758,0.0,17.881053932056048,17.31370653017856,17.578149514702197,0.0,216505600
2023-06-05,0.0,17.741622924804688,0.0,18.126264773507742,17.57814990984126,17.674308996429268,0.0,206261800
2023-06-06,0.0,17.722387313842773,0.0,17.866627752936832,17.433904601537964,17.640649903415568,0.0,159509000
2023-06-07,0.0,16.8184757232666,0.0,18.05894738505675,16.717507611478975,17.76084843485071,0.0,228485400
2023-06-08,0.0,17.395442962646484,0.0,17.491603875715946,16.804055823327072,16.837711867783856,0.0,188153800
2023-06-09,0.0,17.606996536254883,0.0,18.087799295670713,17.405060257676382,17.635845362101943,0.0,207944000
2023-06-12,0.0,18.50609588623047,0.0,18.515710325769366,17.712770733755235,17.86182022424139,0.0,154857400
2023-06-13,0.0,18.919586181640625,0.0,19.054212189609572,18.424359970012997,18.92920245607532,0.0,266534200
2023-06-14,0.0,19.323463439941406,0.0,19.376352040218368,18.47244228286314,18.919589023601162,0.0,305313000
2023-06-15,0.0,20.00139045715332,0.0,20.236984573863968,18.996512797520097,19.10709902629957,0.0,255874000
2023-06-16,0.0,19.616750717163086,0.0,20.405266888845023,19.544631409236175,20.390843394083007,0.0,224810400
2023-06-20,0.0,19.52058982849121,0.0,19.7513767496526,19.039787105285843,19.37154215813232,0.0,168249800
2023-06-21,0.0,18.738258361816406,0.064,19.39904256851213,18.569445952758237,19.331517604888862,0.0,199266600
2023-06-22,0.0,19.36046028137207,0.0,19.384576082516286,18.444046958468128,18.506747673459547,0.0,210199200
2023-06-23,0.0,18.7864990234375,0.0,19.153064041297082,18.51157480006332,18.72862072375819,0.0,225152400
2023-06-26,0.0,18.043718338012695,0.0,19.133768413512694,18.009955847173167,18.694854192681056,0.0,216900000
2023-06-27,0.0,18.936016082763672,0.0,19.051774509601017,18.135359303551834,18.25594015487842,0.0,195354000
2023-06-28,0.0,19.051774978637695,0.0,19.360461671246494,18.632154120867476,18.65144565921716,0.0,217352600
2023-06-29,0.0,18.921546936035156,0.0,19.080714542666303,18.651445167169165,18.984249493791467,0.0,198266400
2023-06-30,0.0,19.775259017944336,0.0,19.944071468715798,19.432809852140675,19.48586571950248,0.0,184308800
2023-07-03,0.0,19.910310745239258,0.0,20.01160006460744,19.698089096878938,19.871725827318237,0.0,79868000
2023-07-05,0.0,19.895837783813477,0.0,20.180408628136238,19.635382738517894,19.640207002273844,0.0,139007400
2023-07-06,0.0,19.42798614501953,0.0,19.495511127264542,18.95048700490538,19.278467067167803,0.0,170473400
2023-07-07,0.0,19.2302303314209,0.0,19.900659454560337,19.186821158847682,19.384573647255124,0.0,168624800
2023-07-10,0.0,19.244705200195312,0.0,19.345992676847814,18.776850893870193,19.17717837584248,0.0,172013600
2023-07-11,0.0,19.519624710083008,0.0,19.591972101763815,18.955305487402267,19.302578855205798,0.0,162478600
2023-07-12,0.0,20.24311065673828,0.0,20.46980136966262,19.847605675131796,20.175585685232413,0.0,230335400
2023-07-13,0.0,21.251169204711914,0.0,21.395865853584986,20.657911656389917,20.74955243802873,0.0,164773200
2023-07-14,0.0,21.231874465942383,0.0,21.87818784005031,21.087177826348764,21.328339505643996,0.0,186056400
2023-07-17,0.0,21.8203125,0.0,21.97947827308012,21.275286515985847,21.35728061486273,0.0,145525200
2023-07-18,0.0,22.341217041015625,0.0,22.592025399497196,21.37174793373348,21.714197064770467,0.0,196113200
2023-07-19,0.0,22.341217041015625,0.0,22.736722034027995,22.100055370158447,22.53896953752181,0.0,200573800
2023-07-20,0.0,20.773670196533203,0.0,22.042181345654978,20.590386776071398,21.781726249196293,0.0,233862800
2023-07-21,0.0,20.590383529663086,0.0,21.309046144008505,20.50356517786518,21.16434950431786,0.0,205108600
2023-07-24,0.0,20.672382354736328,0.0,20.88942826465077,20.354048966834426,20.730260650740895,0.0,126429200
2023-07-25,0.0,21.087177276611328,0.0,21.35727717283329,20.77849062954763,20.77849062954763,0.0,138199200
2023-07-26,0.0,20.870134353637695,0.0,21.149880977121978,20.469805036683212,20.89425015636461,0.0,205764600
2023-07-27,0.0,20.69167137145996,0.0,22.037352049416985,20.47462550729997,21.757605477768802,0.0,261103200
2023-07-28,0.0,21.8106632232666,0.0,21.98912235370582,21.284930680152044,21.366924769301708,0.0,204487600
2023-07-31,0.0,21.85407066345215,0.0,22.04699889078466,21.617731423066783,21.863717350806397,0.0,159009200
2023-08-01,0.0,21.685260772705078,0.0,21.815488318403073,21.3235182035166,21.60326667351626,0.0,153056600
2023-08-02,0.0,20.267227172851562,0.0,21.07753053945152,20.030887924294266,21.072706275648844,0.0,258044000
2023-08-03,0.0,20.122529983520508,0.0,20.479448218557717,19.79937239458507,19.828312456851936,0.0,201340200
2023-08-04,0.0,19.842782974243164,0.0,20.821898818024675,19.760788885219203,20.445687181481556,0.0,247452800
2023-08-07,0.0,20.334754943847656,0.0,20.354048321877116,19.746319793373722,20.12735572982546,0.0,149792200
2023-08-08,0.0,19.813846588134766,0.0,19.915134062767848,19.29293642159126,19.915134062767848,0.0,188780000
2023-08-09,0.0,19.15306282043457,0.0,19.876547960022137,19.027659539136582,19.85243215668612,0.0,199430600
2023-08-10,0.0,19.239879608154297,0.0,20.13700140213317,18.989071226187903,19.61126883684005,0.0,260554200
2023-08-11,0.0,18.854019165039062,0.0,19.13376574148832,18.6176799222493,18.825079102681897,0.0,201573800
2023-08-14,0.0,19.481042861938477,0.0,19.50515866523038,18.617683488696336,18.728619495691213,0.0,142553600
2023-08-15,0.0,18.88296127319336,0.0,19.45692543941301,18.7527337383534,19.32669790457305,0.0,162553600
2023-08-16,0.0,18.255937576293945,0.0,19.013185068473057,18.241468464952153,18.772023399883086,0.0,190222000
2023-08-17,0.0,17.638566970825195,0.0,18.501926317006323,17.571041987757226,18.448870447476406,0.0,210232800
2023-08-18,0.0,17.556568145751953,0.0,17.754320617155585,17.05977391570493,17.136945566986416,0.0,247002000
2023-08-21,0.0,18.405458450317383,0.0,18.51157017313871,17.706089244292073,17.78326090454826,0.0,191487200
2023-08-22,0.0,18.32346534729004,0.0,18.80096444571609,18.21735361878753,18.7961420216558,0.0,180368000
2023-08-23,0.0,19.186819076538086,0.0,19.350809061804107,18.46333417211457,18.497096653794287,0.0,175454000
2023-08-24,0.0,17.923137664794922,0.0,19.731850434411946,17.89419759811065,19.717381321028697,0.0,232397200
2023-08-25,0.0,18.34758186340332,0.0,18.59839024243077,17.532454171584682,18.053364306468854,0.0,278289400
2023-08-28,0.0,18.75755500793457,0.0,18.892604958750812,18.366874267382563,18.786495071645586,0.0,182641000
2023-08-29,0.0,19.953718185424805,0.0,20.02606743009603,18.661091349384087,18.714147216820624,0.0,187495600
2023-08-30,0.0,20.28652000427246,0.0,20.392629886158012,19.813843359749576,19.982655789965786,0.0,185958200
2023-08-31,0.0,20.469804763793945,0.0,20.730259845575173,20.26722981568707,20.276876504632792,0.0,162242800
2023-09-01,0.0,20.397459030151367,0.0,20.913544971625964,20.13700392700028,20.841195718555795,0.0,165058400
2023-09-05,0.0,20.450511932373047,0.0,20.653086867667533,20.093591823626717,20.243112732951932,0.0,123778600
2023-09-06,0.0,19.910310745239258,0.0,20.373342639716686,19.572685813738268,20.325109192418058,0.0,148058200
2023-09-07,0.0,19.476221084594727,0.0,19.582330990589522,18.993897643053923,19.16753437639548,0.0,168623000
2023-09-08,0.0,19.534099578857422,0.0,19.89101973875105,19.374931958387606,19.442458786413486,0.0,149541600
2023-09-11,0.0,20.199705123901367,0.0,20.30099259941355,19.698088331006065,20.01159928654508,0.0,141712800
2023-09-12,0.0,19.553388595581055,0.0,20.165939456617362,19.485863622539142,19.93924689861878,0.0,155524200
2023-09-13,0.0,19.746320724487305,0.0,20.011600085106807,19.3845781490075,19.57268583378802,0.0,170849400
2023-09-14,0.0,20.209352493286133,0.0,20.37334253341002,19.678795615276915,20.016422384934078,0.0,152379800
2023-09-15,0.0,19.172351837158203,0.0,20.059826813405746,19.018008523021017,19.992301843460407,0.0,179839600
2023-09-18,0.0,19.21576499938965,0.0,19.399048412955224,18.969780866379335,19.018012472093414,0.0,124798200
2023-09-19,0.0,19.100004196166992,0.0,19.210940187375048,18.617680839294923,19.008363420731634,0.0,148741400
2023-09-20,0.0,18.271841049194336,0.0695,19.312489688568764,18.247640304501587,19.249566275248842,0.0,196038400
2023-09-21,0.0,17.231197357177734,0.0,17.802343958624768,17.216677275472826,17.69101902395614,0.0,216821200
2023-09-22,0.0,17.245718002319336,0.0,17.80234263425344,17.192475244830234,17.48772919352517,0.0,188181200
2023-09-25,0.0,17.473201751708984,0.0,17.49256308403046,16.945617447537472,17.09082559355029,0.0,162538400
2023-09-26,0.0,16.69392967224121,0.0,17.173110707589082,16.539040840033433,17.090827804177263,0.0,210679400
2023-09-27,0.0,16.795574188232422,0.0,17.0714667516676,16.27767047466824,16.84881693668457,0.0,256871600
2023-09-28,0.0,17.2021541595459,0.0,17.507086899957045,16.519682743808755,16.645527737984974,0.0,268145800
2023-09-29,0.0,17.240875244140625,0.0,17.908826590732556,17.05210682685129,17.7055380940821,0.0,286858200
2023-10-02,0.0,17.65229606628418,0.0,17.860425828869612,17.173113117299422,17.265076701028356,0.0,236463200
2023-10-03,0.0,16.71813201904297,0.0,17.61357260692902,16.476120849733366,17.284437268956065,0.0,266539000
2023-10-04,0.0,17.395763397216797,0.0,17.51676899030194,16.76653468245381,16.83429751915768,0.0,252759200
2023-10-05,0.0,17.211837768554688,0.0,17.42480696677834,16.69877334316258,17.371564205622683,0.0,218006200
2023-10-06,0.0,18.078229904174805,0.0,18.242797539437152,16.655205184952138,16.771371334830746,0.0,294897400
2023-10-09,0.0,18.344446182250977,0.0,18.43640975591956,17.49256588755809,17.720056962799696,0.0,210966000
2023-10-10,0.0,18.6445369720459,0.0,19.055955138935854,18.320241109976394,18.39768459479327,0.0,216109600
2023-10-11,0.0,19.041440963745117,0.0,19.075322383452935,18.586460580240892,18.847831268501377,0.0,191710800
2023-10-12,0.0,18.818788528442383,0.0,19.38509376288599,18.450930527157123,19.104361774282793,0.0,236509200
2023-10-13,0.0,18.107276916503906,0.0,19.01239823784351,17.894307736894245,18.92043465159364,0.0,259511000
2023-10-16,0.0,18.717144012451172,0.0,18.876872279549552,18.281524990762385,18.30572573978974,0.0,173152200
2023-10-17,0.0,18.538055419921875,0.0,18.78974726055982,17.836222651312045,18.160518582164315,0.0,210387000
2023-10-18,0.0,17.753938674926758,0.0,18.479972147958993,17.584531603112012,18.136316747192733,0.0,263165200
2023-10-19,0.0,17.27959442138672,0.0,18.15567349835604,17.153747604391114,17.981427042082498,0.0,370050400
2023-10-20,0.0,16.500324249267578,0.0,17.279600635111265,16.466442827830807,17.192476452445575,0.0,277722800
2023-10-23,0.0,16.645526885986328,0.0,17.1392298619897,16.001778176114303,16.297030233184284,0.0,263599000
2023-10-24,0.0,17.115026473999023,0.0,17.226351366149338,16.6503655729199,16.892376689698395,0.0,245074600
2023-10-25,0.0,15.861412048339844,0.0,16.785894629019587,15.769448469922013,16.761693881688437,0.0,328363200
2023-10-26,0.0,14.936930656433105,0.0,15.798489885501121,14.748161304069251,15.672644881524429,0.0,374047400
2023-10-27,0.0,15.149897575378418,0.0,15.600038460743082,14.98049050944485,15.28542415132454,0.0,294702200
2023-10-30,0.0,15.638761520385742,0.0,15.82268866900907,15.285424532011847,15.464513193143782,0.0,264305600
2023-10-31,0.0,15.866250991821289,0.0,15.919493742220466,15.295105432118064,15.643601168696197,0.0,222923600
2023-11-01,0.0,16.684249877929688,0.0,16.761693374887006,15.958216401555356,15.972736480235287,0.0,332635600
2023-11-02,0.0,17.570009231567383,0.0,17.608731902082983,17.13439026665824,17.308636744782763,0.0,234134000
2023-11-03,0.0,18.189559936523438,0.0,18.383167759501195,17.72973835655346,17.763619771734533,0.0,228661200
2023-11-06,0.0,18.397687911987305,0.0,18.494492747062367,18.06371316969693,18.300884923310896,0.0,183599600
2023-11-07,0.0,18.91559410095215,0.0,19.055959177531946,18.378329003371352,18.562256164792803,0.0,204502200
2023-11-08,0.0,18.94947624206543,0.0,19.085001912801005,18.600979550003917,18.97367699092553,0.0,187960200
2023-11-09,0.0,18.499332427978516,0.0,19.22052460271658,18.421888935797277,19.041436873247186,0.0,258365200
2023-11-10,0.0,19.733591079711914,0.0,19.76263308489837,18.673582816788873,18.755865728552433,0.0,248927600
2023-11-13,0.0,19.55450439453125,0.0,19.714230815752156,19.239889116952384,19.481900300813418,0.0,180430400
2023-11-14,0.0,20.783916473388672,0.0,20.9484841258881,20.46930309264464,20.556427252579542,0.0,233552400
2023-11-15,0.0,20.842002868652344,0.0,21.19049770197356,20.619351186387544,21.113054200524545,0.0,218432600
2023-11-16,0.0,20.875885009765625,0.0,20.914605838634827,20.488667489079717,20.696795406249382,0.0,178045000
2023-11-17,0.0,20.890403747558594,0.0,21.054971414076284,20.604830498201384,20.754878085625904,0.0,157517000
2023-11-20,0.0,21.635799407958984,0.0,21.756804995423636,20.880723877476033,20.885565134957908,0.0,165655600
2023-11-21,0.0,21.243741989135742,0.0,21.374428253465762,20.953329299334932,21.34054683453563,0.0,148275200
2023-11-22,0.0,21.4905948638916,0.0,21.984296077074966,21.321185919478705,21.572877783955867,0.0,171446400
2023-11-24,0.0,21.384103775024414,0.0,21.5147900078954,21.22437554160485,21.41798518579855,0.0,63975400
2023-11-27,0.0,21.321184158325195,0.0,21.65516076167867,21.18565849110856,21.301822821180323,0.0,121856400
2023-11-28,0.0,21.4905948638916,0.0,21.587397864814527,21.137256894207148,21.20018032192616,0.0,158349000
2023-11-29,0.0,21.413150787353516,0.0,22.134343095654472,21.35990803041878,21.897173164725533,0.0,177523200
2023-11-30,0.0,21.234060287475586,0.0,21.51963355200023,20.735517850545637,21.44219004872569,0.0,186394600
2023-12-01,0.0,21.413150787353516,0.0,21.50995378570885,20.774239550535523,21.0501340043245,0.0,172937600
2023-12-04,0.0,20.803279876708984,0.0,20.846841961008042,20.198251953887997,20.769398460742906,0.0,181143600
2023-12-05,0.0,20.953327178955078,0.0,21.151776261063233,20.454782921835633,20.478985515535552,0.0,167540400
2023-12-06,0.0,20.580631256103516,0.0,21.451871146987543,20.527388500336365,21.432509809181525,0.0,163000600
2023-12-07,0.0,21.442188262939453,0.0,21.558354431375893,20.866202370705235,21.04529011091275,0.0,162755400
2023-12-08,0.0,21.698720932006836,0.0,21.781003838012456,21.098532458277344,21.12757446143151,0.0,181789000
2023-12-11,0.0,22.250507354736328,0.0,22.3037501070674,21.587395425665857,21.621276841440412,0.0,151540000
2023-12-12,0.0,22.787771224975586,0.0,22.797450046338,22.05689650340862,22.255345576512507,0.0,142899400
2023-12-13,0.0,23.591251373291016,0.0,23.75097779693648,22.797453127202417,22.932980647773014,0.0,230081400
2023-12-14,0.0,23.552528381347656,0.0,24.07043216801857,23.01526325679775,23.83810165266703,0.0,202697800
2023-12-15,0.0,23.833263397216797,0.0,24.099475343567413,23.57189086237122,23.688055202481102,0.0,156731000
2023-12-18,0.0,24.331804275512695,0.0,24.491530694295257,23.8961834126534,23.95426742530049,0.0,116436000
2023-12-19,0.0,24.694820404052734,0.0,24.71418174109865,24.375365728390065,24.40440588756021,0.0,120349600
2023-12-20,0.0,23.597583770751953,0.1115,24.92476530509405,23.55869110749445,24.54070860069535,0.0,176165000
2023-12-21,0.0,24.38028335571289,0.0,24.4386205017292,23.792043821407518,24.253884042422374,0.0,149089400
2023-12-22,0.0,24.477510452270508,0.0,24.76433737063147,24.13234638994756,24.599047250652198,0.0,132420000
2023-12-26,0.0,24.924766540527344,0.0,25.041440827074478,24.608770126662186,24.618493292958505,0.0,87371200
2023-12-27,0.0,25.056028366088867,0.0,25.11436551369841,24.803231587108204,24.963659206660566,0.0,111495600
2023-12-28,0.0,24.992826461791992,0.0,25.284514028132325,24.92476615327954,25.240760707730843,0.0,85768200
2023-12-29,0.0,24.647663116455078,0.0,25.046303667332488,24.30735970961953,24.978243356866255,0.0,134245400
2024-01-02,0.0,23.39826774597168,0.0,24.030258802345298,22.98018081274625,23.991366132043122,0.0,176270600
2024-01-03,0.0,22.649593353271484,0.0,23.111433466931178,22.571809891829094,22.931557705561147,0.0,167812200
2024-01-04,0.0,22.270404815673828,0.0,22.834335516689904,22.23151214791194,22.299572461990774,0.0,143735400
2024-01-05,0.0,22.35304832458496,0.0,22.810026030915044,22.105114065337805,22.29471117908641,0.0,170481600
2024-01-08,0.0,23.699676513671875,0.0,23.772599337054178,22.523201154334807,22.552368800084178,0.0,135374200
2024-01-09,0.0,23.855243682861328,0.0,24.020533810080337,23.14546919430507,23.169776184145185,0.0,148431600
2024-01-10,0.0,24.326805114746094,0.0,24.506679050476418,23.743428133061897,23.903855736685077,0.0,147621000
2024-01-11,0.0,24.4434814453125,0.0,24.778924211486128,23.529526013792438,24.526127436436603,0.0,190228400
2024-01-12,0.0,24.47264862060547,0.0,24.783782512794442,24.229575035519797,24.633076222419785,0.0,128214000
2024-01-16,0.0,24.458066940307617,0.0,24.7497545261467,23.98164289436808,24.249023490471313,0.0,145874000
2024-01-17,0.0,24.03511619567871,0.0,24.1080390153424,23.271865262417265,23.85524225621377,0.0,166554600
2024-01-18,0.0,25.065752029418945,0.0,25.14353551260664,24.360838169871684,24.594188619434764,0.0,182140800
2024-01-19,0.0,26.514469146728516,0.0,26.55335995899296,25.328268773340003,25.435221752449966,0.0,186359400
2024-01-22,0.0,26.62141990661621,0.0,27.185350585507873,26.49988310638521,26.937416329018568,0.0,149656600
2024-01-23,0.0,26.937414169311523,0.0,26.971444322287486,26.38806735705005,26.74295456273096,0.0,112172000
2024-01-24,0.0,27.379812240600586,0.0,28.14792576525421,27.282582422295697,27.686085519184395,0.0,179718600
2024-01-25,0.0,27.45759391784668,0.0,27.968048112232744,26.990893046093962,27.83678814433271,0.0,151395200
2024-01-26,0.0,26.952001571655273,0.0,27.413841807767447,26.825604108737323,27.068677722006417,0.0,128382600
2024-01-29,0.0,27.744421005249023,0.0,27.80762066153443,26.903386558160253,27.0346465268279,0.0,115977200
2024-01-30,0.0,27.19021224975586,0.0,27.671496925168377,27.029782788282127,27.559683294976534,0.0,119554400
2024-01-31,0.0,25.59078598022461,0.0,26.728370398782666,25.56161833776429,26.344313700685184,0.0,203451600
2024-02-01,0.0,26.49502182006836,0.0,26.563082129857932,25.722047714807292,25.906784166024952,0.0,162261400
2024-02-02,0.0,27.827064514160156,0.0,28.04096859893552,26.636003590140213,26.82560068758951,0.0,198505000
2024-02-05,0.0,27.68608283996582,0.0,27.914570758191015,27.015199198539374,27.80275712703733,0.0,139947800
2024-02-06,0.0,27.525651931762695,0.0,28.02152226203977,27.049227933144543,27.895124815265266,0.0,140124200
2024-02-07,0.0,28.34724235534668,0.0,28.517393124275603,27.79303301975469,28.045829772523593,0.0,131823400
2024-02-08,0.0,28.46391487121582,0.0,28.629204974129028,28.206257478690944,28.347240595338363,0.0,98922200
2024-02-09,0.0,29.300094604492188,0.0,29.465384741553795,28.54170423659106,28.697271206236742,0.0,110222000
2024-02-12,0.0,28.954927444458008,0.0,29.72303904404122,28.818804969534828,29.270922006788023,0.0,116255000
2024-02-13,0.0,27.5839900970459,0.0,28.133335041104996,26.951997318670184,27.340916522133455,0.0,188933000
2024-02-14,0.0,28.459056854248047,0.0,28.56114731873183,27.64232942936907,28.09930711884721,0.0,156151400
2024-02-15,0.0,28.697267532348633,0.0,28.784774173384605,28.065276567258866,28.590316413474696,0.0,130057200
2024-02-16,0.0,27.909709930419922,0.0,28.784774496085507,27.76386614522638,28.76046750763731,0.0,151933000
2024-02-20,0.0,27.263134002685547,0.0,27.797895144332053,26.519327576462857,27.5062075860711,0.0,163321000
2024-02-21,0.0,26.922832489013672,0.0,26.94227696761471,26.164442188441317,26.723512210943966,0.0,152898600
2024-02-22,0.0,29.251474380493164,0.0,29.46051781232337,28.434748839592054,28.57573010971824,0.0,179279200
2024-02-23,0.0,28.984094619750977,0.0,29.761931227630022,28.789636858659467,29.572334122401458,0.0,140390800
2024-02-26,0.0,28.945205688476562,0.0,29.34870691345266,28.89172919799076,29.139663462192402,0.0,109875400
2024-02-27,0.0,29.125078201293945,0.0,29.21258484422257,28.619484676485087,29.14938518999537,0.0,109399800
2024-02-28,0.0,28.653512954711914,0.0,28.94033985341154,28.46391585895363,28.697266273310305,0.0,123503400
2024-02-29,0.0,29.343849182128906,0.0,29.582060303212835,28.57573561405175,29.207728541509518,0.0,136959800
2024-03-01,0.0,30.690473556518555,0.0,30.875208159088743,29.523719523263953,29.53344268989992,0.0,140959600
2024-03-04,0.0,30.325862884521484,0.0,30.763394252241007,30.291832728849002,30.671026951773467,0.0,120418600
2024-03-05,0.0,28.702129364013672,0.0,29.703591347405343,28.206259028036314,29.703591347405343,0.0,193207000
2024-03-06,0.0,29.232030868530273,0.0,29.86402184062042,28.85283480167271,29.52858094926983,0.0,181677400
2024-03-07,0.0,30.5349063873291,0.0,30.782840644059327,29.611225962874194,29.92235987504718,0.0,142370800
2024-03-08,0.0,29.197999954223633,0.0,31.176616950634223,29.05701682860456,30.588379314849647,0.0,296451200
2024-03-11,0.0,28.85770034790039,0.0,29.110497134231593,28.468782928354134,28.88200733890243,0.0,146770000
2024-03-12,0.0,30.082794189453125,0.0,30.16057768003103,28.663243168275514,29.309819940489405,0.0,170560000
2024-03-13,0.0,29.382732391357422,0.0,29.878602695303588,29.154244497262738,29.86887952999043,0.0,143779800
2024-03-14,0.0,29.1445255279541,0.0,29.703593705169897,28.580594840129578,29.591780069726738,0.0,162480400
2024-03-15,0.0,28.07986068725586,0.0,28.643791349636555,27.851372770574322,28.531977719238284,0.0,140883800
2024-03-18,0.0,28.87228012084961,0.0,29.55774755616218,28.823666145666017,29.110493050059468,0.0,129193800
2024-03-19,0.0,29.07159996032715,0.0,29.15910659797881,28.04096849460166,28.459055351269768,0.0,118810000
2024-03-20,0.0,30.103511810302734,0.1075,30.16693950302506,28.961822647280044,29.30823213772473,0.0,156556000
2024-03-21,0.0,30.49383544921875,0.0,31.201292803879827,30.454802446469664,31.103712158203123,0.0,126541800
2024-03-22,0.0,30.557260513305664,0.0,30.820725814360802,30.201092769312673,30.381615738471673,0.0,91574800
2024-03-25,0.0,30.245004653930664,0.0,30.557261211348273,29.79125626230949,29.996173930166332,0.0,86669400
2024-03-26,0.0,29.962020874023438,0.0,30.742662264662396,29.89859317941031,30.547502847600597,0.0,93986000
2024-03-27,0.0,30.225488662719727,0.0,30.557261725861192,29.62049017663943,30.527986975161912,0.0,111388600
2024-03-28,0.0,30.035205841064453,0.0,30.362098831130886,29.95714170454144,30.19621230837,0.0,87023400
2024-04-01,0.0,30.22060775756836,0.0,30.73290564382856,29.820528815236532,30.21084950760955,0.0,112290600
2024-04-02,0.0,29.410694122314453,0.0,29.47900001663499,28.78618096144548,29.21065463414886,0.0,109672800
2024-04-03,0.0,29.605854034423828,0.0,29.986416491423725,28.97158265235869,28.981340902691503,0.0,111683800
2024-04-04,0.0,28.2104549407959,0.0,30.54750277384788,28.17142380195613,30.420647384927896,0.0,167520400
2024-04-05,0.0,29.20577621459961,0.0,29.727830529970298,28.327554123586978,28.49344066331572,0.0,154897200
2024-04-08,0.0,29.22528839111328,0.0,29.596092557353142,28.93742655186554,29.376536601792026,0.0,89725400
2024-04-09,0.0,29.527793884277344,0.0,29.732711585377594,28.581265808402296,29.669285741434866,0.0,119965000
2024-04-10,0.0,28.75202751159668,0.0,28.922792244412452,28.32755384631463,28.473923883184714,0.0,202080600
2024-04-11,0.0,30.103511810302734,0.0,30.27915658325943,28.6300496008498,29.08379797725599,0.0,146931200
2024-04-12,0.0,28.64957046508789,0.0,29.44484839763046,28.356828511828958,29.21553600795316,0.0,172589800
2024-04-15,0.0,27.21025848388672,0.0,29.38629805588398,27.049250145184008,29.371661610982258,0.0,203656200
2024-04-16,0.0,27.215137481689453,0.0,27.717677152099977,26.95167215970277,27.17122628449234,0.0,163766200
2024-04-17,0.0,26.20517921447754,0.0,27.590819025244627,26.029534443068275,27.58594083101473,0.0,171026400
2024-04-18,0.0,25.736797332763672,0.0,26.61989948473362,25.619700184740484,26.293004598182744,0.0,172781600
2024-04-19,0.0,24.141359329223633,0.0,25.600185230247202,23.83398094798129,25.50748277968427,0.0,250807600
2024-04-22,0.0,24.843935012817383,0.0,25.258652263082883,23.990107679042147,24.580469707189895,0.0,142604800
2024-04-23,0.0,25.951473236083984,0.0,26.1612709743692,25.122042394896138,25.185468233022533,0.0,151835000
2024-04-24,0.0,26.20517921447754,0.0,26.790661165443147,25.7758273968058,26.502799314788145,0.0,144316800
2024-04-25,0.0,25.785581588745117,0.0,25.95146809636789,24.62925609039571,24.834175593315916,0.0,172827200
2024-04-26,0.0,26.9711856842041,0.0,27.259047551435483,26.23445547414192,26.361309004577954,0.0,135994600
2024-04-29,0.0,27.293203353881836,0.0,27.48348646125021,26.77602906658208,27.361511112555572,0.0,102355000
2024-04-30,0.0,25.731918334960938,0.0,27.249289988751393,25.727038279131083,26.980944615184384,0.0,125248600
2024-05-01,0.0,25.175710678100586,0.0,26.736995479647028,25.01470418915024,25.444057928344627,0.0,208076800
2024-05-02,0.0,26.10759735107422,0.0,26.273483865024946,24.980546556205084,25.819735513959596,0.0,124829800
2024-05-03,0.0,27.66400909423828,0.0,27.864048589032407,27.190744151912337,27.483486101667022,0.0,150878000
2024-05-06,0.0,28.571500778198242,0.0,28.591015415675923,27.86892171552064,28.015291733179886,0.0,82530800
2024-05-07,0.0,28.571500778198242,0.0,28.898393755597375,28.434887148679955,28.649564911696224,0.0,93320400
2024-05-08,0.0,28.51783561706543,0.0,28.79593925071125,28.029934244185597,28.05432894059038,0.0,78027200
2024-05-09,0.0,28.67396354675293,0.0,28.786180637759998,28.176303929332878,28.54222995438915,0.0,81439200
2024-05-10,0.0,28.869123458862305,0.0,29.308235440741647,28.561746932742807,28.961825911256856,0.0,92669600
2024-05-13,0.0,29.059404373168945,0.0,29.25944384738274,28.776420703639435,29.235047291516064,0.0,67722000
2024-05-14,0.0,29.600975036621094,0.0,29.713193988861235,28.922792434417513,28.961825437143823,0.0,92952800
2024-05-15,0.0,30.967100143432617,0.0,31.04028423125539,29.791257931598462,30.098634450606912,0.0,130481400
2024-05-16,0.0,30.776817321777344,0.0,31.32326443849243,30.732906126870464,30.913429100956115,0.0,87715200
2024-05-17,0.0,30.708511352539062,0.0,30.913430894391478,30.25964298851302,30.781697302028356,0.0,70099600
2024-05-20,0.0,31.3427791595459,0.0,31.48427098634694,30.713387883202554,30.747540826058557,0.0,74539000
2024-05-21,0.0,31.5037899017334,0.0,31.552579292070927,30.908549661396673,30.952460857178824,0.0,62314000
2024-05-22,0.0,31.484270095825195,0.0,31.713584300968684,30.94269935843272,31.562336090083186,0.0,80039400
2024-05-23,0.0,31.015892028808594,0.0,32.45032334428513,30.640207725288363,32.44544328798702,0.0,130877800
2024-05-24,0.0,31.88434410095215,0.0,32.14781120741767,31.1964034526447,31.34765350143686,0.0,82558000
2024-05-28,0.0,32.23076629638672,0.0,32.250282799681464,31.616013193367912,32.13318750230537,0.0,83186400
2024-05-29,0.0,31.557456970214844,0.0,31.928263009148104,31.323262702890784,31.342779202033753,0.0,79282200
2024-05-30,0.0,30.542621612548828,0.0,31.372056082516494,30.24500337343276,31.347659527779467,0.0,84703600
2024-05-31,0.0,30.50847053527832,0.0,30.684115317430937,28.766662880924773,30.542623480564004,0.0,143746400
2024-06-03,0.0,30.806089401245117,0.0,31.298870782381233,29.742464362518923,31.09395125780305,0.0,111435000
2024-06-04,0.0,31.035404205322266,0.0,31.289111261573264,30.38161634222341,30.737784093294266,0.0,88491800
2024-06-05,0.0,32.908939361572266,0.0,32.923579526565035,31.54281803116004,31.772132224959826,0.0,104871400
2024-06-06,0.0,32.86992263793945,0.0,33.11874970194491,32.61621179468057,33.05044379546584,0.0,73031200
2024-06-07,0.0,32.74794006347656,0.0,33.33830025229807,32.50398938764659,32.74794006347656,0.0,89943400
2024-06-10,0.0,33.09435272216797,0.0,33.206567959176624,32.43568657929758,32.48935230848068,0.0,72041800
2024-06-11,0.0,33.77740478515625,0.0,33.82131411040127,32.52349873603699,32.845511621673715,0.0,71386800
2024-06-12,0.0,35.109378814697266,0.0,35.62655302677077,34.504382215442256,34.64587404603422,0.0,124402600
2024-06-13,0.0,35.67046356201172,0.0,36.0510259721204,35.163045774402995,35.89489770842475,0.0,87285000
2024-06-14,0.0,36.18764114379883,0.0,36.20715764389675,35.485065752232614,35.592400919183504,0.0,71555000
2024-06-17,0.0,37.500099182128906,0.0,37.919694653489486,35.94369263784043,36.241312768047166,0.0,93354600
2024-06-18,0.0,37.519615173339844,0.0,37.680623514848165,37.10977609699065,37.48546222717674,0.0,66433200
2024-06-20,0.0,36.636512756347656,0.0,37.89042287366824,36.21204093901829,37.792840364449,0.0,105455000
2024-06-21,0.0,36.29985809326172,0.0,36.851185231750826,35.96808505461911,36.54380874748742,0.0,77341800
2024-06-24,0.0,35.07034683227539,0.0,36.41207551165665,35.03131755425661,36.016876619077,0.0,93754600
2024-06-25,0.0,36.241310119628906,0.0,36.31449606345138,35.30942051695739,35.51433818174693,0.0,77675000
2024-06-26,0.0,36.468074798583984,0.1415,36.585617911061306,35.95382134610308,36.04687459752638,0.0,72549600
2024-06-27,0.0,36.732547760009766,0.0,37.07538337778533,36.20359817547491,36.399505844187225,0.0,74115400
2024-06-28,0.0,36.15462875366211,0.0,37.97166533087764,35.97341347330704,36.87458741827422,0.0,107803000
2024-07-01,0.0,36.74724197387695,0.0,36.87458252524615,35.468948950539996,36.32114679051675,0.0,86557400
2024-07-02,0.0,37.873714447021484,0.0,37.89820057537283,36.360331217666335,36.384821082646454,0.0,74950200
2024-07-03,0.0,38.80426788330078,0.0,38.843446430553236,37.68759521247019,37.68759521247019,0.0,56150400
2024-07-05,0.0,39.979705810546875,0.0,40.08745522102849,38.90221917898704,38.97078630627022,0.0,79624600
2024-07-08,0.0,40.244178771972656,0.0,40.391110458915804,39.80828616710347,40.06786224229208,0.0,73365600
2024-07-09,0.0,40.332332611083984,0.0,40.89066698159624,39.97480460825071,40.61149979634011,0.0,72033600
2024-07-10,0.0,41.59593963623047,0.0,41.728175171690495,40.48906442018663,40.807413933159246,0.0,77554800
2024-07-11,0.0,38.863033294677734,0.0,41.65960404199555,38.5446838122885,41.61552677995271,0.0,149329000
2024-07-12,0.0,39.49483871459961,0.0,40.621305111670566,38.83855226068456,38.941402955553556,0.0,101019800
2024-07-15,0.0,39.788700103759766,0.0,40.95434883613058,39.294037750292844,39.90134824300806,0.0,109900400
2024-07-16,0.0,39.818084716796875,0.0,40.33233816219089,39.05404515465301,40.131535503502214,0.0,83637600
2024-07-17,0.0,36.316246032714844,0.0,37.991249301480856,36.28685745381561,37.873706195767795,0.0,142840000
2024-07-18,0.0,35.77260208129883,0.0,37.18313048286478,35.04284989051974,37.12925578388501,0.0,131678400
2024-07-19,0.0,34.80286407470703,0.0,36.22808874947265,34.49921073201354,35.655061889910996,0.0,118249600
2024-07-22,0.0,36.32114791870117,0.0,36.551335430942125,35.322022091459445,36.07136552773367,0.0,112808600
2024-07-23,0.0,35.9293327331543,0.0,36.79621928980906,35.8215833193787,36.110547996015825,0.0,87127000
2024-07-24,0.0,32.05527114868164,0.0,34.46982430244977,31.85936720051547,34.39636219020161,0.0,159575200
2024-07-25,0.0,30.987577438354492,0.0,32.9809283407843,30.429243012705328,32.10914314061729,0.0,188128000
2024-07-26,0.0,31.87405776977539,0.0,32.49116189655069,31.237358765368782,31.834875487768937,0.0,137407000
2024-07-29,0.0,32.060176849365234,0.0,32.907476182530715,31.5997942503458,32.456887288400814,0.0,115640800
2024-07-30,0.0,30.752492904663086,0.0,32.61360662595754,30.042329860804543,32.461779940464375,0.0,143063600
2024-07-31,0.0,33.44131851196289,0.0,33.79395164876716,32.51075967575803,32.804623114180814,0.0,173408400
2024-08-01,0.0,31.031658172607422,0.0,34.391462338542496,30.218644483604123,33.58824422028792,0.0,210693200
2024-08-02,0.0,28.768930435180664,0.0,29.738669411425334,27.916734558188388,29.21461857883322,0.0,209844000
2024-08-05,0.0,26.261322021484375,0.0,27.520023829118355,23.900643792265583,24.16022173091462,0.0,287924400
2024-08-06,0.0,26.917613983154297,0.0,28.284065382496284,26.02623752662561,26.51110804095524,0.0,192909400
2024-08-07,0.0,26.050724029541016,0.0,28.656286117627182,25.95766890793584,28.19590549260782,0.0,182751600
2024-08-08,0.0,28.435890197753906,0.0,28.57792129527063,26.452331132022774,27.15759724190548,0.0,152879200
2024-08-09,0.0,28.82280731201172,0.0,29.155849253836227,27.91673847718318,28.132235434940277,0.0,125592400
2024-08-12,0.0,29.018712997436523,0.0,29.581946148931785,28.460378565276848,29.00891742707937,0.0,108972600
2024-08-13,0.0,31.129615783691406,0.0,31.203079770737194,29.8268346092811,29.85621945677369,0.0,108962800
2024-08-14,0.0,31.18348503112793,0.0,31.658559939497017,30.301904210032564,31.340212295711687,0.0,124710600
2024-08-15,0.0,33.52947235107422,0.0,33.61273190382928,32.31974639804731,32.38831352815481,0.0,106424800
2024-08-16,0.0,33.61762619018555,0.0,33.92128325249354,32.90746512059983,33.1180652029076,0.0,89675200
2024-08-19,0.0,34.920406341552734,0.0,34.94489246202143,33.250298229206635,33.63721480423662,0.0,91599800
2024-08-20,0.0,34.70491409301758,0.0,35.292633407749626,34.32779114781809,34.724505235059084,0.0,97859000
2024-08-21,0.0,35.179988861083984,0.0,35.5864966492901,34.48941511943541,34.86163934337283,0.0,103000800
2024-08-22,0.0,33.49028396606445,0.0,35.83137461269622,33.26499147437239,35.684442939727305,0.0,127496400
2024-08-23,0.0,34.54328918457031,0.0,35.12611350294967,33.549062102601894,34.3816650688911,0.0,128753200
2024-08-26,0.0,33.52947235107422,0.0,34.611857746775044,33.07398856585818,34.41595005934146,0.0,84981400
2024-08-27,0.0,33.81353759765625,0.0,34.03883012563195,32.74094592747284,33.171943578059626,0.0,71532600
2024-08-28,0.0,32.66748046875,0.0,33.852720285370594,31.91324204448459,33.695994884186725,0.0,118625800
2024-08-29,0.0,32.49606704711914,0.0,34.00455157325279,32.22179849205077,33.03481045313007,0.0,120033600
2024-08-30,0.0,33.602935791015625,0.0,33.730276339209134,32.41280106574862,33.36295085285053,0.0,92946800
2024-09-03,0.0,30.5369930267334,0.0,32.971137314362544,30.017840839928347,32.94175246956325,0.0,147572600
2024-09-04,0.0,30.277416229248047,0.0,31.03655521804083,29.704389349217486,29.895398309227673,0.0,96798400
2024-09-05,0.0,30.375370025634766,0.0,31.207974860156067,29.738672870405804,29.944374252180076,0.0,110171600
2024-09-06,0.0,27.911840438842773,0.0,30.35088147261293,27.779603038008275,30.17456493816693,0.0,169904600
2024-09-09,0.0,28.950145721435547,0.0,29.13625782061747,28.083257366670544,28.685670928121343,0.0,110835000
2024-09-10,0.0,29.728879928588867,0.0,29.83662748024528,28.504461495519426,29.278292973695898,0.0,91582400
2024-09-11,0.0,31.624279022216797,0.0,31.810389278164795,28.293861270319216,29.96396793208092,0.0,163475200
2024-09-12,0.0,32.55973815917969,0.0,32.76054084867151,31.29123865936361,31.653665486470192,0.0,109802600
2024-09-13,0.0,32.985836029052734,0.0,33.240517187989866,32.349140604967886,32.398116601185336,0.0,87966600
2024-09-16,0.0,32.54503631591797,0.0,32.67237686301277,31.849567631203687,32.53034389445089,0.0,82331000
2024-09-17,0.0,32.56462478637695,0.0,33.43151494812837,32.06506381432102,33.15724273559759,0.0,103114400
2024-09-18,0.0,32.13853073120117,0.0,33.6763997140766,32.02588261102908,32.82420194397784,0.0,166396200
2024-09-19,0.0,34.56777572631836,0.0,35.16529240935908,33.99474890207549,34.43064148495711,0.0,114801400
2024-09-20,0.0,34.347381591796875,0.0,34.61675511860758,33.45600519847989,34.35717903093264,0.0,96759600
2024-09-23,0.0,34.60206604003906,0.0,34.84694972930101,34.3033076402092,34.587373616543914,0.0,69837000
2024-09-24,0.0,35.09183120727539,0.0,35.30732629933921,33.98005723557182,34.910615943454424,0.0,81259600
2024-09-25,0.0,35.214664459228516,0.115,35.617566856991054,34.91494397140573,34.95425243671465,0.0,64724800
2024-09-26,0.0,35.96150588989258,0.0,36.88523221926245,35.17044092882443,36.81152979302321,0.0,107003200
2024-09-27,0.0,35.3424186706543,0.0,36.192446512764356,35.077092125984024,36.172792278122635,0.0,82930600
2024-09-30,0.0,35.6175651550293,0.0,35.68144234526937,34.482560451265975,35.11148087150992,0.0,85862800
2024-10-01,0.0,34.109134674072266,0.0,35.58808268533652,33.2640215247784,35.514380259775116,0.0,134760200
2024-10-02,0.0,34.23689270019531,0.0,34.65944936623657,33.34756015240848,33.907692709967925,0.0,79119400
2024-10-03,0.0,34.15827178955078,0.0,34.792106714882976,33.603053792319386,33.770112890202846,0.0,97749400
2024-10-04,0.0,35.36206817626953,0.0,35.45542484116747,34.28602240267398,35.37680791311416,0.0,110700400
2024-10-07,0.0,34.19757843017578,0.0,35.1704422459117,33.93225193497507,34.91003024562062,0.0,82403400
2024-10-08,0.0,35.68144226074219,0.0,35.85832659709944,34.54643381100623,34.71840740094235,0.0,77914000
2024-10-09,0.0,36.54130172729492,0.0,36.669048632913636,35.406293075304845,35.63231115677879,0.0,78696200
2024-10-10,0.0,36.41354751586914,0.0,36.82627516815665,35.730578842206455,36.025384843649206,0.0,86060600
2024-10-11,0.0,36.506900787353516,0.0,36.75257305712397,35.81901768226398,35.95167905852904,0.0,70735200
2024-10-14,0.0,37.440452575683594,0.0,37.74508754103622,36.95402252905685,37.067033423051626,0.0,67691200
2024-10-15,0.0,35.94676971435547,0.0,37.66156117461739,35.44559616522398,37.514156307540716,0.0,106307600
2024-10-16,0.0,35.927120208740234,0.0,36.10891532023541,35.214668255688125,35.986079164398355,0.0,70784200
2024-10-17,0.0,36.03520965576172,0.0,37.14564945489025,35.99099044297095,37.13582421271285,0.0,97697800
2024-10-18,0.0,36.673954010009766,0.0,36.92454076030543,36.42336725971409,36.58551184806195,0.0,64151600
2024-10-21,0.0,36.87540817260742,0.0,37.05720324806866,35.956592559548035,36.388974392872974,0.0,74995800
2024-10-22,0.0,36.98350524902344,0.0,37.317619716638774,36.09417275009422,36.266142605044394,0.0,76308000
2024-10-23,0.0,35.27362060546875,0.0,36.59042395944203,34.53168939238082,36.44301911624332,0.0,118172200
2024-10-24,0.0,36.11383056640625,0.0,36.261235455938035,35.494735278499626,36.074522096042834,0.0,78612800
2024-10-25,0.0,36.72309494018555,0.0,37.833534803524714,36.551125077174625,36.70344070603261,0.0,114826000
2024-10-28,0.0,36.757484436035156,0.0,37.43554231141342,36.683785752764834,37.43554231141342,0.0,69162200
2024-10-29,0.0,37.77456283569336,0.0,38.05954353801796,36.39388602589384,36.81644258488247,0.0,78545200
2024-10-30,0.0,36.93436813354492,0.0,37.82370429910576,36.82136098871331,37.61242599717998,0.0,80473200
2024-10-31,0.0,34.123878479003906,0.0,36.03029778695158,34.11405323713248,36.02046879641862,0.0,138905200
2024-11-01,0.0,34.85106658935547,0.0,35.55368939555956,34.37937630492394,34.43342450145204,0.0,96678800
2024-11-04,0.0,34.52678298950195,0.0,35.258889133991396,34.15336379689798,34.70858183889777,0.0,82214400
2024-11-05,0.0,35.83867263793945,0.0,35.98607375358371,34.84615454875894,34.86089428545722,0.0,79352600
2024-11-06,0.0,38.7474365234375,0.0,38.924320884203844,37.435547304972,37.666479873120394,0.0,118794200
2024-11-07,0.0,40.56049346923828,0.0,40.74720304580758,39.356697091320136,39.386180312949975,0.0,99545200
2024-11-08,0.0,40.65876388549805,0.0,40.83564823371459,40.246036238767196,40.39835185858525,0.0,70060000
2024-11-11,0.0,40.58505630493164,0.0,40.99287315322256,39.88734799132191,40.94373945131476,0.0,70806000
2024-11-12,0.0,40.363956451416016,0.0,40.76685884164461,39.62693960963238,40.55558053038684,0.0,68286000
2024-11-13,0.0,40.18707275390625,0.0,40.825818444497635,39.64167998234791,40.22146672379454,0.0,74989000
2024-11-14,0.0,39.337039947509766,0.0,40.30498922403486,39.12085091397732,40.08879644184133,0.0,77651400
2024-11-15,0.0,36.49215316772461,0.0,38.05462877638238,36.01063767278067,37.96618661933908,0.0,120601600
2024-11-18,0.0,37.22917556762695,0.0,37.70578038940734,36.511812961680725,36.81644793762837,0.0,77551200
2024-11-19,0.0,37.97602462768555,0.0,38.103775273458346,36.56586427453916,36.62974147175647,0.0,80088200
2024-11-20,0.0,37.93179702758789,0.0,37.97601998553732,36.41354419678223,37.90723204975941,0.0,101260600
2024-11-21,0.0,38.30522918701172,0.0,38.75726537386309,36.6346565957542,38.59512448528662,0.0,109865600
2024-11-22,0.0,38.447715759277344,0.0,38.62460011889349,37.77457229359025,38.14799524707565,0.0,79934800
2024-11-25,0.0,38.624603271484375,0.0,39.73504323111865,38.09886464545322,39.38618897914117,0.0,91515800
2024-11-26,0.0,39.22404479980469,0.0,39.430408655707026,38.762179623455644,38.958718235646444,0.0,69747200
2024-11-27,0.0,38.2757453918457,0.0,38.96853933400984,37.50433451370337,38.95871409134348,0.0,78463600
2024-11-29,0.0,39.25351333618164,0.0,39.39108920176199,38.25117006724614,38.38874593282649,0.0,40865800
2024-12-02,0.0,40.52609634399414,0.0,40.75702511202541,39.45005068053878,39.543407335881064,0.0,73638200
2024-12-03,0.0,40.88477325439453,0.0,40.943735940825164,40.059314387669914,40.19197949497362,0.0,84810800
2024-12-04,0.0,42.37846374511719,0.0,42.437426435497954,41.5235253522321,41.700409674713306,0.0,69992600
2024-12-05,0.0,42.02961349487305,0.0,42.570091753201744,41.93134233511964,42.378467677509406,0.0,54020400
2024-12-06,0.0,43.110572814941406,0.0,43.174450010100315,42.11805840318974,42.147537878702046,0.0,62740600
2024-12-09,0.0,42.10331344604492,0.0,43.071262757763876,41.80359298661942,42.86980970363867,0.0,69577600
2024-12-10,0.0,41.6463623046875,0.0,42.805935664537294,41.29750814750591,42.3784645852894,0.0,71541600
2024-12-11,0.0,43.872154235839844,0.0,44.03429883301414,42.58974469211827,42.68801210022682,0.0,74897800
2024-12-12,0.0,43.002471923828125,0.0,43.61665259072197,42.884550285409674,43.30219238916523,0.0,66348400
2024-12-13,0.0,43.926204681396484,0.0,44.599344333554896,43.164619109291166,43.93602992324529,0.0,79663600
2024-12-16,0.0,45.8375358581543,0.0,46.08320814568948,44.55021172195175,44.57478045016991,0.0,69967600
2024-12-17,0.0,45.22335433959961,0.0,45.650825461869736,44.79588321732948,45.36584471368965,0.0,69168200
2024-12-18,0.0,40.33447265625,0.0,45.48376523384677,39.941399262073915,45.031729143646615,0.0,134849200
2024-12-19,0.0,39.76451873779297,0.0,41.53335855294689,39.67607655960218,41.40560790696869,0.0,113317600
2024-12-20,0.0,40.79633712768555,0.0,42.186843095035535,38.57054693010361,38.845698676784934,0.0,145241000
2024-12-23,0.0,41.93264389038086,0.1375,42.02137994626772,40.34032947117284,41.13895021303667,0.0,83645800
2024-12-24,0.0,43.59891891479492,0.0,43.618638460525936,42.218580802574195,42.37140258059108,0.0,48139600
2024-12-26,0.0,43.50525665283203,0.0,43.91442880787288,42.68691234275034,43.194682236962024,0.0,59062000
2024-12-27,0.0,41.7354621887207,0.0,42.686904816411335,40.56217374673061,42.578452964123855,0.0,102139000
2024-12-30,0.0,40.05934143066406,0.0,40.94669842429542,39.14733406452123,40.029760231426536,0.0,102844000
2024-12-31,0.0,39.00929260253906,0.0,40.50301698882553,38.78745432080614,40.325544858991854,0.0,105177600
2025-01-02,0.0,38.7628059387207,0.0,40.23188003075282,37.72755430235584,39.70439444034529,0.0,141370600
2025-01-03,0.0,40.621334075927734,0.0,40.8727535755833,39.25085765537787,39.433256866341665,0.0,92431600
2025-01-06,0.0,42.0066032409668,0.0,42.815085865266504,41.424889766300524,41.88828971966219,0.0,92050000
2025-01-07,0.0,39.74383544921875,0.0,42.341824437861476,39.29522425382165,42.258019190738516,0.0,111021000
2025-01-08,0.0,39.77341079711914,0.0,40.133285899855515,38.66914264040894,39.714252164018795,0.0,96021200
2025-01-10,0.0,37.875450134277344,0.0,38.85647399292908,37.08668713834834,38.84661610096937,0.0,145651600
2025-01-13,0.0,37.48106384277344,0.0,37.56486908183295,36.15495369069727,36.50497088652156,0.0,113382000
2025-01-14,0.0,37.34796142578125,0.0,38.48180696289506,36.57398721264244,38.19588298639056,0.0,125271000
2025-01-15,0.0,39.87200164794922,0.0,40.1628602032751,38.74801403453959,39.098027457233414,0.0,106919200
2025-01-16,0.0,39.058597564697266,0.0,40.44879355795629,39.043805084679825,40.42907401238511,0.0,93055400
2025-01-17,0.0,40.98613357543945,0.0,41.38051693099415,40.34526156294268,41.25727260252311,0.0,87352200
2025-01-21,0.0,41.666439056396484,0.0,41.977017157408426,40.58682134469847,41.6319307964083,0.0,83451800
2025-01-22,0.0,43.283409118652344,0.0,43.83061423106536,42.746061897500816,42.81014759349646,0.0,86265400
2025-01-23,0.0,43.54961395263672,0.0,43.56933349645813,42.529151066869034,42.662257047383925,0.0,60481000
2025-01-24,0.0,42.765785217285156,0.0,43.791179010466074,42.40098303050455,43.59398731775917,0.0,72479200
2025-01-27,0.0,39.014225006103516,0.0,39.94595184484275,38.047989905230175,38.24518158647582,0.0,161821600
2025-01-28,0.0,40.74457550048828,0.0,41.00092204727916,38.45223025244572,39.23113530638163,0.0,101033400
2025-01-29,0.0,40.49315643310547,0.0,40.907259334304094,39.56636043307949,40.87275107263075,0.0,118481200
2025-01-30,0.0,41.00092697143555,0.0,41.70095393435831,39.862150449982394,41.1488216869235,0.0,115171000
2025-01-31,0.0,40.779083251953125,0.0,42.93339166666114,40.512875056045736,41.86363181798914,0.0,118146600
2025-02-03,0.0,39.79313278198242,0.0,40.41921236927127,38.12686691142381,38.71351116867906,0.0,153257000
2025-02-04,0.0,41.23755645751953,0.0,41.380520341663534,39.79806348500018,39.886799559257874,0.0,84634600
2025-02-05,0.0,41.77489471435547,0.0,41.81433380042481,40.30582448889588,40.5966792861412,0.0,79694800
2025-02-06,0.0,42.40098190307617,0.0,42.46013677653224,41.5037632981793,41.88335419362395,0.0,76431000
2025-02-07,0.0,40.784019470214844,0.0,42.98269808882303,40.59668566252072,42.52422898433198,0.0,110870400
2025-02-10,0.0,42.21857833862305,0.0,42.494644440507976,41.65658448200384,41.769970923060036,0.0,65594200
2025-02-11,0.0,41.9178581237793,0.0,42.39111586810001,41.41502294578798,41.444600379458585,0.0,62602800
2025-02-12,0.0,42.00166320800781,0.0,42.20378570034111,40.47343437562335,40.562170437432414,0.0,96986600
2025-02-13,0.0,43.77145767211914,0.0,43.855262915723166,42.18900089089655,42.386192575526096,0.0,92920200
2025-02-14,0.0,44.284156799316406,0.0,44.456698121720585,43.677792996446016,43.78131778988852,0.0,76057400
2025-02-18,0.0,44.560218811035156,0.0,44.737690943767674,43.75173632241742,44.67853231248404,0.0,68825200
2025-02-19,0.0,44.56515121459961,0.0,44.92009549262759,43.83554311408449,44.36795953112645,0.0,68515800
2025-02-20,0.0,44.02288055419922,0.0,44.481349657793686,42.83480328962476,44.39261358093286,0.0,80266000
2025-02-21,0.0,41.26713562011719,0.0,44.26443896352667,41.148822103201226,44.254577309797654,0.0,118627200
2025-02-24,0.0,39.783267974853516,0.0,41.927722312558174,39.68467401590734,41.65658328377851,0.0,106467400
2025-02-25,0.0,38.26490020751953,0.0,39.62551487693901,37.357820000121485,39.60086826807699,0.0,151194400
2025-02-26,0.0,38.51138687133789,0.0,39.66002108732983,37.80642920310272,38.73815597118105,0.0,126351400
2025-02-27,0.0,35.31689453125,0.0,39.52199042469927,35.238020116663876,39.30015213748747,0.0,206751000
2025-02-28,0.0,36.93385696411133,0.0,37.05710128427543,34.54784873107093,35.228156024374265,0.0,186358000
2025-03-03,0.0,34.547847747802734,0.0,37.98389989796328,33.73936533142591,37.648675206213035,0.0,183891600
2025-03-04,0.0,34.16825866699219,0.0,35.87395983378092,32.54143568094494,33.897123383210314,0.0,261673800
2025-03-05,0.0,35.49930191040039,0.0,35.834526676634,33.27104206393026,34.28657801638087,0.0,201266600
2025-03-06,0.0,32.55622482299805,0.0,34.7549033646623,32.1273331721548,33.71472084959638,0.0,245645400
2025-03-07,0.0,33.231597900390625,0.0,33.52738349525253,31.00333864612063,32.31958698798273,0.0,270354600
2025-03-10,0.0,29.484975814819336,0.0,31.644217122242743,28.53352938422096,31.55055022271109,0.0,312271600
2025-03-11,0.0,29.139890670776367,0.0,30.490647520107586,28.2821092775444,29.28285454974158,0.0,278978600
2025-03-12,0.0,30.135705947875977,0.0,30.889960691992922,29.164539966087183,30.535016398027608,0.0,283837200
2025-03-13,0.0,28.489160537719727,0.0,29.997669973793894,28.119427537809894,29.973021483245095,0.0,242454600
2025-03-14,0.0,30.510366439819336,0.0,30.677978806071614,29.332150930233876,29.43567571747695,0.0,198217000
2025-03-17,0.0,31.101940155029297,0.0,31.68858250695441,30.145564801679946,30.505438030732424,0.0,180300800
2025-03-18,0.0,29.534271240234375,0.0,30.4561383043956,29.090590898895154,30.45120935862927,0.0,175652400
2025-03-19,0.0,30.68290901184082,0.0,31.50618022787322,29.54905967924261,29.913863720963285,0.0,185186400
2025-03-20,0.0,30.367403030395508,0.0,31.368148297466682,29.761041135078504,29.904005013311426,0.0,176818200
2025-03-21,0.0,30.65333366394043,0.0,30.771647182123992,29.12017370999573,29.34694285364711,0.0,160982000
2025-03-24,0.0,32.6005859375,0.0,32.7977776003028,31.954786908910997,32.07310040214542,0.0,126823000
2025-03-25,0.0,33.182308197021484,0.0,33.21188939912321,32.58087515624811,32.7731398059923,0.0,111139400
2025-03-26,0.0,31.337085723876953,0.099,33.1219828072134,31.03053667226366,32.94893244429259,0.0,157006400
2025-03-27,0.0,30.8031005859375,0.0,31.757355991455356,30.53116347472022,30.951429747864413,0.0,144736000
2025-03-28,0.0,28.350717544555664,0.0,30.56082814265014,28.167778319202718,30.427331339465827,0.0,207264200
2025-03-31,0.0,28.330942153930664,0.0,28.494105555515052,26.22466348673761,27.05530907309456,0.0,213709000
2025-04-01,0.0,28.98358917236328,0.0,29.16653028111425,27.500293895982864,28.024392239302635,0.0,194196400
2025-04-02,0.0,29.631296157836914,0.0,30.259224732723535,27.732678083616015,27.78212050622448,0.0,246174800
2025-04-03,0.0,24.869918823242188,0.0,26.61526433596707,24.77597746152347,25.92305907097434,0.0,280231400
2025-04-04,0.0,20.316204071044922,0.0,23.129520518718493,20.286537482098794,22.73892080452047,0.0,516053400
2025-04-07,0.0,20.395309448242188,0.0,23.154239486208695,17.30511104699337,18.17036659934304,0.0,791455200
2025-04-08,0.0,19.233394622802734,0.0,23.14434944449793,18.343416019751125,22.44225542276914,0.0,502295400
2025-04-09,0.0,26.01205825805664,0.0,26.40760333540692,19.149344093125382,19.16417644411736,0.0,713864000
2025-04-10,0.0,22.813081741333008,0.0,24.395263794713003,20.55352868595777,24.068938899449616,0.0,563385400
2025-04-11,0.0,24.019495010375977,0.0,24.261765508529468,22.061543872200374,22.58069682577956,0.0,358585800
2025-04-14,0.0,24.52381706237793,0.0,25.735175376115823,23.76733699537319,25.66101173615698,0.0,294861400
2025-04-15,0.0,24.61775779724121,0.0,25.319849991513898,24.321097609405896,24.70181029115802,0.0,209340200
2025-04-16,0.0,22.39281463623047,0.0,23.73766772725425,21.339674469988502,23.154239991583157,0.0,269148800
2025-04-17,0.0,22.328536987304688,0.0,22.88724537371649,21.92804660456762,22.788358649892935,0.0,202191600
2025-04-21,0.0,20.69691276550293,0.0,21.577000651805992,19.89593388149557,21.443503856786865,0.0,229539400
2025-04-22,0.0,22.279094696044922,0.0,22.73397098768813,21.310007060352735,21.488002787033082,0.0,260222800
2025-04-23,0.0,23.757448196411133,0.0,25.131969916731244,23.54978774064135,24.34582325997422,0.0,303995400
2025-04-24,0.0,25.7796688079834,0.0,25.848888944935933,23.999715423662632,24.098602141926513,0.0,240615400
2025-04-25,0.0,26.630096435546875,0.0,26.73392665848617,25.45334825057875,25.73023073119113,0.0,226103200
2025-04-28,0.0,26.61031723022461,0.0,27.015751123418376,25.532455840190213,26.70920395966132,0.0,191356800
2025-04-29,0.0,27.12946891784668,0.0,27.277798061926223,26.120829606441358,26.2246598186863,0.0,169808000
2025-04-30,0.0,27.134414672851562,0.0,27.40140638150468,24.879805238386034,25.690672997785523,0.0,268446600
2025-05-01,0.0,28.068891525268555,0.0,29.117086338954184,27.999671379946037,28.459493072282765,0.0,205481600
2025-05-02,0.0,29.38408088684082,0.0,29.759848210399962,28.69187563920693,28.993479327303017,0.0,195097800
2025-05-05,0.0,28.87481689453125,0.0,29.418691101630976,28.528714269055254,28.627601002920905,0.0,138579000
2025-05-06,0.0,28.05405616760254,0.0,28.696817015954394,27.47557008381076,27.71784245256791,0.0,165885800
2025-05-07,0.0,28.38038444519043,0.0,28.805594184449703,27.238246373759203,28.162833258570657,0.0,207867200
2025-05-08,0.0,29.225860595703125,0.0,30.016950629118075,28.508934191985404,29.27035952796443,0.0,197621600
2025-05-09,0.0,29.15664291381836,0.0,29.799403855968443,28.840206873751093,29.56702031387198,0.0,146818800
2025-05-12,0.0,32.686885833740234,0.0,32.71160893204694,31.5694689357073,32.55833251253268,0.0,202490000
2025-05-13,0.0,34.18500900268555,0.0,34.541000446552495,32.810489417255134,32.96376204416992,0.0,170595400
2025-05-14,0.0,34.7882194519043,0.0,34.9118273937396,34.21962216501891,34.417395626398395,0.0,161184800
2025-05-15,0.0,34.89699172973633,0.0,35.445811241135054,34.08117863666676,34.3531175917615,0.0,161694800
2025-05-16,0.0,35.3271484375,0.0,35.36175851049169,34.43717351533574,35.15904344645893,0.0,127627200
2025-05-19,0.0,35.42108917236328,0.0,35.52986475755236,33.83396375663164,33.85374147868554,0.0,143794200
2025-05-20,0.0,35.050262451171875,0.0,35.18870272180046,34.313560284061495,34.896989833292295,0.0,134069400
2025-05-21,0.0,33.59169387817383,0.0,35.59414017707356,33.21592469669596,34.23445288173313,0.0,219255200
2025-05-22,0.0,33.764747619628906,0.0,34.48661758523466,33.433479223424975,33.700472844492616,0.0,173542000
2025-05-23,0.0,32.790714263916016,0.0,33.2950330007503,32.068844344965186,32.182561537642485,0.0,214220800
2025-05-27,0.0,35.07498550415039,0.0,35.1788157070017,33.81418317827199,34.110841439592065,0.0,130539600
2025-05-28,0.0,34.625057220458984,0.0,35.56942373830297,34.50144927449292,35.2727616502123,0.0,132542600
2025-05-29,0.0,34.79316711425781,0.0,36.123186090779114,34.278957589735924,36.09352138989631,0.0,193248800
2025-05-30,0.0,34.61022186279297,0.0,34.90688015288823,33.1467043624035,34.67449663111225,0.0,187118200
2025-06-02,0.0,35.406253814697266,0.0,35.460641602669384,33.96251417739884,34.214671624671986,0.0,137925400
2025-06-03,0.0,36.231956481933594,0.0,36.52861476476266,35.30242618981194,35.48042191395232,0.0,128728400
2025-06-04,0.0,36.5236701965332,0.0,36.74616294752751,35.950127627068305,36.38028455416698,0.0,128889000
2025-06-05,0.0,35.673248291015625,0.0,37.403759259525735,35.252982095963226,36.810438949850685,0.0,198008800
2025-06-06,0.0,36.69178009033203,0.0,37.087327003265955,36.360511719773456,36.72144478852685,0.0,131215400
2025-06-09,0.0,36.854942321777344,0.0,37.201043030605106,36.50883784073478,36.741221361896905,0.0,100363800
2025-06-10,0.0,37.56692886352539,0.0,37.7202015104987,36.469289692027736,36.93899838113539,0.0,122693000
2025-06-11,0.0,37.1812629699707,0.0,38.11079699615944,36.69672200808534,37.86852274300219,0.0,181652000
2025-06-12,0.0,37.423545837402344,0.0,37.641093274110204,36.845057738421325,36.88461318953746,0.0,126110000
2025-06-13,0.0,36.009464263916016,0.0,37.02799243369434,35.73257992645232,36.14295917295681,0.0,210666200
2025-06-16,0.0,37.477928161621094,0.0,37.70042094025138,36.69672509123251,36.69672509123251,0.0,116668600
2025-06-17,0.0,36.37040328979492,0.0,37.27026904679599,36.13307812982509,36.92416828341689,0.0,135418200
2025-06-18,0.0,36.32095718383789,0.0,37.06260483500527,36.014408130024634,36.54839534419675,0.0,142661400
2025-06-20,0.0,35.82157897949219,0.0,37.24554484169495,35.4606459124085,36.963718893503135,0.0,163355000
2025-06-23,0.0,36.93404769897461,0.0,37.04776865349882,35.312312273053955,35.96002038651729,0.0,167572800
2025-06-24,0.0,38.6151237487793,0.0,38.817842602289296,37.90314450486346,38.026752457818716,0.0,113191600
2025-06-25,0.0,38.91162109375,0.109,39.37768531890984,38.53480007068072,39.10994436431645,0.0,101438200
2025-06-26,0.0,39.97761917114258,0.0,40.08669923213791,38.98103232173686,39.37768261844192,0.0,100144200
2025-06-27,0.0,40.36931610107422,0.0,40.78084406761619,39.590885551033715,40.17594826769162,0.0,146023600
2025-06-30,0.0,41.152706146240234,0.0,41.395654798047374,40.57260264216499,41.053544512009445,0.0,113721400
2025-07-01,0.0,40.106529235839844,0.0,40.92462584773463,39.57104740447889,40.716384174240936,0.0,140390000
2025-07-02,0.0,40.90479278564453,0.0,40.94941438022493,39.87845449978838,39.89332836464852,0.0,100285000
2025-07-03,0.0,42.05012893676758,0.0,42.28812214075504,41.3956523542691,41.3956523542691,0.0,83484600
2025-07-07,0.0,41.113040924072266,0.0,41.63364897268034,40.55772970718254,41.45019578408701,0.0,139674800
2025-07-08,0.0,41.167579650878906,0.0,41.539441450133296,40.88992405125659,41.39069900009584,0.0,115515400
2025-07-09,0.0,42.020381927490234,0.0,42.337703683081834,41.32623916859347,41.63364627428633,0.0,117976200
2025-07-10,0.0,41.8270149230957,0.0,42.253416749823906,41.2221191324918,42.15921055145234,0.0,110317800
2025-07-11,0.0,41.50969314575195,0.0,41.87163650702801,41.02875128675405,41.311366098989325,0.0,106937600
2025-07-14,0.0,41.950965881347656,0.0,42.114585967099835,40.92958676927076,41.46506484017336,0.0,97311400
2025-07-15,0.0,42.06005096435547,0.0,42.972350128276695,42.04517709710497,42.853355407498704,0.0,123257600
2025-07-16,0.0,42.17904281616211,0.0,42.317870611422514,40.87504884465332,42.174083599824606,0.0,166357600
2025-07-17,0.0,43.16075897216797,0.0,43.29462754914843,42.144335255829674,42.32778842991827,0.0,97330800
2025-07-18,0.0,43.01201248168945,0.0,43.50286897129523,42.734356896906164,43.453288157265874,0.0,98496200
2025-07-21,0.0,43.66648864746094,0.0,44.11768275122318,43.19546524449415,43.21033911028436,0.0,87720400
2025-07-22,0.0,42.987220764160156,0.0,43.71111503331027,42.37736955608849,43.69623738440416,0.0,108345200
2025-07-23,0.0,43.552452087402344,0.0,43.57228517061714,42.590572139514606,43.22521567129277,0.0,118025200
2025-07-24,0.0,43.84002685546875,0.0,44.10776780920031,43.433458099677985,43.854900722435964,0.0,90378200
2025-07-25,0.0,44.08793258666992,0.0,44.41517277516777,43.621868385622,43.78548469709721,0.0,79003200
2025-07-28,0.0,44.5192985534668,0.0,44.717625618517154,44.21685063038918,44.42013312955455,0.0,95592000
2025-07-29,0.0,44.31600570678711,0.0,45.431591026817514,44.11768245388945,45.11426928285297,0.0,116251200
2025-07-30,0.0,44.4697151184082,0.0,45.0597332792073,43.76069845591064,44.49450363584828,0.0,145527600
2025-07-31,0.0,43.735904693603516,0.0,45.98690854136717,43.46320831423542,45.96707545841378,0.0,178874600
2025-08-01,0.0,41.113040924072266,0.0,42.30299947605218,40.5874774415805,42.26829252499657,0.0,219781200
2025-08-04,0.0,43.364044189453125,0.0,43.41858422350395,42.22367025651298,42.25341799044111,0.0,108586000
2025-08-05,0.0,42.4616584777832,0.0,43.93423178944695,42.35257841280459,43.65657619333686,0.0,152088400
2025-08-06,0.0,44.04826736450195,0.0,44.16230664611574,42.54594631715563,42.65502638232348,0.0,128995200
2025-08-07,0.0,44.4945068359375,0.0,45.4514314383023,43.54254145052696,45.06469573690265,0.0,169239200
2025-08-08,0.0,45.69438171386719,0.0,45.75387718338419,44.672998688128615,44.74241259108112,0.0,104522600
2025-08-11,0.0,45.292762756347656,0.0,46.22985411261341,44.980400231850254,45.729082986751884,0.0,94617000
2025-08-12,0.0,46.96366882324219,0.0,47.047956593554844,45.183688299373124,45.823291075953996,0.0,119469600
2025-08-13,0.0,47.0330810546875,0.0,47.75697157585495,46.69592620264489,47.62310299145553,0.0,96058600
2025-08-14,0.0,46.904170989990234,0.0,47.39502754211454,46.428188305691805,46.527349946380355,0.0,106385800
2025-08-15,0.0,46.23977279663086,0.0,46.85954241567244,45.82328564559267,46.83970933393029,0.0,96167400
2025-08-18,0.0,46.18027114868164,0.0,46.338932011590344,45.72908085653669,46.01169563680448,0.0,73371400
2025-08-19,0.0,44.296173095703125,0.0,46.04144648882968,44.038350594532,45.996821108511945,0.0,111118600
2025-08-20,0.0,43.487998962402344,0.0,44.073061698495835,41.83693160765031,44.04331396399456,0.0,164404200
2025-08-21,0.0,42.88310241699219,0.0,43.60699294554523,42.33770585797539,43.11117720411652,0.0,119920000
2025-08-22,0.0,44.811824798583984,0.0,45.27789280029489,42.823606423452084,43.14588362520654,0.0,132726400
2025-08-25,0.0,44.42013168334961,0.0,45.109319063085614,44.14247607098334,44.43500933353267,0.0,80452600
2025-08-26,0.0,44.93577194213867,0.0,45.005185831975716,44.04826145605264,44.281295421694146,0.0,84374600
2025-08-27,0.0,45.13906478881836,0.0,45.337391838584395,44.39534118927609,44.692829872538226,0.0,90055200
2025-08-28,0.0,45.96211624145508,0.0,46.16540250464465,44.876282374879366,45.25805881909984,0.0,90658000
2025-08-29,0.0,44.30609130859375,0.0,45.411758202587414,43.87473028726979,45.3274704413504,0.0,121887000
2025-09-02,0.0,43.17563247680664,0.0,43.25496102252309,41.772473124520864,42.19887493322095,0.0,166668000
2025-09-03,0.0,44.18213653564453,0.0,44.56391295336342,43.42849456683468,43.99372793482883,0.0,119929800
2025-09-04,0.0,45.377052307128906,0.0,45.44646998697493,43.93918976825287,44.32592541844842,0.0,101759600
2025-09-05,0.0,45.52579879760742,0.0,46.725671919978964,44.4697126865112,46.57692947515097,0.0,172625800
2025-09-08,0.0,46.17531967163086,0.0,46.656261556832035,45.93237101206624,46.06624338360368,0.0,101696800
2025-09-09,0.0,46.55213928222656,0.0,46.66121934969923,45.734042558955416,46.35877144726096,0.0,94620800
2025-09-10,0.0,46.60171890258789,0.0,47.330568623097086,46.08111466134831,47.32560940667372,0.0,120818800
2025-09-11,0.0,47.38510513305664,0.0,47.58839138079159,46.80996090223482,47.19669653348584,0.0,91247200
2025-09-12,0.0,47.97513198852539,0.0,48.27757989208677,47.3652769648335,47.57847788401982,0.0,92235200
2025-09-15,0.0,49.199798583984375,0.0,49.21962788516225,48.37674262246554,48.41144957368778,0.0,78114400
2025-09-16,0.0,49.06592559814453,0.0,49.48736822421167,48.89239084420794,49.41795432263704,0.0,77137200
2025-09-17,0.0,48.75355911254883,0.0,49.184916354322354,47.35535897770899,49.03121469647419,0.0,147697200
2025-09-18,0.0,50.067474365234375,0.0,50.75665793124122,49.477452432683286,49.958394298768745,0.0,123401600
2025-09-19,0.0,51.05910873413086,0.0,51.212810409558976,50.151764983600785,50.513708370791,0.0,84365400
2025-09-22,0.0,51.92182159423828,0.0,52.100315551902554,50.781443951691394,50.781443951691394,0.0,81054600
2025-09-23,0.0,50.87565231323242,0.0,52.01107078786792,50.56328976540538,51.95653075499393,0.0,99930600
2025-09-24,0.0,50.328739166259766,0.049,51.29650254500967,49.624004930401284,51.22205833440049,0.0,101055600
2025-09-25,0.0,49.653785705566406,0.0,50.0607431057013,48.38824546350343,49.3311966451984,0.0,122820600
2025-09-26,0.0,50.249332427978516,0.0,50.313848726267146,49.003644213278456,49.82748693771298,0.0,124097400
2025-09-29,0.0,50.91931915283203,0.0,51.753085946090586,50.59176994104635,51.0136154013473,0.0,92393200
2025-09-30,0.0,51.31635665893555,0.0,51.400725000717244,50.23444494204848,50.82503090730036,0.0,92323800
2025-10-01,0.0,52.04093933105469,0.0,52.179899844132535,50.27414917382488,50.48755390073444,0.0,93996400
2025-10-02,0.0,52.67618942260742,0.0,53.023590704432266,51.94168277349488,53.008702618981204,0.0,89158600
2025-10-03,0.0,51.96152877807617,0.0,53.03848027784335,51.49501904646907,52.82507556071601,0.0,103096400
2025-10-06,0.0,53.12284851074219,0.0,53.53973003004035,52.67122307844602,53.30151310083849,0.0,82476800
2025-10-07,0.0,52.2642707824707,0.0,53.62906755375375,51.87220143744439,53.450402946238206,0.0,100185800
2025-10-08,0.0,54.0360221862793,0.0,54.12039431451793,52.43797250287736,52.467748673791,0.0,86931000
2025-10-09,0.0,53.8226203918457,0.0,54.0757292175699,52.98389331217131,54.03602512992881,0.0,87956200
2025-10-10,0.0,48.17483901977539,0.0,54.42312805128999,48.055730556928616,53.96157849807026,0.0,238009400
2025-10-13,0.0,51.231990814208984,0.0,51.45531967954915,50.050818826134716,50.651328948822226,0.0,114511200
2025-10-14,0.0,50.18977737426758,0.0,51.380873444209314,48.17484234865624,49.49497480432576,0.0,147230000
2025-10-15,0.0,51.217098236083984,0.0,52.36353007850348,49.64882467000663,51.68361179041876,0.0,127069400
2025-10-16,0.0,50.646366119384766,0.0,52.770485459752145,49.50489827860529,51.95160668583557,0.0,159344000
2025-10-17,0.0,51.60916519165039,0.0,51.99627055444455,49.68852646295785,50.08555595380752,0.0,142274000
2025-10-20,0.0,53.54469299316406,0.0,53.85735412683387,52.38337696548501,52.413153134485064,0.0,79928800
2025-10-21,0.0,53.48514175415039,0.0,53.83751078932219,52.939223816409594,53.549661841396826,0.0,79811400
2025-10-22,0.0,51.91189956665039,0.0,53.47024885281316,50.413106404953815,53.32632439181217,0.0,134380800
2025-10-23,0.0,53.212188720703125,0.0,53.415665553562455,51.653839175818,51.74813165555703,0.0,91245000
2025-10-24,0.0,54.869789123535156,0.0,55.21719419235384,54.3586113280801,54.58690414030323,0.0,84387600
2025-10-27,0.0,57.78301239013672,0.0,57.912048777836524,56.71102477488925,56.83509720518789,0.0,77489400
2025-10-28,0.0,59.10314178466797,0.0,59.59447134071279,58.09567424444677,58.38848715236754,0.0,92239400
2025-10-29,0.0,59.85750198364258,0.0,60.23468322190453,58.33389273156741,59.83764994095616,0.0,133060800
2025-10-30,0.0,57.11798095703125,0.0,59.227212226399736,57.08820478604967,58.85499494357,0.0,127234200
2025-10-31,0.0,57.926937103271484,0.0,59.301657970655434,57.26190690519697,59.301657970655434,0.0,122666800
2025-11-03,0.0,58.72100067138672,0.0,59.76320834656279,58.1056024666983,59.5547675688056,0.0,83598000
2025-11-04,0.0,55.12786102294922,0.0,57.27679634196866,54.909492342360835,56.259400938016384,0.0,124762800
2025-11-05,0.0,56.19984436035156,0.0,57.07331528931636,54.56209062823121,54.92934394468634,0.0,109730000
2025-11-06,0.0,53.048404693603516,0.0,55.83259015911595,52.666263298081546,55.768073862476875,0.0,156461400
2025-11-07,0.0,52.49752426147461,0.0,52.527300432057444,49.609118336850905,52.12034302640222,0.0,183589400
2025-11-10,0.0,55.93681335449219,0.0,56.20481025510852,54.29905956591246,54.80527340948327,0.0,119878800
2025-11-11,0.0,55.47526550292969,0.0,55.79289062773007,54.393353738331484,55.222156680032775,0.0,102665600
2025-11-12,0.0,55.361114501953125,0.0,56.34872989039619,54.45786744913204,56.34376593348028,0.0,125708400
2025-11-13,0.0,51.941680908203125,0.0,54.53230991618563,51.31635483698466,54.37846132352953,0.0,201264400
2025-11-14,0.0,51.981380462646484,0.0,53.14766046323241,49.01853044216564,49.61904429206752,0.0,222397600
2025-11-17,0.0,50.646366119384766,0.0,52.919370100034264,49.68356287605582,51.32132042388898,0.0,186327000
2025-11-18,0.0,48.81505584716797,0.0,50.29399705255092,47.544555409836576,49.614082577755596,0.0,267348000
2025-11-19,0.0,49.653785705566406,0.0,51.192283009179306,48.353505336164716,48.95897937240222,0.0,184263600
2025-11-20,0.0,46.10531234741211,0.0,53.14270020982682,45.8869436750606,52.55707823193034,2.0,178246300
2025-11-21,0.0,47.12767028808594,0.0,48.73564788423148,44.904294513285436,46.50234419487768,0.0,179618600
2025-11-24,0.0,50.700958251953125,0.0,51.06821157470755,48.30883823081845,48.33861818796447,0.0,93894200
2025-11-25,0.0,51.624053955078125,0.0,51.9714590238239,48.715799738695495,50.26422121021266,0.0,101851900
2025-11-26,0.0,52.973960876464844,0.0,53.46032644258807,51.98138148848182,52.517375266726226,0.0,75598100
2025-11-28,0.0,54.13528060913086,0.0,54.204760863224216,53.232033519527384,53.420622239725084,0.0,34381600
2025-12-01,0.0,53.64891815185547,0.0,54.24446808965585,52.4280458909913,52.71589483827532,0.0,66359600
2025-12-02,0.0,54.88964080810547,0.0,55.34622642957217,53.73824883992554,54.22461441854179,0.0,79504400
2025-12-03,0.0,55.2767448425293,0.0,55.46533734983875,53.82757984247818,54.25438928290815,0.0,69844900
2025-12-04,0.0,55.09807586669922,0.0,55.63406960316941,54.20475675897181,55.62414547607459,0.0,63958000
2025-12-05,0.0,55.733341217041016,0.0,56.656440467829555,55.26682763388821,55.445492249291824,0.0,73206000
2025-12-08,0.0,55.385929107666016,0.0,56.616729215120756,54.71097482073758,56.1502156909935,0.0,69700000
2025-12-09,0.0,55.5943717956543,0.0,55.8028163520636,54.68120054429928,55.0385297422695,0.0,48736000
2025-12-10,0.0,56.2296257019043,0.0,56.666359283948346,54.48268380094808,55.23704628112145,0.0,100261100
2025-12-11,0.0,55.693634033203125,0.0,55.74326224885985,53.57943872599338,55.21719634739631,0.0,99683900
2025-12-12,0.0,52.428043365478516,0.0,55.10800849050834,51.84242137069937,54.70105108982384,0.0,138448500
2025-12-15,0.0,51.63397979736328,0.0,53.658842641116316,51.3362067406678,53.658842641116316,0.0,98696300
2025-12-16,0.0,51.941680908203125,0.0,52.378414473440706,50.72080493559902,51.0483579493196,0.0,105953700
2025-12-17,0.0,49.03342819213867,0.0,52.408196177466074,49.00364823277128,52.25931152619016,0.0,125606200
2025-12-18,0.0,51.12776184082031,0.0,52.07071300251471,50.601695984737994,51.28657438905591,0.0,109222100
2025-12-19,0.0,53.12284851074219,0.0,53.241956975343115,51.80271612685169,51.812644040962496,0.0,72957800
2025-12-22,0.0,53.847434997558594,0.0,54.48268523779033,53.48018166237277,54.40328085095641,0.0,64783100
2025-12-23,0.0,54.60179138183594,0.0,54.66134750921319,53.46032733836314,53.56951167869314,0.0,48197100
2025-12-24,0.0,55.03523635864258,0.086,55.124708533775866,54.45863705393499,54.54810922906828,0.0,25855000
2025-12-26,0.0,54.985530853271484,0.0,55.4229482726098,54.78670337454725,55.194297999388496,0.0,37244200
2025-12-29,0.0,54.17034149169922,0.0,54.667408291323724,53.603681851194054,53.97151401338567,0.0,50635300
2025-12-30,0.0,53.78262710571289,0.0,54.49840452273552,53.722981515840196,53.882042742698694,0.0,38976800
2025-12-31,0.0,52.41072463989258,0.0,53.88204191377865,52.331192131527466,53.81245286511854,0.0,57199400
2026-01-02,0.0,52.04289245605469,0.0,54.558053043458834,51.30723571556966,53.85221530512053,0.0,107226600
2026-01-05,0.0,53.285560607910156,0.0,54.0112814890151,52.977381612257254,53.633509650907655,0.0,77968000
2026-01-06,0.0,54.687286376953125,0.0,54.84634759750709,53.424740071985234,53.603680626829636,0.0,68915800
2026-01-07,0.0,54.84634780883789,0.0,55.86036451589608,54.44869665208008,54.567991619875556,0.0,65588300
2026-01-08,0.0,53.87209701538086,0.0,54.65746344907832,53.18614621448483,54.548108149156064,0.0,83760300
2026-01-09,0.0,55.43288803100586,0.0,55.77089360769633,53.474447412001695,54.070926056834885,0.0,78706300
2026-01-12,0.0,55.56212615966797,0.0,56.00948703702413,54.259813573976224,54.27969290868653,0.0,59673900
2026-01-13,0.0,55.273826599121094,0.0,56.16854835533714,54.637581702398,55.582009380110776,0.0,88611000
2026-01-14,0.0,53.51421356201172,0.0,54.55805308459541,52.19201405237197,54.22998717595323,0.0,117421500
2026-01-15,0.0,54.06098556518555,0.0,55.502480025926545,53.812452168241194,55.323535676741116,0.0,90483000
2026-01-16,0.0,53.82239532470703,0.0,55.13465144225892,53.26568290654497,54.9954733377184,0.0,75855900
2026-01-20,0.0,50.432395935058594,0.0,52.25166220232503,50.18386254066604,51.08852394456218,0.0,129209100
2026-01-21,0.0,52.4206657409668,0.0,53.484388419370944,50.372749102379984,50.77040407044384,0.0,150230100
2026-01-22,0.0,53.58380126953125,0.0,54.011279010646234,52.83820108744492,54.00133555118664,0.0,90992300
2026-01-23,0.0,54.06098556518555,0.0,54.746936375517244,53.00720259690675,53.2756191206849,0.0,78066100
2026-01-26,0.0,54.75688171386719,0.0,55.30365444744146,53.89198273235567,54.150459597744906,0.0,58084300
2026-01-27,0.0,56.20831298828125,0.0,56.46678604800051,55.234062544233865,55.6515968235462,0.0,51981200
2026-01-28,0.0,56.72526550292969,0.0,57.66968940442009,56.39719958928615,57.361510410496656,0.0,76172100
2026-01-29,0.0,55.711246490478516,0.0,56.87438095369478,52.7487288900721,56.61590789264182,0.0,122642300
2026-01-30,0.0,53.68321228027344,0.0,55.383179758992306,53.0072011555808,54.697228967312384,0.0,110170700
2026-02-02,0.0,54.77676010131836,0.0,55.38318220694834,52.83820260603398,52.8481422734606,0.0,74665800
2026-02-03,0.0,52.21189498901367,0.0,55.432885597416394,50.78034402887008,55.313590632150735,0.0,129992200
2026-02-04,0.0,49.46808624267578,0.0,51.84406873103696,48.14589052734181,51.834125271343446,0.0,142536200
2026-02-05,0.0,47.36052322387695,0.0,49.239435086457874,46.78392771851541,48.10612341012771,0.0,158712900
2026-02-06,0.0,50.29322052001953,0.0,50.71075482452754,47.71841426526359,48.0564198513353,0.0,117934600
2026-02-09,0.0,51.43647384643555,0.0,51.96336343796202,49.14996354530236,49.76632910434248,0.0,71272700
2026-02-10,0.0,50.72069549560547,0.0,52.09260089214555,50.59145706889407,51.66512315113899,0.0,70660900
2026-02-11,0.0,51.09846878051758,0.0,52.19201422837508,49.74644647183057,51.903714572957085,0.0,92393800
2026-02-12,0.0,47.97688293457031,0.0,51.76453308426738,47.708470216218764,51.496116573597334,0.0,131150000
2026-02-13,0.0,48.18565368652344,0.0,49.29908218460286,46.90322051537781,47.86753125850074,0.0,123216600
2026-02-17,0.0,48.06635665893555,0.0,48.69266187074947,46.14767856280103,47.360522733417504,0.0,117089700
2026-02-18,0.0,49.100257873535156,0.0,50.06456867861181,47.91724025534078,48.24530237117673,0.0,81370800
2026-02-19,0.0,48.54354476928711,0.0,49.110200609274855,47.87747329542163,48.38447975508274,0.0,83447500
2026-02-20,0.0,49.76633071899414,0.0,50.154042226645146,47.479820343675904,47.6786478274843,0.0,118813800
2026-02-23,0.0,47.957008361816406,0.0,49.58738692123199,47.380409031510524,49.239437872569134,0.0,91951800
2026-02-24,0.0,49.48796844482422,0.0,49.746445299562744,47.53946753637086,48.16577275420181,0.0,71023300
2026-02-25,0.0,51.56570816040039,0.0,51.655180335035155,50.23356900045982,50.25345212730296,0.0,54217200
2026-02-26,0.0,49.756385803222656,0.0,51.33705837515679,48.424246630697546,51.327118707800665,0.0,105583800
2026-02-27,0.0,49.229496002197266,0.0,49.47802940055711,47.976885550765154,48.16577336060261,0.0,93802200
2026-03-02,0.0,49.40843963623047,0.0,49.85580050525748,46.9529284824856,47.18157875058416,0.0,108545900
2026-03-03,0.0,47.81782150268555,0.0,48.38447731408551,45.451786420541985,46.53539212507003,0.0,163365500
2026-03-04,0.0,49.965152740478516,0.0,50.49204612380801,48.2353624114943,48.404363302075616,0.0,99738400
2026-03-05,0.0,49.507850646972656,0.0,50.46221795668003,47.887411878479654,49.149961957752744,0.0,129713200
2026-03-06,0.0,47.261112213134766,0.0,48.762252279211566,46.90322351067441,47.38040718318197,0.0,141012200
2026-03-09,0.0,49.100257873535156,0.0,49.478029703202104,45.2330787781723,45.91902959660655,0.0,159005500
2026-03-10,0.0,49.11020278930664,0.0,50.442342003853405,48.543546924164694,49.12014245697631,0.0,115057200
2026-03-11,0.0,49.060489654541016,0.0,50.22362789140216,48.44412790937278,49.38855554955676,0.0,91104300
2026-03-12,0.0,46.55527877807617,0.0,48.20554041903529,46.47574626896067,47.86753483993191,0.0,130823900
2026-03-13,0.0,45.660552978515625,0.0,47.96694244665861,45.40207613904256,47.07222075974175,0.0,141952500
2026-03-16,0.0,47.18157958984375,0.0,47.98682916841604,46.90322339630609,47.09210741444683,0.0,81421500
2026-03-17,0.0,47.877471923828125,0.0,48.47395054073194,47.52952669602065,47.83770567141625,0.0,74570100
2026-03-18,0.0,45.82955551147461,0.0,47.82776608695366,45.77984959203334,47.4400546060657,0.0,105059300
2026-03-19,0.0,45.42196273803711,0.0,46.048267966773224,44.040117643264054,44.60677349087144,0.0,138384900
2026-03-20,0.0,42.82727813720703,0.0,44.94478001572042,42.05185133542242,44.91495722068521,0.0,137952500
2026-03-23,0.0,44.308536529541016,0.0,45.87926951871261,43.87111908825827,44.84536961133274,0.0,139354300
2026-03-24,0.0,43.36410903930664,0.0,44.288653643335785,42.93663126358052,43.58281965730203,0.0,105505200
2026-03-25,0.0,44.20254898071289,0.072,45.02904587406116,43.76440838337182,44.511241277973426,0.0,79294400
2026-03-26,0.0,41.0558967590332,0.0,43.49555185240163,40.97623655197613,43.04745131711537,0.0,117558900
2026-03-27,0.0,38.616241455078125,0.0,40.418599687805646,38.39717303792416,40.38872758514575,0.0,124795700
2026-03-30,0.0,37.72999954223633,0.0,39.74147005093109,37.162406811404345,39.58214584225175,0.0,111446500
2026-03-31,0.0,41.503997802734375,0.0,41.82264623204379,38.905018464826,38.92493446648145,0.0,149516200
2026-04-01,0.0,43.04745101928711,0.0,43.79428397340088,42.23091396000983,42.449986175431626,0.0,116135500
2026-04-02,0.0,43.14703369140625,0.0,43.366102121773906,40.269234006274296,40.707378464187755,0.0,111377300
2026-04-06,0.0,43.91377639770508,0.0,44.40170893483018,43.08728323303417,43.41588775918875,0.0,69245100
2026-04-07,0.0,43.96356964111328,0.0,44.0233138484603,41.66332269352895,43.266524766216,0.0,131796200
2026-04-08,0.0,47.79730987548828,0.0,48.71342315811246,46.95090069921207,48.43460673272057,0.0,102015100
2026-04-09,0.0,48.75325393676758,0.0,48.88270604470038,47.110223730220135,47.817224676042166,0.0,78953600
2026-04-10,0.0,48.96236801147461,0.0,49.59966867420859,48.61384747595434,49.15156812954756,0.0,65481600
2026-04-13,0.0,50.446075439453125,0.0,50.525739442943745,48.25536472511491,48.574013141899876,0.0,67169100
2026-04-14,0.0,53.18446350097656,0.0,53.204379502080734,51.16303687126327,51.17299297252095,0.0,72362300
2026-04-15,0.0,55.415008544921875,0.0,55.50462865431905,53.10480550111576,53.34378992711559,0.0,83244000
2026-04-16,0.0,56.19171142578125,0.0,56.67964015892466,54.867325838642934,55.89297900569096,0.0,86398100
2026-04-17,0.0,58.34259033203125,0.0,58.691110856682265,57.12774084852401,57.53600937679612,0.0,103604000
2026-04-20,0.0,57.83474349975586,0.0,58.332632116116336,56.66968216220622,58.15339191033947,0.0,67652800
2026-04-21,0.0,57.157615661621094,0.0,58.72098564002025,56.580063033377456,58.23305311620791,0.0,91775200
2026-04-22,0.0,59.95574951171875,0.0,60.04536961945211,58.24301516188735,58.68115580047884,0.0,73399800
2026-04-23,0.0,58.96992874145508,0.0,60.47355068649144,57.34681079390516,59.54747755924918,0.0,92856900
2026-04-24,0.0,62.29582977294922,0.0,62.47506999232518,60.30427515640647,60.82207981253826,0.0,80250700
2026-04-27,0.0,62.37548828125,0.0,62.43523628560887,61.37971100013531,62.14645996242428,0.0,56615000
2026-04-28,0.0,60.48351287841797,0.0,61.0710216179834,59.42798760774092,60.46359687724419,0.0,80631600
2026-04-29,0.0,61.598785400390625,0.0,61.608741502175484,60.19473953620763,60.742416300510826,0.0,77081400
2026-04-30,0.0,63.271690368652344,0.0,63.53059079451617,60.443682692977994,62.62443360610937,0.0,81042700
2026-05-01,0.0,65.02426147460938,0.0,65.56197453725966,63.54055160921414,63.62021181886148,0.0,67762900
2026-05-04,0.0,64.63591003417969,0.0,65.77109558080059,63.510676790874726,65.1636708026921,0.0,60813800
2026-05-05,0.0,67.10542297363281,0.0,67.48381556378541,65.9702376059981,66.08973360155113,0.0,54098800
2026-05-06,0.0,71.26777648925781,0.0,71.35740039104594,68.58913329284653,68.9675335047871,0.0,70169000
2026-05-07,0.0,71.03874206542969,0.0,72.9904720702008,70.08279686153737,71.56651036502036,0.0,93509100
2026-05-08,0.0,75.95789337158203,0.0,75.9877654758764,72.39300871367712,72.51250472803271,0.0,68713700
2026-05-11,0.0,76.63502502441406,0.0,77.03333748946343,75.23098289165853,75.67907966660259,0.0,60475000
2026-05-12,0.0,74.64346313476562,0.0,75.60936830075474,71.24786659972816,74.98203135658649,0.0,90651600
2026-05-13,0.0,76.91383361816406,0.0,77.61088226012885,73.87671752624549,75.48987182908944,0.0,64416400
2026-05-14,0.0,78.61661529541016,0.0,79.34353607178498,76.83418060260675,76.96362891744481,0.0,58472800
2026-05-15,0.0,75.0218505859375,0.0,77.04328468315087,73.9165448835676,75.41021068326064,0.0,81260600
2026-05-18,0.0,74.00616455078125,0.0,75.94792713982473,71.79553785114561,75.80851893328712,0.0,87710100
2026-05-19,0.0,72.62203979492188,0.0,74.18540987360605,70.66035727130622,72.10423893453556,0.0,85973700
2026-05-20,0.0,76.18692016601562,0.0,76.20683236842514,73.30912449706588,73.77713342687626,0.0,70647500
2026-05-21,0.0,76.62506103515625,0.0,77.46151792684778,74.15553755853513,74.8625385376153,0.0,74958100
2026-05-22,0.0,77.51129913330078,0.0,78.99501273716027,77.00345819502394,77.71045914582102,0.0,58330500
2026-05-26,0.0,81.60394287109375,0.0,81.92259128827057,79.64226806367309,80.24968519879786,0.0,62579600
2026-05-27,0.0,81.32512664794922,0.0,82.55989591495853,79.99078877198511,82.52006391307008,0.0,66221000
2026-05-28,0.0,83.32664489746094,0.0,83.69508523401791,80.31940078954291,81.39483450136002,0.0,55265900
2026-05-29,0.0,84.20292663574219,0.0,85.3381121577716,83.17727722523999,84.05356611745775,0.0,67644100
2026-06-01,0.0,85.67668151855469,0.0,86.69237104212633,83.39635054425054,83.79466299165868,0.0,57216000
2026-06-02,0.0,86.85169219970703,0.0,86.95126840439922,84.47178520082979,85.57709854642117,0.0,48355000
2026-06-03,0.0,86.1944808959961,0.0,87.71801895367373,85.04934307556194,87.30975421007376,0.0,62154500
2026-06-04,0.0,84.86013793945312,0.0,85.88578728510659,82.13171041841711,83.11752776265386,0.0,59614600
2026-06-05,0.0,72.74153900146484,0.0,81.73340732379748,72.37309864421974,81.22555874428197,0.0,118961300
2026-06-08,0.0,75.94792938232422,0.0,78.13864394450104,75.06168821580548,76.53544192480362,0.0,77319000
2026-06-09,0.0,73.40869903564453,0.0,79.0049622384122,66.50796248795295,78.14860080506334,0.0,132485700
2026-06-10,0.0,68.97748565673828,0.0,74.38455634127017,68.7086291463151,71.37731243733444,0.0,91465200
2026-06-11,0.0,75.68903350830078,0.0,76.2765384594037,69.29613756911738,70.59065107760325,0.0,116288800
2026-06-12,0.0,77.1926498413086,0.0,78.0291066901203,73.97629354639193,76.01763237079096,0.0,94070700
2026-06-15,0.0,84.23279571533203,0.0,84.67094014571094,82.29103307556666,82.53001749341986,0.0,59758000
2026-06-16,0.0,79.59247589111328,0.0,84.47178593522547,79.522771787505,83.8344891030419,0.0,67086700
2026-06-17,0.0,77.21257019042969,0.0,81.46453577751858,76.61510534969935,81.32512756792076,0.0,78089600
2026-06-18,0.0,82.52006530761719,0.0,83.2469784621276,80.28951874723417,81.7533125533675,0.0,61063000
2026-06-22,0.0,82.23129272460938,0.0,84.75060812301409,81.04631528536841,83.5955027877577,0.0,61888900
2026-06-23,0.0,74.12566375732422,0.0,77.41172424975035,73.59790301017921,74.8027926171199,0.0,82341800
2026-06-24,0.0,73.15853118896484,0.171,76.03296993543444,71.21229019616534,74.64565329878391,0.0,72009700
2026-06-25,0.0,74.80534362792969,0.0,78.08899484931908,71.46181064309552,77.80953646701697,0.0,105261200
2026-06-26,0.0,71.69136810302734,0.0,74.54584883955646,70.58350982204794,71.95086081386118,0.0,70427700
2026-06-29,0.0,77.04102325439453,0.0,77.23065137030916,71.31209615642113,73.97694875770732,0.0,79128400
2026-06-30,0.0,80.84367370605469,0.0,81.38263244452213,77.00110555283673,77.0909282019129,0.0,58466200
2026-07-01,0.0,77.31050109863281,0.0,79.48629399793968,77.08094926340495,78.56807142768865,0.0,63348200
2026-07-02,0.0,73.20843505859375,0.0,78.98726143666289,71.58158365361878,77.30052065200962,0.0,87308500
2026-07-06,0.0,76.27250671386719,0.0,77.30051758394754,74.96503746527992,75.39420786503547,0.0,54545100
2026-07-07,0.0,72.0905990600586,0.0,74.24642628875573,70.62343494965664,73.55775555579079,0.0,70992900
2026-07-08,0.0,72.57965087890625,0.0,72.87906730705392,69.43572888800254,70.66335832595017,0.0,70748500
2026-07-09,0.0,76.19265747070312,0.0,76.54198805017795,73.74738910239653,74.70553535500656,0.0,51726600
2026-07-10,0.0,76.88133239746094,0.0,77.17077361692799,74.1865463901979,75.38422736794371,0.0,46034400
2026-07-13,0.0,72.49980163574219,0.0,74.70553534424593,71.95086010922041,74.39613609184433,0.0,63317500
2026-07-14,0.0,74.87520599365234,0.0,75.70360589842723,73.26832034326978,75.0548588933063,0.0,58097300
2026-07-15,0.0,74.29633331298828,0.0,76.32241419672167,71.92092183716032,76.14276129195039,0.0,68547800
2026-07-16,0.0,70.60346984863281,0.0,72.97888132810239,69.55550091475196,72.4698634946918,0.0,66953300
2026-07-17,0.0,67.39966583251953,0.0,69.42574671269539,64.78472730781445,66.25188381042229,0.0,75465200
2026-07-20,0.0,67.51943969726562,0.0,70.37392061950041,67.36972766840182,69.33592686462684,0.0,50076700
2026-07-21,0.0,71.23226165771484,0.0,71.58158464957347,69.4756562512213,70.57353177477847,0.0,37772500
2026-07-22,0.0,70.14435577392578,0.0,71.45182498862421,69.63533796074178,69.63533796074178,0.0,36062100
2026-07-23,0.0,66.17204284667969,0.0,68.13823431472518,64.89450687350892,66.98047709533468,0.0,80277500
2026-07-24,0.0,63.87648010253906,0.0,66.27184962931824,63.36746607694931,65.65304348704376,0.0,69267700
2026-07-27,0.0,63.27764129638672,0.0,66.10218130306953,61.52103591504762,65.932503611165,0.0,70531600
2026-07-28,0.0,61.44118881225586,0.0,62.48916152079696,59.28535782624696,61.65078259249712,0.0,73235900
2026-07-29,0.0,57.63854217529297,0.0,62.61891312246338,57.478851128485985,61.39128367892452,0.0,103582900
2026-07-30,0.0,63.17782974243164,0.0,63.716788451959864,60.62277299918946,61.01201968695933,0.0,75877800
2026-07-31,0.0,64.49528503417969,0.0,66.6411294056091,62.26958562193048,65.61311854160272,0.0,86709900
2026-08-03,0.0,67.8288345336914,0.0,68.2779705908886,63.866499325057184,64.5851071175022,0.0,62223600
2026-08-04,0.0,74.67559814453125,0.0,75.26446341243252,70.004630174322,70.17430024918494,0.0,73728500
2026-08-05,0.0,72.69941711425781,0.0,76.18268699117573,72.59961163448823,75.46407535336263,0.0,70885800
2026-08-06,0.0,71.89098358154297,0.0,73.3082412072478,70.02459748483888,70.7132606327264,0.0,60887200
2026-08-07,0.0,74.3262710571289,0.0,74.52588200303977,72.38003006848534,73.5178368271196,0.0,59409800
2026-08-10,0.0,73.6575698852539,0.0,74.83529280326178,73.49787502839256,74.12665639427688,0.0,44224500
2026-08-11,0.0,72.91899108886719,0.0,74.39613802565955,72.10057400102365,74.39613802565955,0.0,43674100
2026-08-12,0.0,74.45602416992188,0.0,75.54392448350765,74.2364475406842,75.47405988462931,0.0,46867300
2026-08-13,0.0,77.0010986328125,0.0,77.61989713218003,74.56580550333662,74.89517041635645,0.0,49822600
2026-08-14,0.0,76.64179992675781,0.0,77.69975174131713,75.79344190859213,77.42029334612563,0.0,36616800
2026-08-17,0.0,76.25254821777344,0.0,77.74965319214856,76.06291248432495,77.23065253681683,0.0,39828100
2026-08-18,0.0,72.3900146484375,0.0,73.81725502871024,71.87102160773362,73.21841456184588,0.0,51330500
2026-08-19,0.0,71.9209213256836,0.0,73.55775550655025,70.86296956881532,73.22839819570336,0.0,49118200
2026-08-20,0.0,70.34397888183594,0.0,71.55164270123346,69.62536724375839,70.69330186849307,0.0,56681700
2026-08-21,0.0,71.03263854980469,0.0,71.69136839072549,69.77507585932439,71.56161442011825,0.0,47654300
2026-08-24,0.0,68.87681579589844,0.0,69.91480955432401,67.79889832199456,69.8649030063086,0.0,46660700
2026-08-25,0.0,70.1343765258789,0.0,71.13244653977294,69.21615394061718,70.284088550897,0.0,44163200
2026-08-26,0.0,70.33399200439453,0.0,70.80308610864265,69.30598115363951,69.42574467665123,0.0,40461400
2026-08-27,0.0,73.15853118896484,0.0,73.23837099869799,71.24223107664895,71.95085983521602,0.0,48782800
2026-08-28,0.0,71.7113265991211,0.0,74.03683148195688,71.2921390346966,72.70939657994302,0.0,58068000
2026-08-31,0.0,71.78118896484375,0.0,72.01074840376108,70.6833135429556,71.30211965313629,0.0,42308100
2026-09-01,0.0,69.01654052734375,0.0,70.41384001999819,68.11827602387521,68.93669310155329,0.0,57328900
2026-09-02,0.0,69.46566772460938,0.0,69.62536257332324,68.25800398622133,68.83688639080488,0.0,38887400
2026-09-03,0.0,71.89098358154297,0.0,72.28023028698767,69.57546139916954,69.92478438935453,0.0,46695100
2026-09-04,0.0,72.23033142089844,0.0,73.0986474809249,71.51171977489716,72.35009495211858,0.0,47352200
2026-09-08,0.0,72.02073669433594,0.0,73.06870565229751,71.1823539132967,72.80920531356274,0.0,48309000
2026-09-09,0.0,71.41191101074219,0.0,72.40998100326314,70.70327461514293,71.41191101074219,0.0,38220500
2026-09-10,0.0,69.07642364501953,0.0,70.09445930715334,68.54744776444814,68.7670243823464,0.0,55675900
2026-09-11,0.0,70.84300994873047,0.0,71.62150330838637,70.47372131788387,71.05260372904786,0.0,49070100
2026-09-14,0.0,69.13630676269531,0.0,70.25414792359145,67.21003132430775,67.39966706432966,0.0,49910300
2026-09-15,0.0,67.76895141601562,0.0,69.19619175516951,67.4795102155249,68.99657319551929,0.0,38753600
2026-09-16,0.0,67.79889678955078,0.0,69.83496054490291,66.42156290269638,68.71711938078704,0.0,61725800
2026-09-17,0.0,71.24223327636719,0.0,71.58158103322157,70.23418806716946,70.9927157784068,0.0,41937900
2026-09-18,0.0,72.49980163574219,0.0,72.63953082164417,70.67333177259106,71.78119004272078,0.0,41007900
2026-09-21,0.0,78.75770568847656,0.0,79.33658048907814,74.6855783471247,74.6855783471247,0.0,54999600
2026-09-22,0.0,80.67400360107422,0.0,80.96344482801452,78.61797412947585,78.61797412947585,0.0,45285000
2026-09-23,0.0,78.66000366210938,0.156,80.56999969482422,77.69000244140625,80.52999877929688,0.0,52118700
2026-09-24,0.0,78.58000183105469,0.0,79.0999984741211,76.55000305175781,76.75,0.0,58181700
2026-09-25,0.0,79.5999984741211,0.0,80.05999755859375,78.05999755859375,79.08999633789062,0.0,57902300
2026-09-28,0.0,77.04000091552734,0.0,78.5999984741211,75.47000122070312,78.29000091552734,0.0,57997700
2026-09-29,0.0,77.45999908447266,0.0,78.26000213623047,76.62000274658203,78.12999725341797,0.0,47046700
2026-09-30,0.0,78.02999877929688,0.0,79.68000030517578,77.94000244140625,78.12999725341797,0.0,47391300
2026-10-01,0.0,78.7300033569336,0.0,79.52999877929688,76.87000274658203,78.87999725341797,0.0,66281200
2026-10-02,0.0,81.01000213623047,0.0,82.61000061035156,80.37000274658203,81.58999633789062,0.0,60886500
2026-10-05,0.0,83.12000274658203,0.0,83.37999725341797,80.8499984741211,80.94999694824219,0.0,36928700
2026-10-06,0.0,84.25,0.0,85.31999969482422,84.08999633789062,84.54000091552734,0.0,36973900
2026-10-07,0.0,83.62000274658203,0.0,83.75,81.5999984741211,82.31999969482422,0.0,38032100
